M	.archon-horizon/blueprints/Algebraic-Jacobian-Challenge-Rebuild.json
M	.archon-horizon/blueprints/Algebraic-Jacobian-Challenge.json
M	.archon-horizon/events.jsonl
D	.archon-horizon/inbox/local/comments/I-0648/C-0005.md
D	.archon-horizon/inbox/local/comments/I-1222/C-0008.md
D	.archon-horizon/inbox/local/comments/I-1222/C-0009.md
D	.archon-horizon/inbox/local/comments/I-1222/C-0010.md
D	.archon-horizon/inbox/local/comments/I-1222/C-0011.md
D	.archon-horizon/inbox/local/comments/I-1222/C-0012.md
D	.archon-horizon/inbox/local/comments/I-1222/C-0013.md
D	.archon-horizon/inbox/local/comments/I-1222/C-0014.md
D	.archon-horizon/inbox/local/comments/I-1479/C-0001.md
D	.archon-horizon/inbox/local/comments/I-1479/C-0002.md
D	.archon-horizon/inbox/local/comments/I-1479/C-0003.md
D	.archon-horizon/inbox/local/comments/I-1479/C-0004.md
D	.archon-horizon/inbox/local/comments/I-1480/C-0001.md
D	.archon-horizon/inbox/local/comments/I-1480/C-0002.md
D	.archon-horizon/inbox/local/comments/I-1480/C-0003.md
D	.archon-horizon/inbox/local/comments/I-1480/C-0004.md
D	.archon-horizon/inbox/local/comments/I-1484/C-0001.md
D	.archon-horizon/inbox/local/comments/I-1484/C-0002.md
D	.archon-horizon/inbox/local/comments/I-1484/C-0003.md
D	.archon-horizon/inbox/local/comments/I-1485/C-0001.md
D	.archon-horizon/inbox/local/comments/I-1485/C-0002.md
D	.archon-horizon/inbox/local/comments/I-1486/C-0001.md
D	.archon-horizon/inbox/local/comments/I-1491/C-0001.md
D	.archon-horizon/inbox/local/comments/I-1491/C-0002.md
D	.archon-horizon/inbox/local/comments/I-1491/C-0003.md
D	.archon-horizon/inbox/local/comments/I-1491/C-0004.md
D	.archon-horizon/inbox/local/comments/I-1491/C-0005.md
D	.archon-horizon/inbox/local/comments/I-1491/C-0006.md
D	.archon-horizon/inbox/local/comments/I-1491/C-0007.md
D	.archon-horizon/inbox/local/comments/I-1491/C-0008.md
D	.archon-horizon/inbox/local/comments/I-1491/C-0009.md
D	.archon-horizon/inbox/local/comments/I-1491/C-0010.md
D	.archon-horizon/inbox/local/comments/I-1491/C-0011.md
D	.archon-horizon/inbox/local/comments/I-1491/C-0012.md
D	.archon-horizon/inbox/local/comments/I-1491/C-0013.md
D	.archon-horizon/inbox/local/comments/I-1491/C-0014.md
D	.archon-horizon/inbox/local/comments/I-1491/C-0015.md
D	.archon-horizon/inbox/local/comments/I-1491/C-0016.md
D	.archon-horizon/inbox/local/comments/I-1491/C-0017.md
D	.archon-horizon/inbox/local/comments/I-1491/C-0018.md
D	.archon-horizon/inbox/local/comments/I-1491/C-0019.md
D	.archon-horizon/inbox/local/comments/I-1492/C-0001.md
D	.archon-horizon/inbox/local/comments/I-1495/C-0001.md
D	.archon-horizon/inbox/local/comments/I-1496/C-0001.md
D	.archon-horizon/inbox/local/comments/I-1497/C-0001.md
D	.archon-horizon/inbox/local/comments/I-1498/C-0001.md
D	.archon-horizon/inbox/local/comments/I-1498/C-0002.md
D	.archon-horizon/inbox/local/comments/I-1498/C-0003.md
D	.archon-horizon/inbox/local/comments/I-1498/C-0004.md
D	.archon-horizon/inbox/local/comments/I-1498/C-0005.md
D	.archon-horizon/inbox/local/comments/I-1499/C-0001.md
D	.archon-horizon/inbox/local/comments/I-1499/C-0002.md
D	.archon-horizon/inbox/local/comments/I-1516/C-0001.md
D	.archon-horizon/inbox/local/comments/I-1516/C-0002.md
D	.archon-horizon/inbox/local/comments/I-1516/C-0003.md
D	.archon-horizon/inbox/local/comments/I-1516/C-0004.md
D	.archon-horizon/inbox/local/comments/I-1516/C-0005.md
D	.archon-horizon/inbox/local/comments/I-1516/C-0006.md
D	.archon-horizon/inbox/local/comments/I-1516/C-0007.md
D	.archon-horizon/inbox/local/comments/I-1516/C-0008.md
D	.archon-horizon/inbox/local/comments/I-1516/C-0009.md
D	.archon-horizon/inbox/local/comments/I-1516/C-0010.md
D	.archon-horizon/inbox/local/comments/I-1516/C-0011.md
D	.archon-horizon/inbox/local/comments/I-1516/C-0012.md
D	.archon-horizon/inbox/local/comments/I-1516/C-0013.md
D	.archon-horizon/inbox/local/comments/I-1516/C-0014.md
D	.archon-horizon/inbox/local/comments/I-1516/C-0015.md
D	.archon-horizon/inbox/local/comments/I-1516/C-0016.md
D	.archon-horizon/inbox/local/comments/I-1516/C-0017.md
D	.archon-horizon/inbox/local/comments/I-1518/C-0001.md
D	.archon-horizon/inbox/local/comments/I-1518/C-0002.md
D	.archon-horizon/inbox/local/comments/I-1518/C-0003.md
D	.archon-horizon/inbox/local/comments/I-1518/C-0004.md
D	.archon-horizon/inbox/local/comments/I-1518/C-0005.md
D	.archon-horizon/inbox/local/comments/I-1518/C-0006.md
D	.archon-horizon/inbox/local/comments/I-1518/C-0007.md
D	.archon-horizon/inbox/local/comments/I-1518/C-0008.md
D	.archon-horizon/inbox/local/comments/I-1518/C-0009.md
D	.archon-horizon/inbox/local/comments/I-1518/C-0010.md
D	.archon-horizon/inbox/local/comments/I-1520/C-0001.md
D	.archon-horizon/inbox/local/comments/I-1520/C-0002.md
D	.archon-horizon/inbox/local/comments/I-1520/C-0003.md
D	.archon-horizon/inbox/local/comments/I-1520/C-0004.md
D	.archon-horizon/inbox/local/comments/I-1525/C-0001.md
D	.archon-horizon/inbox/local/comments/I-1526/C-0001.md
D	.archon-horizon/inbox/local/comments/I-1527/C-0001.md
D	.archon-horizon/inbox/local/comments/I-1530/C-0001.md
D	.archon-horizon/inbox/local/comments/I-1531/C-0001.md
D	.archon-horizon/inbox/local/comments/I-1531/C-0002.md
M	.archon-horizon/inbox/local/history/I-0074.jsonl
M	.archon-horizon/inbox/local/history/I-0220.jsonl
M	.archon-horizon/inbox/local/history/I-0319.jsonl
M	.archon-horizon/inbox/local/history/I-0354.jsonl
M	.archon-horizon/inbox/local/history/I-0365.jsonl
M	.archon-horizon/inbox/local/history/I-0367.jsonl
M	.archon-horizon/inbox/local/history/I-0381.jsonl
M	.archon-horizon/inbox/local/history/I-0386.jsonl
M	.archon-horizon/inbox/local/history/I-0397.jsonl
M	.archon-horizon/inbox/local/history/I-0406.jsonl
M	.archon-horizon/inbox/local/history/I-0423.jsonl
M	.archon-horizon/inbox/local/history/I-0430.jsonl
M	.archon-horizon/inbox/local/history/I-0441.jsonl
M	.archon-horizon/inbox/local/history/I-0442.jsonl
M	.archon-horizon/inbox/local/history/I-0446.jsonl
M	.archon-horizon/inbox/local/history/I-0480.jsonl
M	.archon-horizon/inbox/local/history/I-0482.jsonl
M	.archon-horizon/inbox/local/history/I-0483.jsonl
M	.archon-horizon/inbox/local/history/I-0491.jsonl
M	.archon-horizon/inbox/local/history/I-0492.jsonl
M	.archon-horizon/inbox/local/history/I-0501.jsonl
M	.archon-horizon/inbox/local/history/I-0502.jsonl
M	.archon-horizon/inbox/local/history/I-0507.jsonl
M	.archon-horizon/inbox/local/history/I-0509.jsonl
M	.archon-horizon/inbox/local/history/I-0513.jsonl
M	.archon-horizon/inbox/local/history/I-0515.jsonl
M	.archon-horizon/inbox/local/history/I-0516.jsonl
M	.archon-horizon/inbox/local/history/I-0519.jsonl
M	.archon-horizon/inbox/local/history/I-0529.jsonl
M	.archon-horizon/inbox/local/history/I-0531.jsonl
M	.archon-horizon/inbox/local/history/I-0533.jsonl
M	.archon-horizon/inbox/local/history/I-0537.jsonl
M	.archon-horizon/inbox/local/history/I-0543.jsonl
M	.archon-horizon/inbox/local/history/I-0545.jsonl
M	.archon-horizon/inbox/local/history/I-0548.jsonl
M	.archon-horizon/inbox/local/history/I-0551.jsonl
M	.archon-horizon/inbox/local/history/I-0556.jsonl
M	.archon-horizon/inbox/local/history/I-0559.jsonl
M	.archon-horizon/inbox/local/history/I-0560.jsonl
M	.archon-horizon/inbox/local/history/I-0562.jsonl
M	.archon-horizon/inbox/local/history/I-0565.jsonl
M	.archon-horizon/inbox/local/history/I-0569.jsonl
M	.archon-horizon/inbox/local/history/I-0575.jsonl
M	.archon-horizon/inbox/local/history/I-0582.jsonl
M	.archon-horizon/inbox/local/history/I-0583.jsonl
M	.archon-horizon/inbox/local/history/I-0587.jsonl
M	.archon-horizon/inbox/local/history/I-0588.jsonl
M	.archon-horizon/inbox/local/history/I-0591.jsonl
M	.archon-horizon/inbox/local/history/I-0593.jsonl
M	.archon-horizon/inbox/local/history/I-0594.jsonl
M	.archon-horizon/inbox/local/history/I-0597.jsonl
M	.archon-horizon/inbox/local/history/I-0600.jsonl
M	.archon-horizon/inbox/local/history/I-0601.jsonl
M	.archon-horizon/inbox/local/history/I-0602.jsonl
M	.archon-horizon/inbox/local/history/I-0605.jsonl
M	.archon-horizon/inbox/local/history/I-0608.jsonl
M	.archon-horizon/inbox/local/history/I-0609.jsonl
M	.archon-horizon/inbox/local/history/I-0610.jsonl
M	.archon-horizon/inbox/local/history/I-0611.jsonl
M	.archon-horizon/inbox/local/history/I-0612.jsonl
M	.archon-horizon/inbox/local/history/I-0615.jsonl
M	.archon-horizon/inbox/local/history/I-0624.jsonl
M	.archon-horizon/inbox/local/history/I-0625.jsonl
M	.archon-horizon/inbox/local/history/I-0627.jsonl
M	.archon-horizon/inbox/local/history/I-0628.jsonl
M	.archon-horizon/inbox/local/history/I-0629.jsonl
M	.archon-horizon/inbox/local/history/I-0631.jsonl
M	.archon-horizon/inbox/local/history/I-0633.jsonl
M	.archon-horizon/inbox/local/history/I-0640.jsonl
M	.archon-horizon/inbox/local/history/I-0641.jsonl
M	.archon-horizon/inbox/local/history/I-0642.jsonl
M	.archon-horizon/inbox/local/history/I-0647.jsonl
M	.archon-horizon/inbox/local/history/I-0648.jsonl
M	.archon-horizon/inbox/local/history/I-0651.jsonl
M	.archon-horizon/inbox/local/history/I-0652.jsonl
M	.archon-horizon/inbox/local/history/I-0656.jsonl
M	.archon-horizon/inbox/local/history/I-0663.jsonl
M	.archon-horizon/inbox/local/history/I-0665.jsonl
M	.archon-horizon/inbox/local/history/I-0666.jsonl
M	.archon-horizon/inbox/local/history/I-0667.jsonl
M	.archon-horizon/inbox/local/history/I-0670.jsonl
M	.archon-horizon/inbox/local/history/I-0671.jsonl
M	.archon-horizon/inbox/local/history/I-0673.jsonl
M	.archon-horizon/inbox/local/history/I-0674.jsonl
M	.archon-horizon/inbox/local/history/I-0677.jsonl
M	.archon-horizon/inbox/local/history/I-0678.jsonl
M	.archon-horizon/inbox/local/history/I-0679.jsonl
M	.archon-horizon/inbox/local/history/I-0682.jsonl
M	.archon-horizon/inbox/local/history/I-0684.jsonl
M	.archon-horizon/inbox/local/history/I-0688.jsonl
M	.archon-horizon/inbox/local/history/I-0690.jsonl
M	.archon-horizon/inbox/local/history/I-0693.jsonl
M	.archon-horizon/inbox/local/history/I-0701.jsonl
M	.archon-horizon/inbox/local/history/I-0703.jsonl
M	.archon-horizon/inbox/local/history/I-0704.jsonl
M	.archon-horizon/inbox/local/history/I-0705.jsonl
M	.archon-horizon/inbox/local/history/I-0706.jsonl
M	.archon-horizon/inbox/local/history/I-0707.jsonl
M	.archon-horizon/inbox/local/history/I-0708.jsonl
M	.archon-horizon/inbox/local/history/I-0709.jsonl
M	.archon-horizon/inbox/local/history/I-0710.jsonl
M	.archon-horizon/inbox/local/history/I-0715.jsonl
M	.archon-horizon/inbox/local/history/I-0716.jsonl
M	.archon-horizon/inbox/local/history/I-0717.jsonl
M	.archon-horizon/inbox/local/history/I-0723.jsonl
M	.archon-horizon/inbox/local/history/I-0724.jsonl
M	.archon-horizon/inbox/local/history/I-0726.jsonl
M	.archon-horizon/inbox/local/history/I-0727.jsonl
M	.archon-horizon/inbox/local/history/I-0728.jsonl
M	.archon-horizon/inbox/local/history/I-0731.jsonl
M	.archon-horizon/inbox/local/history/I-0732.jsonl
M	.archon-horizon/inbox/local/history/I-0733.jsonl
M	.archon-horizon/inbox/local/history/I-0734.jsonl
M	.archon-horizon/inbox/local/history/I-0737.jsonl
M	.archon-horizon/inbox/local/history/I-0740.jsonl
M	.archon-horizon/inbox/local/history/I-0742.jsonl
M	.archon-horizon/inbox/local/history/I-0743.jsonl
M	.archon-horizon/inbox/local/history/I-0744.jsonl
M	.archon-horizon/inbox/local/history/I-0745.jsonl
M	.archon-horizon/inbox/local/history/I-0746.jsonl
M	.archon-horizon/inbox/local/history/I-0748.jsonl
M	.archon-horizon/inbox/local/history/I-0749.jsonl
M	.archon-horizon/inbox/local/history/I-0750.jsonl
M	.archon-horizon/inbox/local/history/I-0751.jsonl
M	.archon-horizon/inbox/local/history/I-0752.jsonl
M	.archon-horizon/inbox/local/history/I-0753.jsonl
M	.archon-horizon/inbox/local/history/I-0754.jsonl
M	.archon-horizon/inbox/local/history/I-0756.jsonl
M	.archon-horizon/inbox/local/history/I-0762.jsonl
M	.archon-horizon/inbox/local/history/I-0764.jsonl
M	.archon-horizon/inbox/local/history/I-0775.jsonl
M	.archon-horizon/inbox/local/history/I-0776.jsonl
M	.archon-horizon/inbox/local/history/I-0777.jsonl
M	.archon-horizon/inbox/local/history/I-0778.jsonl
M	.archon-horizon/inbox/local/history/I-0779.jsonl
M	.archon-horizon/inbox/local/history/I-0780.jsonl
M	.archon-horizon/inbox/local/history/I-0781.jsonl
M	.archon-horizon/inbox/local/history/I-0782.jsonl
M	.archon-horizon/inbox/local/history/I-0783.jsonl
M	.archon-horizon/inbox/local/history/I-0784.jsonl
M	.archon-horizon/inbox/local/history/I-0785.jsonl
M	.archon-horizon/inbox/local/history/I-0788.jsonl
M	.archon-horizon/inbox/local/history/I-0790.jsonl
M	.archon-horizon/inbox/local/history/I-0792.jsonl
M	.archon-horizon/inbox/local/history/I-0793.jsonl
M	.archon-horizon/inbox/local/history/I-0794.jsonl
M	.archon-horizon/inbox/local/history/I-0795.jsonl
M	.archon-horizon/inbox/local/history/I-0796.jsonl
M	.archon-horizon/inbox/local/history/I-0797.jsonl
M	.archon-horizon/inbox/local/history/I-0798.jsonl
M	.archon-horizon/inbox/local/history/I-0799.jsonl
M	.archon-horizon/inbox/local/history/I-0800.jsonl
M	.archon-horizon/inbox/local/history/I-0801.jsonl
M	.archon-horizon/inbox/local/history/I-0802.jsonl
M	.archon-horizon/inbox/local/history/I-0803.jsonl
M	.archon-horizon/inbox/local/history/I-0804.jsonl
M	.archon-horizon/inbox/local/history/I-0805.jsonl
M	.archon-horizon/inbox/local/history/I-0807.jsonl
M	.archon-horizon/inbox/local/history/I-0808.jsonl
M	.archon-horizon/inbox/local/history/I-0809.jsonl
M	.archon-horizon/inbox/local/history/I-0810.jsonl
M	.archon-horizon/inbox/local/history/I-0811.jsonl
M	.archon-horizon/inbox/local/history/I-0812.jsonl
M	.archon-horizon/inbox/local/history/I-0814.jsonl
M	.archon-horizon/inbox/local/history/I-0815.jsonl
M	.archon-horizon/inbox/local/history/I-0816.jsonl
M	.archon-horizon/inbox/local/history/I-0817.jsonl
M	.archon-horizon/inbox/local/history/I-0819.jsonl
M	.archon-horizon/inbox/local/history/I-0821.jsonl
M	.archon-horizon/inbox/local/history/I-0822.jsonl
M	.archon-horizon/inbox/local/history/I-0823.jsonl
M	.archon-horizon/inbox/local/history/I-0824.jsonl
M	.archon-horizon/inbox/local/history/I-0825.jsonl
M	.archon-horizon/inbox/local/history/I-0826.jsonl
M	.archon-horizon/inbox/local/history/I-0827.jsonl
M	.archon-horizon/inbox/local/history/I-0828.jsonl
M	.archon-horizon/inbox/local/history/I-0829.jsonl
M	.archon-horizon/inbox/local/history/I-0830.jsonl
M	.archon-horizon/inbox/local/history/I-0831.jsonl
M	.archon-horizon/inbox/local/history/I-0832.jsonl
M	.archon-horizon/inbox/local/history/I-0833.jsonl
M	.archon-horizon/inbox/local/history/I-0834.jsonl
M	.archon-horizon/inbox/local/history/I-0835.jsonl
M	.archon-horizon/inbox/local/history/I-0836.jsonl
M	.archon-horizon/inbox/local/history/I-0837.jsonl
M	.archon-horizon/inbox/local/history/I-0838.jsonl
M	.archon-horizon/inbox/local/history/I-0839.jsonl
M	.archon-horizon/inbox/local/history/I-0840.jsonl
M	.archon-horizon/inbox/local/history/I-0841.jsonl
M	.archon-horizon/inbox/local/history/I-0847.jsonl
M	.archon-horizon/inbox/local/history/I-0848.jsonl
M	.archon-horizon/inbox/local/history/I-0849.jsonl
M	.archon-horizon/inbox/local/history/I-0854.jsonl
M	.archon-horizon/inbox/local/history/I-0856.jsonl
M	.archon-horizon/inbox/local/history/I-0861.jsonl
M	.archon-horizon/inbox/local/history/I-0862.jsonl
M	.archon-horizon/inbox/local/history/I-0863.jsonl
M	.archon-horizon/inbox/local/history/I-0865.jsonl
M	.archon-horizon/inbox/local/history/I-0866.jsonl
M	.archon-horizon/inbox/local/history/I-0870.jsonl
M	.archon-horizon/inbox/local/history/I-0873.jsonl
M	.archon-horizon/inbox/local/history/I-0874.jsonl
M	.archon-horizon/inbox/local/history/I-0876.jsonl
M	.archon-horizon/inbox/local/history/I-0877.jsonl
M	.archon-horizon/inbox/local/history/I-0878.jsonl
M	.archon-horizon/inbox/local/history/I-0879.jsonl
M	.archon-horizon/inbox/local/history/I-0883.jsonl
M	.archon-horizon/inbox/local/history/I-0884.jsonl
M	.archon-horizon/inbox/local/history/I-0885.jsonl
M	.archon-horizon/inbox/local/history/I-0886.jsonl
M	.archon-horizon/inbox/local/history/I-0889.jsonl
M	.archon-horizon/inbox/local/history/I-0891.jsonl
M	.archon-horizon/inbox/local/history/I-0892.jsonl
M	.archon-horizon/inbox/local/history/I-0894.jsonl
M	.archon-horizon/inbox/local/history/I-0895.jsonl
M	.archon-horizon/inbox/local/history/I-0896.jsonl
M	.archon-horizon/inbox/local/history/I-0897.jsonl
M	.archon-horizon/inbox/local/history/I-0902.jsonl
M	.archon-horizon/inbox/local/history/I-0903.jsonl
M	.archon-horizon/inbox/local/history/I-0906.jsonl
M	.archon-horizon/inbox/local/history/I-0911.jsonl
M	.archon-horizon/inbox/local/history/I-0912.jsonl
M	.archon-horizon/inbox/local/history/I-0915.jsonl
M	.archon-horizon/inbox/local/history/I-0916.jsonl
M	.archon-horizon/inbox/local/history/I-0917.jsonl
M	.archon-horizon/inbox/local/history/I-0919.jsonl
M	.archon-horizon/inbox/local/history/I-0920.jsonl
M	.archon-horizon/inbox/local/history/I-0921.jsonl
M	.archon-horizon/inbox/local/history/I-0923.jsonl
M	.archon-horizon/inbox/local/history/I-0924.jsonl
M	.archon-horizon/inbox/local/history/I-0925.jsonl
M	.archon-horizon/inbox/local/history/I-0928.jsonl
M	.archon-horizon/inbox/local/history/I-0929.jsonl
M	.archon-horizon/inbox/local/history/I-0930.jsonl
M	.archon-horizon/inbox/local/history/I-0931.jsonl
M	.archon-horizon/inbox/local/history/I-0932.jsonl
M	.archon-horizon/inbox/local/history/I-0933.jsonl
M	.archon-horizon/inbox/local/history/I-0934.jsonl
M	.archon-horizon/inbox/local/history/I-0935.jsonl
M	.archon-horizon/inbox/local/history/I-0936.jsonl
M	.archon-horizon/inbox/local/history/I-0937.jsonl
M	.archon-horizon/inbox/local/history/I-0938.jsonl
M	.archon-horizon/inbox/local/history/I-0939.jsonl
M	.archon-horizon/inbox/local/history/I-0940.jsonl
M	.archon-horizon/inbox/local/history/I-0942.jsonl
M	.archon-horizon/inbox/local/history/I-0943.jsonl
M	.archon-horizon/inbox/local/history/I-0944.jsonl
M	.archon-horizon/inbox/local/history/I-0945.jsonl
M	.archon-horizon/inbox/local/history/I-0946.jsonl
M	.archon-horizon/inbox/local/history/I-0948.jsonl
M	.archon-horizon/inbox/local/history/I-0949.jsonl
M	.archon-horizon/inbox/local/history/I-0950.jsonl
M	.archon-horizon/inbox/local/history/I-0951.jsonl
M	.archon-horizon/inbox/local/history/I-0953.jsonl
M	.archon-horizon/inbox/local/history/I-0954.jsonl
M	.archon-horizon/inbox/local/history/I-0955.jsonl
M	.archon-horizon/inbox/local/history/I-0956.jsonl
M	.archon-horizon/inbox/local/history/I-0957.jsonl
M	.archon-horizon/inbox/local/history/I-0960.jsonl
M	.archon-horizon/inbox/local/history/I-0966.jsonl
M	.archon-horizon/inbox/local/history/I-0968.jsonl
M	.archon-horizon/inbox/local/history/I-0970.jsonl
M	.archon-horizon/inbox/local/history/I-0971.jsonl
M	.archon-horizon/inbox/local/history/I-0972.jsonl
M	.archon-horizon/inbox/local/history/I-0973.jsonl
M	.archon-horizon/inbox/local/history/I-0974.jsonl
M	.archon-horizon/inbox/local/history/I-0975.jsonl
M	.archon-horizon/inbox/local/history/I-0977.jsonl
M	.archon-horizon/inbox/local/history/I-0978.jsonl
M	.archon-horizon/inbox/local/history/I-0980.jsonl
M	.archon-horizon/inbox/local/history/I-0981.jsonl
M	.archon-horizon/inbox/local/history/I-0982.jsonl
M	.archon-horizon/inbox/local/history/I-0983.jsonl
M	.archon-horizon/inbox/local/history/I-0984.jsonl
M	.archon-horizon/inbox/local/history/I-0986.jsonl
M	.archon-horizon/inbox/local/history/I-0987.jsonl
M	.archon-horizon/inbox/local/history/I-0988.jsonl
M	.archon-horizon/inbox/local/history/I-0989.jsonl
M	.archon-horizon/inbox/local/history/I-0990.jsonl
M	.archon-horizon/inbox/local/history/I-0991.jsonl
M	.archon-horizon/inbox/local/history/I-0992.jsonl
M	.archon-horizon/inbox/local/history/I-0993.jsonl
M	.archon-horizon/inbox/local/history/I-0994.jsonl
M	.archon-horizon/inbox/local/history/I-0996.jsonl
M	.archon-horizon/inbox/local/history/I-0998.jsonl
M	.archon-horizon/inbox/local/history/I-0999.jsonl
M	.archon-horizon/inbox/local/history/I-1000.jsonl
M	.archon-horizon/inbox/local/history/I-1001.jsonl
M	.archon-horizon/inbox/local/history/I-1004.jsonl
M	.archon-horizon/inbox/local/history/I-1005.jsonl
M	.archon-horizon/inbox/local/history/I-1007.jsonl
M	.archon-horizon/inbox/local/history/I-1009.jsonl
M	.archon-horizon/inbox/local/history/I-1013.jsonl
M	.archon-horizon/inbox/local/history/I-1014.jsonl
M	.archon-horizon/inbox/local/history/I-1015.jsonl
M	.archon-horizon/inbox/local/history/I-1016.jsonl
M	.archon-horizon/inbox/local/history/I-1018.jsonl
M	.archon-horizon/inbox/local/history/I-1019.jsonl
M	.archon-horizon/inbox/local/history/I-1020.jsonl
M	.archon-horizon/inbox/local/history/I-1022.jsonl
M	.archon-horizon/inbox/local/history/I-1024.jsonl
M	.archon-horizon/inbox/local/history/I-1030.jsonl
M	.archon-horizon/inbox/local/history/I-1031.jsonl
M	.archon-horizon/inbox/local/history/I-1034.jsonl
M	.archon-horizon/inbox/local/history/I-1036.jsonl
M	.archon-horizon/inbox/local/history/I-1037.jsonl
M	.archon-horizon/inbox/local/history/I-1038.jsonl
M	.archon-horizon/inbox/local/history/I-1041.jsonl
M	.archon-horizon/inbox/local/history/I-1042.jsonl
M	.archon-horizon/inbox/local/history/I-1043.jsonl
M	.archon-horizon/inbox/local/history/I-1044.jsonl
M	.archon-horizon/inbox/local/history/I-1045.jsonl
M	.archon-horizon/inbox/local/history/I-1046.jsonl
M	.archon-horizon/inbox/local/history/I-1048.jsonl
M	.archon-horizon/inbox/local/history/I-1049.jsonl
M	.archon-horizon/inbox/local/history/I-1050.jsonl
M	.archon-horizon/inbox/local/history/I-1052.jsonl
M	.archon-horizon/inbox/local/history/I-1055.jsonl
M	.archon-horizon/inbox/local/history/I-1056.jsonl
M	.archon-horizon/inbox/local/history/I-1057.jsonl
M	.archon-horizon/inbox/local/history/I-1058.jsonl
M	.archon-horizon/inbox/local/history/I-1062.jsonl
M	.archon-horizon/inbox/local/history/I-1064.jsonl
M	.archon-horizon/inbox/local/history/I-1065.jsonl
M	.archon-horizon/inbox/local/history/I-1066.jsonl
M	.archon-horizon/inbox/local/history/I-1067.jsonl
M	.archon-horizon/inbox/local/history/I-1069.jsonl
M	.archon-horizon/inbox/local/history/I-1071.jsonl
M	.archon-horizon/inbox/local/history/I-1072.jsonl
M	.archon-horizon/inbox/local/history/I-1073.jsonl
M	.archon-horizon/inbox/local/history/I-1074.jsonl
M	.archon-horizon/inbox/local/history/I-1075.jsonl
M	.archon-horizon/inbox/local/history/I-1077.jsonl
M	.archon-horizon/inbox/local/history/I-1078.jsonl
M	.archon-horizon/inbox/local/history/I-1080.jsonl
M	.archon-horizon/inbox/local/history/I-1081.jsonl
M	.archon-horizon/inbox/local/history/I-1084.jsonl
M	.archon-horizon/inbox/local/history/I-1086.jsonl
M	.archon-horizon/inbox/local/history/I-1087.jsonl
M	.archon-horizon/inbox/local/history/I-1089.jsonl
M	.archon-horizon/inbox/local/history/I-1090.jsonl
M	.archon-horizon/inbox/local/history/I-1091.jsonl
M	.archon-horizon/inbox/local/history/I-1092.jsonl
M	.archon-horizon/inbox/local/history/I-1093.jsonl
M	.archon-horizon/inbox/local/history/I-1094.jsonl
M	.archon-horizon/inbox/local/history/I-1095.jsonl
M	.archon-horizon/inbox/local/history/I-1096.jsonl
M	.archon-horizon/inbox/local/history/I-1097.jsonl
M	.archon-horizon/inbox/local/history/I-1098.jsonl
M	.archon-horizon/inbox/local/history/I-1099.jsonl
M	.archon-horizon/inbox/local/history/I-1100.jsonl
M	.archon-horizon/inbox/local/history/I-1105.jsonl
M	.archon-horizon/inbox/local/history/I-1106.jsonl
M	.archon-horizon/inbox/local/history/I-1108.jsonl
M	.archon-horizon/inbox/local/history/I-1109.jsonl
M	.archon-horizon/inbox/local/history/I-1110.jsonl
M	.archon-horizon/inbox/local/history/I-1111.jsonl
M	.archon-horizon/inbox/local/history/I-1112.jsonl
M	.archon-horizon/inbox/local/history/I-1115.jsonl
M	.archon-horizon/inbox/local/history/I-1117.jsonl
M	.archon-horizon/inbox/local/history/I-1118.jsonl
M	.archon-horizon/inbox/local/history/I-1119.jsonl
M	.archon-horizon/inbox/local/history/I-1120.jsonl
M	.archon-horizon/inbox/local/history/I-1122.jsonl
M	.archon-horizon/inbox/local/history/I-1124.jsonl
M	.archon-horizon/inbox/local/history/I-1125.jsonl
M	.archon-horizon/inbox/local/history/I-1127.jsonl
M	.archon-horizon/inbox/local/history/I-1128.jsonl
M	.archon-horizon/inbox/local/history/I-1132.jsonl
M	.archon-horizon/inbox/local/history/I-1135.jsonl
M	.archon-horizon/inbox/local/history/I-1136.jsonl
M	.archon-horizon/inbox/local/history/I-1141.jsonl
M	.archon-horizon/inbox/local/history/I-1148.jsonl
M	.archon-horizon/inbox/local/history/I-1149.jsonl
M	.archon-horizon/inbox/local/history/I-1150.jsonl
M	.archon-horizon/inbox/local/history/I-1151.jsonl
M	.archon-horizon/inbox/local/history/I-1152.jsonl
M	.archon-horizon/inbox/local/history/I-1153.jsonl
M	.archon-horizon/inbox/local/history/I-1154.jsonl
M	.archon-horizon/inbox/local/history/I-1155.jsonl
M	.archon-horizon/inbox/local/history/I-1157.jsonl
M	.archon-horizon/inbox/local/history/I-1158.jsonl
M	.archon-horizon/inbox/local/history/I-1159.jsonl
M	.archon-horizon/inbox/local/history/I-1162.jsonl
M	.archon-horizon/inbox/local/history/I-1163.jsonl
M	.archon-horizon/inbox/local/history/I-1165.jsonl
M	.archon-horizon/inbox/local/history/I-1167.jsonl
M	.archon-horizon/inbox/local/history/I-1168.jsonl
M	.archon-horizon/inbox/local/history/I-1169.jsonl
M	.archon-horizon/inbox/local/history/I-1170.jsonl
M	.archon-horizon/inbox/local/history/I-1172.jsonl
M	.archon-horizon/inbox/local/history/I-1173.jsonl
M	.archon-horizon/inbox/local/history/I-1175.jsonl
M	.archon-horizon/inbox/local/history/I-1176.jsonl
M	.archon-horizon/inbox/local/history/I-1177.jsonl
M	.archon-horizon/inbox/local/history/I-1181.jsonl
M	.archon-horizon/inbox/local/history/I-1182.jsonl
M	.archon-horizon/inbox/local/history/I-1183.jsonl
M	.archon-horizon/inbox/local/history/I-1184.jsonl
M	.archon-horizon/inbox/local/history/I-1186.jsonl
M	.archon-horizon/inbox/local/history/I-1187.jsonl
M	.archon-horizon/inbox/local/history/I-1188.jsonl
M	.archon-horizon/inbox/local/history/I-1191.jsonl
M	.archon-horizon/inbox/local/history/I-1192.jsonl
M	.archon-horizon/inbox/local/history/I-1193.jsonl
M	.archon-horizon/inbox/local/history/I-1197.jsonl
M	.archon-horizon/inbox/local/history/I-1198.jsonl
M	.archon-horizon/inbox/local/history/I-1202.jsonl
M	.archon-horizon/inbox/local/history/I-1203.jsonl
M	.archon-horizon/inbox/local/history/I-1204.jsonl
M	.archon-horizon/inbox/local/history/I-1205.jsonl
M	.archon-horizon/inbox/local/history/I-1207.jsonl
M	.archon-horizon/inbox/local/history/I-1208.jsonl
M	.archon-horizon/inbox/local/history/I-1209.jsonl
M	.archon-horizon/inbox/local/history/I-1210.jsonl
M	.archon-horizon/inbox/local/history/I-1212.jsonl
M	.archon-horizon/inbox/local/history/I-1214.jsonl
M	.archon-horizon/inbox/local/history/I-1215.jsonl
M	.archon-horizon/inbox/local/history/I-1216.jsonl
M	.archon-horizon/inbox/local/history/I-1217.jsonl
M	.archon-horizon/inbox/local/history/I-1218.jsonl
M	.archon-horizon/inbox/local/history/I-1219.jsonl
M	.archon-horizon/inbox/local/history/I-1220.jsonl
M	.archon-horizon/inbox/local/history/I-1221.jsonl
M	.archon-horizon/inbox/local/history/I-1222.jsonl
M	.archon-horizon/inbox/local/history/I-1224.jsonl
M	.archon-horizon/inbox/local/history/I-1225.jsonl
M	.archon-horizon/inbox/local/history/I-1228.jsonl
M	.archon-horizon/inbox/local/history/I-1229.jsonl
M	.archon-horizon/inbox/local/history/I-1230.jsonl
M	.archon-horizon/inbox/local/history/I-1231.jsonl
M	.archon-horizon/inbox/local/history/I-1232.jsonl
M	.archon-horizon/inbox/local/history/I-1233.jsonl
M	.archon-horizon/inbox/local/history/I-1234.jsonl
M	.archon-horizon/inbox/local/history/I-1235.jsonl
M	.archon-horizon/inbox/local/history/I-1236.jsonl
M	.archon-horizon/inbox/local/history/I-1237.jsonl
M	.archon-horizon/inbox/local/history/I-1238.jsonl
M	.archon-horizon/inbox/local/history/I-1239.jsonl
M	.archon-horizon/inbox/local/history/I-1240.jsonl
M	.archon-horizon/inbox/local/history/I-1241.jsonl
M	.archon-horizon/inbox/local/history/I-1242.jsonl
M	.archon-horizon/inbox/local/history/I-1243.jsonl
M	.archon-horizon/inbox/local/history/I-1244.jsonl
M	.archon-horizon/inbox/local/history/I-1245.jsonl
M	.archon-horizon/inbox/local/history/I-1246.jsonl
M	.archon-horizon/inbox/local/history/I-1247.jsonl
M	.archon-horizon/inbox/local/history/I-1248.jsonl
M	.archon-horizon/inbox/local/history/I-1250.jsonl
M	.archon-horizon/inbox/local/history/I-1251.jsonl
M	.archon-horizon/inbox/local/history/I-1252.jsonl
M	.archon-horizon/inbox/local/history/I-1253.jsonl
M	.archon-horizon/inbox/local/history/I-1254.jsonl
M	.archon-horizon/inbox/local/history/I-1255.jsonl
M	.archon-horizon/inbox/local/history/I-1257.jsonl
M	.archon-horizon/inbox/local/history/I-1258.jsonl
M	.archon-horizon/inbox/local/history/I-1259.jsonl
M	.archon-horizon/inbox/local/history/I-1260.jsonl
M	.archon-horizon/inbox/local/history/I-1265.jsonl
M	.archon-horizon/inbox/local/history/I-1266.jsonl
M	.archon-horizon/inbox/local/history/I-1267.jsonl
M	.archon-horizon/inbox/local/history/I-1268.jsonl
M	.archon-horizon/inbox/local/history/I-1269.jsonl
M	.archon-horizon/inbox/local/history/I-1271.jsonl
M	.archon-horizon/inbox/local/history/I-1273.jsonl
M	.archon-horizon/inbox/local/history/I-1275.jsonl
M	.archon-horizon/inbox/local/history/I-1276.jsonl
M	.archon-horizon/inbox/local/history/I-1277.jsonl
M	.archon-horizon/inbox/local/history/I-1278.jsonl
M	.archon-horizon/inbox/local/history/I-1279.jsonl
M	.archon-horizon/inbox/local/history/I-1280.jsonl
M	.archon-horizon/inbox/local/history/I-1282.jsonl
M	.archon-horizon/inbox/local/history/I-1283.jsonl
M	.archon-horizon/inbox/local/history/I-1284.jsonl
M	.archon-horizon/inbox/local/history/I-1285.jsonl
M	.archon-horizon/inbox/local/history/I-1286.jsonl
M	.archon-horizon/inbox/local/history/I-1287.jsonl
M	.archon-horizon/inbox/local/history/I-1288.jsonl
M	.archon-horizon/inbox/local/history/I-1291.jsonl
M	.archon-horizon/inbox/local/history/I-1292.jsonl
M	.archon-horizon/inbox/local/history/I-1293.jsonl
M	.archon-horizon/inbox/local/history/I-1295.jsonl
M	.archon-horizon/inbox/local/history/I-1297.jsonl
M	.archon-horizon/inbox/local/history/I-1300.jsonl
M	.archon-horizon/inbox/local/history/I-1301.jsonl
M	.archon-horizon/inbox/local/history/I-1302.jsonl
M	.archon-horizon/inbox/local/history/I-1303.jsonl
M	.archon-horizon/inbox/local/history/I-1306.jsonl
M	.archon-horizon/inbox/local/history/I-1309.jsonl
M	.archon-horizon/inbox/local/history/I-1311.jsonl
M	.archon-horizon/inbox/local/history/I-1312.jsonl
M	.archon-horizon/inbox/local/history/I-1313.jsonl
M	.archon-horizon/inbox/local/history/I-1314.jsonl
M	.archon-horizon/inbox/local/history/I-1316.jsonl
M	.archon-horizon/inbox/local/history/I-1317.jsonl
M	.archon-horizon/inbox/local/history/I-1318.jsonl
M	.archon-horizon/inbox/local/history/I-1319.jsonl
M	.archon-horizon/inbox/local/history/I-1321.jsonl
M	.archon-horizon/inbox/local/history/I-1322.jsonl
M	.archon-horizon/inbox/local/history/I-1323.jsonl
M	.archon-horizon/inbox/local/history/I-1324.jsonl
M	.archon-horizon/inbox/local/history/I-1325.jsonl
M	.archon-horizon/inbox/local/history/I-1326.jsonl
M	.archon-horizon/inbox/local/history/I-1327.jsonl
M	.archon-horizon/inbox/local/history/I-1328.jsonl
M	.archon-horizon/inbox/local/history/I-1329.jsonl
M	.archon-horizon/inbox/local/history/I-1330.jsonl
M	.archon-horizon/inbox/local/history/I-1331.jsonl
M	.archon-horizon/inbox/local/history/I-1332.jsonl
M	.archon-horizon/inbox/local/history/I-1333.jsonl
M	.archon-horizon/inbox/local/history/I-1334.jsonl
M	.archon-horizon/inbox/local/history/I-1335.jsonl
M	.archon-horizon/inbox/local/history/I-1336.jsonl
M	.archon-horizon/inbox/local/history/I-1337.jsonl
M	.archon-horizon/inbox/local/history/I-1338.jsonl
M	.archon-horizon/inbox/local/history/I-1339.jsonl
M	.archon-horizon/inbox/local/history/I-1340.jsonl
M	.archon-horizon/inbox/local/history/I-1341.jsonl
M	.archon-horizon/inbox/local/history/I-1342.jsonl
M	.archon-horizon/inbox/local/history/I-1343.jsonl
M	.archon-horizon/inbox/local/history/I-1344.jsonl
M	.archon-horizon/inbox/local/history/I-1347.jsonl
M	.archon-horizon/inbox/local/history/I-1349.jsonl
M	.archon-horizon/inbox/local/history/I-1350.jsonl
M	.archon-horizon/inbox/local/history/I-1351.jsonl
M	.archon-horizon/inbox/local/history/I-1352.jsonl
M	.archon-horizon/inbox/local/history/I-1353.jsonl
M	.archon-horizon/inbox/local/history/I-1355.jsonl
M	.archon-horizon/inbox/local/history/I-1356.jsonl
M	.archon-horizon/inbox/local/history/I-1357.jsonl
M	.archon-horizon/inbox/local/history/I-1358.jsonl
M	.archon-horizon/inbox/local/history/I-1359.jsonl
M	.archon-horizon/inbox/local/history/I-1360.jsonl
M	.archon-horizon/inbox/local/history/I-1363.jsonl
M	.archon-horizon/inbox/local/history/I-1364.jsonl
M	.archon-horizon/inbox/local/history/I-1365.jsonl
M	.archon-horizon/inbox/local/history/I-1366.jsonl
M	.archon-horizon/inbox/local/history/I-1367.jsonl
M	.archon-horizon/inbox/local/history/I-1369.jsonl
M	.archon-horizon/inbox/local/history/I-1372.jsonl
M	.archon-horizon/inbox/local/history/I-1373.jsonl
M	.archon-horizon/inbox/local/history/I-1374.jsonl
M	.archon-horizon/inbox/local/history/I-1375.jsonl
M	.archon-horizon/inbox/local/history/I-1376.jsonl
M	.archon-horizon/inbox/local/history/I-1380.jsonl
M	.archon-horizon/inbox/local/history/I-1381.jsonl
M	.archon-horizon/inbox/local/history/I-1382.jsonl
M	.archon-horizon/inbox/local/history/I-1384.jsonl
M	.archon-horizon/inbox/local/history/I-1385.jsonl
M	.archon-horizon/inbox/local/history/I-1386.jsonl
M	.archon-horizon/inbox/local/history/I-1387.jsonl
M	.archon-horizon/inbox/local/history/I-1388.jsonl
M	.archon-horizon/inbox/local/history/I-1389.jsonl
M	.archon-horizon/inbox/local/history/I-1390.jsonl
M	.archon-horizon/inbox/local/history/I-1391.jsonl
M	.archon-horizon/inbox/local/history/I-1392.jsonl
M	.archon-horizon/inbox/local/history/I-1393.jsonl
M	.archon-horizon/inbox/local/history/I-1394.jsonl
M	.archon-horizon/inbox/local/history/I-1395.jsonl
M	.archon-horizon/inbox/local/history/I-1396.jsonl
M	.archon-horizon/inbox/local/history/I-1397.jsonl
M	.archon-horizon/inbox/local/history/I-1398.jsonl
M	.archon-horizon/inbox/local/history/I-1399.jsonl
M	.archon-horizon/inbox/local/history/I-1400.jsonl
M	.archon-horizon/inbox/local/history/I-1401.jsonl
M	.archon-horizon/inbox/local/history/I-1402.jsonl
M	.archon-horizon/inbox/local/history/I-1403.jsonl
M	.archon-horizon/inbox/local/history/I-1404.jsonl
M	.archon-horizon/inbox/local/history/I-1405.jsonl
M	.archon-horizon/inbox/local/history/I-1406.jsonl
M	.archon-horizon/inbox/local/history/I-1408.jsonl
M	.archon-horizon/inbox/local/history/I-1409.jsonl
M	.archon-horizon/inbox/local/history/I-1411.jsonl
M	.archon-horizon/inbox/local/history/I-1413.jsonl
M	.archon-horizon/inbox/local/history/I-1414.jsonl
M	.archon-horizon/inbox/local/history/I-1416.jsonl
M	.archon-horizon/inbox/local/history/I-1417.jsonl
M	.archon-horizon/inbox/local/history/I-1418.jsonl
M	.archon-horizon/inbox/local/history/I-1420.jsonl
M	.archon-horizon/inbox/local/history/I-1421.jsonl
M	.archon-horizon/inbox/local/history/I-1422.jsonl
M	.archon-horizon/inbox/local/history/I-1423.jsonl
M	.archon-horizon/inbox/local/history/I-1424.jsonl
M	.archon-horizon/inbox/local/history/I-1427.jsonl
M	.archon-horizon/inbox/local/history/I-1429.jsonl
M	.archon-horizon/inbox/local/history/I-1430.jsonl
M	.archon-horizon/inbox/local/history/I-1431.jsonl
M	.archon-horizon/inbox/local/history/I-1432.jsonl
M	.archon-horizon/inbox/local/history/I-1433.jsonl
M	.archon-horizon/inbox/local/history/I-1434.jsonl
M	.archon-horizon/inbox/local/history/I-1435.jsonl
M	.archon-horizon/inbox/local/history/I-1436.jsonl
M	.archon-horizon/inbox/local/history/I-1437.jsonl
M	.archon-horizon/inbox/local/history/I-1438.jsonl
M	.archon-horizon/inbox/local/history/I-1439.jsonl
M	.archon-horizon/inbox/local/history/I-1440.jsonl
M	.archon-horizon/inbox/local/history/I-1441.jsonl
M	.archon-horizon/inbox/local/history/I-1442.jsonl
M	.archon-horizon/inbox/local/history/I-1443.jsonl
M	.archon-horizon/inbox/local/history/I-1444.jsonl
M	.archon-horizon/inbox/local/history/I-1445.jsonl
M	.archon-horizon/inbox/local/history/I-1446.jsonl
M	.archon-horizon/inbox/local/history/I-1448.jsonl
M	.archon-horizon/inbox/local/history/I-1449.jsonl
M	.archon-horizon/inbox/local/history/I-1450.jsonl
M	.archon-horizon/inbox/local/history/I-1453.jsonl
M	.archon-horizon/inbox/local/history/I-1454.jsonl
M	.archon-horizon/inbox/local/history/I-1455.jsonl
M	.archon-horizon/inbox/local/history/I-1456.jsonl
M	.archon-horizon/inbox/local/history/I-1457.jsonl
M	.archon-horizon/inbox/local/history/I-1458.jsonl
M	.archon-horizon/inbox/local/history/I-1459.jsonl
M	.archon-horizon/inbox/local/history/I-1460.jsonl
M	.archon-horizon/inbox/local/history/I-1461.jsonl
M	.archon-horizon/inbox/local/history/I-1462.jsonl
M	.archon-horizon/inbox/local/history/I-1463.jsonl
M	.archon-horizon/inbox/local/history/I-1464.jsonl
M	.archon-horizon/inbox/local/history/I-1465.jsonl
M	.archon-horizon/inbox/local/history/I-1466.jsonl
M	.archon-horizon/inbox/local/history/I-1467.jsonl
M	.archon-horizon/inbox/local/history/I-1468.jsonl
M	.archon-horizon/inbox/local/history/I-1469.jsonl
M	.archon-horizon/inbox/local/history/I-1470.jsonl
M	.archon-horizon/inbox/local/history/I-1471.jsonl
M	.archon-horizon/inbox/local/history/I-1472.jsonl
M	.archon-horizon/inbox/local/history/I-1473.jsonl
M	.archon-horizon/inbox/local/history/I-1474.jsonl
M	.archon-horizon/inbox/local/history/I-1475.jsonl
M	.archon-horizon/inbox/local/history/I-1476.jsonl
M	.archon-horizon/inbox/local/history/I-1477.jsonl
M	.archon-horizon/inbox/local/history/I-1478.jsonl
M	.archon-horizon/inbox/local/history/I-1479.jsonl
D	.archon-horizon/inbox/local/history/I-1480.jsonl
D	.archon-horizon/inbox/local/history/I-1481.jsonl
D	.archon-horizon/inbox/local/history/I-1482.jsonl
D	.archon-horizon/inbox/local/history/I-1483.jsonl
D	.archon-horizon/inbox/local/history/I-1484.jsonl
D	.archon-horizon/inbox/local/history/I-1485.jsonl
D	.archon-horizon/inbox/local/history/I-1486.jsonl
D	.archon-horizon/inbox/local/history/I-1487.jsonl
D	.archon-horizon/inbox/local/history/I-1488.jsonl
D	.archon-horizon/inbox/local/history/I-1489.jsonl
D	.archon-horizon/inbox/local/history/I-1490.jsonl
D	.archon-horizon/inbox/local/history/I-1491.jsonl
D	.archon-horizon/inbox/local/history/I-1492.jsonl
D	.archon-horizon/inbox/local/history/I-1493.jsonl
D	.archon-horizon/inbox/local/history/I-1494.jsonl
D	.archon-horizon/inbox/local/history/I-1495.jsonl
D	.archon-horizon/inbox/local/history/I-1496.jsonl
D	.archon-horizon/inbox/local/history/I-1497.jsonl
D	.archon-horizon/inbox/local/history/I-1498.jsonl
D	.archon-horizon/inbox/local/history/I-1499.jsonl
D	.archon-horizon/inbox/local/history/I-1500.jsonl
D	.archon-horizon/inbox/local/history/I-1501.jsonl
D	.archon-horizon/inbox/local/history/I-1502.jsonl
D	.archon-horizon/inbox/local/history/I-1503.jsonl
D	.archon-horizon/inbox/local/history/I-1504.jsonl
D	.archon-horizon/inbox/local/history/I-1505.jsonl
D	.archon-horizon/inbox/local/history/I-1506.jsonl
D	.archon-horizon/inbox/local/history/I-1507.jsonl
D	.archon-horizon/inbox/local/history/I-1508.jsonl
D	.archon-horizon/inbox/local/history/I-1509.jsonl
D	.archon-horizon/inbox/local/history/I-1510.jsonl
D	.archon-horizon/inbox/local/history/I-1511.jsonl
D	.archon-horizon/inbox/local/history/I-1512.jsonl
D	.archon-horizon/inbox/local/history/I-1513.jsonl
D	.archon-horizon/inbox/local/history/I-1514.jsonl
D	.archon-horizon/inbox/local/history/I-1515.jsonl
D	.archon-horizon/inbox/local/history/I-1516.jsonl
D	.archon-horizon/inbox/local/history/I-1517.jsonl
D	.archon-horizon/inbox/local/history/I-1518.jsonl
D	.archon-horizon/inbox/local/history/I-1519.jsonl
D	.archon-horizon/inbox/local/history/I-1520.jsonl
D	.archon-horizon/inbox/local/history/I-1521.jsonl
D	.archon-horizon/inbox/local/history/I-1522.jsonl
D	.archon-horizon/inbox/local/history/I-1523.jsonl
D	.archon-horizon/inbox/local/history/I-1524.jsonl
D	.archon-horizon/inbox/local/history/I-1525.jsonl
D	.archon-horizon/inbox/local/history/I-1526.jsonl
D	.archon-horizon/inbox/local/history/I-1527.jsonl
D	.archon-horizon/inbox/local/history/I-1528.jsonl
D	.archon-horizon/inbox/local/history/I-1529.jsonl
D	.archon-horizon/inbox/local/history/I-1530.jsonl
D	.archon-horizon/inbox/local/history/I-1531.jsonl
D	.archon-horizon/inbox/local/history/I-1532.jsonl
D	.archon-horizon/inbox/local/history/I-1533.jsonl
D	.archon-horizon/inbox/local/history/I-1534.jsonl
D	.archon-horizon/inbox/local/history/I-1536.jsonl
D	.archon-horizon/inbox/local/history/I-1537.jsonl
D	.archon-horizon/inbox/local/history/I-1538.jsonl
D	.archon-horizon/inbox/local/history/I-1540.jsonl
M	.archon-horizon/inbox/local/items/I-0074.yaml
M	.archon-horizon/inbox/local/items/I-0220.yaml
M	.archon-horizon/inbox/local/items/I-0319.yaml
M	.archon-horizon/inbox/local/items/I-0354.yaml
M	.archon-horizon/inbox/local/items/I-0365.yaml
M	.archon-horizon/inbox/local/items/I-0367.yaml
M	.archon-horizon/inbox/local/items/I-0381.yaml
M	.archon-horizon/inbox/local/items/I-0386.yaml
M	.archon-horizon/inbox/local/items/I-0397.yaml
M	.archon-horizon/inbox/local/items/I-0406.yaml
M	.archon-horizon/inbox/local/items/I-0423.yaml
M	.archon-horizon/inbox/local/items/I-0430.yaml
M	.archon-horizon/inbox/local/items/I-0441.yaml
M	.archon-horizon/inbox/local/items/I-0442.yaml
M	.archon-horizon/inbox/local/items/I-0446.yaml
M	.archon-horizon/inbox/local/items/I-0480.yaml
M	.archon-horizon/inbox/local/items/I-0482.yaml
M	.archon-horizon/inbox/local/items/I-0483.yaml
M	.archon-horizon/inbox/local/items/I-0491.yaml
M	.archon-horizon/inbox/local/items/I-0492.yaml
M	.archon-horizon/inbox/local/items/I-0501.yaml
M	.archon-horizon/inbox/local/items/I-0502.yaml
M	.archon-horizon/inbox/local/items/I-0507.yaml
M	.archon-horizon/inbox/local/items/I-0509.yaml
M	.archon-horizon/inbox/local/items/I-0513.yaml
M	.archon-horizon/inbox/local/items/I-0515.yaml
M	.archon-horizon/inbox/local/items/I-0516.yaml
M	.archon-horizon/inbox/local/items/I-0519.yaml
M	.archon-horizon/inbox/local/items/I-0529.yaml
M	.archon-horizon/inbox/local/items/I-0531.yaml
M	.archon-horizon/inbox/local/items/I-0533.yaml
M	.archon-horizon/inbox/local/items/I-0537.yaml
M	.archon-horizon/inbox/local/items/I-0543.yaml
M	.archon-horizon/inbox/local/items/I-0545.yaml
M	.archon-horizon/inbox/local/items/I-0548.yaml
M	.archon-horizon/inbox/local/items/I-0551.yaml
M	.archon-horizon/inbox/local/items/I-0556.yaml
M	.archon-horizon/inbox/local/items/I-0559.yaml
M	.archon-horizon/inbox/local/items/I-0560.yaml
M	.archon-horizon/inbox/local/items/I-0562.yaml
M	.archon-horizon/inbox/local/items/I-0565.yaml
M	.archon-horizon/inbox/local/items/I-0569.yaml
M	.archon-horizon/inbox/local/items/I-0575.yaml
M	.archon-horizon/inbox/local/items/I-0582.yaml
M	.archon-horizon/inbox/local/items/I-0583.yaml
M	.archon-horizon/inbox/local/items/I-0587.yaml
M	.archon-horizon/inbox/local/items/I-0588.yaml
M	.archon-horizon/inbox/local/items/I-0591.yaml
M	.archon-horizon/inbox/local/items/I-0593.yaml
M	.archon-horizon/inbox/local/items/I-0594.yaml
M	.archon-horizon/inbox/local/items/I-0597.yaml
M	.archon-horizon/inbox/local/items/I-0600.yaml
M	.archon-horizon/inbox/local/items/I-0601.yaml
M	.archon-horizon/inbox/local/items/I-0602.yaml
M	.archon-horizon/inbox/local/items/I-0605.yaml
M	.archon-horizon/inbox/local/items/I-0608.yaml
M	.archon-horizon/inbox/local/items/I-0609.yaml
M	.archon-horizon/inbox/local/items/I-0610.yaml
M	.archon-horizon/inbox/local/items/I-0611.yaml
M	.archon-horizon/inbox/local/items/I-0612.yaml
M	.archon-horizon/inbox/local/items/I-0615.yaml
M	.archon-horizon/inbox/local/items/I-0624.yaml
M	.archon-horizon/inbox/local/items/I-0625.yaml
M	.archon-horizon/inbox/local/items/I-0627.yaml
M	.archon-horizon/inbox/local/items/I-0628.yaml
M	.archon-horizon/inbox/local/items/I-0629.yaml
M	.archon-horizon/inbox/local/items/I-0631.yaml
M	.archon-horizon/inbox/local/items/I-0633.yaml
M	.archon-horizon/inbox/local/items/I-0640.yaml
M	.archon-horizon/inbox/local/items/I-0641.yaml
M	.archon-horizon/inbox/local/items/I-0642.yaml
M	.archon-horizon/inbox/local/items/I-0647.yaml
M	.archon-horizon/inbox/local/items/I-0648.yaml
M	.archon-horizon/inbox/local/items/I-0651.yaml
M	.archon-horizon/inbox/local/items/I-0652.yaml
M	.archon-horizon/inbox/local/items/I-0656.yaml
M	.archon-horizon/inbox/local/items/I-0663.yaml
M	.archon-horizon/inbox/local/items/I-0665.yaml
M	.archon-horizon/inbox/local/items/I-0666.yaml
M	.archon-horizon/inbox/local/items/I-0667.yaml
M	.archon-horizon/inbox/local/items/I-0670.yaml
M	.archon-horizon/inbox/local/items/I-0671.yaml
M	.archon-horizon/inbox/local/items/I-0673.yaml
M	.archon-horizon/inbox/local/items/I-0674.yaml
M	.archon-horizon/inbox/local/items/I-0677.yaml
M	.archon-horizon/inbox/local/items/I-0678.yaml
M	.archon-horizon/inbox/local/items/I-0679.yaml
M	.archon-horizon/inbox/local/items/I-0682.yaml
M	.archon-horizon/inbox/local/items/I-0684.yaml
M	.archon-horizon/inbox/local/items/I-0688.yaml
M	.archon-horizon/inbox/local/items/I-0690.yaml
M	.archon-horizon/inbox/local/items/I-0693.yaml
M	.archon-horizon/inbox/local/items/I-0701.yaml
M	.archon-horizon/inbox/local/items/I-0703.yaml
M	.archon-horizon/inbox/local/items/I-0704.yaml
M	.archon-horizon/inbox/local/items/I-0705.yaml
M	.archon-horizon/inbox/local/items/I-0706.yaml
M	.archon-horizon/inbox/local/items/I-0707.yaml
M	.archon-horizon/inbox/local/items/I-0708.yaml
M	.archon-horizon/inbox/local/items/I-0709.yaml
M	.archon-horizon/inbox/local/items/I-0710.yaml
M	.archon-horizon/inbox/local/items/I-0715.yaml
M	.archon-horizon/inbox/local/items/I-0716.yaml
M	.archon-horizon/inbox/local/items/I-0717.yaml
M	.archon-horizon/inbox/local/items/I-0723.yaml
M	.archon-horizon/inbox/local/items/I-0724.yaml
M	.archon-horizon/inbox/local/items/I-0726.yaml
M	.archon-horizon/inbox/local/items/I-0727.yaml
M	.archon-horizon/inbox/local/items/I-0728.yaml
M	.archon-horizon/inbox/local/items/I-0731.yaml
M	.archon-horizon/inbox/local/items/I-0732.yaml
M	.archon-horizon/inbox/local/items/I-0733.yaml
M	.archon-horizon/inbox/local/items/I-0734.yaml
M	.archon-horizon/inbox/local/items/I-0737.yaml
M	.archon-horizon/inbox/local/items/I-0740.yaml
M	.archon-horizon/inbox/local/items/I-0742.yaml
M	.archon-horizon/inbox/local/items/I-0743.yaml
M	.archon-horizon/inbox/local/items/I-0744.yaml
M	.archon-horizon/inbox/local/items/I-0745.yaml
M	.archon-horizon/inbox/local/items/I-0746.yaml
M	.archon-horizon/inbox/local/items/I-0748.yaml
M	.archon-horizon/inbox/local/items/I-0749.yaml
M	.archon-horizon/inbox/local/items/I-0750.yaml
M	.archon-horizon/inbox/local/items/I-0751.yaml
M	.archon-horizon/inbox/local/items/I-0752.yaml
M	.archon-horizon/inbox/local/items/I-0753.yaml
M	.archon-horizon/inbox/local/items/I-0754.yaml
M	.archon-horizon/inbox/local/items/I-0756.yaml
M	.archon-horizon/inbox/local/items/I-0762.yaml
M	.archon-horizon/inbox/local/items/I-0764.yaml
M	.archon-horizon/inbox/local/items/I-0775.yaml
M	.archon-horizon/inbox/local/items/I-0776.yaml
M	.archon-horizon/inbox/local/items/I-0777.yaml
M	.archon-horizon/inbox/local/items/I-0778.yaml
M	.archon-horizon/inbox/local/items/I-0779.yaml
M	.archon-horizon/inbox/local/items/I-0780.yaml
M	.archon-horizon/inbox/local/items/I-0781.yaml
M	.archon-horizon/inbox/local/items/I-0782.yaml
M	.archon-horizon/inbox/local/items/I-0783.yaml
M	.archon-horizon/inbox/local/items/I-0784.yaml
M	.archon-horizon/inbox/local/items/I-0785.yaml
M	.archon-horizon/inbox/local/items/I-0788.yaml
M	.archon-horizon/inbox/local/items/I-0790.yaml
M	.archon-horizon/inbox/local/items/I-0792.yaml
M	.archon-horizon/inbox/local/items/I-0793.yaml
M	.archon-horizon/inbox/local/items/I-0794.yaml
M	.archon-horizon/inbox/local/items/I-0795.yaml
M	.archon-horizon/inbox/local/items/I-0796.yaml
M	.archon-horizon/inbox/local/items/I-0797.yaml
M	.archon-horizon/inbox/local/items/I-0798.yaml
M	.archon-horizon/inbox/local/items/I-0799.yaml
M	.archon-horizon/inbox/local/items/I-0800.yaml
M	.archon-horizon/inbox/local/items/I-0801.yaml
M	.archon-horizon/inbox/local/items/I-0802.yaml
M	.archon-horizon/inbox/local/items/I-0803.yaml
M	.archon-horizon/inbox/local/items/I-0804.yaml
M	.archon-horizon/inbox/local/items/I-0805.yaml
M	.archon-horizon/inbox/local/items/I-0807.yaml
M	.archon-horizon/inbox/local/items/I-0808.yaml
M	.archon-horizon/inbox/local/items/I-0809.yaml
M	.archon-horizon/inbox/local/items/I-0810.yaml
M	.archon-horizon/inbox/local/items/I-0811.yaml
M	.archon-horizon/inbox/local/items/I-0812.yaml
M	.archon-horizon/inbox/local/items/I-0814.yaml
M	.archon-horizon/inbox/local/items/I-0815.yaml
M	.archon-horizon/inbox/local/items/I-0816.yaml
M	.archon-horizon/inbox/local/items/I-0817.yaml
M	.archon-horizon/inbox/local/items/I-0819.yaml
M	.archon-horizon/inbox/local/items/I-0821.yaml
M	.archon-horizon/inbox/local/items/I-0822.yaml
M	.archon-horizon/inbox/local/items/I-0823.yaml
M	.archon-horizon/inbox/local/items/I-0824.yaml
M	.archon-horizon/inbox/local/items/I-0825.yaml
M	.archon-horizon/inbox/local/items/I-0826.yaml
M	.archon-horizon/inbox/local/items/I-0827.yaml
M	.archon-horizon/inbox/local/items/I-0828.yaml
M	.archon-horizon/inbox/local/items/I-0829.yaml
M	.archon-horizon/inbox/local/items/I-0830.yaml
M	.archon-horizon/inbox/local/items/I-0831.yaml
M	.archon-horizon/inbox/local/items/I-0832.yaml
M	.archon-horizon/inbox/local/items/I-0833.yaml
M	.archon-horizon/inbox/local/items/I-0834.yaml
M	.archon-horizon/inbox/local/items/I-0835.yaml
M	.archon-horizon/inbox/local/items/I-0836.yaml
M	.archon-horizon/inbox/local/items/I-0837.yaml
M	.archon-horizon/inbox/local/items/I-0838.yaml
M	.archon-horizon/inbox/local/items/I-0839.yaml
M	.archon-horizon/inbox/local/items/I-0840.yaml
M	.archon-horizon/inbox/local/items/I-0841.yaml
M	.archon-horizon/inbox/local/items/I-0847.yaml
M	.archon-horizon/inbox/local/items/I-0848.yaml
M	.archon-horizon/inbox/local/items/I-0849.yaml
M	.archon-horizon/inbox/local/items/I-0854.yaml
M	.archon-horizon/inbox/local/items/I-0856.yaml
M	.archon-horizon/inbox/local/items/I-0861.yaml
M	.archon-horizon/inbox/local/items/I-0862.yaml
M	.archon-horizon/inbox/local/items/I-0863.yaml
M	.archon-horizon/inbox/local/items/I-0865.yaml
M	.archon-horizon/inbox/local/items/I-0866.yaml
M	.archon-horizon/inbox/local/items/I-0870.yaml
M	.archon-horizon/inbox/local/items/I-0873.yaml
M	.archon-horizon/inbox/local/items/I-0874.yaml
M	.archon-horizon/inbox/local/items/I-0876.yaml
M	.archon-horizon/inbox/local/items/I-0877.yaml
M	.archon-horizon/inbox/local/items/I-0878.yaml
M	.archon-horizon/inbox/local/items/I-0879.yaml
M	.archon-horizon/inbox/local/items/I-0883.yaml
M	.archon-horizon/inbox/local/items/I-0884.yaml
M	.archon-horizon/inbox/local/items/I-0885.yaml
M	.archon-horizon/inbox/local/items/I-0886.yaml
M	.archon-horizon/inbox/local/items/I-0889.yaml
M	.archon-horizon/inbox/local/items/I-0891.yaml
M	.archon-horizon/inbox/local/items/I-0892.yaml
M	.archon-horizon/inbox/local/items/I-0894.yaml
M	.archon-horizon/inbox/local/items/I-0895.yaml
M	.archon-horizon/inbox/local/items/I-0896.yaml
M	.archon-horizon/inbox/local/items/I-0897.yaml
M	.archon-horizon/inbox/local/items/I-0902.yaml
M	.archon-horizon/inbox/local/items/I-0903.yaml
M	.archon-horizon/inbox/local/items/I-0906.yaml
M	.archon-horizon/inbox/local/items/I-0911.yaml
M	.archon-horizon/inbox/local/items/I-0912.yaml
M	.archon-horizon/inbox/local/items/I-0915.yaml
M	.archon-horizon/inbox/local/items/I-0916.yaml
M	.archon-horizon/inbox/local/items/I-0917.yaml
M	.archon-horizon/inbox/local/items/I-0919.yaml
M	.archon-horizon/inbox/local/items/I-0920.yaml
M	.archon-horizon/inbox/local/items/I-0921.yaml
M	.archon-horizon/inbox/local/items/I-0923.yaml
M	.archon-horizon/inbox/local/items/I-0924.yaml
M	.archon-horizon/inbox/local/items/I-0925.yaml
M	.archon-horizon/inbox/local/items/I-0928.yaml
M	.archon-horizon/inbox/local/items/I-0929.yaml
M	.archon-horizon/inbox/local/items/I-0930.yaml
M	.archon-horizon/inbox/local/items/I-0931.yaml
M	.archon-horizon/inbox/local/items/I-0932.yaml
M	.archon-horizon/inbox/local/items/I-0933.yaml
M	.archon-horizon/inbox/local/items/I-0934.yaml
M	.archon-horizon/inbox/local/items/I-0935.yaml
M	.archon-horizon/inbox/local/items/I-0936.yaml
M	.archon-horizon/inbox/local/items/I-0937.yaml
M	.archon-horizon/inbox/local/items/I-0938.yaml
M	.archon-horizon/inbox/local/items/I-0939.yaml
M	.archon-horizon/inbox/local/items/I-0940.yaml
M	.archon-horizon/inbox/local/items/I-0942.yaml
M	.archon-horizon/inbox/local/items/I-0943.yaml
M	.archon-horizon/inbox/local/items/I-0944.yaml
M	.archon-horizon/inbox/local/items/I-0945.yaml
M	.archon-horizon/inbox/local/items/I-0946.yaml
M	.archon-horizon/inbox/local/items/I-0948.yaml
M	.archon-horizon/inbox/local/items/I-0949.yaml
M	.archon-horizon/inbox/local/items/I-0950.yaml
M	.archon-horizon/inbox/local/items/I-0951.yaml
M	.archon-horizon/inbox/local/items/I-0953.yaml
M	.archon-horizon/inbox/local/items/I-0954.yaml
M	.archon-horizon/inbox/local/items/I-0955.yaml
M	.archon-horizon/inbox/local/items/I-0956.yaml
M	.archon-horizon/inbox/local/items/I-0957.yaml
M	.archon-horizon/inbox/local/items/I-0960.yaml
M	.archon-horizon/inbox/local/items/I-0966.yaml
M	.archon-horizon/inbox/local/items/I-0968.yaml
M	.archon-horizon/inbox/local/items/I-0970.yaml
M	.archon-horizon/inbox/local/items/I-0971.yaml
M	.archon-horizon/inbox/local/items/I-0972.yaml
M	.archon-horizon/inbox/local/items/I-0973.yaml
M	.archon-horizon/inbox/local/items/I-0974.yaml
M	.archon-horizon/inbox/local/items/I-0975.yaml
M	.archon-horizon/inbox/local/items/I-0977.yaml
M	.archon-horizon/inbox/local/items/I-0978.yaml
M	.archon-horizon/inbox/local/items/I-0980.yaml
M	.archon-horizon/inbox/local/items/I-0981.yaml
M	.archon-horizon/inbox/local/items/I-0982.yaml
M	.archon-horizon/inbox/local/items/I-0983.yaml
M	.archon-horizon/inbox/local/items/I-0984.yaml
M	.archon-horizon/inbox/local/items/I-0986.yaml
M	.archon-horizon/inbox/local/items/I-0987.yaml
M	.archon-horizon/inbox/local/items/I-0988.yaml
M	.archon-horizon/inbox/local/items/I-0989.yaml
M	.archon-horizon/inbox/local/items/I-0990.yaml
M	.archon-horizon/inbox/local/items/I-0991.yaml
M	.archon-horizon/inbox/local/items/I-0992.yaml
M	.archon-horizon/inbox/local/items/I-0993.yaml
M	.archon-horizon/inbox/local/items/I-0994.yaml
M	.archon-horizon/inbox/local/items/I-0996.yaml
M	.archon-horizon/inbox/local/items/I-0998.yaml
M	.archon-horizon/inbox/local/items/I-0999.yaml
M	.archon-horizon/inbox/local/items/I-1000.yaml
M	.archon-horizon/inbox/local/items/I-1001.yaml
M	.archon-horizon/inbox/local/items/I-1004.yaml
M	.archon-horizon/inbox/local/items/I-1005.yaml
M	.archon-horizon/inbox/local/items/I-1007.yaml
M	.archon-horizon/inbox/local/items/I-1009.yaml
M	.archon-horizon/inbox/local/items/I-1013.yaml
M	.archon-horizon/inbox/local/items/I-1014.yaml
M	.archon-horizon/inbox/local/items/I-1015.yaml
M	.archon-horizon/inbox/local/items/I-1016.yaml
M	.archon-horizon/inbox/local/items/I-1018.yaml
M	.archon-horizon/inbox/local/items/I-1019.yaml
M	.archon-horizon/inbox/local/items/I-1020.yaml
M	.archon-horizon/inbox/local/items/I-1022.yaml
M	.archon-horizon/inbox/local/items/I-1024.yaml
M	.archon-horizon/inbox/local/items/I-1030.yaml
M	.archon-horizon/inbox/local/items/I-1031.yaml
M	.archon-horizon/inbox/local/items/I-1034.yaml
M	.archon-horizon/inbox/local/items/I-1036.yaml
M	.archon-horizon/inbox/local/items/I-1037.yaml
M	.archon-horizon/inbox/local/items/I-1038.yaml
M	.archon-horizon/inbox/local/items/I-1041.yaml
M	.archon-horizon/inbox/local/items/I-1042.yaml
M	.archon-horizon/inbox/local/items/I-1043.yaml
M	.archon-horizon/inbox/local/items/I-1044.yaml
M	.archon-horizon/inbox/local/items/I-1045.yaml
M	.archon-horizon/inbox/local/items/I-1046.yaml
M	.archon-horizon/inbox/local/items/I-1048.yaml
M	.archon-horizon/inbox/local/items/I-1049.yaml
M	.archon-horizon/inbox/local/items/I-1050.yaml
M	.archon-horizon/inbox/local/items/I-1052.yaml
M	.archon-horizon/inbox/local/items/I-1055.yaml
M	.archon-horizon/inbox/local/items/I-1056.yaml
M	.archon-horizon/inbox/local/items/I-1057.yaml
M	.archon-horizon/inbox/local/items/I-1058.yaml
M	.archon-horizon/inbox/local/items/I-1062.yaml
M	.archon-horizon/inbox/local/items/I-1064.yaml
M	.archon-horizon/inbox/local/items/I-1065.yaml
M	.archon-horizon/inbox/local/items/I-1066.yaml
M	.archon-horizon/inbox/local/items/I-1067.yaml
M	.archon-horizon/inbox/local/items/I-1069.yaml
M	.archon-horizon/inbox/local/items/I-1071.yaml
M	.archon-horizon/inbox/local/items/I-1072.yaml
M	.archon-horizon/inbox/local/items/I-1073.yaml
M	.archon-horizon/inbox/local/items/I-1074.yaml
M	.archon-horizon/inbox/local/items/I-1075.yaml
M	.archon-horizon/inbox/local/items/I-1077.yaml
M	.archon-horizon/inbox/local/items/I-1078.yaml
M	.archon-horizon/inbox/local/items/I-1080.yaml
M	.archon-horizon/inbox/local/items/I-1081.yaml
M	.archon-horizon/inbox/local/items/I-1084.yaml
M	.archon-horizon/inbox/local/items/I-1086.yaml
M	.archon-horizon/inbox/local/items/I-1087.yaml
M	.archon-horizon/inbox/local/items/I-1089.yaml
M	.archon-horizon/inbox/local/items/I-1090.yaml
M	.archon-horizon/inbox/local/items/I-1091.yaml
M	.archon-horizon/inbox/local/items/I-1092.yaml
M	.archon-horizon/inbox/local/items/I-1093.yaml
M	.archon-horizon/inbox/local/items/I-1094.yaml
M	.archon-horizon/inbox/local/items/I-1095.yaml
M	.archon-horizon/inbox/local/items/I-1096.yaml
M	.archon-horizon/inbox/local/items/I-1097.yaml
M	.archon-horizon/inbox/local/items/I-1098.yaml
M	.archon-horizon/inbox/local/items/I-1099.yaml
M	.archon-horizon/inbox/local/items/I-1100.yaml
M	.archon-horizon/inbox/local/items/I-1105.yaml
M	.archon-horizon/inbox/local/items/I-1106.yaml
M	.archon-horizon/inbox/local/items/I-1108.yaml
M	.archon-horizon/inbox/local/items/I-1109.yaml
M	.archon-horizon/inbox/local/items/I-1110.yaml
M	.archon-horizon/inbox/local/items/I-1111.yaml
M	.archon-horizon/inbox/local/items/I-1112.yaml
M	.archon-horizon/inbox/local/items/I-1115.yaml
M	.archon-horizon/inbox/local/items/I-1117.yaml
M	.archon-horizon/inbox/local/items/I-1118.yaml
M	.archon-horizon/inbox/local/items/I-1119.yaml
M	.archon-horizon/inbox/local/items/I-1120.yaml
M	.archon-horizon/inbox/local/items/I-1122.yaml
M	.archon-horizon/inbox/local/items/I-1124.yaml
M	.archon-horizon/inbox/local/items/I-1125.yaml
M	.archon-horizon/inbox/local/items/I-1127.yaml
M	.archon-horizon/inbox/local/items/I-1128.yaml
M	.archon-horizon/inbox/local/items/I-1132.yaml
M	.archon-horizon/inbox/local/items/I-1135.yaml
M	.archon-horizon/inbox/local/items/I-1136.yaml
M	.archon-horizon/inbox/local/items/I-1141.yaml
M	.archon-horizon/inbox/local/items/I-1148.yaml
M	.archon-horizon/inbox/local/items/I-1149.yaml
M	.archon-horizon/inbox/local/items/I-1150.yaml
M	.archon-horizon/inbox/local/items/I-1151.yaml
M	.archon-horizon/inbox/local/items/I-1152.yaml
M	.archon-horizon/inbox/local/items/I-1153.yaml
M	.archon-horizon/inbox/local/items/I-1154.yaml
M	.archon-horizon/inbox/local/items/I-1155.yaml
M	.archon-horizon/inbox/local/items/I-1157.yaml
M	.archon-horizon/inbox/local/items/I-1158.yaml
M	.archon-horizon/inbox/local/items/I-1159.yaml
M	.archon-horizon/inbox/local/items/I-1162.yaml
M	.archon-horizon/inbox/local/items/I-1163.yaml
M	.archon-horizon/inbox/local/items/I-1165.yaml
M	.archon-horizon/inbox/local/items/I-1167.yaml
M	.archon-horizon/inbox/local/items/I-1168.yaml
M	.archon-horizon/inbox/local/items/I-1169.yaml
M	.archon-horizon/inbox/local/items/I-1170.yaml
M	.archon-horizon/inbox/local/items/I-1172.yaml
M	.archon-horizon/inbox/local/items/I-1173.yaml
M	.archon-horizon/inbox/local/items/I-1175.yaml
M	.archon-horizon/inbox/local/items/I-1176.yaml
M	.archon-horizon/inbox/local/items/I-1177.yaml
M	.archon-horizon/inbox/local/items/I-1181.yaml
M	.archon-horizon/inbox/local/items/I-1182.yaml
M	.archon-horizon/inbox/local/items/I-1183.yaml
M	.archon-horizon/inbox/local/items/I-1184.yaml
M	.archon-horizon/inbox/local/items/I-1186.yaml
M	.archon-horizon/inbox/local/items/I-1187.yaml
M	.archon-horizon/inbox/local/items/I-1188.yaml
M	.archon-horizon/inbox/local/items/I-1191.yaml
M	.archon-horizon/inbox/local/items/I-1192.yaml
M	.archon-horizon/inbox/local/items/I-1193.yaml
M	.archon-horizon/inbox/local/items/I-1197.yaml
M	.archon-horizon/inbox/local/items/I-1198.yaml
M	.archon-horizon/inbox/local/items/I-1202.yaml
M	.archon-horizon/inbox/local/items/I-1203.yaml
M	.archon-horizon/inbox/local/items/I-1204.yaml
M	.archon-horizon/inbox/local/items/I-1205.yaml
M	.archon-horizon/inbox/local/items/I-1207.yaml
M	.archon-horizon/inbox/local/items/I-1208.yaml
M	.archon-horizon/inbox/local/items/I-1209.yaml
M	.archon-horizon/inbox/local/items/I-1210.yaml
M	.archon-horizon/inbox/local/items/I-1212.yaml
M	.archon-horizon/inbox/local/items/I-1214.yaml
M	.archon-horizon/inbox/local/items/I-1215.yaml
M	.archon-horizon/inbox/local/items/I-1216.yaml
M	.archon-horizon/inbox/local/items/I-1217.yaml
M	.archon-horizon/inbox/local/items/I-1218.yaml
M	.archon-horizon/inbox/local/items/I-1219.yaml
M	.archon-horizon/inbox/local/items/I-1220.yaml
M	.archon-horizon/inbox/local/items/I-1221.yaml
M	.archon-horizon/inbox/local/items/I-1222.yaml
M	.archon-horizon/inbox/local/items/I-1224.yaml
M	.archon-horizon/inbox/local/items/I-1225.yaml
M	.archon-horizon/inbox/local/items/I-1228.yaml
M	.archon-horizon/inbox/local/items/I-1229.yaml
M	.archon-horizon/inbox/local/items/I-1230.yaml
M	.archon-horizon/inbox/local/items/I-1231.yaml
M	.archon-horizon/inbox/local/items/I-1232.yaml
M	.archon-horizon/inbox/local/items/I-1233.yaml
M	.archon-horizon/inbox/local/items/I-1234.yaml
M	.archon-horizon/inbox/local/items/I-1235.yaml
M	.archon-horizon/inbox/local/items/I-1236.yaml
M	.archon-horizon/inbox/local/items/I-1237.yaml
M	.archon-horizon/inbox/local/items/I-1238.yaml
M	.archon-horizon/inbox/local/items/I-1239.yaml
M	.archon-horizon/inbox/local/items/I-1240.yaml
M	.archon-horizon/inbox/local/items/I-1241.yaml
M	.archon-horizon/inbox/local/items/I-1242.yaml
M	.archon-horizon/inbox/local/items/I-1243.yaml
M	.archon-horizon/inbox/local/items/I-1244.yaml
M	.archon-horizon/inbox/local/items/I-1245.yaml
M	.archon-horizon/inbox/local/items/I-1246.yaml
M	.archon-horizon/inbox/local/items/I-1247.yaml
M	.archon-horizon/inbox/local/items/I-1248.yaml
M	.archon-horizon/inbox/local/items/I-1250.yaml
M	.archon-horizon/inbox/local/items/I-1251.yaml
M	.archon-horizon/inbox/local/items/I-1252.yaml
M	.archon-horizon/inbox/local/items/I-1253.yaml
M	.archon-horizon/inbox/local/items/I-1254.yaml
M	.archon-horizon/inbox/local/items/I-1255.yaml
M	.archon-horizon/inbox/local/items/I-1257.yaml
M	.archon-horizon/inbox/local/items/I-1258.yaml
M	.archon-horizon/inbox/local/items/I-1259.yaml
M	.archon-horizon/inbox/local/items/I-1260.yaml
M	.archon-horizon/inbox/local/items/I-1265.yaml
M	.archon-horizon/inbox/local/items/I-1266.yaml
M	.archon-horizon/inbox/local/items/I-1267.yaml
M	.archon-horizon/inbox/local/items/I-1268.yaml
M	.archon-horizon/inbox/local/items/I-1269.yaml
M	.archon-horizon/inbox/local/items/I-1271.yaml
M	.archon-horizon/inbox/local/items/I-1273.yaml
M	.archon-horizon/inbox/local/items/I-1275.yaml
M	.archon-horizon/inbox/local/items/I-1276.yaml
M	.archon-horizon/inbox/local/items/I-1277.yaml
M	.archon-horizon/inbox/local/items/I-1278.yaml
M	.archon-horizon/inbox/local/items/I-1279.yaml
M	.archon-horizon/inbox/local/items/I-1280.yaml
M	.archon-horizon/inbox/local/items/I-1282.yaml
M	.archon-horizon/inbox/local/items/I-1283.yaml
M	.archon-horizon/inbox/local/items/I-1284.yaml
M	.archon-horizon/inbox/local/items/I-1285.yaml
M	.archon-horizon/inbox/local/items/I-1286.yaml
M	.archon-horizon/inbox/local/items/I-1287.yaml
M	.archon-horizon/inbox/local/items/I-1288.yaml
M	.archon-horizon/inbox/local/items/I-1291.yaml
M	.archon-horizon/inbox/local/items/I-1292.yaml
M	.archon-horizon/inbox/local/items/I-1293.yaml
M	.archon-horizon/inbox/local/items/I-1295.yaml
M	.archon-horizon/inbox/local/items/I-1297.yaml
M	.archon-horizon/inbox/local/items/I-1300.yaml
M	.archon-horizon/inbox/local/items/I-1301.yaml
M	.archon-horizon/inbox/local/items/I-1302.yaml
M	.archon-horizon/inbox/local/items/I-1303.yaml
M	.archon-horizon/inbox/local/items/I-1306.yaml
M	.archon-horizon/inbox/local/items/I-1309.yaml
M	.archon-horizon/inbox/local/items/I-1311.yaml
M	.archon-horizon/inbox/local/items/I-1312.yaml
M	.archon-horizon/inbox/local/items/I-1313.yaml
M	.archon-horizon/inbox/local/items/I-1314.yaml
M	.archon-horizon/inbox/local/items/I-1316.yaml
M	.archon-horizon/inbox/local/items/I-1317.yaml
M	.archon-horizon/inbox/local/items/I-1318.yaml
M	.archon-horizon/inbox/local/items/I-1319.yaml
M	.archon-horizon/inbox/local/items/I-1321.yaml
M	.archon-horizon/inbox/local/items/I-1322.yaml
M	.archon-horizon/inbox/local/items/I-1323.yaml
M	.archon-horizon/inbox/local/items/I-1324.yaml
M	.archon-horizon/inbox/local/items/I-1325.yaml
M	.archon-horizon/inbox/local/items/I-1326.yaml
M	.archon-horizon/inbox/local/items/I-1327.yaml
M	.archon-horizon/inbox/local/items/I-1328.yaml
M	.archon-horizon/inbox/local/items/I-1329.yaml
M	.archon-horizon/inbox/local/items/I-1330.yaml
M	.archon-horizon/inbox/local/items/I-1331.yaml
M	.archon-horizon/inbox/local/items/I-1332.yaml
M	.archon-horizon/inbox/local/items/I-1333.yaml
M	.archon-horizon/inbox/local/items/I-1334.yaml
M	.archon-horizon/inbox/local/items/I-1335.yaml
M	.archon-horizon/inbox/local/items/I-1336.yaml
M	.archon-horizon/inbox/local/items/I-1337.yaml
M	.archon-horizon/inbox/local/items/I-1338.yaml
M	.archon-horizon/inbox/local/items/I-1339.yaml
M	.archon-horizon/inbox/local/items/I-1340.yaml
M	.archon-horizon/inbox/local/items/I-1341.yaml
M	.archon-horizon/inbox/local/items/I-1342.yaml
M	.archon-horizon/inbox/local/items/I-1343.yaml
M	.archon-horizon/inbox/local/items/I-1344.yaml
M	.archon-horizon/inbox/local/items/I-1347.yaml
M	.archon-horizon/inbox/local/items/I-1349.yaml
M	.archon-horizon/inbox/local/items/I-1350.yaml
M	.archon-horizon/inbox/local/items/I-1351.yaml
M	.archon-horizon/inbox/local/items/I-1352.yaml
M	.archon-horizon/inbox/local/items/I-1353.yaml
M	.archon-horizon/inbox/local/items/I-1355.yaml
M	.archon-horizon/inbox/local/items/I-1356.yaml
M	.archon-horizon/inbox/local/items/I-1357.yaml
M	.archon-horizon/inbox/local/items/I-1358.yaml
M	.archon-horizon/inbox/local/items/I-1359.yaml
M	.archon-horizon/inbox/local/items/I-1360.yaml
M	.archon-horizon/inbox/local/items/I-1363.yaml
M	.archon-horizon/inbox/local/items/I-1364.yaml
M	.archon-horizon/inbox/local/items/I-1365.yaml
M	.archon-horizon/inbox/local/items/I-1366.yaml
M	.archon-horizon/inbox/local/items/I-1367.yaml
M	.archon-horizon/inbox/local/items/I-1369.yaml
M	.archon-horizon/inbox/local/items/I-1372.yaml
M	.archon-horizon/inbox/local/items/I-1373.yaml
M	.archon-horizon/inbox/local/items/I-1374.yaml
M	.archon-horizon/inbox/local/items/I-1375.yaml
M	.archon-horizon/inbox/local/items/I-1376.yaml
M	.archon-horizon/inbox/local/items/I-1380.yaml
M	.archon-horizon/inbox/local/items/I-1381.yaml
M	.archon-horizon/inbox/local/items/I-1382.yaml
M	.archon-horizon/inbox/local/items/I-1384.yaml
M	.archon-horizon/inbox/local/items/I-1385.yaml
M	.archon-horizon/inbox/local/items/I-1386.yaml
M	.archon-horizon/inbox/local/items/I-1387.yaml
M	.archon-horizon/inbox/local/items/I-1388.yaml
M	.archon-horizon/inbox/local/items/I-1389.yaml
M	.archon-horizon/inbox/local/items/I-1390.yaml
M	.archon-horizon/inbox/local/items/I-1391.yaml
M	.archon-horizon/inbox/local/items/I-1392.yaml
M	.archon-horizon/inbox/local/items/I-1393.yaml
M	.archon-horizon/inbox/local/items/I-1394.yaml
M	.archon-horizon/inbox/local/items/I-1395.yaml
M	.archon-horizon/inbox/local/items/I-1396.yaml
M	.archon-horizon/inbox/local/items/I-1397.yaml
M	.archon-horizon/inbox/local/items/I-1398.yaml
M	.archon-horizon/inbox/local/items/I-1399.yaml
M	.archon-horizon/inbox/local/items/I-1400.yaml
M	.archon-horizon/inbox/local/items/I-1401.yaml
M	.archon-horizon/inbox/local/items/I-1402.yaml
M	.archon-horizon/inbox/local/items/I-1403.yaml
M	.archon-horizon/inbox/local/items/I-1404.yaml
M	.archon-horizon/inbox/local/items/I-1405.yaml
M	.archon-horizon/inbox/local/items/I-1406.yaml
M	.archon-horizon/inbox/local/items/I-1408.yaml
M	.archon-horizon/inbox/local/items/I-1409.yaml
M	.archon-horizon/inbox/local/items/I-1411.yaml
M	.archon-horizon/inbox/local/items/I-1413.yaml
M	.archon-horizon/inbox/local/items/I-1414.yaml
M	.archon-horizon/inbox/local/items/I-1416.yaml
M	.archon-horizon/inbox/local/items/I-1417.yaml
M	.archon-horizon/inbox/local/items/I-1418.yaml
M	.archon-horizon/inbox/local/items/I-1420.yaml
M	.archon-horizon/inbox/local/items/I-1421.yaml
M	.archon-horizon/inbox/local/items/I-1422.yaml
M	.archon-horizon/inbox/local/items/I-1423.yaml
M	.archon-horizon/inbox/local/items/I-1424.yaml
M	.archon-horizon/inbox/local/items/I-1427.yaml
M	.archon-horizon/inbox/local/items/I-1429.yaml
M	.archon-horizon/inbox/local/items/I-1430.yaml
M	.archon-horizon/inbox/local/items/I-1431.yaml
M	.archon-horizon/inbox/local/items/I-1432.yaml
M	.archon-horizon/inbox/local/items/I-1433.yaml
M	.archon-horizon/inbox/local/items/I-1434.yaml
M	.archon-horizon/inbox/local/items/I-1435.yaml
M	.archon-horizon/inbox/local/items/I-1436.yaml
M	.archon-horizon/inbox/local/items/I-1437.yaml
M	.archon-horizon/inbox/local/items/I-1438.yaml
M	.archon-horizon/inbox/local/items/I-1439.yaml
M	.archon-horizon/inbox/local/items/I-1440.yaml
M	.archon-horizon/inbox/local/items/I-1441.yaml
M	.archon-horizon/inbox/local/items/I-1442.yaml
M	.archon-horizon/inbox/local/items/I-1443.yaml
M	.archon-horizon/inbox/local/items/I-1444.yaml
M	.archon-horizon/inbox/local/items/I-1445.yaml
M	.archon-horizon/inbox/local/items/I-1446.yaml
M	.archon-horizon/inbox/local/items/I-1448.yaml
M	.archon-horizon/inbox/local/items/I-1449.yaml
M	.archon-horizon/inbox/local/items/I-1450.yaml
M	.archon-horizon/inbox/local/items/I-1453.yaml
M	.archon-horizon/inbox/local/items/I-1454.yaml
M	.archon-horizon/inbox/local/items/I-1455.yaml
M	.archon-horizon/inbox/local/items/I-1456.yaml
M	.archon-horizon/inbox/local/items/I-1457.yaml
M	.archon-horizon/inbox/local/items/I-1458.yaml
M	.archon-horizon/inbox/local/items/I-1459.yaml
M	.archon-horizon/inbox/local/items/I-1460.yaml
M	.archon-horizon/inbox/local/items/I-1461.yaml
M	.archon-horizon/inbox/local/items/I-1462.yaml
M	.archon-horizon/inbox/local/items/I-1463.yaml
M	.archon-horizon/inbox/local/items/I-1464.yaml
M	.archon-horizon/inbox/local/items/I-1465.yaml
M	.archon-horizon/inbox/local/items/I-1466.yaml
M	.archon-horizon/inbox/local/items/I-1467.yaml
M	.archon-horizon/inbox/local/items/I-1468.yaml
M	.archon-horizon/inbox/local/items/I-1469.yaml
M	.archon-horizon/inbox/local/items/I-1470.yaml
M	.archon-horizon/inbox/local/items/I-1471.yaml
M	.archon-horizon/inbox/local/items/I-1472.yaml
M	.archon-horizon/inbox/local/items/I-1473.yaml
M	.archon-horizon/inbox/local/items/I-1474.yaml
M	.archon-horizon/inbox/local/items/I-1475.yaml
M	.archon-horizon/inbox/local/items/I-1476.yaml
M	.archon-horizon/inbox/local/items/I-1477.yaml
M	.archon-horizon/inbox/local/items/I-1478.yaml
M	.archon-horizon/inbox/local/items/I-1479.yaml
D	.archon-horizon/inbox/local/items/I-1480.yaml
D	.archon-horizon/inbox/local/items/I-1481.yaml
D	.archon-horizon/inbox/local/items/I-1482.yaml
D	.archon-horizon/inbox/local/items/I-1483.yaml
D	.archon-horizon/inbox/local/items/I-1484.yaml
D	.archon-horizon/inbox/local/items/I-1485.yaml
D	.archon-horizon/inbox/local/items/I-1486.yaml
D	.archon-horizon/inbox/local/items/I-1487.yaml
D	.archon-horizon/inbox/local/items/I-1488.yaml
D	.archon-horizon/inbox/local/items/I-1489.yaml
D	.archon-horizon/inbox/local/items/I-1490.yaml
D	.archon-horizon/inbox/local/items/I-1491.yaml
D	.archon-horizon/inbox/local/items/I-1492.yaml
D	.archon-horizon/inbox/local/items/I-1493.yaml
D	.archon-horizon/inbox/local/items/I-1494.yaml
D	.archon-horizon/inbox/local/items/I-1495.yaml
D	.archon-horizon/inbox/local/items/I-1496.yaml
D	.archon-horizon/inbox/local/items/I-1497.yaml
D	.archon-horizon/inbox/local/items/I-1498.yaml
D	.archon-horizon/inbox/local/items/I-1499.yaml
D	.archon-horizon/inbox/local/items/I-1500.yaml
D	.archon-horizon/inbox/local/items/I-1501.yaml
D	.archon-horizon/inbox/local/items/I-1502.yaml
D	.archon-horizon/inbox/local/items/I-1503.yaml
D	.archon-horizon/inbox/local/items/I-1504.yaml
D	.archon-horizon/inbox/local/items/I-1505.yaml
D	.archon-horizon/inbox/local/items/I-1506.yaml
D	.archon-horizon/inbox/local/items/I-1507.yaml
D	.archon-horizon/inbox/local/items/I-1508.yaml
D	.archon-horizon/inbox/local/items/I-1509.yaml
D	.archon-horizon/inbox/local/items/I-1510.yaml
D	.archon-horizon/inbox/local/items/I-1511.yaml
D	.archon-horizon/inbox/local/items/I-1512.yaml
D	.archon-horizon/inbox/local/items/I-1513.yaml
D	.archon-horizon/inbox/local/items/I-1514.yaml
D	.archon-horizon/inbox/local/items/I-1515.yaml
D	.archon-horizon/inbox/local/items/I-1516.yaml
D	.archon-horizon/inbox/local/items/I-1517.yaml
D	.archon-horizon/inbox/local/items/I-1518.yaml
D	.archon-horizon/inbox/local/items/I-1519.yaml
D	.archon-horizon/inbox/local/items/I-1520.yaml
D	.archon-horizon/inbox/local/items/I-1521.yaml
D	.archon-horizon/inbox/local/items/I-1522.yaml
D	.archon-horizon/inbox/local/items/I-1523.yaml
D	.archon-horizon/inbox/local/items/I-1524.yaml
D	.archon-horizon/inbox/local/items/I-1525.yaml
D	.archon-horizon/inbox/local/items/I-1526.yaml
D	.archon-horizon/inbox/local/items/I-1527.yaml
D	.archon-horizon/inbox/local/items/I-1528.yaml
D	.archon-horizon/inbox/local/items/I-1529.yaml
D	.archon-horizon/inbox/local/items/I-1530.yaml
D	.archon-horizon/inbox/local/items/I-1531.yaml
D	.archon-horizon/inbox/local/items/I-1532.yaml
D	.archon-horizon/inbox/local/items/I-1533.yaml
D	.archon-horizon/inbox/local/items/I-1534.yaml
D	.archon-horizon/inbox/local/items/I-1536.yaml
D	.archon-horizon/inbox/local/items/I-1537.yaml
D	.archon-horizon/inbox/local/items/I-1538.yaml
D	.archon-horizon/inbox/local/items/I-1540.yaml
D	.archon-horizon/roadmap/comments/AJC.jacobian/C-0002.md
D	.archon-horizon/roadmap/comments/AJC.picrep.etale-rep.descent-assembly/C-0005.md
D	.archon-horizon/roadmap/comments/AJC.picrep.etale-rep.galois-action/C-0001.md
D	.archon-horizon/roadmap/comments/AJC.picrep.etale-rep.galois/C-0001.md
D	.archon-horizon/roadmap/comments/AJC.picrep.etale-rep.hcov/C-0001.md
D	.archon-horizon/roadmap/comments/AJC.picrep.etale-rep.invariance/C-0002.md
D	.archon-horizon/roadmap/comments/AJC.picrep.projectivity/C-0001.md
D	.archon-horizon/roadmap/comments/AJC.picrep.projectivity/C-0002.md
D	.archon-horizon/roadmap/comments/AJC.picrep.semicontinuity/C-0001.md
D	.archon-horizon/roadmap/comments/AJC.picrep/C-0046.md
D	.archon-horizon/roadmap/comments/AJC.picrep/C-0047.md
D	.archon-horizon/roadmap/comments/AJCR.w4-rep.datum.chart-restrict/C-0004.md
D	.archon-horizon/roadmap/comments/AJCR.w4-rep.datum.dat-b.cover-threshold/C-0002.md
D	.archon-horizon/roadmap/comments/AJCR.w4-rep.datum.dat-b.cover-threshold/C-0003.md
D	.archon-horizon/roadmap/comments/AJCR.w4-rep.datum.dat-b.neighborhood-point.genus-multi-index-coupling/C-0001.md
D	.archon-horizon/roadmap/comments/AJCR.w4-rep.datum.dat-b.neighborhood-point/C-0001.md
D	.archon-horizon/roadmap/comments/AJCR.w4-rep.datum.dat-c.c9-chartlocus.abel-noninj/C-0003.md
D	.archon-horizon/roadmap/comments/AJCR.w4-rep.datum.dat-d.ddr.divrep.deg-zero/C-0001.md
D	.archon-horizon/roadmap/comments/AJCR.w4-rep.datum.dat-d.ddr.divrep.deg-zero/C-0002.md
D	.archon-horizon/roadmap/comments/AJCR.w4-rep.datum.dat-d.ddr.divrep.deg-zero/C-0003.md
D	.archon-horizon/roadmap/comments/AJCR.w4-rep.datum.dat-d.ddr.divrep.u2/C-0007.md
D	.archon-horizon/roadmap/comments/AJCR.w4-rep.datum.dat-d.ddr.divrep.u2/C-0008.md
D	.archon-horizon/roadmap/comments/AJCR.w4-rep.datum.dat-d.ddr.divrep.u2/C-0009.md
D	.archon-horizon/roadmap/comments/AJCR.w4-rep.datum.dat-d.ddr.divrep.u2/C-0010.md
D	.archon-horizon/roadmap/comments/AJCR.w4-rep/C-0018.md
M	.archon-horizon/roadmap/history/AJC.cohomology.tilde-exact.jsonl
M	.archon-horizon/roadmap/history/AJC.fbc.cosimplicial.pushforward.jsonl
M	.archon-horizon/roadmap/history/AJC.jacobian.jsonl
M	.archon-horizon/roadmap/history/AJC.jacobian.reachability.jsonl
M	.archon-horizon/roadmap/history/AJC.maintenance.blueprint.pins.graph-stale-prune.jsonl
D	.archon-horizon/roadmap/history/AJC.picrep.divzero.jsonl
M	.archon-horizon/roadmap/history/AJC.picrep.etale-rep.galois-action.jsonl
M	.archon-horizon/roadmap/history/AJC.picrep.etale-rep.galois.jsonl
M	.archon-horizon/roadmap/history/AJC.picrep.etale-rep.hcov.jsonl
M	.archon-horizon/roadmap/history/AJC.picrep.jsonl
D	.archon-horizon/roadmap/history/AJC.picrep.projectivity.jsonl
M	.archon-horizon/roadmap/history/AJC.picrep.rational-point.jsonl
M	.archon-horizon/roadmap/history/AJC.picrep.rigidpushforward.basechange.jsonl
M	.archon-horizon/roadmap/history/AJC.picrep.rigidpushforward.jsonl
M	.archon-horizon/roadmap/history/AJC.picrep.rigidpushforward.p1integral.jsonl
M	.archon-horizon/roadmap/history/AJC.picrep.rigidpushforward.rank.jsonl
M	.archon-horizon/roadmap/history/AJC.picrep.semicontinuity.jsonl
M	.archon-horizon/roadmap/history/AJC.picrep.sepclosed-section.jsonl
M	.archon-horizon/roadmap/history/AJC.picrep.tensor.jsonl
M	.archon-horizon/roadmap/history/AJC.rr.degvanish.jsonl
M	.archon-horizon/roadmap/history/AJC.rr.ledger.jsonl
M	.archon-horizon/roadmap/history/AJC.rr.principal.jsonl
M	.archon-horizon/roadmap/history/AJC.rr.sectiondrop.jsonl
M	.archon-horizon/roadmap/history/AJCR.jacobian.jsonl
M	.archon-horizon/roadmap/history/AJCR.w4-rep.datum.chart-restrict.jsonl
M	.archon-horizon/roadmap/history/AJCR.w4-rep.datum.dat-b.cover-threshold.jsonl
D	.archon-horizon/roadmap/history/AJCR.w4-rep.datum.dat-b.neighborhood-point.genus-multi-index-coupling.jsonl
D	.archon-horizon/roadmap/history/AJCR.w4-rep.datum.dat-b.neighborhood-point.jsonl
D	.archon-horizon/roadmap/history/AJCR.w4-rep.datum.dat-b.neighborhood-point.universal-source-aff.jsonl
M	.archon-horizon/roadmap/history/AJCR.w4-rep.datum.dat-c.c9-chartlocus.abel-noninj.jsonl
D	.archon-horizon/roadmap/history/AJCR.w4-rep.datum.dat-c.c9-chartlocus.abel-noninj.multi-index.jsonl
M	.archon-horizon/roadmap/history/AJCR.w4-rep.datum.dat-c.c9-chartlocus.c9a.jsonl
M	.archon-horizon/roadmap/history/AJCR.w4-rep.datum.dat-d.ddr.certificate.cert-assemble.jsonl
M	.archon-horizon/roadmap/history/AJCR.w4-rep.datum.dat-d.ddr.certificate.cert-collapse.jsonl
M	.archon-horizon/roadmap/history/AJCR.w4-rep.datum.dat-d.ddr.certificate.chart-trace.jsonl
M	.archon-horizon/roadmap/history/AJCR.w4-rep.datum.dat-d.ddr.certificate.swallow-adapt.jsonl
M	.archon-horizon/roadmap/history/AJCR.w4-rep.datum.dat-d.ddr.certificate.twist-atlas.jsonl
D	.archon-horizon/roadmap/history/AJCR.w4-rep.datum.dat-d.ddr.divrep.deg-zero.jsonl
M	.archon-horizon/roadmap/history/AJCR.w4-rep.datum.dat-d.ddr.divrep.lift.jsonl
M	.archon-horizon/roadmap/history/AJCR.w4-rep.datum.dat-d.ddr.divrep.sep.jsonl
M	.archon-horizon/roadmap/history/AJCR.w4-rep.datum.dat-d.ddr.divrep.u2.jsonl
D	.archon-horizon/roadmap/history/AJCR.w4-rep.datum.dat-g.genus-chart-descent.jsonl
M	.archon-horizon/roadmap/history/AJCR.w4-rep.datum.jsonl
M	.archon-horizon/roadmap/history/AJCR.w4-rep.jsonl
M	.archon-horizon/roadmap/history/AJCR.w5-av.t1.jsonl
M	.archon-horizon/roadmap/history/AJCR.w5-av.t4.jsonl
M	.archon-horizon/roadmap/history/AJCR.w6-albanese.aj-datum.jsonl
M	.archon-horizon/roadmap/items/AJC.cohomology.tilde-exact.yaml
M	.archon-horizon/roadmap/items/AJC.fbc.cosimplicial.pushforward.yaml
M	.archon-horizon/roadmap/items/AJC.jacobian.reachability.yaml
M	.archon-horizon/roadmap/items/AJC.jacobian.yaml
M	.archon-horizon/roadmap/items/AJC.maintenance.blueprint.pins.graph-stale-prune.yaml
D	.archon-horizon/roadmap/items/AJC.picrep.divzero.yaml
M	.archon-horizon/roadmap/items/AJC.picrep.etale-rep.galois-action.yaml
M	.archon-horizon/roadmap/items/AJC.picrep.etale-rep.galois.yaml
M	.archon-horizon/roadmap/items/AJC.picrep.etale-rep.hcov.yaml
D	.archon-horizon/roadmap/items/AJC.picrep.projectivity.yaml
M	.archon-horizon/roadmap/items/AJC.picrep.rational-point.yaml
M	.archon-horizon/roadmap/items/AJC.picrep.rigidpushforward.basechange.yaml
M	.archon-horizon/roadmap/items/AJC.picrep.rigidpushforward.p1integral.yaml
M	.archon-horizon/roadmap/items/AJC.picrep.rigidpushforward.rank.yaml
M	.archon-horizon/roadmap/items/AJC.picrep.rigidpushforward.yaml
M	.archon-horizon/roadmap/items/AJC.picrep.semicontinuity.yaml
M	.archon-horizon/roadmap/items/AJC.picrep.sepclosed-section.yaml
M	.archon-horizon/roadmap/items/AJC.picrep.tensor.yaml
M	.archon-horizon/roadmap/items/AJC.picrep.yaml
M	.archon-horizon/roadmap/items/AJC.rr.degvanish.yaml
M	.archon-horizon/roadmap/items/AJC.rr.ledger.yaml
M	.archon-horizon/roadmap/items/AJC.rr.principal.yaml
M	.archon-horizon/roadmap/items/AJC.rr.sectiondrop.yaml
M	.archon-horizon/roadmap/items/AJCR.jacobian.yaml
M	.archon-horizon/roadmap/items/AJCR.w4-rep.datum.chart-restrict.yaml
M	.archon-horizon/roadmap/items/AJCR.w4-rep.datum.dat-b.cover-threshold.yaml
D	.archon-horizon/roadmap/items/AJCR.w4-rep.datum.dat-b.neighborhood-point.genus-multi-index-coupling.yaml
D	.archon-horizon/roadmap/items/AJCR.w4-rep.datum.dat-b.neighborhood-point.universal-source-aff.yaml
D	.archon-horizon/roadmap/items/AJCR.w4-rep.datum.dat-b.neighborhood-point.yaml
D	.archon-horizon/roadmap/items/AJCR.w4-rep.datum.dat-c.c9-chartlocus.abel-noninj.multi-index.yaml
M	.archon-horizon/roadmap/items/AJCR.w4-rep.datum.dat-c.c9-chartlocus.abel-noninj.yaml
M	.archon-horizon/roadmap/items/AJCR.w4-rep.datum.dat-c.c9-chartlocus.c9a.yaml
M	.archon-horizon/roadmap/items/AJCR.w4-rep.datum.dat-d.ddr.certificate.cert-assemble.yaml
M	.archon-horizon/roadmap/items/AJCR.w4-rep.datum.dat-d.ddr.certificate.cert-collapse.yaml
M	.archon-horizon/roadmap/items/AJCR.w4-rep.datum.dat-d.ddr.certificate.chart-trace.yaml
M	.archon-horizon/roadmap/items/AJCR.w4-rep.datum.dat-d.ddr.certificate.swallow-adapt.yaml
M	.archon-horizon/roadmap/items/AJCR.w4-rep.datum.dat-d.ddr.certificate.twist-atlas.yaml
D	.archon-horizon/roadmap/items/AJCR.w4-rep.datum.dat-d.ddr.divrep.deg-zero.yaml
M	.archon-horizon/roadmap/items/AJCR.w4-rep.datum.dat-d.ddr.divrep.lift.yaml
M	.archon-horizon/roadmap/items/AJCR.w4-rep.datum.dat-d.ddr.divrep.sep.yaml
M	.archon-horizon/roadmap/items/AJCR.w4-rep.datum.dat-d.ddr.divrep.u2.yaml
D	.archon-horizon/roadmap/items/AJCR.w4-rep.datum.dat-g.genus-chart-descent.yaml
M	.archon-horizon/roadmap/items/AJCR.w4-rep.datum.yaml
M	.archon-horizon/roadmap/items/AJCR.w4-rep.yaml
M	.archon-horizon/roadmap/items/AJCR.w5-av.t1.yaml
M	.archon-horizon/roadmap/items/AJCR.w5-av.t4.yaml
M	.archon-horizon/roadmap/items/AJCR.w6-albanese.aj-datum.yaml
A	.archon-horizon/runs/0082/sessions/0002-horizon-review-ajcr/probes/ajcr_probe3.lean
A	.archon-horizon/runs/0082/sessions/0002-horizon-review-ajcr/probes/ajcr_probe5.lean
A	.archon-horizon/runs/0082/sessions/0002-horizon-review-ajcr/probes/ajcr_probe6.lean
A	.archon-horizon/runs/0082/sessions/0002-horizon-review-ajcr/probes/ajcr_probe7.lean
M	.archon-horizon/runs/0091/sessions/0002-horizon-pic-a/inbox-hook-state.json
M	.archon-horizon/runs/0091/sessions/0002-horizon-pic-a/meta.json
M	.archon-horizon/runs/0091/sessions/0002-horizon-pic-a/notify_cache.json
D	.archon-horizon/runs/0091/sessions/0002-horizon-pic-a/report.md
D	.archon-horizon/runs/0091/sessions/0002-horizon-pic-a/subagents/0001-work-reviewer/meta.json
D	.archon-horizon/runs/0091/sessions/0002-horizon-pic-a/subagents/0001-work-reviewer/report.md
D	.archon-horizon/runs/0091/sessions/0003-system/meta.json
D	.archon-horizon/runs/0091/sessions/0003-system/report.md
D	.archon-horizon/runs/0091/sessions/0004-horizon-pic-a/inbox-hook-state.json
D	.archon-horizon/runs/0091/sessions/0004-horizon-pic-a/inbox-hook-state.json.lock
D	.archon-horizon/runs/0091/sessions/0004-horizon-pic-a/meta.json
D	.archon-horizon/runs/0091/sessions/0004-horizon-pic-a/notify_cache.json
D	.archon-horizon/runs/0091/sessions/0004-horizon-pic-a/report.md
D	.archon-horizon/runs/0091/sessions/0005-system/meta.json
D	.archon-horizon/runs/0091/sessions/0005-system/report.md
D	.archon-horizon/runs/0091/sessions/0006-horizon-pic-a/inbox-hook-state.json
D	.archon-horizon/runs/0091/sessions/0006-horizon-pic-a/inbox-hook-state.json.lock
D	.archon-horizon/runs/0091/sessions/0006-horizon-pic-a/meta.json
D	.archon-horizon/runs/0091/sessions/0006-horizon-pic-a/notify_cache.json
D	.archon-horizon/runs/0091/sessions/0006-horizon-pic-a/report.md
D	.archon-horizon/runs/0091/sessions/0007-system/meta.json
D	.archon-horizon/runs/0091/sessions/0007-system/report.md
D	.archon-horizon/runs/0091/sessions/0008-horizon-pic-a/inbox-hook-state.json
D	.archon-horizon/runs/0091/sessions/0008-horizon-pic-a/inbox-hook-state.json.lock
D	.archon-horizon/runs/0091/sessions/0008-horizon-pic-a/meta.json
D	.archon-horizon/runs/0091/sessions/0008-horizon-pic-a/notify_cache.json
M	.archon-horizon/runs/0092/sessions/0002-horizon-pic-c/inbox-hook-state.json
M	.archon-horizon/runs/0092/sessions/0002-horizon-pic-c/meta.json
M	.archon-horizon/runs/0092/sessions/0002-horizon-pic-c/notify_cache.json
D	.archon-horizon/runs/0092/sessions/0002-horizon-pic-c/report.md
D	.archon-horizon/runs/0092/sessions/0002-horizon-pic-c/subagents/0001-work-reviewer/meta.json
D	.archon-horizon/runs/0092/sessions/0002-horizon-pic-c/subagents/0001-work-reviewer/report.md
D	.archon-horizon/runs/0092/sessions/0003-system/meta.json
D	.archon-horizon/runs/0092/sessions/0003-system/report.md
D	.archon-horizon/runs/0092/sessions/0004-horizon-pic-c/idx1.tmp
D	.archon-horizon/runs/0092/sessions/0004-horizon-pic-c/idx2.tmp
D	.archon-horizon/runs/0092/sessions/0004-horizon-pic-c/idx3.tmp
D	.archon-horizon/runs/0092/sessions/0004-horizon-pic-c/idx4.tmp
D	.archon-horizon/runs/0092/sessions/0004-horizon-pic-c/idx5.tmp
D	.archon-horizon/runs/0092/sessions/0004-horizon-pic-c/idx6.tmp
D	.archon-horizon/runs/0092/sessions/0004-horizon-pic-c/idx7.tmp
D	.archon-horizon/runs/0092/sessions/0004-horizon-pic-c/idx8.tmp
D	.archon-horizon/runs/0092/sessions/0004-horizon-pic-c/inbox-hook-state.json
D	.archon-horizon/runs/0092/sessions/0004-horizon-pic-c/inbox-hook-state.json.lock
D	.archon-horizon/runs/0092/sessions/0004-horizon-pic-c/meta.json
D	.archon-horizon/runs/0092/sessions/0004-horizon-pic-c/notify_cache.json
D	.archon-horizon/runs/0092/sessions/0004-horizon-pic-c/probes/ax.lean
D	.archon-horizon/runs/0092/sessions/0004-horizon-pic-c/probes/p1_names.lean
D	.archon-horizon/runs/0092/sessions/0004-horizon-pic-c/probes/p2_vacuity.lean
D	.archon-horizon/runs/0092/sessions/0004-horizon-pic-c/probes/p3.out
D	.archon-horizon/runs/0092/sessions/0004-horizon-pic-c/probes/p3_zero.lean
D	.archon-horizon/runs/0092/sessions/0004-horizon-pic-c/probes/p3b.lean
D	.archon-horizon/runs/0092/sessions/0004-horizon-pic-c/probes/p3b.out
D	.archon-horizon/runs/0092/sessions/0004-horizon-pic-c/probes/p4_elim.lean
D	.archon-horizon/runs/0092/sessions/0004-horizon-pic-c/probes/p5.out
D	.archon-horizon/runs/0092/sessions/0004-horizon-pic-c/probes/p5_free.lean
D	.archon-horizon/runs/0092/sessions/0004-horizon-pic-c/probes/p6.out
D	.archon-horizon/runs/0092/sessions/0004-horizon-pic-c/probes/p6_dup.lean
D	.archon-horizon/runs/0092/sessions/0004-horizon-pic-c/probes/p7.lean
D	.archon-horizon/runs/0092/sessions/0004-horizon-pic-c/probes/p7.out
D	.archon-horizon/runs/0092/sessions/0004-horizon-pic-c/probes/p8.lean
D	.archon-horizon/runs/0092/sessions/0004-horizon-pic-c/probes/p8.out
D	.archon-horizon/runs/0092/sessions/0004-horizon-pic-c/probes/p9.lean
D	.archon-horizon/runs/0092/sessions/0004-horizon-pic-c/probes/p9.out
D	.archon-horizon/runs/0092/sessions/0004-horizon-pic-c/probes/prev_row.yaml
D	.archon-horizon/runs/0092/sessions/0004-horizon-pic-c/probes/reply.txt
D	.archon-horizon/runs/0092/sessions/0004-horizon-pic-c/probes/verify.lean
D	.archon-horizon/runs/0092/sessions/0004-horizon-pic-c/report.md
D	.archon-horizon/runs/0092/sessions/0004-horizon-pic-c/subagents/0001-work-reviewer/meta.json
D	.archon-horizon/runs/0092/sessions/0004-horizon-pic-c/subagents/0001-work-reviewer/report.md
D	.archon-horizon/runs/0092/sessions/0005-system/meta.json
D	.archon-horizon/runs/0092/sessions/0005-system/report.md
D	.archon-horizon/runs/0092/sessions/0006-horizon-pic-c/inbox-hook-state.json
D	.archon-horizon/runs/0092/sessions/0006-horizon-pic-c/inbox-hook-state.json.lock
D	.archon-horizon/runs/0092/sessions/0006-horizon-pic-c/meta.json
D	.archon-horizon/runs/0092/sessions/0006-horizon-pic-c/notify_cache.json
D	.archon-horizon/runs/0093/sessions/0002-horizon-pic-b/blueprint.index
D	.archon-horizon/runs/0093/sessions/0002-horizon-pic-b/chart-audit.index
D	.archon-horizon/runs/0093/sessions/0002-horizon-pic-b/chart-commit.index
D	.archon-horizon/runs/0093/sessions/0002-horizon-pic-b/finite-embedding.index
M	.archon-horizon/runs/0093/sessions/0002-horizon-pic-b/inbox-hook-state.json
D	.archon-horizon/runs/0093/sessions/0002-horizon-pic-b/index-roadmap-audit
D	.archon-horizon/runs/0093/sessions/0002-horizon-pic-b/index-roadmap-commit
D	.archon-horizon/runs/0093/sessions/0002-horizon-pic-b/index-twisted-generators
D	.archon-horizon/runs/0093/sessions/0002-horizon-pic-b/index-twisted-generators-doc
D	.archon-horizon/runs/0093/sessions/0002-horizon-pic-b/index-twisted-generators-doc-retry
M	.archon-horizon/runs/0093/sessions/0002-horizon-pic-b/meta.json
M	.archon-horizon/runs/0093/sessions/0002-horizon-pic-b/notify_cache.json
D	.archon-horizon/runs/0093/sessions/0002-horizon-pic-b/pic-b-roadmap.index
D	.archon-horizon/runs/0093/sessions/0002-horizon-pic-b/report.md
D	.archon-horizon/runs/0093/sessions/0002-horizon-pic-b/source.index
D	.archon-horizon/runs/0093/sessions/0003-system/meta.json
D	.archon-horizon/runs/0093/sessions/0003-system/report.md
D	.archon-horizon/runs/0093/sessions/0004-horizon-pic-b/inbox-hook-state.json
D	.archon-horizon/runs/0093/sessions/0004-horizon-pic-b/inbox-hook-state.json.lock
D	.archon-horizon/runs/0093/sessions/0004-horizon-pic-b/meta.json
D	.archon-horizon/runs/0093/sessions/0004-horizon-pic-b/notify_cache.json
M	.archon-horizon/runs/0094/sessions/0002-horizon-pic-d/inbox-hook-state.json
M	.archon-horizon/runs/0094/sessions/0002-horizon-pic-d/meta.json
M	.archon-horizon/runs/0094/sessions/0002-horizon-pic-d/notify_cache.json
D	.archon-horizon/runs/0094/sessions/0002-horizon-pic-d/report.md
D	.archon-horizon/runs/0094/sessions/0003-system/meta.json
D	.archon-horizon/runs/0094/sessions/0003-system/report.md
D	.archon-horizon/runs/0094/sessions/0004-horizon-pic-d/inbox-hook-state.json
D	.archon-horizon/runs/0094/sessions/0004-horizon-pic-d/inbox-hook-state.json.lock
D	.archon-horizon/runs/0094/sessions/0004-horizon-pic-d/meta.json
D	.archon-horizon/runs/0094/sessions/0004-horizon-pic-d/report.md
D	.archon-horizon/runs/0094/sessions/0005-system/meta.json
D	.archon-horizon/runs/0094/sessions/0005-system/report.md
D	.archon-horizon/runs/0094/sessions/0006-horizon-pic-d/inbox-hook-state.json
D	.archon-horizon/runs/0094/sessions/0006-horizon-pic-d/inbox-hook-state.json.lock
D	.archon-horizon/runs/0094/sessions/0006-horizon-pic-d/meta.json
D	.archon-horizon/runs/0094/sessions/0006-horizon-pic-d/notify_cache.json
D	.archon-horizon/runs/0094/sessions/0006-horizon-pic-d/report.md
D	.archon-horizon/runs/0094/sessions/0007-system/meta.json
D	.archon-horizon/runs/0094/sessions/0007-system/report.md
D	.archon-horizon/runs/0094/sessions/0008-horizon-pic-d/inbox-hook-state.json
D	.archon-horizon/runs/0094/sessions/0008-horizon-pic-d/inbox-hook-state.json.lock
D	.archon-horizon/runs/0094/sessions/0008-horizon-pic-d/meta.json
D	.archon-horizon/runs/0094/sessions/0008-horizon-pic-d/notify_cache.json
M	.archon-horizon/runs/0095/sessions/0002-horizon-pic-e/inbox-hook-state.json
M	.archon-horizon/runs/0095/sessions/0002-horizon-pic-e/meta.json
M	.archon-horizon/runs/0095/sessions/0002-horizon-pic-e/notify_cache.json
D	.archon-horizon/runs/0095/sessions/0002-horizon-pic-e/report.md
D	.archon-horizon/runs/0095/sessions/0002-horizon-pic-e/subagents/0001-general-purpose/meta.json
D	.archon-horizon/runs/0095/sessions/0002-horizon-pic-e/subagents/0001-general-purpose/report.md
D	.archon-horizon/runs/0095/sessions/0002-horizon-pic-e/subagents/0002-general-purpose/meta.json
D	.archon-horizon/runs/0095/sessions/0002-horizon-pic-e/subagents/0002-general-purpose/report.md
D	.archon-horizon/runs/0095/sessions/0002-horizon-pic-e/subagents/0003-general-purpose/meta.json
D	.archon-horizon/runs/0095/sessions/0002-horizon-pic-e/subagents/0003-general-purpose/report.md
D	.archon-horizon/runs/0095/sessions/0003-system/meta.json
D	.archon-horizon/runs/0095/sessions/0003-system/report.md
D	.archon-horizon/runs/0095/sessions/0004-horizon-pic-e/inbox-hook-state.json
D	.archon-horizon/runs/0095/sessions/0004-horizon-pic-e/inbox-hook-state.json.lock
D	.archon-horizon/runs/0095/sessions/0004-horizon-pic-e/meta.json
D	.archon-horizon/runs/0095/sessions/0004-horizon-pic-e/notify_cache.json
D	.archon-horizon/runs/0095/sessions/0004-horizon-pic-e/subagents/0001-general-purpose/meta.json
D	.archon-horizon/runs/0095/sessions/0004-horizon-pic-e/subagents/0001-general-purpose/report.md
M	.archon-horizon/runs/0096/sessions/0002-horizon-pic-g/inbox-hook-state.json
M	.archon-horizon/runs/0096/sessions/0002-horizon-pic-g/meta.json
M	.archon-horizon/runs/0096/sessions/0002-horizon-pic-g/notify_cache.json
D	.archon-horizon/runs/0096/sessions/0002-horizon-pic-g/report.md
D	.archon-horizon/runs/0096/sessions/0002-horizon-pic-g/subagents/0001-work-reviewer/meta.json
D	.archon-horizon/runs/0096/sessions/0002-horizon-pic-g/subagents/0001-work-reviewer/report.md
D	.archon-horizon/runs/0096/sessions/0003-system/meta.json
D	.archon-horizon/runs/0096/sessions/0003-system/report.md
D	.archon-horizon/runs/0096/sessions/0004-horizon-pic-g/inbox-hook-state.json
D	.archon-horizon/runs/0096/sessions/0004-horizon-pic-g/inbox-hook-state.json.lock
D	.archon-horizon/runs/0096/sessions/0004-horizon-pic-g/meta.json
D	.archon-horizon/runs/0096/sessions/0004-horizon-pic-g/notify_cache.json
D	.archon-horizon/runs/0096/sessions/0004-horizon-pic-g/report.md
D	.archon-horizon/runs/0096/sessions/0004-horizon-pic-g/subagents/0001-work-reviewer/meta.json
D	.archon-horizon/runs/0096/sessions/0004-horizon-pic-g/subagents/0001-work-reviewer/report.md
D	.archon-horizon/runs/0096/sessions/0005-system/meta.json
D	.archon-horizon/runs/0096/sessions/0005-system/report.md
D	.archon-horizon/runs/0096/sessions/0006-horizon-pic-g/inbox-hook-state.json
D	.archon-horizon/runs/0096/sessions/0006-horizon-pic-g/inbox-hook-state.json.lock
D	.archon-horizon/runs/0096/sessions/0006-horizon-pic-g/meta.json
D	.archon-horizon/runs/0096/sessions/0006-horizon-pic-g/notify_cache.json
D	.archon-horizon/runs/0097/sessions/0001-system/meta.json
D	.archon-horizon/runs/0097/sessions/0001-system/report.md
D	.archon-horizon/runs/0097/sessions/0002-horizon-pic-f/inbox-hook-state.json
D	.archon-horizon/runs/0097/sessions/0002-horizon-pic-f/inbox-hook-state.json.lock
D	.archon-horizon/runs/0097/sessions/0002-horizon-pic-f/meta.json
D	.archon-horizon/runs/0097/sessions/0002-horizon-pic-f/notify_cache.json
D	.archon-horizon/runs/0097/sessions/0002-horizon-pic-f/report.md
D	.archon-horizon/runs/0097/sessions/0003-system/meta.json
D	.archon-horizon/runs/0097/sessions/0003-system/report.md
D	.archon-horizon/runs/0097/sessions/0004-horizon-pic-f/inbox-hook-state.json
D	.archon-horizon/runs/0097/sessions/0004-horizon-pic-f/inbox-hook-state.json.lock
D	.archon-horizon/runs/0097/sessions/0004-horizon-pic-f/meta.json
D	.archon-horizon/runs/0097/sessions/0004-horizon-pic-f/notify_cache.json
D	.archon-horizon/runs/0097/sessions/0004-horizon-pic-f/report.md
D	.archon-horizon/runs/0098/process.json
D	.archon-horizon/runs/0098/sessions/0001-system/meta.json
D	.archon-horizon/runs/0098/sessions/0001-system/report.md
D	.archon-horizon/runs/0098/sessions/0002-horizon-pic-h/inbox-hook-state.json
D	.archon-horizon/runs/0098/sessions/0002-horizon-pic-h/inbox-hook-state.json.lock
D	.archon-horizon/runs/0098/sessions/0002-horizon-pic-h/meta.json
D	.archon-horizon/runs/0098/sessions/0002-horizon-pic-h/notify_cache.json
D	.archon-horizon/runs/0098/sessions/0002-horizon-pic-h/pic-h-docs.index
D	.archon-horizon/runs/0098/sessions/0002-horizon-pic-h/pic-h-proof.index
D	.archon-horizon/runs/0098/sessions/0002-horizon-pic-h/report.md
D	.archon-horizon/runs/0098/sessions/0003-system/meta.json
D	.archon-horizon/runs/0098/sessions/0003-system/report.md
D	.archon-horizon/runs/0098/sessions/0004-horizon-pic-h/inbox-hook-state.json
D	.archon-horizon/runs/0098/sessions/0004-horizon-pic-h/inbox-hook-state.json.3627965.tmp
D	.archon-horizon/runs/0098/sessions/0004-horizon-pic-h/inbox-hook-state.json.lock
D	.archon-horizon/runs/0098/sessions/0004-horizon-pic-h/meta.json
D	.archon-horizon/runs/0098/sessions/0004-horizon-pic-h/notify_cache.json
D	.archon-horizon/runs/0098/sessions/0004-horizon-pic-h/report.md
D	.archon-horizon/runs/0098/sessions/0005-system/meta.json
D	.archon-horizon/runs/0098/sessions/0005-system/report.md
D	.archon-horizon/runs/0098/sessions/0006-horizon-pic-h/inbox-hook-state.json
D	.archon-horizon/runs/0098/sessions/0006-horizon-pic-h/inbox-hook-state.json.lock
D	.archon-horizon/runs/0098/sessions/0006-horizon-pic-h/meta.json
D	.archon-horizon/runs/0098/sessions/0006-horizon-pic-h/notify_cache.json
D	.archon-horizon/runs/0098/sessions/0006-horizon-pic-h/report.md
D	.archon-horizon/runs/0098/sessions/0007-system/meta.json
D	.archon-horizon/runs/0098/sessions/0007-system/report.md
D	.archon-horizon/runs/0098/sessions/0008-horizon-pic-h/inbox-hook-state.json
D	.archon-horizon/runs/0098/sessions/0008-horizon-pic-h/inbox-hook-state.json.lock
D	.archon-horizon/runs/0098/sessions/0008-horizon-pic-h/meta.json
D	.archon-horizon/runs/0098/sessions/0008-horizon-pic-h/notify_cache.json
D	.archon-horizon/tasks/comments/pic-f/C-0001.md
M	.archon-horizon/tasks/history/ajc-p1.jsonl
M	.archon-horizon/tasks/history/ajc-p2.jsonl
M	.archon-horizon/tasks/history/ajc-p3.jsonl
M	.archon-horizon/tasks/history/ajc-p4.jsonl
M	.archon-horizon/tasks/history/ajcr-p1.jsonl
M	.archon-horizon/tasks/history/ajcr-p2.jsonl
M	.archon-horizon/tasks/history/ajcr-p3.jsonl
M	.archon-horizon/tasks/history/ajcr-p4.jsonl
M	.archon-horizon/tasks/history/pic-a.jsonl
M	.archon-horizon/tasks/history/pic-b.jsonl
M	.archon-horizon/tasks/history/pic-c.jsonl
M	.archon-horizon/tasks/history/pic-d.jsonl
M	.archon-horizon/tasks/history/pic-e.jsonl
D	.archon-horizon/tasks/history/pic-f.jsonl
M	.archon-horizon/tasks/history/pic-g.jsonl
D	.archon-horizon/tasks/history/pic-h.jsonl
M	.archon-horizon/tasks/history/review-ajc.jsonl
M	.archon-horizon/tasks/history/review-ajcr.jsonl
M	.archon-horizon/tasks/items/ajc-p1.yaml
M	.archon-horizon/tasks/items/ajc-p2.yaml
M	.archon-horizon/tasks/items/ajc-p3.yaml
M	.archon-horizon/tasks/items/ajc-p4.yaml
M	.archon-horizon/tasks/items/ajcr-p1.yaml
M	.archon-horizon/tasks/items/ajcr-p2.yaml
M	.archon-horizon/tasks/items/ajcr-p3.yaml
M	.archon-horizon/tasks/items/ajcr-p4.yaml
M	.archon-horizon/tasks/items/pic-a.yaml
M	.archon-horizon/tasks/items/pic-b.yaml
M	.archon-horizon/tasks/items/pic-c.yaml
M	.archon-horizon/tasks/items/pic-d.yaml
M	.archon-horizon/tasks/items/pic-e.yaml
M	.archon-horizon/tasks/items/pic-f.yaml
M	.archon-horizon/tasks/items/pic-g.yaml
M	.archon-horizon/tasks/items/pic-h.yaml
M	.archon-horizon/tasks/items/review-ajc.yaml
M	.archon-horizon/tasks/items/review-ajcr.yaml
M	.gitignore
M	MainProjects/Algebraic-Jacobian-Challenge-Rebuild/AlgebraicJacobian.lean
D	MainProjects/Algebraic-Jacobian-Challenge-Rebuild/AlgebraicJacobian/Cohomology/GluedSheafAffineProjective.lean
D	MainProjects/Algebraic-Jacobian-Challenge-Rebuild/AlgebraicJacobian/Picard/DivisorFamilyAffFibreData.lean
D	MainProjects/Algebraic-Jacobian-Challenge-Rebuild/AlgebraicJacobian/Picard/DivisorFamilyAffFibreRank.lean
D	MainProjects/Algebraic-Jacobian-Challenge-Rebuild/AlgebraicJacobian/Picard/DivisorFamilyAffThetaDescent.lean
D	MainProjects/Algebraic-Jacobian-Challenge-Rebuild/AlgebraicJacobian/Picard/DivisorFamilyAffThetaRestriction.lean
D	MainProjects/Algebraic-Jacobian-Challenge-Rebuild/AlgebraicJacobian/Picard/DivisorFamilyDegreeZero.lean
D	MainProjects/Algebraic-Jacobian-Challenge-Rebuild/AlgebraicJacobian/Picard/DivisorFamilyDegreeZeroGeneral.lean
D	MainProjects/Algebraic-Jacobian-Challenge-Rebuild/AlgebraicJacobian/Picard/DivisorFamilyDegreeZeroRep.lean
D	MainProjects/Algebraic-Jacobian-Challenge-Rebuild/AlgebraicJacobian/Picard/DivisorFamilyDegreeZeroUnique.lean
D	MainProjects/Algebraic-Jacobian-Challenge-Rebuild/AlgebraicJacobian/Picard/DivisorFamilyDegreeZeroUseSite.lean
M	MainProjects/Algebraic-Jacobian-Challenge-Rebuild/AlgebraicJacobian/Picard/Pic0ChartAtlasCoupling.lean
M	MainProjects/Algebraic-Jacobian-Challenge-Rebuild/AlgebraicJacobian/Picard/Pic0ChartCoverageThreshold.lean
M	MainProjects/Algebraic-Jacobian-Challenge-Rebuild/AlgebraicJacobian/Picard/Pic0ChartHonestAff.lean
M	MainProjects/Algebraic-Jacobian-Challenge-Rebuild/AlgebraicJacobian/Picard/Pic0ChartIndexLedgerFeed.lean
D	MainProjects/Algebraic-Jacobian-Challenge-Rebuild/AlgebraicJacobian/Picard/Pic0ChartLocusH0Rank.lean
D	MainProjects/Algebraic-Jacobian-Challenge-Rebuild/AlgebraicJacobian/Picard/Pic0ChartMonoUnconditional.lean
D	MainProjects/Algebraic-Jacobian-Challenge-Rebuild/AlgebraicJacobian/Picard/Pic0ChartMultiIndexInterval.lean
M	MainProjects/Algebraic-Jacobian-Challenge-Rebuild/AlgebraicJacobian/Picard/Pic0ChartRationalGraph.lean
D	MainProjects/Algebraic-Jacobian-Challenge-Rebuild/AlgebraicJacobian/Picard/Pic0ChartSubsingletonCollapse.lean
D	MainProjects/Algebraic-Jacobian-Challenge-Rebuild/AlgebraicJacobian/Picard/Pic0VanishingRoute.lean
D	MainProjects/Algebraic-Jacobian-Challenge-Rebuild/AlgebraicJacobian/RiemannRoch/EffectiveNonUniqueness.lean
M	MainProjects/Algebraic-Jacobian-Challenge-Rebuild/hgraph/nodes/00063467340c.md
M	MainProjects/Algebraic-Jacobian-Challenge-Rebuild/hgraph/nodes/0007af418678.md
M	MainProjects/Algebraic-Jacobian-Challenge-Rebuild/hgraph/nodes/000e8e44e9d3.md
M	MainProjects/Algebraic-Jacobian-Challenge-Rebuild/hgraph/nodes/000ed36edd6a.md
M	MainProjects/Algebraic-Jacobian-Challenge-Rebuild/hgraph/nodes/0011bb9887a9.md
M	MainProjects/Algebraic-Jacobian-Challenge-Rebuild/hgraph/nodes/002780d2484d.md
M	MainProjects/Algebraic-Jacobian-Challenge-Rebuild/hgraph/nodes/002d061c27e5.md
M	MainProjects/Algebraic-Jacobian-Challenge-Rebuild/hgraph/nodes/003183394ba0.md
M	MainProjects/Algebraic-Jacobian-Challenge-Rebuild/hgraph/nodes/00345ca022a5.md
M	MainProjects/Algebraic-Jacobian-Challenge-Rebuild/hgraph/nodes/003e2ea4b756.md
M	MainProjects/Algebraic-Jacobian-Challenge-Rebuild/hgraph/nodes/00479ed59faf.md
M	MainProjects/Algebraic-Jacobian-Challenge-Rebuild/hgraph/nodes/00512e258beb.md
M	MainProjects/Algebraic-Jacobian-Challenge-Rebuild/hgraph/nodes/00525a015459.md
M	MainProjects/Algebraic-Jacobian-Challenge-Rebuild/hgraph/nodes/005ecd2caec2.md
M	MainProjects/Algebraic-Jacobian-Challenge-Rebuild/hgraph/nodes/0063ac9c79e8.md
M	MainProjects/Algebraic-Jacobian-Challenge-Rebuild/hgraph/nodes/006d6f3e9992.md
M	MainProjects/Algebraic-Jacobian-Challenge-Rebuild/hgraph/nodes/007c04475bbe.md
M	MainProjects/Algebraic-Jacobian-Challenge-Rebuild/hgraph/nodes/0085d165dad0.md
M	MainProjects/Algebraic-Jacobian-Challenge-Rebuild/hgraph/nodes/00bf2c9d9086.md
M	MainProjects/Algebraic-Jacobian-Challenge-Rebuild/hgraph/nodes/00c7106e6022.md
M	MainProjects/Algebraic-Jacobian-Challenge-Rebuild/hgraph/nodes/00d1f7d05612.md
M	MainProjects/Algebraic-Jacobian-Challenge-Rebuild/hgraph/nodes/00d6106b1f3d.md
M	MainProjects/Algebraic-Jacobian-Challenge-Rebuild/hgraph/nodes/00d667f1e00b.md
M	MainProjects/Algebraic-Jacobian-Challenge-Rebuild/hgraph/nodes/00e27ff11865.md
M	MainProjects/Algebraic-Jacobian-Challenge-Rebuild/hgraph/nodes/00e7be3207d4.md
M	MainProjects/Algebraic-Jacobian-Challenge-Rebuild/hgraph/nodes/00f08c14f7e4.md
M	MainProjects/Algebraic-Jacobian-Challenge-Rebuild/hgraph/nodes/00f0930b4feb.md
M	MainProjects/Algebraic-Jacobian-Challenge-Rebuild/hgraph/nodes/00f12e3cbb70.md
M	MainProjects/Algebraic-Jacobian-Challenge-Rebuild/hgraph/nodes/00f46505712b.md
M	MainProjects/Algebraic-Jacobian-Challenge-Rebuild/hgraph/nodes/00f5930cc148.md
M	MainProjects/Algebraic-Jacobian-Challenge-Rebuild/hgraph/nodes/0102f4684ae3.md
M	MainProjects/Algebraic-Jacobian-Challenge-Rebuild/hgraph/nodes/0113d005f450.md
M	MainProjects/Algebraic-Jacobian-Challenge-Rebuild/hgraph/nodes/011b576393b8.md
M	MainProjects/Algebraic-Jacobian-Challenge-Rebuild/hgraph/nodes/012c6732e5ef.md
M	MainProjects/Algebraic-Jacobian-Challenge-Rebuild/hgraph/nodes/012c8d447c74.md
M	MainProjects/Algebraic-Jacobian-Challenge-Rebuild/hgraph/nodes/013a82cdea11.md
M	MainProjects/Algebraic-Jacobian-Challenge-Rebuild/hgraph/nodes/01581a52e79c.md
M	MainProjects/Algebraic-Jacobian-Challenge-Rebuild/hgraph/nodes/0160eeaf283a.md
M	MainProjects/Algebraic-Jacobian-Challenge-Rebuild/hgraph/nodes/0161664c6608.md
M	MainProjects/Algebraic-Jacobian-Challenge-Rebuild/hgraph/nodes/016333ac4621.md
M	MainProjects/Algebraic-Jacobian-Challenge-Rebuild/hgraph/nodes/0165b0c61c19.md
M	MainProjects/Algebraic-Jacobian-Challenge-Rebuild/hgraph/nodes/017ac4ec7aa3.md
M	MainProjects/Algebraic-Jacobian-Challenge-Rebuild/hgraph/nodes/017d55588ea7.md
M	MainProjects/Algebraic-Jacobian-Challenge-Rebuild/hgraph/nodes/01842e6f1e0e.md
M	MainProjects/Algebraic-Jacobian-Challenge-Rebuild/hgraph/nodes/018b9b55bf7d.md
M	MainProjects/Algebraic-Jacobian-Challenge-Rebuild/hgraph/nodes/018bdb7836d3.md
M	MainProjects/Algebraic-Jacobian-Challenge-Rebuild/hgraph/nodes/018cff023e1b.md
M	MainProjects/Algebraic-Jacobian-Challenge-Rebuild/hgraph/nodes/01bae3780eca.md
M	MainProjects/Algebraic-Jacobian-Challenge-Rebuild/hgraph/nodes/01cd6c323755.md
M	MainProjects/Algebraic-Jacobian-Challenge-Rebuild/hgraph/nodes/01ce21e1ecdd.md
M	MainProjects/Algebraic-Jacobian-Challenge-Rebuild/hgraph/nodes/01cfb557d7ed.md
M	MainProjects/Algebraic-Jacobian-Challenge-Rebuild/hgraph/nodes/01d3ddd7325f.md
M	MainProjects/Algebraic-Jacobian-Challenge-Rebuild/hgraph/nodes/01de0b35cb5b.md
M	MainProjects/Algebraic-Jacobian-Challenge-Rebuild/hgraph/nodes/01df1f0f8580.md
M	MainProjects/Algebraic-Jacobian-Challenge-Rebuild/hgraph/nodes/01e042635600.md
M	MainProjects/Algebraic-Jacobian-Challenge-Rebuild/hgraph/nodes/01f1890eaa37.md
M	MainProjects/Algebraic-Jacobian-Challenge-Rebuild/hgraph/nodes/01fbe0da4e11.md
M	MainProjects/Algebraic-Jacobian-Challenge-Rebuild/hgraph/nodes/021ae6a41776.md
M	MainProjects/Algebraic-Jacobian-Challenge-Rebuild/hgraph/nodes/022e1f5ba97d.md
M	MainProjects/Algebraic-Jacobian-Challenge-Rebuild/hgraph/nodes/023ec7741363.md
M	MainProjects/Algebraic-Jacobian-Challenge-Rebuild/hgraph/nodes/0240462fb48c.md
M	MainProjects/Algebraic-Jacobian-Challenge-Rebuild/hgraph/nodes/0240b029ec87.md
M	MainProjects/Algebraic-Jacobian-Challenge-Rebuild/hgraph/nodes/02417c216b2a.md
M	MainProjects/Algebraic-Jacobian-Challenge-Rebuild/hgraph/nodes/0241a481b113.md
M	MainProjects/Algebraic-Jacobian-Challenge-Rebuild/hgraph/nodes/024614fa80db.md
M	MainProjects/Algebraic-Jacobian-Challenge-Rebuild/hgraph/nodes/0249aeb63db4.md
M	MainProjects/Algebraic-Jacobian-Challenge-Rebuild/hgraph/nodes/024bd0d70ff8.md
M	MainProjects/Algebraic-Jacobian-Challenge-Rebuild/hgraph/nodes/024e28372741.md
M	MainProjects/Algebraic-Jacobian-Challenge-Rebuild/hgraph/nodes/025d10d6aafa.md
M	MainProjects/Algebraic-Jacobian-Challenge-Rebuild/hgraph/nodes/0261640fc22d.md
M	MainProjects/Algebraic-Jacobian-Challenge-Rebuild/hgraph/nodes/0267f40b136d.md
M	MainProjects/Algebraic-Jacobian-Challenge-Rebuild/hgraph/nodes/026c5f69d59d.md
M	MainProjects/Algebraic-Jacobian-Challenge-Rebuild/hgraph/nodes/026fbab26d4a.md
M	MainProjects/Algebraic-Jacobian-Challenge-Rebuild/hgraph/nodes/0273b19b5510.md
M	MainProjects/Algebraic-Jacobian-Challenge-Rebuild/hgraph/nodes/0282bb6fd061.md
M	MainProjects/Algebraic-Jacobian-Challenge-Rebuild/hgraph/nodes/029afd6342d1.md
M	MainProjects/Algebraic-Jacobian-Challenge-Rebuild/hgraph/nodes/02a0c3edb8db.md
M	MainProjects/Algebraic-Jacobian-Challenge-Rebuild/hgraph/nodes/02ba4745a9f2.md
M	MainProjects/Algebraic-Jacobian-Challenge-Rebuild/hgraph/nodes/02c02b854aad.md
M	MainProjects/Algebraic-Jacobian-Challenge-Rebuild/hgraph/nodes/02c42304e479.md
M	MainProjects/Algebraic-Jacobian-Challenge-Rebuild/hgraph/nodes/02c4fac2f694.md
M	MainProjects/Algebraic-Jacobian-Challenge-Rebuild/hgraph/nodes/02e12d958da2.md
M	MainProjects/Algebraic-Jacobian-Challenge-Rebuild/hgraph/nodes/02e4e6c32964.md
M	MainProjects/Algebraic-Jacobian-Challenge-Rebuild/hgraph/nodes/02e743498c1f.md
M	MainProjects/Algebraic-Jacobian-Challenge-Rebuild/hgraph/nodes/02fffb856efd.md
M	MainProjects/Algebraic-Jacobian-Challenge-Rebuild/hgraph/nodes/030079bd4009.md
M	MainProjects/Algebraic-Jacobian-Challenge-Rebuild/hgraph/nodes/0304a76413a5.md
M	MainProjects/Algebraic-Jacobian-Challenge-Rebuild/hgraph/nodes/0327bc266c0c.md
M	MainProjects/Algebraic-Jacobian-Challenge-Rebuild/hgraph/nodes/032b08fe249c.md
M	MainProjects/Algebraic-Jacobian-Challenge-Rebuild/hgraph/nodes/032f2468de01.md
M	MainProjects/Algebraic-Jacobian-Challenge-Rebuild/hgraph/nodes/0336094eca9d.md
M	MainProjects/Algebraic-Jacobian-Challenge-Rebuild/hgraph/nodes/03477533e0ae.md
D	MainProjects/Algebraic-Jacobian-Challenge-Rebuild/hgraph/nodes/0348a50c5f87.md
M	MainProjects/Algebraic-Jacobian-Challenge-Rebuild/hgraph/nodes/034ed6642298.md
M	MainProjects/Algebraic-Jacobian-Challenge-Rebuild/hgraph/nodes/0354a84e5ca9.md
M	MainProjects/Algebraic-Jacobian-Challenge-Rebuild/hgraph/nodes/035638a83b9e.md
M	MainProjects/Algebraic-Jacobian-Challenge-Rebuild/hgraph/nodes/036d0d4ff244.md
M	MainProjects/Algebraic-Jacobian-Challenge-Rebuild/hgraph/nodes/036e6c8e423d.md
M	MainProjects/Algebraic-Jacobian-Challenge-Rebuild/hgraph/nodes/0370445115c2.md
M	MainProjects/Algebraic-Jacobian-Challenge-Rebuild/hgraph/nodes/03711e0743d3.md
M	MainProjects/Algebraic-Jacobian-Challenge-Rebuild/hgraph/nodes/037d095e4f89.md
M	MainProjects/Algebraic-Jacobian-Challenge-Rebuild/hgraph/nodes/038163160d98.md
M	MainProjects/Algebraic-Jacobian-Challenge-Rebuild/hgraph/nodes/0397321ba776.md
M	MainProjects/Algebraic-Jacobian-Challenge-Rebuild/hgraph/nodes/03997e57766f.md
M	MainProjects/Algebraic-Jacobian-Challenge-Rebuild/hgraph/nodes/039cb3569424.md
M	MainProjects/Algebraic-Jacobian-Challenge-Rebuild/hgraph/nodes/039d37a96f16.md
M	MainProjects/Algebraic-Jacobian-Challenge-Rebuild/hgraph/nodes/03a796102c82.md
M	MainProjects/Algebraic-Jacobian-Challenge-Rebuild/hgraph/nodes/03ab52f3b857.md
M	MainProjects/Algebraic-Jacobian-Challenge-Rebuild/hgraph/nodes/03b81259eb6f.md
M	MainProjects/Algebraic-Jacobian-Challenge-Rebuild/hgraph/nodes/03b9897e79f7.md
M	MainProjects/Algebraic-Jacobian-Challenge-Rebuild/hgraph/nodes/03c56ca5ae29.md
M	MainProjects/Algebraic-Jacobian-Challenge-Rebuild/hgraph/nodes/03ce454f7f1a.md
M	MainProjects/Algebraic-Jacobian-Challenge-Rebuild/hgraph/nodes/03d3e1370247.md
M	MainProjects/Algebraic-Jacobian-Challenge-Rebuild/hgraph/nodes/03f388c046ed.md
M	MainProjects/Algebraic-Jacobian-Challenge-Rebuild/hgraph/nodes/03f723a220e3.md
M	MainProjects/Algebraic-Jacobian-Challenge-Rebuild/hgraph/nodes/03f74c5a013d.md
M	MainProjects/Algebraic-Jacobian-Challenge-Rebuild/hgraph/nodes/03f8c2ceb14c.md
M	MainProjects/Algebraic-Jacobian-Challenge-Rebuild/hgraph/nodes/041f0d024dea.md
M	MainProjects/Algebraic-Jacobian-Challenge-Rebuild/hgraph/nodes/042d7575af71.md
M	MainProjects/Algebraic-Jacobian-Challenge-Rebuild/hgraph/nodes/042f088eb73b.md
M	MainProjects/Algebraic-Jacobian-Challenge-Rebuild/hgraph/nodes/043489cd6f9d.md
M	MainProjects/Algebraic-Jacobian-Challenge-Rebuild/hgraph/nodes/04382e34eb1b.md
M	MainProjects/Algebraic-Jacobian-Challenge-Rebuild/hgraph/nodes/0438c99cc0de.md
M	MainProjects/Algebraic-Jacobian-Challenge-Rebuild/hgraph/nodes/043b3332dece.md
M	MainProjects/Algebraic-Jacobian-Challenge-Rebuild/hgraph/nodes/043e52fe6754.md
M	MainProjects/Algebraic-Jacobian-Challenge-Rebuild/hgraph/nodes/044042461658.md
M	MainProjects/Algebraic-Jacobian-Challenge-Rebuild/hgraph/nodes/04449df4789b.md
M	MainProjects/Algebraic-Jacobian-Challenge-Rebuild/hgraph/nodes/0448fc944e56.md
M	MainProjects/Algebraic-Jacobian-Challenge-Rebuild/hgraph/nodes/044a0b0f2f01.md
M	MainProjects/Algebraic-Jacobian-Challenge-Rebuild/hgraph/nodes/045f560a68e4.md
M	MainProjects/Algebraic-Jacobian-Challenge-Rebuild/hgraph/nodes/045f8b960e52.md
M	MainProjects/Algebraic-Jacobian-Challenge-Rebuild/hgraph/nodes/04617e548e2e.md
M	MainProjects/Algebraic-Jacobian-Challenge-Rebuild/hgraph/nodes/04639e71daa0.md
M	MainProjects/Algebraic-Jacobian-Challenge-Rebuild/hgraph/nodes/0467bbcde391.md
M	MainProjects/Algebraic-Jacobian-Challenge-Rebuild/hgraph/nodes/0478d14b673e.md
M	MainProjects/Algebraic-Jacobian-Challenge-Rebuild/hgraph/nodes/04819ff2d279.md
M	MainProjects/Algebraic-Jacobian-Challenge-Rebuild/hgraph/nodes/049303c1724b.md
M	MainProjects/Algebraic-Jacobian-Challenge-Rebuild/hgraph/nodes/049d2f56ea3d.md
M	MainProjects/Algebraic-Jacobian-Challenge-Rebuild/hgraph/nodes/04a07b33c73c.md
M	MainProjects/Algebraic-Jacobian-Challenge-Rebuild/hgraph/nodes/04b087db46b4.md
M	MainProjects/Algebraic-Jacobian-Challenge-Rebuild/hgraph/nodes/04b433415462.md
M	MainProjects/Algebraic-Jacobian-Challenge-Rebuild/hgraph/nodes/04bb9271d0d8.md
M	MainProjects/Algebraic-Jacobian-Challenge-Rebuild/hgraph/nodes/04cfdfd4f38a.md
M	MainProjects/Algebraic-Jacobian-Challenge-Rebuild/hgraph/nodes/04d0d2494ec1.md
M	MainProjects/Algebraic-Jacobian-Challenge-Rebuild/hgraph/nodes/04d94871a7e2.md
M	MainProjects/Algebraic-Jacobian-Challenge-Rebuild/hgraph/nodes/04e6e749fc28.md
M	MainProjects/Algebraic-Jacobian-Challenge-Rebuild/hgraph/nodes/04ffda9dfc92.md
M	MainProjects/Algebraic-Jacobian-Challenge-Rebuild/hgraph/nodes/0507c0ff72f2.md
M	MainProjects/Algebraic-Jacobian-Challenge-Rebuild/hgraph/nodes/05096d9995b5.md
M	MainProjects/Algebraic-Jacobian-Challenge-Rebuild/hgraph/nodes/0515dae0f178.md
M	MainProjects/Algebraic-Jacobian-Challenge-Rebuild/hgraph/nodes/051606bb9677.md
M	MainProjects/Algebraic-Jacobian-Challenge-Rebuild/hgraph/nodes/051f346258f6.md
M	MainProjects/Algebraic-Jacobian-Challenge-Rebuild/hgraph/nodes/052afb5d9ef0.md
M	MainProjects/Algebraic-Jacobian-Challenge-Rebuild/hgraph/nodes/052fa1c6c487.md
M	MainProjects/Algebraic-Jacobian-Challenge-Rebuild/hgraph/nodes/0530115753b2.md
M	MainProjects/Algebraic-Jacobian-Challenge-Rebuild/hgraph/nodes/05301491bca6.md
M	MainProjects/Algebraic-Jacobian-Challenge-Rebuild/hgraph/nodes/053093c769d3.md
M	MainProjects/Algebraic-Jacobian-Challenge-Rebuild/hgraph/nodes/0531bf9a2683.md
M	MainProjects/Algebraic-Jacobian-Challenge-Rebuild/hgraph/nodes/055c44b78eef.md
M	MainProjects/Algebraic-Jacobian-Challenge-Rebuild/hgraph/nodes/055c7c6bbd57.md
M	MainProjects/Algebraic-Jacobian-Challenge-Rebuild/hgraph/nodes/0561343405fb.md
M	MainProjects/Algebraic-Jacobian-Challenge-Rebuild/hgraph/nodes/057558c213dc.md
M	MainProjects/Algebraic-Jacobian-Challenge-Rebuild/hgraph/nodes/057f2287bfd8.md
M	MainProjects/Algebraic-Jacobian-Challenge-Rebuild/hgraph/nodes/0581b7145dfd.md
M	MainProjects/Algebraic-Jacobian-Challenge-Rebuild/hgraph/nodes/058403855244.md
M	MainProjects/Algebraic-Jacobian-Challenge-Rebuild/hgraph/nodes/058c7d7542e6.md
M	MainProjects/Algebraic-Jacobian-Challenge-Rebuild/hgraph/nodes/0593f36b51b1.md
M	MainProjects/Algebraic-Jacobian-Challenge-Rebuild/hgraph/nodes/05977713f401.md
M	MainProjects/Algebraic-Jacobian-Challenge-Rebuild/hgraph/nodes/059ee85a26d4.md
M	MainProjects/Algebraic-Jacobian-Challenge-Rebuild/hgraph/nodes/05a8d30d2fc0.md
M	MainProjects/Algebraic-Jacobian-Challenge-Rebuild/hgraph/nodes/05a950610326.md
M	MainProjects/Algebraic-Jacobian-Challenge-Rebuild/hgraph/nodes/05bda446fc4c.md
M	MainProjects/Algebraic-Jacobian-Challenge-Rebuild/hgraph/nodes/05c47c1b1cce.md
M	MainProjects/Algebraic-Jacobian-Challenge-Rebuild/hgraph/nodes/05c522ccb0df.md
M	MainProjects/Algebraic-Jacobian-Challenge-Rebuild/hgraph/nodes/05c9dbceacd1.md
M	MainProjects/Algebraic-Jacobian-Challenge-Rebuild/hgraph/nodes/05ce7ad0b65f.md
M	MainProjects/Algebraic-Jacobian-Challenge-Rebuild/hgraph/nodes/05cf4fd82ebf.md
M	MainProjects/Algebraic-Jacobian-Challenge-Rebuild/hgraph/nodes/05dc2db9e2ba.md
M	MainProjects/Algebraic-Jacobian-Challenge-Rebuild/hgraph/nodes/05de01a4de42.md
D	MainProjects/Algebraic-Jacobian-Challenge-Rebuild/hgraph/nodes/05df98371c85.md
M	MainProjects/Algebraic-Jacobian-Challenge-Rebuild/hgraph/nodes/05e5df2e8424.md
M	MainProjects/Algebraic-Jacobian-Challenge-Rebuild/hgraph/nodes/05f36050ff9f.md
M	MainProjects/Algebraic-Jacobian-Challenge-Rebuild/hgraph/nodes/05f4fefc183a.md
M	MainProjects/Algebraic-Jacobian-Challenge-Rebuild/hgraph/nodes/0609eacc4936.md
M	MainProjects/Algebraic-Jacobian-Challenge-Rebuild/hgraph/nodes/064500209546.md
M	MainProjects/Algebraic-Jacobian-Challenge-Rebuild/hgraph/nodes/064508d2f869.md
M	MainProjects/Algebraic-Jacobian-Challenge-Rebuild/hgraph/nodes/065258964364.md
M	MainProjects/Algebraic-Jacobian-Challenge-Rebuild/hgraph/nodes/0656ef254d01.md
M	MainProjects/Algebraic-Jacobian-Challenge-Rebuild/hgraph/nodes/065ff0e3d4a9.md
M	MainProjects/Algebraic-Jacobian-Challenge-Rebuild/hgraph/nodes/0660e642bc2d.md
M	MainProjects/Algebraic-Jacobian-Challenge-Rebuild/hgraph/nodes/0667e0c1eb3a.md
M	MainProjects/Algebraic-Jacobian-Challenge-Rebuild/hgraph/nodes/066a2e31032c.md
M	MainProjects/Algebraic-Jacobian-Challenge-Rebuild/hgraph/nodes/06735a21c406.md
M	MainProjects/Algebraic-Jacobian-Challenge-Rebuild/hgraph/nodes/068c59091ff5.md
M	MainProjects/Algebraic-Jacobian-Challenge-Rebuild/hgraph/nodes/0695c0395def.md
M	MainProjects/Algebraic-Jacobian-Challenge-Rebuild/hgraph/nodes/069bba5ad5a8.md
M	MainProjects/Algebraic-Jacobian-Challenge-Rebuild/hgraph/nodes/06a20075f9ca.md
M	MainProjects/Algebraic-Jacobian-Challenge-Rebuild/hgraph/nodes/06a3dd7c40b0.md
M	MainProjects/Algebraic-Jacobian-Challenge-Rebuild/hgraph/nodes/06a8da41de4b.md
M	MainProjects/Algebraic-Jacobian-Challenge-Rebuild/hgraph/nodes/06cc103c3415.md
M	MainProjects/Algebraic-Jacobian-Challenge-Rebuild/hgraph/nodes/06e17cf40277.md
M	MainProjects/Algebraic-Jacobian-Challenge-Rebuild/hgraph/nodes/06e3af5612b8.md
M	MainProjects/Algebraic-Jacobian-Challenge-Rebuild/hgraph/nodes/06ef4fd83dd7.md
M	MainProjects/Algebraic-Jacobian-Challenge-Rebuild/hgraph/nodes/06f116991c0f.md
M	MainProjects/Algebraic-Jacobian-Challenge-Rebuild/hgraph/nodes/06fb02952daf.md
M	MainProjects/Algebraic-Jacobian-Challenge-Rebuild/hgraph/nodes/06fddd3c6cab.md
M	MainProjects/Algebraic-Jacobian-Challenge-Rebuild/hgraph/nodes/06ffe0d797a7.md
M	MainProjects/Algebraic-Jacobian-Challenge-Rebuild/hgraph/nodes/0706a181a9ef.md
M	MainProjects/Algebraic-Jacobian-Challenge-Rebuild/hgraph/nodes/0720e03e178c.md
M	MainProjects/Algebraic-Jacobian-Challenge-Rebuild/hgraph/nodes/0731e49b84ce.md
M	MainProjects/Algebraic-Jacobian-Challenge-Rebuild/hgraph/nodes/073651e41a4c.md
M	MainProjects/Algebraic-Jacobian-Challenge-Rebuild/hgraph/nodes/073a8599e5b5.md
M	MainProjects/Algebraic-Jacobian-Challenge-Rebuild/hgraph/nodes/073f70eb0c94.md
M	MainProjects/Algebraic-Jacobian-Challenge-Rebuild/hgraph/nodes/074b9fe082b2.md
M	MainProjects/Algebraic-Jacobian-Challenge-Rebuild/hgraph/nodes/07555b59c4e9.md
M	MainProjects/Algebraic-Jacobian-Challenge-Rebuild/hgraph/nodes/07649daa0a9b.md
M	MainProjects/Algebraic-Jacobian-Challenge-Rebuild/hgraph/nodes/0778133e7946.md
M	MainProjects/Algebraic-Jacobian-Challenge-Rebuild/hgraph/nodes/0783dff7e114.md
M	MainProjects/Algebraic-Jacobian-Challenge-Rebuild/hgraph/nodes/079853d260a4.md
M	MainProjects/Algebraic-Jacobian-Challenge-Rebuild/hgraph/nodes/07a1049f2eea.md
M	MainProjects/Algebraic-Jacobian-Challenge-Rebuild/hgraph/nodes/07aa2b762b74.md
M	MainProjects/Algebraic-Jacobian-Challenge-Rebuild/hgraph/nodes/07b45815d585.md
M	MainProjects/Algebraic-Jacobian-Challenge-Rebuild/hgraph/nodes/07c0f2373db0.md
M	MainProjects/Algebraic-Jacobian-Challenge-Rebuild/hgraph/nodes/07c146ed5d40.md
M	MainProjects/Algebraic-Jacobian-Challenge-Rebuild/hgraph/nodes/07c2f1f5accf.md
M	MainProjects/Algebraic-Jacobian-Challenge-Rebuild/hgraph/nodes/07e4dd5289da.md
M	MainProjects/Algebraic-Jacobian-Challenge-Rebuild/hgraph/nodes/07e973d583fd.md
M	MainProjects/Algebraic-Jacobian-Challenge-Rebuild/hgraph/nodes/07ef2330d7b1.md
M	MainProjects/Algebraic-Jacobian-Challenge-Rebuild/hgraph/nodes/07f2058a952a.md
M	MainProjects/Algebraic-Jacobian-Challenge-Rebuild/hgraph/nodes/07f5f66c8744.md
M	MainProjects/Algebraic-Jacobian-Challenge-Rebuild/hgraph/nodes/07f6fba760de.md
M	MainProjects/Algebraic-Jacobian-Challenge-Rebuild/hgraph/nodes/07fe2d68df0f.md
M	MainProjects/Algebraic-Jacobian-Challenge-Rebuild/hgraph/nodes/08005d5c1792.md
M	MainProjects/Algebraic-Jacobian-Challenge-Rebuild/hgraph/nodes/0806c4e5b1c6.md
M	MainProjects/Algebraic-Jacobian-Challenge-Rebuild/hgraph/nodes/080d54374766.md
M	MainProjects/Algebraic-Jacobian-Challenge-Rebuild/hgraph/nodes/080e7e871be9.md
M	MainProjects/Algebraic-Jacobian-Challenge-Rebuild/hgraph/nodes/0820c19e6110.md
M	MainProjects/Algebraic-Jacobian-Challenge-Rebuild/hgraph/nodes/0824ab65758a.md
M	MainProjects/Algebraic-Jacobian-Challenge-Rebuild/hgraph/nodes/0826ad68732b.md
M	MainProjects/Algebraic-Jacobian-Challenge-Rebuild/hgraph/nodes/082dcc284110.md
M	MainProjects/Algebraic-Jacobian-Challenge-Rebuild/hgraph/nodes/0832057af5df.md
M	MainProjects/Algebraic-Jacobian-Challenge-Rebuild/hgraph/nodes/0838d67497ca.md
M	MainProjects/Algebraic-Jacobian-Challenge-Rebuild/hgraph/nodes/0844205be301.md
M	MainProjects/Algebraic-Jacobian-Challenge-Rebuild/hgraph/nodes/08475e123f9b.md
M	MainProjects/Algebraic-Jacobian-Challenge-Rebuild/hgraph/nodes/084fb12649db.md
M	MainProjects/Algebraic-Jacobian-Challenge-Rebuild/hgraph/nodes/0852471cc854.md
M	MainProjects/Algebraic-Jacobian-Challenge-Rebuild/hgraph/nodes/085879228b32.md
M	MainProjects/Algebraic-Jacobian-Challenge-Rebuild/hgraph/nodes/08599a5c36ab.md
D	MainProjects/Algebraic-Jacobian-Challenge-Rebuild/hgraph/nodes/085bcc5cd5ab.md
M	MainProjects/Algebraic-Jacobian-Challenge-Rebuild/hgraph/nodes/085c80b6188f.md
M	MainProjects/Algebraic-Jacobian-Challenge-Rebuild/hgraph/nodes/0860d069744c.md
M	MainProjects/Algebraic-Jacobian-Challenge-Rebuild/hgraph/nodes/0866efddb289.md
M	MainProjects/Algebraic-Jacobian-Challenge-Rebuild/hgraph/nodes/08777799f9c3.md
M	MainProjects/Algebraic-Jacobian-Challenge-Rebuild/hgraph/nodes/087a2e341c0f.md
M	MainProjects/Algebraic-Jacobian-Challenge-Rebuild/hgraph/nodes/087a60f7d48b.md
M	MainProjects/Algebraic-Jacobian-Challenge-Rebuild/hgraph/nodes/08a0eed94d42.md
M	MainProjects/Algebraic-Jacobian-Challenge-Rebuild/hgraph/nodes/08a0fd9d0178.md
M	MainProjects/Algebraic-Jacobian-Challenge-Rebuild/hgraph/nodes/08a142d12bf0.md
M	MainProjects/Algebraic-Jacobian-Challenge-Rebuild/hgraph/nodes/08a645b15065.md
M	MainProjects/Algebraic-Jacobian-Challenge-Rebuild/hgraph/nodes/08b33cf9d59d.md
M	MainProjects/Algebraic-Jacobian-Challenge-Rebuild/hgraph/nodes/08b4c10fb67d.md
M	MainProjects/Algebraic-Jacobian-Challenge-Rebuild/hgraph/nodes/08b5e182a9e5.md
M	MainProjects/Algebraic-Jacobian-Challenge-Rebuild/hgraph/nodes/08c4adea28a7.md
M	MainProjects/Algebraic-Jacobian-Challenge-Rebuild/hgraph/nodes/08cbda132b62.md
M	MainProjects/Algebraic-Jacobian-Challenge-Rebuild/hgraph/nodes/08ceda60ace3.md
M	MainProjects/Algebraic-Jacobian-Challenge-Rebuild/hgraph/nodes/08d28b66d3a1.md
M	MainProjects/Algebraic-Jacobian-Challenge-Rebuild/hgraph/nodes/08df19a2b462.md
M	MainProjects/Algebraic-Jacobian-Challenge-Rebuild/hgraph/nodes/08ebf0194baf.md
M	MainProjects/Algebraic-Jacobian-Challenge-Rebuild/hgraph/nodes/08f7c2c0a553.md
M	MainProjects/Algebraic-Jacobian-Challenge-Rebuild/hgraph/nodes/08f95e602579.md
M	MainProjects/Algebraic-Jacobian-Challenge-Rebuild/hgraph/nodes/08fe4459e0c1.md
M	MainProjects/Algebraic-Jacobian-Challenge-Rebuild/hgraph/nodes/090d826c7db4.md
M	MainProjects/Algebraic-Jacobian-Challenge-Rebuild/hgraph/nodes/091205d84079.md
M	MainProjects/Algebraic-Jacobian-Challenge-Rebuild/hgraph/nodes/091ada5b0636.md
M	MainProjects/Algebraic-Jacobian-Challenge-Rebuild/hgraph/nodes/091c23f8258c.md
M	MainProjects/Algebraic-Jacobian-Challenge-Rebuild/hgraph/nodes/091c8f506ea5.md
M	MainProjects/Algebraic-Jacobian-Challenge-Rebuild/hgraph/nodes/092e5d1232e1.md
M	MainProjects/Algebraic-Jacobian-Challenge-Rebuild/hgraph/nodes/09350977180a.md
M	MainProjects/Algebraic-Jacobian-Challenge-Rebuild/hgraph/nodes/09399e6f0e02.md
M	MainProjects/Algebraic-Jacobian-Challenge-Rebuild/hgraph/nodes/093b675c8291.md
M	MainProjects/Algebraic-Jacobian-Challenge-Rebuild/hgraph/nodes/093e35c41324.md
M	MainProjects/Algebraic-Jacobian-Challenge-Rebuild/hgraph/nodes/093ee50083e8.md
M	MainProjects/Algebraic-Jacobian-Challenge-Rebuild/hgraph/nodes/093f4faa05b7.md
M	MainProjects/Algebraic-Jacobian-Challenge-Rebuild/hgraph/nodes/094db8cea4dd.md
M	MainProjects/Algebraic-Jacobian-Challenge-Rebuild/hgraph/nodes/09570ea0ecc1.md
M	MainProjects/Algebraic-Jacobian-Challenge-Rebuild/hgraph/nodes/0967811adf43.md
M	MainProjects/Algebraic-Jacobian-Challenge-Rebuild/hgraph/nodes/096b57c1c6da.md
M	MainProjects/Algebraic-Jacobian-Challenge-Rebuild/hgraph/nodes/096e226d7915.md
M	MainProjects/Algebraic-Jacobian-Challenge-Rebuild/hgraph/nodes/0972454d38c5.md
M	MainProjects/Algebraic-Jacobian-Challenge-Rebuild/hgraph/nodes/0977f641818c.md
M	MainProjects/Algebraic-Jacobian-Challenge-Rebuild/hgraph/nodes/097f63c7002d.md
M	MainProjects/Algebraic-Jacobian-Challenge-Rebuild/hgraph/nodes/09876a2a6123.md
M	MainProjects/Algebraic-Jacobian-Challenge-Rebuild/hgraph/nodes/099930e7e445.md
M	MainProjects/Algebraic-Jacobian-Challenge-Rebuild/hgraph/nodes/0999e20d63b3.md
M	MainProjects/Algebraic-Jacobian-Challenge-Rebuild/hgraph/nodes/09a73a8063bf.md
M	MainProjects/Algebraic-Jacobian-Challenge-Rebuild/hgraph/nodes/09a7440b31b5.md
M	MainProjects/Algebraic-Jacobian-Challenge-Rebuild/hgraph/nodes/09b147575099.md
M	MainProjects/Algebraic-Jacobian-Challenge-Rebuild/hgraph/nodes/09b4359ad018.md
M	MainProjects/Algebraic-Jacobian-Challenge-Rebuild/hgraph/nodes/09bfc7c081a3.md
M	MainProjects/Algebraic-Jacobian-Challenge-Rebuild/hgraph/nodes/09c5bc8c232d.md
M	MainProjects/Algebraic-Jacobian-Challenge-Rebuild/hgraph/nodes/09cd459c405c.md
M	MainProjects/Algebraic-Jacobian-Challenge-Rebuild/hgraph/nodes/09d5c20dd1a0.md
M	MainProjects/Algebraic-Jacobian-Challenge-Rebuild/hgraph/nodes/09e435effd50.md
M	MainProjects/Algebraic-Jacobian-Challenge-Rebuild/hgraph/nodes/09ed8080622b.md
M	MainProjects/Algebraic-Jacobian-Challenge-Rebuild/hgraph/nodes/09eff7b0786d.md
M	MainProjects/Algebraic-Jacobian-Challenge-Rebuild/hgraph/nodes/09f0d4bee63a.md
M	MainProjects/Algebraic-Jacobian-Challenge-Rebuild/hgraph/nodes/0a0dfe6f8e52.md
M	MainProjects/Algebraic-Jacobian-Challenge-Rebuild/hgraph/nodes/0a115088d678.md
M	MainProjects/Algebraic-Jacobian-Challenge-Rebuild/hgraph/nodes/0a18a325fc57.md
M	MainProjects/Algebraic-Jacobian-Challenge-Rebuild/hgraph/nodes/0a215bf5cee2.md
M	MainProjects/Algebraic-Jacobian-Challenge-Rebuild/hgraph/nodes/0a23a595f9a8.md
M	MainProjects/Algebraic-Jacobian-Challenge-Rebuild/hgraph/nodes/0a2b6fe82f24.md
M	MainProjects/Algebraic-Jacobian-Challenge-Rebuild/hgraph/nodes/0a380f50b8e8.md
M	MainProjects/Algebraic-Jacobian-Challenge-Rebuild/hgraph/nodes/0a3861c80c61.md
M	MainProjects/Algebraic-Jacobian-Challenge-Rebuild/hgraph/nodes/0a397047c5b0.md
M	MainProjects/Algebraic-Jacobian-Challenge-Rebuild/hgraph/nodes/0a44cf8c5d39.md
M	MainProjects/Algebraic-Jacobian-Challenge-Rebuild/hgraph/nodes/0a5bfd5a657a.md
M	MainProjects/Algebraic-Jacobian-Challenge-Rebuild/hgraph/nodes/0a5da81e64ed.md
M	MainProjects/Algebraic-Jacobian-Challenge-Rebuild/hgraph/nodes/0a6bdff5df19.md
M	MainProjects/Algebraic-Jacobian-Challenge-Rebuild/hgraph/nodes/0a6e97e3ccdc.md
M	MainProjects/Algebraic-Jacobian-Challenge-Rebuild/hgraph/nodes/0a6ed7807b23.md
M	MainProjects/Algebraic-Jacobian-Challenge-Rebuild/hgraph/nodes/0a70a84f1f26.md
M	MainProjects/Algebraic-Jacobian-Challenge-Rebuild/hgraph/nodes/0a724d998cd6.md
M	MainProjects/Algebraic-Jacobian-Challenge-Rebuild/hgraph/nodes/0a72c3fd16b2.md
M	MainProjects/Algebraic-Jacobian-Challenge-Rebuild/hgraph/nodes/0a762bb08255.md
M	MainProjects/Algebraic-Jacobian-Challenge-Rebuild/hgraph/nodes/0a7c00427ebd.md
M	MainProjects/Algebraic-Jacobian-Challenge-Rebuild/hgraph/nodes/0a7d2efd04ee.md
M	MainProjects/Algebraic-Jacobian-Challenge-Rebuild/hgraph/nodes/0a962c7cdf86.md
M	MainProjects/Algebraic-Jacobian-Challenge-Rebuild/hgraph/nodes/0a9f3c678f53.md
M	MainProjects/Algebraic-Jacobian-Challenge-Rebuild/hgraph/nodes/0aafcebb3e03.md
M	MainProjects/Algebraic-Jacobian-Challenge-Rebuild/hgraph/nodes/0ab5f879cbe5.md
M	MainProjects/Algebraic-Jacobian-Challenge-Rebuild/hgraph/nodes/0abc02a05bf7.md
M	MainProjects/Algebraic-Jacobian-Challenge-Rebuild/hgraph/nodes/0ad895a432f0.md
M	MainProjects/Algebraic-Jacobian-Challenge-Rebuild/hgraph/nodes/0adbc77c0e05.md
M	MainProjects/Algebraic-Jacobian-Challenge-Rebuild/hgraph/nodes/0ae323249f11.md
M	MainProjects/Algebraic-Jacobian-Challenge-Rebuild/hgraph/nodes/0aeaa230ed9d.md
M	MainProjects/Algebraic-Jacobian-Challenge-Rebuild/hgraph/nodes/0af47ef1e5ae.md
M	MainProjects/Algebraic-Jacobian-Challenge-Rebuild/hgraph/nodes/0af765b7687a.md
M	MainProjects/Algebraic-Jacobian-Challenge-Rebuild/hgraph/nodes/0af7ecb47317.md
M	MainProjects/Algebraic-Jacobian-Challenge-Rebuild/hgraph/nodes/0af9e4f84c17.md
M	MainProjects/Algebraic-Jacobian-Challenge-Rebuild/hgraph/nodes/0afdec9ba070.md
M	MainProjects/Algebraic-Jacobian-Challenge-Rebuild/hgraph/nodes/0b00cad6fe14.md
M	MainProjects/Algebraic-Jacobian-Challenge-Rebuild/hgraph/nodes/0b1d46c97ffb.md
M	MainProjects/Algebraic-Jacobian-Challenge-Rebuild/hgraph/nodes/0b4517a73e92.md
M	MainProjects/Algebraic-Jacobian-Challenge-Rebuild/hgraph/nodes/0b58f5725294.md
M	MainProjects/Algebraic-Jacobian-Challenge-Rebuild/hgraph/nodes/0b7d23598a99.md
M	MainProjects/Algebraic-Jacobian-Challenge-Rebuild/hgraph/nodes/0b90ff82cf81.md
M	MainProjects/Algebraic-Jacobian-Challenge-Rebuild/hgraph/nodes/0b9563de5bcc.md
M	MainProjects/Algebraic-Jacobian-Challenge-Rebuild/hgraph/nodes/0b9958175174.md
M	MainProjects/Algebraic-Jacobian-Challenge-Rebuild/hgraph/nodes/0b9b536664c3.md
M	MainProjects/Algebraic-Jacobian-Challenge-Rebuild/hgraph/nodes/0bae801225d1.md
M	MainProjects/Algebraic-Jacobian-Challenge-Rebuild/hgraph/nodes/0bafa61799c1.md
M	MainProjects/Algebraic-Jacobian-Challenge-Rebuild/hgraph/nodes/0bcde6d59a57.md
M	MainProjects/Algebraic-Jacobian-Challenge-Rebuild/hgraph/nodes/0bd1522b2e19.md
M	MainProjects/Algebraic-Jacobian-Challenge-Rebuild/hgraph/nodes/0bddaa7c3bb0.md
M	MainProjects/Algebraic-Jacobian-Challenge-Rebuild/hgraph/nodes/0be009d2de2e.md
M	MainProjects/Algebraic-Jacobian-Challenge-Rebuild/hgraph/nodes/0be08c541d0e.md
M	MainProjects/Algebraic-Jacobian-Challenge-Rebuild/hgraph/nodes/0bf495225aa1.md
M	MainProjects/Algebraic-Jacobian-Challenge-Rebuild/hgraph/nodes/0bf692ee5bd1.md
M	MainProjects/Algebraic-Jacobian-Challenge-Rebuild/hgraph/nodes/0c07e58c42df.md
M	MainProjects/Algebraic-Jacobian-Challenge-Rebuild/hgraph/nodes/0c0f03e68dfb.md
M	MainProjects/Algebraic-Jacobian-Challenge-Rebuild/hgraph/nodes/0c170d3b59b5.md
M	MainProjects/Algebraic-Jacobian-Challenge-Rebuild/hgraph/nodes/0c1bc8b298ab.md
M	MainProjects/Algebraic-Jacobian-Challenge-Rebuild/hgraph/nodes/0c214bea298c.md
M	MainProjects/Algebraic-Jacobian-Challenge-Rebuild/hgraph/nodes/0c3b7a744079.md
M	MainProjects/Algebraic-Jacobian-Challenge-Rebuild/hgraph/nodes/0c3f81be883e.md
M	MainProjects/Algebraic-Jacobian-Challenge-Rebuild/hgraph/nodes/0c47dcbcc121.md
M	MainProjects/Algebraic-Jacobian-Challenge-Rebuild/hgraph/nodes/0c48e939c264.md
M	MainProjects/Algebraic-Jacobian-Challenge-Rebuild/hgraph/nodes/0c52b98f3840.md
M	MainProjects/Algebraic-Jacobian-Challenge-Rebuild/hgraph/nodes/0c52e99530a8.md
M	MainProjects/Algebraic-Jacobian-Challenge-Rebuild/hgraph/nodes/0c5a3925059a.md
M	MainProjects/Algebraic-Jacobian-Challenge-Rebuild/hgraph/nodes/0c671f1584d4.md
M	MainProjects/Algebraic-Jacobian-Challenge-Rebuild/hgraph/nodes/0c76274d2e6c.md
M	MainProjects/Algebraic-Jacobian-Challenge-Rebuild/hgraph/nodes/0c7ce446ed9b.md
M	MainProjects/Algebraic-Jacobian-Challenge-Rebuild/hgraph/nodes/0c89f8c9791c.md
M	MainProjects/Algebraic-Jacobian-Challenge-Rebuild/hgraph/nodes/0c8fb1cd04b0.md
M	MainProjects/Algebraic-Jacobian-Challenge-Rebuild/hgraph/nodes/0c91ba4acc9f.md
M	MainProjects/Algebraic-Jacobian-Challenge-Rebuild/hgraph/nodes/0ca1b4991572.md
M	MainProjects/Algebraic-Jacobian-Challenge-Rebuild/hgraph/nodes/0caac4bfc58c.md
M	MainProjects/Algebraic-Jacobian-Challenge-Rebuild/hgraph/nodes/0cabce384234.md
M	MainProjects/Algebraic-Jacobian-Challenge-Rebuild/hgraph/nodes/0cb2b5403773.md
M	MainProjects/Algebraic-Jacobian-Challenge-Rebuild/hgraph/nodes/0cc11faf6d58.md
M	MainProjects/Algebraic-Jacobian-Challenge-Rebuild/hgraph/nodes/0cc4c3d0de46.md
M	MainProjects/Algebraic-Jacobian-Challenge-Rebuild/hgraph/nodes/0ccb18568165.md
M	MainProjects/Algebraic-Jacobian-Challenge-Rebuild/hgraph/nodes/0ce169dd1069.md
M	MainProjects/Algebraic-Jacobian-Challenge-Rebuild/hgraph/nodes/0ceaf5e517c0.md
M	MainProjects/Algebraic-Jacobian-Challenge-Rebuild/hgraph/nodes/0cf1bf3cfd85.md
M	MainProjects/Algebraic-Jacobian-Challenge-Rebuild/hgraph/nodes/0d08180cb29e.md
M	MainProjects/Algebraic-Jacobian-Challenge-Rebuild/hgraph/nodes/0d153cc5d21d.md
M	MainProjects/Algebraic-Jacobian-Challenge-Rebuild/hgraph/nodes/0d15a496306c.md
M	MainProjects/Algebraic-Jacobian-Challenge-Rebuild/hgraph/nodes/0d1658e24dbc.md
M	MainProjects/Algebraic-Jacobian-Challenge-Rebuild/hgraph/nodes/0d27da7942bd.md
M	MainProjects/Algebraic-Jacobian-Challenge-Rebuild/hgraph/nodes/0d2937df1253.md
M	MainProjects/Algebraic-Jacobian-Challenge-Rebuild/hgraph/nodes/0d2b09d8bca1.md
M	MainProjects/Algebraic-Jacobian-Challenge-Rebuild/hgraph/nodes/0d2cafa3362f.md
M	MainProjects/Algebraic-Jacobian-Challenge-Rebuild/hgraph/nodes/0d2cda2302ce.md
M	MainProjects/Algebraic-Jacobian-Challenge-Rebuild/hgraph/nodes/0d30bb6ca911.md
M	MainProjects/Algebraic-Jacobian-Challenge-Rebuild/hgraph/nodes/0d3441e165aa.md
M	MainProjects/Algebraic-Jacobian-Challenge-Rebuild/hgraph/nodes/0d4886306bc9.md
M	MainProjects/Algebraic-Jacobian-Challenge-Rebuild/hgraph/nodes/0d4bb1d23424.md
M	MainProjects/Algebraic-Jacobian-Challenge-Rebuild/hgraph/nodes/0d58f40a3c24.md
M	MainProjects/Algebraic-Jacobian-Challenge-Rebuild/hgraph/nodes/0d5e29071874.md
M	MainProjects/Algebraic-Jacobian-Challenge-Rebuild/hgraph/nodes/0d664a3cc773.md
M	MainProjects/Algebraic-Jacobian-Challenge-Rebuild/hgraph/nodes/0d67ea395fca.md
M	MainProjects/Algebraic-Jacobian-Challenge-Rebuild/hgraph/nodes/0d6d198776db.md
M	MainProjects/Algebraic-Jacobian-Challenge-Rebuild/hgraph/nodes/0d7116b57a73.md
M	MainProjects/Algebraic-Jacobian-Challenge-Rebuild/hgraph/nodes/0d7a34708777.md
M	MainProjects/Algebraic-Jacobian-Challenge-Rebuild/hgraph/nodes/0d902fe71561.md
M	MainProjects/Algebraic-Jacobian-Challenge-Rebuild/hgraph/nodes/0d91e49aefd5.md
M	MainProjects/Algebraic-Jacobian-Challenge-Rebuild/hgraph/nodes/0d93ab9810b2.md
M	MainProjects/Algebraic-Jacobian-Challenge-Rebuild/hgraph/nodes/0d98c7a1c35c.md
M	MainProjects/Algebraic-Jacobian-Challenge-Rebuild/hgraph/nodes/0d9bd813b3fa.md
M	MainProjects/Algebraic-Jacobian-Challenge-Rebuild/hgraph/nodes/0d9d0b767fd7.md
M	MainProjects/Algebraic-Jacobian-Challenge-Rebuild/hgraph/nodes/0da3e09dd193.md
M	MainProjects/Algebraic-Jacobian-Challenge-Rebuild/hgraph/nodes/0db0702349d6.md
D	MainProjects/Algebraic-Jacobian-Challenge-Rebuild/hgraph/nodes/0db1666a36ac.md
M	MainProjects/Algebraic-Jacobian-Challenge-Rebuild/hgraph/nodes/0db35867ca8b.md
M	MainProjects/Algebraic-Jacobian-Challenge-Rebuild/hgraph/nodes/0db64f4752c2.md
M	MainProjects/Algebraic-Jacobian-Challenge-Rebuild/hgraph/nodes/0dbac147d69b.md
M	MainProjects/Algebraic-Jacobian-Challenge-Rebuild/hgraph/nodes/0dcc824e3d81.md
M	MainProjects/Algebraic-Jacobian-Challenge-Rebuild/hgraph/nodes/0dd025e4266d.md
M	MainProjects/Algebraic-Jacobian-Challenge-Rebuild/hgraph/nodes/0dd3a34dce3b.md
M	MainProjects/Algebraic-Jacobian-Challenge-Rebuild/hgraph/nodes/0dd46ab81030.md
M	MainProjects/Algebraic-Jacobian-Challenge-Rebuild/hgraph/nodes/0ddfa9b29ef7.md
M	MainProjects/Algebraic-Jacobian-Challenge-Rebuild/hgraph/nodes/0de0bdcd6076.md
M	MainProjects/Algebraic-Jacobian-Challenge-Rebuild/hgraph/nodes/0de2e4e6168f.md
M	MainProjects/Algebraic-Jacobian-Challenge-Rebuild/hgraph/nodes/0de30d476577.md
M	MainProjects/Algebraic-Jacobian-Challenge-Rebuild/hgraph/nodes/0de3cd12c149.md
M	MainProjects/Algebraic-Jacobian-Challenge-Rebuild/hgraph/nodes/0de4e44b32c2.md
M	MainProjects/Algebraic-Jacobian-Challenge-Rebuild/hgraph/nodes/0de528058700.md
M	MainProjects/Algebraic-Jacobian-Challenge-Rebuild/hgraph/nodes/0dea1e1e4186.md
M	MainProjects/Algebraic-Jacobian-Challenge-Rebuild/hgraph/nodes/0df02b72a38a.md
M	MainProjects/Algebraic-Jacobian-Challenge-Rebuild/hgraph/nodes/0df1b7f2cb2c.md
M	MainProjects/Algebraic-Jacobian-Challenge-Rebuild/hgraph/nodes/0e00b7578273.md
M	MainProjects/Algebraic-Jacobian-Challenge-Rebuild/hgraph/nodes/0e044437e8e0.md
M	MainProjects/Algebraic-Jacobian-Challenge-Rebuild/hgraph/nodes/0e0edee59306.md
M	MainProjects/Algebraic-Jacobian-Challenge-Rebuild/hgraph/nodes/0e149f1858f3.md
M	MainProjects/Algebraic-Jacobian-Challenge-Rebuild/hgraph/nodes/0e224f08cd0d.md
M	MainProjects/Algebraic-Jacobian-Challenge-Rebuild/hgraph/nodes/0e4b18849609.md
M	MainProjects/Algebraic-Jacobian-Challenge-Rebuild/hgraph/nodes/0e56498dce62.md
M	MainProjects/Algebraic-Jacobian-Challenge-Rebuild/hgraph/nodes/0e5e315f7626.md
M	MainProjects/Algebraic-Jacobian-Challenge-Rebuild/hgraph/nodes/0e601972fffb.md
M	MainProjects/Algebraic-Jacobian-Challenge-Rebuild/hgraph/nodes/0e63826883d9.md
M	MainProjects/Algebraic-Jacobian-Challenge-Rebuild/hgraph/nodes/0e63a602dbb8.md
M	MainProjects/Algebraic-Jacobian-Challenge-Rebuild/hgraph/nodes/0e6884a4dcfc.md
M	MainProjects/Algebraic-Jacobian-Challenge-Rebuild/hgraph/nodes/0e8090cb5bc3.md
M	MainProjects/Algebraic-Jacobian-Challenge-Rebuild/hgraph/nodes/0e80f3b79274.md
M	MainProjects/Algebraic-Jacobian-Challenge-Rebuild/hgraph/nodes/0e973455f6e3.md
M	MainProjects/Algebraic-Jacobian-Challenge-Rebuild/hgraph/nodes/0e9aba668d63.md
M	MainProjects/Algebraic-Jacobian-Challenge-Rebuild/hgraph/nodes/0e9ba975e65b.md
M	MainProjects/Algebraic-Jacobian-Challenge-Rebuild/hgraph/nodes/0ea91143ac33.md
M	MainProjects/Algebraic-Jacobian-Challenge-Rebuild/hgraph/nodes/0eaabbafde3a.md
M	MainProjects/Algebraic-Jacobian-Challenge-Rebuild/hgraph/nodes/0eb9b916ae1e.md
M	MainProjects/Algebraic-Jacobian-Challenge-Rebuild/hgraph/nodes/0ec0e3074b0d.md
M	MainProjects/Algebraic-Jacobian-Challenge-Rebuild/hgraph/nodes/0ec85d682a84.md
M	MainProjects/Algebraic-Jacobian-Challenge-Rebuild/hgraph/nodes/0ed0e68fa27f.md
D	MainProjects/Algebraic-Jacobian-Challenge-Rebuild/hgraph/nodes/0ed55059ac6e.md
M	MainProjects/Algebraic-Jacobian-Challenge-Rebuild/hgraph/nodes/0ed79927fff7.md
M	MainProjects/Algebraic-Jacobian-Challenge-Rebuild/hgraph/nodes/0ee13beb7c06.md
M	MainProjects/Algebraic-Jacobian-Challenge-Rebuild/hgraph/nodes/0f010b34d29d.md
M	MainProjects/Algebraic-Jacobian-Challenge-Rebuild/hgraph/nodes/0f12a11ee516.md
M	MainProjects/Algebraic-Jacobian-Challenge-Rebuild/hgraph/nodes/0f22e379c12a.md
M	MainProjects/Algebraic-Jacobian-Challenge-Rebuild/hgraph/nodes/0f26b48e403a.md
M	MainProjects/Algebraic-Jacobian-Challenge-Rebuild/hgraph/nodes/0f2aba272956.md
M	MainProjects/Algebraic-Jacobian-Challenge-Rebuild/hgraph/nodes/0f2e011688ef.md
M	MainProjects/Algebraic-Jacobian-Challenge-Rebuild/hgraph/nodes/0f35c70647b2.md
M	MainProjects/Algebraic-Jacobian-Challenge-Rebuild/hgraph/nodes/0f474275cf82.md
M	MainProjects/Algebraic-Jacobian-Challenge-Rebuild/hgraph/nodes/0f54b60682ed.md
M	MainProjects/Algebraic-Jacobian-Challenge-Rebuild/hgraph/nodes/0f630cbe1ffe.md
M	MainProjects/Algebraic-Jacobian-Challenge-Rebuild/hgraph/nodes/0f72f4745843.md
M	MainProjects/Algebraic-Jacobian-Challenge-Rebuild/hgraph/nodes/0f7ba0e61393.md
M	MainProjects/Algebraic-Jacobian-Challenge-Rebuild/hgraph/nodes/0f7ffebaf559.md
M	MainProjects/Algebraic-Jacobian-Challenge-Rebuild/hgraph/nodes/0f8e2b1a68da.md
M	MainProjects/Algebraic-Jacobian-Challenge-Rebuild/hgraph/nodes/0f961dad39b9.md
M	MainProjects/Algebraic-Jacobian-Challenge-Rebuild/hgraph/nodes/0f9bb1745106.md
M	MainProjects/Algebraic-Jacobian-Challenge-Rebuild/hgraph/nodes/0f9c90d19b94.md
M	MainProjects/Algebraic-Jacobian-Challenge-Rebuild/hgraph/nodes/0fa8f9fb4246.md
M	MainProjects/Algebraic-Jacobian-Challenge-Rebuild/hgraph/nodes/0fa99c956a99.md
M	MainProjects/Algebraic-Jacobian-Challenge-Rebuild/hgraph/nodes/0faa2bbc9bb5.md
M	MainProjects/Algebraic-Jacobian-Challenge-Rebuild/hgraph/nodes/0fb2fa18d563.md
M	MainProjects/Algebraic-Jacobian-Challenge-Rebuild/hgraph/nodes/0fb7af17fec6.md
M	MainProjects/Algebraic-Jacobian-Challenge-Rebuild/hgraph/nodes/0fba0ed3ff69.md
M	MainProjects/Algebraic-Jacobian-Challenge-Rebuild/hgraph/nodes/0fbd52b33ef0.md
M	MainProjects/Algebraic-Jacobian-Challenge-Rebuild/hgraph/nodes/0fbdf4a72461.md
M	MainProjects/Algebraic-Jacobian-Challenge-Rebuild/hgraph/nodes/0fce1c2928da.md
M	MainProjects/Algebraic-Jacobian-Challenge-Rebuild/hgraph/nodes/0fd10814c960.md
M	MainProjects/Algebraic-Jacobian-Challenge-Rebuild/hgraph/nodes/0fd280f3b40c.md
M	MainProjects/Algebraic-Jacobian-Challenge-Rebuild/hgraph/nodes/0fd67a433a90.md
M	MainProjects/Algebraic-Jacobian-Challenge-Rebuild/hgraph/nodes/0fdfb101054d.md
M	MainProjects/Algebraic-Jacobian-Challenge-Rebuild/hgraph/nodes/0ffa1be03c47.md
M	MainProjects/Algebraic-Jacobian-Challenge-Rebuild/hgraph/nodes/10009b92d48b.md
M	MainProjects/Algebraic-Jacobian-Challenge-Rebuild/hgraph/nodes/1001d864e56d.md
M	MainProjects/Algebraic-Jacobian-Challenge-Rebuild/hgraph/nodes/1006ff25e503.md
M	MainProjects/Algebraic-Jacobian-Challenge-Rebuild/hgraph/nodes/1035ce79b3d8.md
M	MainProjects/Algebraic-Jacobian-Challenge-Rebuild/hgraph/nodes/104df5031f07.md
D	MainProjects/Algebraic-Jacobian-Challenge-Rebuild/hgraph/nodes/104e30b3a1e5.md
M	MainProjects/Algebraic-Jacobian-Challenge-Rebuild/hgraph/nodes/10585d55a9d2.md
M	MainProjects/Algebraic-Jacobian-Challenge-Rebuild/hgraph/nodes/105f5d864ba8.md
M	MainProjects/Algebraic-Jacobian-Challenge-Rebuild/hgraph/nodes/106be389bc86.md
M	MainProjects/Algebraic-Jacobian-Challenge-Rebuild/hgraph/nodes/106d2e6f354e.md
M	MainProjects/Algebraic-Jacobian-Challenge-Rebuild/hgraph/nodes/10746965aa1b.md
M	MainProjects/Algebraic-Jacobian-Challenge-Rebuild/hgraph/nodes/107bff078963.md
M	MainProjects/Algebraic-Jacobian-Challenge-Rebuild/hgraph/nodes/108a412b0172.md
M	MainProjects/Algebraic-Jacobian-Challenge-Rebuild/hgraph/nodes/108a5f618d6d.md
M	MainProjects/Algebraic-Jacobian-Challenge-Rebuild/hgraph/nodes/1094c645c4fc.md
M	MainProjects/Algebraic-Jacobian-Challenge-Rebuild/hgraph/nodes/10a7ba891b6c.md
M	MainProjects/Algebraic-Jacobian-Challenge-Rebuild/hgraph/nodes/10b0b2b8a666.md
M	MainProjects/Algebraic-Jacobian-Challenge-Rebuild/hgraph/nodes/10d19640f569.md
M	MainProjects/Algebraic-Jacobian-Challenge-Rebuild/hgraph/nodes/10d4cd0df168.md
M	MainProjects/Algebraic-Jacobian-Challenge-Rebuild/hgraph/nodes/10dcaf713040.md
M	MainProjects/Algebraic-Jacobian-Challenge-Rebuild/hgraph/nodes/10e7569c6e99.md
M	MainProjects/Algebraic-Jacobian-Challenge-Rebuild/hgraph/nodes/10f0296ab155.md
M	MainProjects/Algebraic-Jacobian-Challenge-Rebuild/hgraph/nodes/10fd2e64e591.md
M	MainProjects/Algebraic-Jacobian-Challenge-Rebuild/hgraph/nodes/10fdae1bc7ec.md
M	MainProjects/Algebraic-Jacobian-Challenge-Rebuild/hgraph/nodes/10fdefd4062d.md
D	MainProjects/Algebraic-Jacobian-Challenge-Rebuild/hgraph/nodes/1103f507dadc.md
M	MainProjects/Algebraic-Jacobian-Challenge-Rebuild/hgraph/nodes/110ac8d8d91a.md
M	MainProjects/Algebraic-Jacobian-Challenge-Rebuild/hgraph/nodes/1114f4936cd2.md
M	MainProjects/Algebraic-Jacobian-Challenge-Rebuild/hgraph/nodes/11167162c50a.md
M	MainProjects/Algebraic-Jacobian-Challenge-Rebuild/hgraph/nodes/111d5a4f7cd2.md
M	MainProjects/Algebraic-Jacobian-Challenge-Rebuild/hgraph/nodes/111e544bcb07.md
M	MainProjects/Algebraic-Jacobian-Challenge-Rebuild/hgraph/nodes/1142e4fe3abd.md
M	MainProjects/Algebraic-Jacobian-Challenge-Rebuild/hgraph/nodes/1154fcc3cfca.md
D	MainProjects/Algebraic-Jacobian-Challenge-Rebuild/hgraph/nodes/1155e05dbad1.md
M	MainProjects/Algebraic-Jacobian-Challenge-Rebuild/hgraph/nodes/11578f9095c4.md
M	MainProjects/Algebraic-Jacobian-Challenge-Rebuild/hgraph/nodes/11592394c176.md
M	MainProjects/Algebraic-Jacobian-Challenge-Rebuild/hgraph/nodes/115cb8425a2d.md
M	MainProjects/Algebraic-Jacobian-Challenge-Rebuild/hgraph/nodes/1160d222ba13.md
M	MainProjects/Algebraic-Jacobian-Challenge-Rebuild/hgraph/nodes/1161573bd987.md
M	MainProjects/Algebraic-Jacobian-Challenge-Rebuild/hgraph/nodes/116f2290d356.md
M	MainProjects/Algebraic-Jacobian-Challenge-Rebuild/hgraph/nodes/117bbf9940c9.md
M	MainProjects/Algebraic-Jacobian-Challenge-Rebuild/hgraph/nodes/1180caf15a48.md
M	MainProjects/Algebraic-Jacobian-Challenge-Rebuild/hgraph/nodes/1185e36a8cde.md
M	MainProjects/Algebraic-Jacobian-Challenge-Rebuild/hgraph/nodes/11866dfd8ef1.md
M	MainProjects/Algebraic-Jacobian-Challenge-Rebuild/hgraph/nodes/11885e74d248.md
M	MainProjects/Algebraic-Jacobian-Challenge-Rebuild/hgraph/nodes/118cfa337edb.md
M	MainProjects/Algebraic-Jacobian-Challenge-Rebuild/hgraph/nodes/11976e89ea4f.md
M	MainProjects/Algebraic-Jacobian-Challenge-Rebuild/hgraph/nodes/11994598ce9b.md
M	MainProjects/Algebraic-Jacobian-Challenge-Rebuild/hgraph/nodes/11a013911978.md
M	MainProjects/Algebraic-Jacobian-Challenge-Rebuild/hgraph/nodes/11a28b0f6699.md
M	MainProjects/Algebraic-Jacobian-Challenge-Rebuild/hgraph/nodes/11a770716cf9.md
M	MainProjects/Algebraic-Jacobian-Challenge-Rebuild/hgraph/nodes/11aa227ff252.md
M	MainProjects/Algebraic-Jacobian-Challenge-Rebuild/hgraph/nodes/11ae366d9c59.md
M	MainProjects/Algebraic-Jacobian-Challenge-Rebuild/hgraph/nodes/11b0bdea0a0f.md
M	MainProjects/Algebraic-Jacobian-Challenge-Rebuild/hgraph/nodes/11b6bbf38df0.md
M	MainProjects/Algebraic-Jacobian-Challenge-Rebuild/hgraph/nodes/11be73847807.md
M	MainProjects/Algebraic-Jacobian-Challenge-Rebuild/hgraph/nodes/11d32ccb3403.md
M	MainProjects/Algebraic-Jacobian-Challenge-Rebuild/hgraph/nodes/11e63960da59.md
M	MainProjects/Algebraic-Jacobian-Challenge-Rebuild/hgraph/nodes/11eb82b3933d.md
M	MainProjects/Algebraic-Jacobian-Challenge-Rebuild/hgraph/nodes/11f57aa7f887.md
M	MainProjects/Algebraic-Jacobian-Challenge-Rebuild/hgraph/nodes/11fad232d81f.md
M	MainProjects/Algebraic-Jacobian-Challenge-Rebuild/hgraph/nodes/122314b8c350.md
M	MainProjects/Algebraic-Jacobian-Challenge-Rebuild/hgraph/nodes/1223ac1d38ca.md
M	MainProjects/Algebraic-Jacobian-Challenge-Rebuild/hgraph/nodes/1243b48918d2.md
M	MainProjects/Algebraic-Jacobian-Challenge-Rebuild/hgraph/nodes/12441b750500.md
M	MainProjects/Algebraic-Jacobian-Challenge-Rebuild/hgraph/nodes/126f90392c9b.md
M	MainProjects/Algebraic-Jacobian-Challenge-Rebuild/hgraph/nodes/1276c4273037.md
M	MainProjects/Algebraic-Jacobian-Challenge-Rebuild/hgraph/nodes/1278c3552ac1.md
M	MainProjects/Algebraic-Jacobian-Challenge-Rebuild/hgraph/nodes/127e2818b04c.md
M	MainProjects/Algebraic-Jacobian-Challenge-Rebuild/hgraph/nodes/12817886ebc6.md
M	MainProjects/Algebraic-Jacobian-Challenge-Rebuild/hgraph/nodes/1295c9f31704.md
M	MainProjects/Algebraic-Jacobian-Challenge-Rebuild/hgraph/nodes/12a5b1e168a9.md
M	MainProjects/Algebraic-Jacobian-Challenge-Rebuild/hgraph/nodes/12ad4ee96b07.md
M	MainProjects/Algebraic-Jacobian-Challenge-Rebuild/hgraph/nodes/12ae35c6c3f2.md
M	MainProjects/Algebraic-Jacobian-Challenge-Rebuild/hgraph/nodes/12ba91129caa.md
M	MainProjects/Algebraic-Jacobian-Challenge-Rebuild/hgraph/nodes/12bebfea69dc.md
M	MainProjects/Algebraic-Jacobian-Challenge-Rebuild/hgraph/nodes/12c50c2baeb5.md
M	MainProjects/Algebraic-Jacobian-Challenge-Rebuild/hgraph/nodes/12cf7ec949d2.md
M	MainProjects/Algebraic-Jacobian-Challenge-Rebuild/hgraph/nodes/12d488c3537e.md
M	MainProjects/Algebraic-Jacobian-Challenge-Rebuild/hgraph/nodes/12d854700c41.md
M	MainProjects/Algebraic-Jacobian-Challenge-Rebuild/hgraph/nodes/12e35a9f2904.md
M	MainProjects/Algebraic-Jacobian-Challenge-Rebuild/hgraph/nodes/12ea0fedf061.md
M	MainProjects/Algebraic-Jacobian-Challenge-Rebuild/hgraph/nodes/12f1d9f75409.md
M	MainProjects/Algebraic-Jacobian-Challenge-Rebuild/hgraph/nodes/12f3c3400d6f.md
M	MainProjects/Algebraic-Jacobian-Challenge-Rebuild/hgraph/nodes/12f653c20c21.md
M	MainProjects/Algebraic-Jacobian-Challenge-Rebuild/hgraph/nodes/1300db4c36d6.md
D	MainProjects/Algebraic-Jacobian-Challenge-Rebuild/hgraph/nodes/1310609660c7.md
M	MainProjects/Algebraic-Jacobian-Challenge-Rebuild/hgraph/nodes/131a695c2c05.md
M	MainProjects/Algebraic-Jacobian-Challenge-Rebuild/hgraph/nodes/13245b8119d0.md
M	MainProjects/Algebraic-Jacobian-Challenge-Rebuild/hgraph/nodes/132ccae6dfd6.md
M	MainProjects/Algebraic-Jacobian-Challenge-Rebuild/hgraph/nodes/133f4aba7911.md
M	MainProjects/Algebraic-Jacobian-Challenge-Rebuild/hgraph/nodes/134109ed14f4.md
M	MainProjects/Algebraic-Jacobian-Challenge-Rebuild/hgraph/nodes/135b9efb1eee.md
M	MainProjects/Algebraic-Jacobian-Challenge-Rebuild/hgraph/nodes/1362da8d8683.md
M	MainProjects/Algebraic-Jacobian-Challenge-Rebuild/hgraph/nodes/1364b31ba13b.md
M	MainProjects/Algebraic-Jacobian-Challenge-Rebuild/hgraph/nodes/1366117c5924.md
M	MainProjects/Algebraic-Jacobian-Challenge-Rebuild/hgraph/nodes/136b448a4c05.md
M	MainProjects/Algebraic-Jacobian-Challenge-Rebuild/hgraph/nodes/136b78ef4a13.md
M	MainProjects/Algebraic-Jacobian-Challenge-Rebuild/hgraph/nodes/1394569df296.md
M	MainProjects/Algebraic-Jacobian-Challenge-Rebuild/hgraph/nodes/139a9fcb058a.md
M	MainProjects/Algebraic-Jacobian-Challenge-Rebuild/hgraph/nodes/139b59a0d4aa.md
M	MainProjects/Algebraic-Jacobian-Challenge-Rebuild/hgraph/nodes/139ef6c06faf.md
M	MainProjects/Algebraic-Jacobian-Challenge-Rebuild/hgraph/nodes/13a02c2c8aaf.md
M	MainProjects/Algebraic-Jacobian-Challenge-Rebuild/hgraph/nodes/13a5ad4c781e.md
M	MainProjects/Algebraic-Jacobian-Challenge-Rebuild/hgraph/nodes/13a6d2cd89fd.md
M	MainProjects/Algebraic-Jacobian-Challenge-Rebuild/hgraph/nodes/13bd686ab5fb.md
M	MainProjects/Algebraic-Jacobian-Challenge-Rebuild/hgraph/nodes/13c4a57becdf.md
M	MainProjects/Algebraic-Jacobian-Challenge-Rebuild/hgraph/nodes/13c8a2f24c37.md
M	MainProjects/Algebraic-Jacobian-Challenge-Rebuild/hgraph/nodes/13c8e6f8822f.md
M	MainProjects/Algebraic-Jacobian-Challenge-Rebuild/hgraph/nodes/13d55b561de5.md
M	MainProjects/Algebraic-Jacobian-Challenge-Rebuild/hgraph/nodes/140b0fc2b3cf.md
M	MainProjects/Algebraic-Jacobian-Challenge-Rebuild/hgraph/nodes/140d6d8e097d.md
M	MainProjects/Algebraic-Jacobian-Challenge-Rebuild/hgraph/nodes/140e2e3f6d82.md
M	MainProjects/Algebraic-Jacobian-Challenge-Rebuild/hgraph/nodes/14111638bdf3.md
M	MainProjects/Algebraic-Jacobian-Challenge-Rebuild/hgraph/nodes/1414818dedb8.md
M	MainProjects/Algebraic-Jacobian-Challenge-Rebuild/hgraph/nodes/14195274483a.md
M	MainProjects/Algebraic-Jacobian-Challenge-Rebuild/hgraph/nodes/14294b3d4879.md
M	MainProjects/Algebraic-Jacobian-Challenge-Rebuild/hgraph/nodes/142af7d62ac0.md
M	MainProjects/Algebraic-Jacobian-Challenge-Rebuild/hgraph/nodes/14300d509a77.md
M	MainProjects/Algebraic-Jacobian-Challenge-Rebuild/hgraph/nodes/14305ff78e8f.md
M	MainProjects/Algebraic-Jacobian-Challenge-Rebuild/hgraph/nodes/1436258237fd.md
M	MainProjects/Algebraic-Jacobian-Challenge-Rebuild/hgraph/nodes/14396db8174a.md
M	MainProjects/Algebraic-Jacobian-Challenge-Rebuild/hgraph/nodes/14410ba5b795.md
M	MainProjects/Algebraic-Jacobian-Challenge-Rebuild/hgraph/nodes/1446469a513d.md
M	MainProjects/Algebraic-Jacobian-Challenge-Rebuild/hgraph/nodes/144825b395e2.md
M	MainProjects/Algebraic-Jacobian-Challenge-Rebuild/hgraph/nodes/144ddc748638.md
M	MainProjects/Algebraic-Jacobian-Challenge-Rebuild/hgraph/nodes/145e8e9d3267.md
M	MainProjects/Algebraic-Jacobian-Challenge-Rebuild/hgraph/nodes/146061357e38.md
M	MainProjects/Algebraic-Jacobian-Challenge-Rebuild/hgraph/nodes/147ed4beb433.md
M	MainProjects/Algebraic-Jacobian-Challenge-Rebuild/hgraph/nodes/147fd11260e9.md
M	MainProjects/Algebraic-Jacobian-Challenge-Rebuild/hgraph/nodes/14814e30e40f.md
M	MainProjects/Algebraic-Jacobian-Challenge-Rebuild/hgraph/nodes/1481df810721.md
M	MainProjects/Algebraic-Jacobian-Challenge-Rebuild/hgraph/nodes/1487f35ba725.md
M	MainProjects/Algebraic-Jacobian-Challenge-Rebuild/hgraph/nodes/1489df138549.md
M	MainProjects/Algebraic-Jacobian-Challenge-Rebuild/hgraph/nodes/148b8c51f350.md
M	MainProjects/Algebraic-Jacobian-Challenge-Rebuild/hgraph/nodes/149eb36e063e.md
M	MainProjects/Algebraic-Jacobian-Challenge-Rebuild/hgraph/nodes/14ac3059d6ee.md
M	MainProjects/Algebraic-Jacobian-Challenge-Rebuild/hgraph/nodes/14b00215038f.md
M	MainProjects/Algebraic-Jacobian-Challenge-Rebuild/hgraph/nodes/14b33a675d6d.md
M	MainProjects/Algebraic-Jacobian-Challenge-Rebuild/hgraph/nodes/14b732cafd28.md
M	MainProjects/Algebraic-Jacobian-Challenge-Rebuild/hgraph/nodes/14bd986e6488.md
M	MainProjects/Algebraic-Jacobian-Challenge-Rebuild/hgraph/nodes/14beaa12a39a.md
M	MainProjects/Algebraic-Jacobian-Challenge-Rebuild/hgraph/nodes/14c4aad9e8ce.md
M	MainProjects/Algebraic-Jacobian-Challenge-Rebuild/hgraph/nodes/14d4452387be.md
M	MainProjects/Algebraic-Jacobian-Challenge-Rebuild/hgraph/nodes/14ddab074e6a.md
M	MainProjects/Algebraic-Jacobian-Challenge-Rebuild/hgraph/nodes/14e04bc97815.md
M	MainProjects/Algebraic-Jacobian-Challenge-Rebuild/hgraph/nodes/14e3c047841c.md
M	MainProjects/Algebraic-Jacobian-Challenge-Rebuild/hgraph/nodes/14e64257ffd1.md
M	MainProjects/Algebraic-Jacobian-Challenge-Rebuild/hgraph/nodes/14e84c361d0f.md
M	MainProjects/Algebraic-Jacobian-Challenge-Rebuild/hgraph/nodes/14e9a9a8e580.md
D	MainProjects/Algebraic-Jacobian-Challenge-Rebuild/hgraph/nodes/14eab0e40fb8.md
M	MainProjects/Algebraic-Jacobian-Challenge-Rebuild/hgraph/nodes/14ed8efeb776.md
M	MainProjects/Algebraic-Jacobian-Challenge-Rebuild/hgraph/nodes/1500be1e8dea.md
M	MainProjects/Algebraic-Jacobian-Challenge-Rebuild/hgraph/nodes/15081302f052.md
M	MainProjects/Algebraic-Jacobian-Challenge-Rebuild/hgraph/nodes/150d5b80c619.md
M	MainProjects/Algebraic-Jacobian-Challenge-Rebuild/hgraph/nodes/1518178e5457.md
M	MainProjects/Algebraic-Jacobian-Challenge-Rebuild/hgraph/nodes/153de1e56961.md
M	MainProjects/Algebraic-Jacobian-Challenge-Rebuild/hgraph/nodes/15404f9b3a56.md
M	MainProjects/Algebraic-Jacobian-Challenge-Rebuild/hgraph/nodes/154a32a7bb70.md
M	MainProjects/Algebraic-Jacobian-Challenge-Rebuild/hgraph/nodes/155077d3e315.md
M	MainProjects/Algebraic-Jacobian-Challenge-Rebuild/hgraph/nodes/1554946ef4a0.md
M	MainProjects/Algebraic-Jacobian-Challenge-Rebuild/hgraph/nodes/155eec42afec.md
M	MainProjects/Algebraic-Jacobian-Challenge-Rebuild/hgraph/nodes/1562629973ab.md
M	MainProjects/Algebraic-Jacobian-Challenge-Rebuild/hgraph/nodes/1565d81aab75.md
M	MainProjects/Algebraic-Jacobian-Challenge-Rebuild/hgraph/nodes/1592058c2959.md
M	MainProjects/Algebraic-Jacobian-Challenge-Rebuild/hgraph/nodes/1594068fdab0.md
M	MainProjects/Algebraic-Jacobian-Challenge-Rebuild/hgraph/nodes/1594d7f44390.md
M	MainProjects/Algebraic-Jacobian-Challenge-Rebuild/hgraph/nodes/159df44cdf37.md
M	MainProjects/Algebraic-Jacobian-Challenge-Rebuild/hgraph/nodes/159f9eb0e16f.md
M	MainProjects/Algebraic-Jacobian-Challenge-Rebuild/hgraph/nodes/15a835186215.md
M	MainProjects/Algebraic-Jacobian-Challenge-Rebuild/hgraph/nodes/15ba4545e4f1.md
M	MainProjects/Algebraic-Jacobian-Challenge-Rebuild/hgraph/nodes/15c884428f3c.md
M	MainProjects/Algebraic-Jacobian-Challenge-Rebuild/hgraph/nodes/15ccb52b2c19.md
M	MainProjects/Algebraic-Jacobian-Challenge-Rebuild/hgraph/nodes/15d10a512fd9.md
M	MainProjects/Algebraic-Jacobian-Challenge-Rebuild/hgraph/nodes/15d12466c52c.md
M	MainProjects/Algebraic-Jacobian-Challenge-Rebuild/hgraph/nodes/15d54204b9c4.md
M	MainProjects/Algebraic-Jacobian-Challenge-Rebuild/hgraph/nodes/15d9eae107d1.md
M	MainProjects/Algebraic-Jacobian-Challenge-Rebuild/hgraph/nodes/15e4d515a006.md
M	MainProjects/Algebraic-Jacobian-Challenge-Rebuild/hgraph/nodes/15ef92e66de5.md
M	MainProjects/Algebraic-Jacobian-Challenge-Rebuild/hgraph/nodes/160241006280.md
M	MainProjects/Algebraic-Jacobian-Challenge-Rebuild/hgraph/nodes/161d254ca336.md
M	MainProjects/Algebraic-Jacobian-Challenge-Rebuild/hgraph/nodes/16234ac1fd11.md
M	MainProjects/Algebraic-Jacobian-Challenge-Rebuild/hgraph/nodes/1633c1757eb0.md
M	MainProjects/Algebraic-Jacobian-Challenge-Rebuild/hgraph/nodes/16368a7d5cd6.md
M	MainProjects/Algebraic-Jacobian-Challenge-Rebuild/hgraph/nodes/16492d4332aa.md
M	MainProjects/Algebraic-Jacobian-Challenge-Rebuild/hgraph/nodes/164d5ff91005.md
M	MainProjects/Algebraic-Jacobian-Challenge-Rebuild/hgraph/nodes/16519e1e12d4.md
M	MainProjects/Algebraic-Jacobian-Challenge-Rebuild/hgraph/nodes/16583168995b.md
M	MainProjects/Algebraic-Jacobian-Challenge-Rebuild/hgraph/nodes/1662ec4182c3.md
M	MainProjects/Algebraic-Jacobian-Challenge-Rebuild/hgraph/nodes/166939cf03f1.md
M	MainProjects/Algebraic-Jacobian-Challenge-Rebuild/hgraph/nodes/166dcf363d2f.md
M	MainProjects/Algebraic-Jacobian-Challenge-Rebuild/hgraph/nodes/167aaccabf9d.md
M	MainProjects/Algebraic-Jacobian-Challenge-Rebuild/hgraph/nodes/16810bdd1b7e.md
M	MainProjects/Algebraic-Jacobian-Challenge-Rebuild/hgraph/nodes/168545de4481.md
M	MainProjects/Algebraic-Jacobian-Challenge-Rebuild/hgraph/nodes/169fdb7aa0af.md
M	MainProjects/Algebraic-Jacobian-Challenge-Rebuild/hgraph/nodes/16a66e5caa3d.md
M	MainProjects/Algebraic-Jacobian-Challenge-Rebuild/hgraph/nodes/16a66e82b75e.md
M	MainProjects/Algebraic-Jacobian-Challenge-Rebuild/hgraph/nodes/16b80ad300da.md
M	MainProjects/Algebraic-Jacobian-Challenge-Rebuild/hgraph/nodes/16b955e68bc4.md
M	MainProjects/Algebraic-Jacobian-Challenge-Rebuild/hgraph/nodes/16c3480af7ee.md
M	MainProjects/Algebraic-Jacobian-Challenge-Rebuild/hgraph/nodes/16cb37cdab7f.md
M	MainProjects/Algebraic-Jacobian-Challenge-Rebuild/hgraph/nodes/16cd4e0a726e.md
M	MainProjects/Algebraic-Jacobian-Challenge-Rebuild/hgraph/nodes/16d6167e3b23.md
M	MainProjects/Algebraic-Jacobian-Challenge-Rebuild/hgraph/nodes/16daf36cc47b.md
M	MainProjects/Algebraic-Jacobian-Challenge-Rebuild/hgraph/nodes/16def9eba1f7.md
M	MainProjects/Algebraic-Jacobian-Challenge-Rebuild/hgraph/nodes/16e1b32c3f2a.md
M	MainProjects/Algebraic-Jacobian-Challenge-Rebuild/hgraph/nodes/1704ed4a9c2e.md
M	MainProjects/Algebraic-Jacobian-Challenge-Rebuild/hgraph/nodes/1707adfe93a2.md
M	MainProjects/Algebraic-Jacobian-Challenge-Rebuild/hgraph/nodes/1719b48f864e.md
M	MainProjects/Algebraic-Jacobian-Challenge-Rebuild/hgraph/nodes/171fd01706c5.md
M	MainProjects/Algebraic-Jacobian-Challenge-Rebuild/hgraph/nodes/1722a2c6958f.md
M	MainProjects/Algebraic-Jacobian-Challenge-Rebuild/hgraph/nodes/17258ceed498.md
M	MainProjects/Algebraic-Jacobian-Challenge-Rebuild/hgraph/nodes/172c7c263f5e.md
M	MainProjects/Algebraic-Jacobian-Challenge-Rebuild/hgraph/nodes/172e451c4004.md
M	MainProjects/Algebraic-Jacobian-Challenge-Rebuild/hgraph/nodes/172e7b4f8eff.md
M	MainProjects/Algebraic-Jacobian-Challenge-Rebuild/hgraph/nodes/17338e73e237.md
M	MainProjects/Algebraic-Jacobian-Challenge-Rebuild/hgraph/nodes/1736c26f5fd8.md
M	MainProjects/Algebraic-Jacobian-Challenge-Rebuild/hgraph/nodes/173bf45b2b35.md
M	MainProjects/Algebraic-Jacobian-Challenge-Rebuild/hgraph/nodes/1740ecc46d64.md
M	MainProjects/Algebraic-Jacobian-Challenge-Rebuild/hgraph/nodes/1742df9e26b1.md
M	MainProjects/Algebraic-Jacobian-Challenge-Rebuild/hgraph/nodes/174a4a42d219.md
M	MainProjects/Algebraic-Jacobian-Challenge-Rebuild/hgraph/nodes/174ddc4a1648.md
M	MainProjects/Algebraic-Jacobian-Challenge-Rebuild/hgraph/nodes/174f856ad493.md
M	MainProjects/Algebraic-Jacobian-Challenge-Rebuild/hgraph/nodes/175cacc678a6.md
M	MainProjects/Algebraic-Jacobian-Challenge-Rebuild/hgraph/nodes/175cfdbffaee.md
M	MainProjects/Algebraic-Jacobian-Challenge-Rebuild/hgraph/nodes/176c993f3d56.md
M	MainProjects/Algebraic-Jacobian-Challenge-Rebuild/hgraph/nodes/178a340bc7ba.md
M	MainProjects/Algebraic-Jacobian-Challenge-Rebuild/hgraph/nodes/178b854ce3af.md
M	MainProjects/Algebraic-Jacobian-Challenge-Rebuild/hgraph/nodes/17a0250ef043.md
D	MainProjects/Algebraic-Jacobian-Challenge-Rebuild/hgraph/nodes/17ac284aab7c.md
M	MainProjects/Algebraic-Jacobian-Challenge-Rebuild/hgraph/nodes/17afdca703aa.md
M	MainProjects/Algebraic-Jacobian-Challenge-Rebuild/hgraph/nodes/17b429ae8ad0.md
M	MainProjects/Algebraic-Jacobian-Challenge-Rebuild/hgraph/nodes/17b59c82b7da.md
M	MainProjects/Algebraic-Jacobian-Challenge-Rebuild/hgraph/nodes/17b8bf33213d.md
M	MainProjects/Algebraic-Jacobian-Challenge-Rebuild/hgraph/nodes/17d2954e0759.md
M	MainProjects/Algebraic-Jacobian-Challenge-Rebuild/hgraph/nodes/17ea30c0ed9b.md
M	MainProjects/Algebraic-Jacobian-Challenge-Rebuild/hgraph/nodes/17f4cd75e984.md
M	MainProjects/Algebraic-Jacobian-Challenge-Rebuild/hgraph/nodes/1804373c6e00.md
M	MainProjects/Algebraic-Jacobian-Challenge-Rebuild/hgraph/nodes/180b4659dade.md
M	MainProjects/Algebraic-Jacobian-Challenge-Rebuild/hgraph/nodes/1812b62378b9.md
M	MainProjects/Algebraic-Jacobian-Challenge-Rebuild/hgraph/nodes/181743d74954.md
M	MainProjects/Algebraic-Jacobian-Challenge-Rebuild/hgraph/nodes/18176252935f.md
M	MainProjects/Algebraic-Jacobian-Challenge-Rebuild/hgraph/nodes/181cb79e11e9.md
M	MainProjects/Algebraic-Jacobian-Challenge-Rebuild/hgraph/nodes/182ac017567f.md
M	MainProjects/Algebraic-Jacobian-Challenge-Rebuild/hgraph/nodes/182c2df4aa42.md
M	MainProjects/Algebraic-Jacobian-Challenge-Rebuild/hgraph/nodes/184083e7164a.md
M	MainProjects/Algebraic-Jacobian-Challenge-Rebuild/hgraph/nodes/18494c4bc8e7.md
M	MainProjects/Algebraic-Jacobian-Challenge-Rebuild/hgraph/nodes/1849fb06c84a.md
M	MainProjects/Algebraic-Jacobian-Challenge-Rebuild/hgraph/nodes/18576727c116.md
M	MainProjects/Algebraic-Jacobian-Challenge-Rebuild/hgraph/nodes/185c1332f248.md
M	MainProjects/Algebraic-Jacobian-Challenge-Rebuild/hgraph/nodes/185f73ad1e94.md
M	MainProjects/Algebraic-Jacobian-Challenge-Rebuild/hgraph/nodes/186177eea54a.md
M	MainProjects/Algebraic-Jacobian-Challenge-Rebuild/hgraph/nodes/187c611ee97b.md
M	MainProjects/Algebraic-Jacobian-Challenge-Rebuild/hgraph/nodes/187f8fbdfd24.md
M	MainProjects/Algebraic-Jacobian-Challenge-Rebuild/hgraph/nodes/1887547581a5.md
M	MainProjects/Algebraic-Jacobian-Challenge-Rebuild/hgraph/nodes/189e495dc062.md
M	MainProjects/Algebraic-Jacobian-Challenge-Rebuild/hgraph/nodes/18a3ac89c59b.md
M	MainProjects/Algebraic-Jacobian-Challenge-Rebuild/hgraph/nodes/18a3f7cb69fd.md
M	MainProjects/Algebraic-Jacobian-Challenge-Rebuild/hgraph/nodes/18a60013cace.md
M	MainProjects/Algebraic-Jacobian-Challenge-Rebuild/hgraph/nodes/18b99d61f1db.md
M	MainProjects/Algebraic-Jacobian-Challenge-Rebuild/hgraph/nodes/18ca15ab32dd.md
M	MainProjects/Algebraic-Jacobian-Challenge-Rebuild/hgraph/nodes/18caf2147a36.md
M	MainProjects/Algebraic-Jacobian-Challenge-Rebuild/hgraph/nodes/18d3d8a9d730.md
M	MainProjects/Algebraic-Jacobian-Challenge-Rebuild/hgraph/nodes/18d850b68632.md
M	MainProjects/Algebraic-Jacobian-Challenge-Rebuild/hgraph/nodes/18e07735ac3a.md
M	MainProjects/Algebraic-Jacobian-Challenge-Rebuild/hgraph/nodes/18e1de1dadc7.md
D	MainProjects/Algebraic-Jacobian-Challenge-Rebuild/hgraph/nodes/18ee971e096f.md
M	MainProjects/Algebraic-Jacobian-Challenge-Rebuild/hgraph/nodes/18f2932e4019.md
M	MainProjects/Algebraic-Jacobian-Challenge-Rebuild/hgraph/nodes/1902e62d4a08.md
M	MainProjects/Algebraic-Jacobian-Challenge-Rebuild/hgraph/nodes/190bc0cf09d6.md
M	MainProjects/Algebraic-Jacobian-Challenge-Rebuild/hgraph/nodes/1919b95f3dd3.md
M	MainProjects/Algebraic-Jacobian-Challenge-Rebuild/hgraph/nodes/191ad4741d7e.md
M	MainProjects/Algebraic-Jacobian-Challenge-Rebuild/hgraph/nodes/191bec77ce79.md
M	MainProjects/Algebraic-Jacobian-Challenge-Rebuild/hgraph/nodes/1935c25cffb5.md
M	MainProjects/Algebraic-Jacobian-Challenge-Rebuild/hgraph/nodes/1941ba56b34e.md
M	MainProjects/Algebraic-Jacobian-Challenge-Rebuild/hgraph/nodes/1941daeb88c9.md
M	MainProjects/Algebraic-Jacobian-Challenge-Rebuild/hgraph/nodes/194559825e78.md
M	MainProjects/Algebraic-Jacobian-Challenge-Rebuild/hgraph/nodes/194c491ce698.md
M	MainProjects/Algebraic-Jacobian-Challenge-Rebuild/hgraph/nodes/1956dbc4e439.md
M	MainProjects/Algebraic-Jacobian-Challenge-Rebuild/hgraph/nodes/195f837b07a8.md
M	MainProjects/Algebraic-Jacobian-Challenge-Rebuild/hgraph/nodes/196d734e243d.md
M	MainProjects/Algebraic-Jacobian-Challenge-Rebuild/hgraph/nodes/19745364fdd5.md
M	MainProjects/Algebraic-Jacobian-Challenge-Rebuild/hgraph/nodes/1976be77e7af.md
M	MainProjects/Algebraic-Jacobian-Challenge-Rebuild/hgraph/nodes/197d370df0d4.md
D	MainProjects/Algebraic-Jacobian-Challenge-Rebuild/hgraph/nodes/1985a00d5e13.md
M	MainProjects/Algebraic-Jacobian-Challenge-Rebuild/hgraph/nodes/19930269d0bd.md
M	MainProjects/Algebraic-Jacobian-Challenge-Rebuild/hgraph/nodes/19a585966a70.md
M	MainProjects/Algebraic-Jacobian-Challenge-Rebuild/hgraph/nodes/19a8ea6b7f31.md
M	MainProjects/Algebraic-Jacobian-Challenge-Rebuild/hgraph/nodes/19ab9547c503.md
M	MainProjects/Algebraic-Jacobian-Challenge-Rebuild/hgraph/nodes/19b10e798c28.md
M	MainProjects/Algebraic-Jacobian-Challenge-Rebuild/hgraph/nodes/19b153b7b208.md
M	MainProjects/Algebraic-Jacobian-Challenge-Rebuild/hgraph/nodes/19b544f46df0.md
M	MainProjects/Algebraic-Jacobian-Challenge-Rebuild/hgraph/nodes/19c427d30b23.md
M	MainProjects/Algebraic-Jacobian-Challenge-Rebuild/hgraph/nodes/19d8ae323dd4.md
M	MainProjects/Algebraic-Jacobian-Challenge-Rebuild/hgraph/nodes/19e44256f2cb.md
M	MainProjects/Algebraic-Jacobian-Challenge-Rebuild/hgraph/nodes/19e4e3a87ecb.md
M	MainProjects/Algebraic-Jacobian-Challenge-Rebuild/hgraph/nodes/19e69fe3cb4b.md
M	MainProjects/Algebraic-Jacobian-Challenge-Rebuild/hgraph/nodes/19f23a0763dc.md
M	MainProjects/Algebraic-Jacobian-Challenge-Rebuild/hgraph/nodes/19fc04fb267c.md
M	MainProjects/Algebraic-Jacobian-Challenge-Rebuild/hgraph/nodes/1a03d8798280.md
M	MainProjects/Algebraic-Jacobian-Challenge-Rebuild/hgraph/nodes/1a0818d4c543.md
M	MainProjects/Algebraic-Jacobian-Challenge-Rebuild/hgraph/nodes/1a095dde02c0.md
M	MainProjects/Algebraic-Jacobian-Challenge-Rebuild/hgraph/nodes/1a0a75bf8a82.md
M	MainProjects/Algebraic-Jacobian-Challenge-Rebuild/hgraph/nodes/1a0ba69175ec.md
M	MainProjects/Algebraic-Jacobian-Challenge-Rebuild/hgraph/nodes/1a19231303a0.md
M	MainProjects/Algebraic-Jacobian-Challenge-Rebuild/hgraph/nodes/1a1d52afd670.md
M	MainProjects/Algebraic-Jacobian-Challenge-Rebuild/hgraph/nodes/1a26a99a71b2.md
M	MainProjects/Algebraic-Jacobian-Challenge-Rebuild/hgraph/nodes/1a386269ccf0.md
M	MainProjects/Algebraic-Jacobian-Challenge-Rebuild/hgraph/nodes/1a3ae6701db9.md
M	MainProjects/Algebraic-Jacobian-Challenge-Rebuild/hgraph/nodes/1a3ba72d4caf.md
M	MainProjects/Algebraic-Jacobian-Challenge-Rebuild/hgraph/nodes/1a50999a3f68.md
M	MainProjects/Algebraic-Jacobian-Challenge-Rebuild/hgraph/nodes/1a5a113f7819.md
M	MainProjects/Algebraic-Jacobian-Challenge-Rebuild/hgraph/nodes/1a5ec9839871.md
M	MainProjects/Algebraic-Jacobian-Challenge-Rebuild/hgraph/nodes/1a61706d7938.md
M	MainProjects/Algebraic-Jacobian-Challenge-Rebuild/hgraph/nodes/1a6ed31d402b.md
M	MainProjects/Algebraic-Jacobian-Challenge-Rebuild/hgraph/nodes/1a724b963930.md
M	MainProjects/Algebraic-Jacobian-Challenge-Rebuild/hgraph/nodes/1a7393fa0929.md
M	MainProjects/Algebraic-Jacobian-Challenge-Rebuild/hgraph/nodes/1a77a48505af.md
M	MainProjects/Algebraic-Jacobian-Challenge-Rebuild/hgraph/nodes/1a7eb1afed4e.md
M	MainProjects/Algebraic-Jacobian-Challenge-Rebuild/hgraph/nodes/1a820abec4e1.md
M	MainProjects/Algebraic-Jacobian-Challenge-Rebuild/hgraph/nodes/1a8a3bbba87f.md
M	MainProjects/Algebraic-Jacobian-Challenge-Rebuild/hgraph/nodes/1a8a9585f156.md
M	MainProjects/Algebraic-Jacobian-Challenge-Rebuild/hgraph/nodes/1a8c413d6ff5.md
M	MainProjects/Algebraic-Jacobian-Challenge-Rebuild/hgraph/nodes/1a97dcb6c85f.md
M	MainProjects/Algebraic-Jacobian-Challenge-Rebuild/hgraph/nodes/1a97dd5d7d0f.md
M	MainProjects/Algebraic-Jacobian-Challenge-Rebuild/hgraph/nodes/1a9914e5b21f.md
M	MainProjects/Algebraic-Jacobian-Challenge-Rebuild/hgraph/nodes/1a99dea50d76.md
M	MainProjects/Algebraic-Jacobian-Challenge-Rebuild/hgraph/nodes/1a9cbe79d3ae.md
M	MainProjects/Algebraic-Jacobian-Challenge-Rebuild/hgraph/nodes/1ab00ff02323.md
M	MainProjects/Algebraic-Jacobian-Challenge-Rebuild/hgraph/nodes/1accb6b89a1a.md
M	MainProjects/Algebraic-Jacobian-Challenge-Rebuild/hgraph/nodes/1acd5827217d.md
M	MainProjects/Algebraic-Jacobian-Challenge-Rebuild/hgraph/nodes/1ad93777f379.md
M	MainProjects/Algebraic-Jacobian-Challenge-Rebuild/hgraph/nodes/1ae436625ecf.md
M	MainProjects/Algebraic-Jacobian-Challenge-Rebuild/hgraph/nodes/1ae585db5091.md
M	MainProjects/Algebraic-Jacobian-Challenge-Rebuild/hgraph/nodes/1af6a959b38b.md
M	MainProjects/Algebraic-Jacobian-Challenge-Rebuild/hgraph/nodes/1aff346909df.md
M	MainProjects/Algebraic-Jacobian-Challenge-Rebuild/hgraph/nodes/1aff8e0dfc6e.md
M	MainProjects/Algebraic-Jacobian-Challenge-Rebuild/hgraph/nodes/1b0584973c31.md
M	MainProjects/Algebraic-Jacobian-Challenge-Rebuild/hgraph/nodes/1b12980e2569.md
M	MainProjects/Algebraic-Jacobian-Challenge-Rebuild/hgraph/nodes/1b1935a208e2.md
M	MainProjects/Algebraic-Jacobian-Challenge-Rebuild/hgraph/nodes/1b1b241cf495.md
M	MainProjects/Algebraic-Jacobian-Challenge-Rebuild/hgraph/nodes/1b1dc4aea5c2.md
M	MainProjects/Algebraic-Jacobian-Challenge-Rebuild/hgraph/nodes/1b36d8725ea5.md
M	MainProjects/Algebraic-Jacobian-Challenge-Rebuild/hgraph/nodes/1b522822c11a.md
M	MainProjects/Algebraic-Jacobian-Challenge-Rebuild/hgraph/nodes/1b5d5c4793ab.md
M	MainProjects/Algebraic-Jacobian-Challenge-Rebuild/hgraph/nodes/1b6298afd191.md
M	MainProjects/Algebraic-Jacobian-Challenge-Rebuild/hgraph/nodes/1b6cc2b245f6.md
M	MainProjects/Algebraic-Jacobian-Challenge-Rebuild/hgraph/nodes/1b784be722b6.md
M	MainProjects/Algebraic-Jacobian-Challenge-Rebuild/hgraph/nodes/1b79e0be46bd.md
M	MainProjects/Algebraic-Jacobian-Challenge-Rebuild/hgraph/nodes/1b7b14363ee4.md
M	MainProjects/Algebraic-Jacobian-Challenge-Rebuild/hgraph/nodes/1b856aae9740.md
M	MainProjects/Algebraic-Jacobian-Challenge-Rebuild/hgraph/nodes/1b864aeba0d2.md
M	MainProjects/Algebraic-Jacobian-Challenge-Rebuild/hgraph/nodes/1b8e4c305042.md
M	MainProjects/Algebraic-Jacobian-Challenge-Rebuild/hgraph/nodes/1b94e10213a8.md
M	MainProjects/Algebraic-Jacobian-Challenge-Rebuild/hgraph/nodes/1ba40c9f00ab.md
M	MainProjects/Algebraic-Jacobian-Challenge-Rebuild/hgraph/nodes/1bc923c45dcf.md
M	MainProjects/Algebraic-Jacobian-Challenge-Rebuild/hgraph/nodes/1bd0d71940bc.md
M	MainProjects/Algebraic-Jacobian-Challenge-Rebuild/hgraph/nodes/1bd245376293.md
M	MainProjects/Algebraic-Jacobian-Challenge-Rebuild/hgraph/nodes/1bd3e85caa8f.md
M	MainProjects/Algebraic-Jacobian-Challenge-Rebuild/hgraph/nodes/1be6f46a94c4.md
M	MainProjects/Algebraic-Jacobian-Challenge-Rebuild/hgraph/nodes/1bfb6bedb5ba.md
M	MainProjects/Algebraic-Jacobian-Challenge-Rebuild/hgraph/nodes/1c0b2e990100.md
M	MainProjects/Algebraic-Jacobian-Challenge-Rebuild/hgraph/nodes/1c2056cb806f.md
M	MainProjects/Algebraic-Jacobian-Challenge-Rebuild/hgraph/nodes/1c3544c54564.md
M	MainProjects/Algebraic-Jacobian-Challenge-Rebuild/hgraph/nodes/1c3b0f74b897.md
M	MainProjects/Algebraic-Jacobian-Challenge-Rebuild/hgraph/nodes/1c3d83a18db8.md
M	MainProjects/Algebraic-Jacobian-Challenge-Rebuild/hgraph/nodes/1c4112e8246d.md
M	MainProjects/Algebraic-Jacobian-Challenge-Rebuild/hgraph/nodes/1c44c2f83595.md
M	MainProjects/Algebraic-Jacobian-Challenge-Rebuild/hgraph/nodes/1c45a41cac4d.md
M	MainProjects/Algebraic-Jacobian-Challenge-Rebuild/hgraph/nodes/1c52b60974e0.md
M	MainProjects/Algebraic-Jacobian-Challenge-Rebuild/hgraph/nodes/1c6871b5ac76.md
M	MainProjects/Algebraic-Jacobian-Challenge-Rebuild/hgraph/nodes/1c68f5a4e794.md
M	MainProjects/Algebraic-Jacobian-Challenge-Rebuild/hgraph/nodes/1c693165bb24.md
M	MainProjects/Algebraic-Jacobian-Challenge-Rebuild/hgraph/nodes/1c6af1cb2bcf.md
M	MainProjects/Algebraic-Jacobian-Challenge-Rebuild/hgraph/nodes/1c75e9f5b85a.md
M	MainProjects/Algebraic-Jacobian-Challenge-Rebuild/hgraph/nodes/1c77ef11a316.md
M	MainProjects/Algebraic-Jacobian-Challenge-Rebuild/hgraph/nodes/1c7ba2603f8d.md
M	MainProjects/Algebraic-Jacobian-Challenge-Rebuild/hgraph/nodes/1c7dd6b61eb9.md
M	MainProjects/Algebraic-Jacobian-Challenge-Rebuild/hgraph/nodes/1c80bcca96d5.md
M	MainProjects/Algebraic-Jacobian-Challenge-Rebuild/hgraph/nodes/1c93c4f04f22.md
M	MainProjects/Algebraic-Jacobian-Challenge-Rebuild/hgraph/nodes/1c97a60f76fc.md
M	MainProjects/Algebraic-Jacobian-Challenge-Rebuild/hgraph/nodes/1cac0cc05ee8.md
M	MainProjects/Algebraic-Jacobian-Challenge-Rebuild/hgraph/nodes/1cb9b530d1ac.md
M	MainProjects/Algebraic-Jacobian-Challenge-Rebuild/hgraph/nodes/1cbf4ff518a6.md
M	MainProjects/Algebraic-Jacobian-Challenge-Rebuild/hgraph/nodes/1cbfcf0b7a2a.md
M	MainProjects/Algebraic-Jacobian-Challenge-Rebuild/hgraph/nodes/1cc06c6945d1.md
M	MainProjects/Algebraic-Jacobian-Challenge-Rebuild/hgraph/nodes/1cc424cb5a52.md
M	MainProjects/Algebraic-Jacobian-Challenge-Rebuild/hgraph/nodes/1ccbebd50c26.md
M	MainProjects/Algebraic-Jacobian-Challenge-Rebuild/hgraph/nodes/1cd4a4ad2d15.md
M	MainProjects/Algebraic-Jacobian-Challenge-Rebuild/hgraph/nodes/1cd4d51b5ace.md
M	MainProjects/Algebraic-Jacobian-Challenge-Rebuild/hgraph/nodes/1cda1dee8fd8.md
M	MainProjects/Algebraic-Jacobian-Challenge-Rebuild/hgraph/nodes/1ce1b1fc52f3.md
M	MainProjects/Algebraic-Jacobian-Challenge-Rebuild/hgraph/nodes/1ce87a49de64.md
M	MainProjects/Algebraic-Jacobian-Challenge-Rebuild/hgraph/nodes/1cf63bcf7c96.md
M	MainProjects/Algebraic-Jacobian-Challenge-Rebuild/hgraph/nodes/1cf69a4c9adc.md
M	MainProjects/Algebraic-Jacobian-Challenge-Rebuild/hgraph/nodes/1d03ddcdb572.md
M	MainProjects/Algebraic-Jacobian-Challenge-Rebuild/hgraph/nodes/1d0653bf0e10.md
M	MainProjects/Algebraic-Jacobian-Challenge-Rebuild/hgraph/nodes/1d087ffd8a36.md
M	MainProjects/Algebraic-Jacobian-Challenge-Rebuild/hgraph/nodes/1d0c7c718920.md
M	MainProjects/Algebraic-Jacobian-Challenge-Rebuild/hgraph/nodes/1d2603631b9d.md
M	MainProjects/Algebraic-Jacobian-Challenge-Rebuild/hgraph/nodes/1d26b766dca7.md
M	MainProjects/Algebraic-Jacobian-Challenge-Rebuild/hgraph/nodes/1d4501ae129f.md
M	MainProjects/Algebraic-Jacobian-Challenge-Rebuild/hgraph/nodes/1d72d35a1540.md
M	MainProjects/Algebraic-Jacobian-Challenge-Rebuild/hgraph/nodes/1d736ff03b6d.md
M	MainProjects/Algebraic-Jacobian-Challenge-Rebuild/hgraph/nodes/1d7d77abca29.md
M	MainProjects/Algebraic-Jacobian-Challenge-Rebuild/hgraph/nodes/1d82841a7b8e.md
M	MainProjects/Algebraic-Jacobian-Challenge-Rebuild/hgraph/nodes/1d93c090674e.md
M	MainProjects/Algebraic-Jacobian-Challenge-Rebuild/hgraph/nodes/1d943a31fb4f.md
M	MainProjects/Algebraic-Jacobian-Challenge-Rebuild/hgraph/nodes/1d975eeae520.md
M	MainProjects/Algebraic-Jacobian-Challenge-Rebuild/hgraph/nodes/1da06030e67b.md
M	MainProjects/Algebraic-Jacobian-Challenge-Rebuild/hgraph/nodes/1da1d441848b.md
M	MainProjects/Algebraic-Jacobian-Challenge-Rebuild/hgraph/nodes/1daa62bd0b6c.md
M	MainProjects/Algebraic-Jacobian-Challenge-Rebuild/hgraph/nodes/1dc6912b3525.md
M	MainProjects/Algebraic-Jacobian-Challenge-Rebuild/hgraph/nodes/1dcb4c30c153.md
D	MainProjects/Algebraic-Jacobian-Challenge-Rebuild/hgraph/nodes/1dd73998bda3.md
M	MainProjects/Algebraic-Jacobian-Challenge-Rebuild/hgraph/nodes/1ddaa0c0029c.md
M	MainProjects/Algebraic-Jacobian-Challenge-Rebuild/hgraph/nodes/1ddb248c2b68.md
M	MainProjects/Algebraic-Jacobian-Challenge-Rebuild/hgraph/nodes/1ddca4ed0da6.md
M	MainProjects/Algebraic-Jacobian-Challenge-Rebuild/hgraph/nodes/1de260196962.md
M	MainProjects/Algebraic-Jacobian-Challenge-Rebuild/hgraph/nodes/1de97b1e91e1.md
M	MainProjects/Algebraic-Jacobian-Challenge-Rebuild/hgraph/nodes/1df0fdf2d7b7.md
M	MainProjects/Algebraic-Jacobian-Challenge-Rebuild/hgraph/nodes/1df5ecfc1943.md
M	MainProjects/Algebraic-Jacobian-Challenge-Rebuild/hgraph/nodes/1df7787137a4.md
M	MainProjects/Algebraic-Jacobian-Challenge-Rebuild/hgraph/nodes/1e0556956f87.md
M	MainProjects/Algebraic-Jacobian-Challenge-Rebuild/hgraph/nodes/1e20c23395c8.md
M	MainProjects/Algebraic-Jacobian-Challenge-Rebuild/hgraph/nodes/1e2f6e069582.md
M	MainProjects/Algebraic-Jacobian-Challenge-Rebuild/hgraph/nodes/1e32e977027b.md
M	MainProjects/Algebraic-Jacobian-Challenge-Rebuild/hgraph/nodes/1e4b51001bab.md
M	MainProjects/Algebraic-Jacobian-Challenge-Rebuild/hgraph/nodes/1e4d774ba1bd.md
M	MainProjects/Algebraic-Jacobian-Challenge-Rebuild/hgraph/nodes/1e4ddcaed383.md
M	MainProjects/Algebraic-Jacobian-Challenge-Rebuild/hgraph/nodes/1e54a633f0b7.md
M	MainProjects/Algebraic-Jacobian-Challenge-Rebuild/hgraph/nodes/1e6fdafda217.md
M	MainProjects/Algebraic-Jacobian-Challenge-Rebuild/hgraph/nodes/1e84ca83f231.md
M	MainProjects/Algebraic-Jacobian-Challenge-Rebuild/hgraph/nodes/1e850461db81.md
M	MainProjects/Algebraic-Jacobian-Challenge-Rebuild/hgraph/nodes/1e91b9aea1a5.md
M	MainProjects/Algebraic-Jacobian-Challenge-Rebuild/hgraph/nodes/1e9f60fde3ad.md
M	MainProjects/Algebraic-Jacobian-Challenge-Rebuild/hgraph/nodes/1e9fc263e1aa.md
M	MainProjects/Algebraic-Jacobian-Challenge-Rebuild/hgraph/nodes/1ea898bd1800.md
M	MainProjects/Algebraic-Jacobian-Challenge-Rebuild/hgraph/nodes/1eaf2a2eafdc.md
M	MainProjects/Algebraic-Jacobian-Challenge-Rebuild/hgraph/nodes/1eb88271db97.md
M	MainProjects/Algebraic-Jacobian-Challenge-Rebuild/hgraph/nodes/1ecc44d9d2e9.md
M	MainProjects/Algebraic-Jacobian-Challenge-Rebuild/hgraph/nodes/1ed004c96ac3.md
M	MainProjects/Algebraic-Jacobian-Challenge-Rebuild/hgraph/nodes/1ed944a494c3.md
M	MainProjects/Algebraic-Jacobian-Challenge-Rebuild/hgraph/nodes/1ef50634bd17.md
M	MainProjects/Algebraic-Jacobian-Challenge-Rebuild/hgraph/nodes/1ef6e784461b.md
M	MainProjects/Algebraic-Jacobian-Challenge-Rebuild/hgraph/nodes/1ef9f5c56c5e.md
M	MainProjects/Algebraic-Jacobian-Challenge-Rebuild/hgraph/nodes/1efe212ba54b.md
M	MainProjects/Algebraic-Jacobian-Challenge-Rebuild/hgraph/nodes/1f0277b19ff4.md
M	MainProjects/Algebraic-Jacobian-Challenge-Rebuild/hgraph/nodes/1f153f0dbf3d.md
M	MainProjects/Algebraic-Jacobian-Challenge-Rebuild/hgraph/nodes/1f16548d4387.md
M	MainProjects/Algebraic-Jacobian-Challenge-Rebuild/hgraph/nodes/1f18bb5e382c.md
M	MainProjects/Algebraic-Jacobian-Challenge-Rebuild/hgraph/nodes/1f1c8310c95c.md
M	MainProjects/Algebraic-Jacobian-Challenge-Rebuild/hgraph/nodes/1f26c4054591.md
M	MainProjects/Algebraic-Jacobian-Challenge-Rebuild/hgraph/nodes/1f31fa71de6b.md
M	MainProjects/Algebraic-Jacobian-Challenge-Rebuild/hgraph/nodes/1f32cb25c17b.md
M	MainProjects/Algebraic-Jacobian-Challenge-Rebuild/hgraph/nodes/1f3eb4f7ceb6.md
M	MainProjects/Algebraic-Jacobian-Challenge-Rebuild/hgraph/nodes/1f4332107a52.md
M	MainProjects/Algebraic-Jacobian-Challenge-Rebuild/hgraph/nodes/1f5041dd9dc3.md
M	MainProjects/Algebraic-Jacobian-Challenge-Rebuild/hgraph/nodes/1f55a6d3aca1.md
M	MainProjects/Algebraic-Jacobian-Challenge-Rebuild/hgraph/nodes/1f592f737cf2.md
M	MainProjects/Algebraic-Jacobian-Challenge-Rebuild/hgraph/nodes/1f598212a689.md
M	MainProjects/Algebraic-Jacobian-Challenge-Rebuild/hgraph/nodes/1f65265c7703.md
M	MainProjects/Algebraic-Jacobian-Challenge-Rebuild/hgraph/nodes/1f6839ff1c18.md
M	MainProjects/Algebraic-Jacobian-Challenge-Rebuild/hgraph/nodes/1f77239924e6.md
M	MainProjects/Algebraic-Jacobian-Challenge-Rebuild/hgraph/nodes/1f7c634d535b.md
M	MainProjects/Algebraic-Jacobian-Challenge-Rebuild/hgraph/nodes/1f82dbe85c65.md
M	MainProjects/Algebraic-Jacobian-Challenge-Rebuild/hgraph/nodes/1f830331748b.md
M	MainProjects/Algebraic-Jacobian-Challenge-Rebuild/hgraph/nodes/1f91e4d58de1.md
M	MainProjects/Algebraic-Jacobian-Challenge-Rebuild/hgraph/nodes/1f93e7a6bbf7.md
M	MainProjects/Algebraic-Jacobian-Challenge-Rebuild/hgraph/nodes/1f9b417cea08.md
M	MainProjects/Algebraic-Jacobian-Challenge-Rebuild/hgraph/nodes/1f9e4f93e323.md
M	MainProjects/Algebraic-Jacobian-Challenge-Rebuild/hgraph/nodes/1fa88204d18c.md
M	MainProjects/Algebraic-Jacobian-Challenge-Rebuild/hgraph/nodes/1fc21e0f86de.md
M	MainProjects/Algebraic-Jacobian-Challenge-Rebuild/hgraph/nodes/1fc75c16c7e0.md
M	MainProjects/Algebraic-Jacobian-Challenge-Rebuild/hgraph/nodes/1fcc0041fb83.md
M	MainProjects/Algebraic-Jacobian-Challenge-Rebuild/hgraph/nodes/1fcd1e650fc5.md
M	MainProjects/Algebraic-Jacobian-Challenge-Rebuild/hgraph/nodes/1fd33f1bc053.md
M	MainProjects/Algebraic-Jacobian-Challenge-Rebuild/hgraph/nodes/1fd54ab938d9.md
M	MainProjects/Algebraic-Jacobian-Challenge-Rebuild/hgraph/nodes/1fea3c83b8e3.md
M	MainProjects/Algebraic-Jacobian-Challenge-Rebuild/hgraph/nodes/1ff1798894a6.md
M	MainProjects/Algebraic-Jacobian-Challenge-Rebuild/hgraph/nodes/1ff5a497c451.md
M	MainProjects/Algebraic-Jacobian-Challenge-Rebuild/hgraph/nodes/200cc7d74a39.md
M	MainProjects/Algebraic-Jacobian-Challenge-Rebuild/hgraph/nodes/2018df4bf058.md
M	MainProjects/Algebraic-Jacobian-Challenge-Rebuild/hgraph/nodes/202fe3c1480e.md
M	MainProjects/Algebraic-Jacobian-Challenge-Rebuild/hgraph/nodes/2033b0dcac1b.md
M	MainProjects/Algebraic-Jacobian-Challenge-Rebuild/hgraph/nodes/20388733672b.md
D	MainProjects/Algebraic-Jacobian-Challenge-Rebuild/hgraph/nodes/203bbefc5618.md
M	MainProjects/Algebraic-Jacobian-Challenge-Rebuild/hgraph/nodes/205d6ca4ca2f.md
M	MainProjects/Algebraic-Jacobian-Challenge-Rebuild/hgraph/nodes/2065e297086e.md
M	MainProjects/Algebraic-Jacobian-Challenge-Rebuild/hgraph/nodes/206ad675d70f.md
M	MainProjects/Algebraic-Jacobian-Challenge-Rebuild/hgraph/nodes/206eb3bf75f0.md
M	MainProjects/Algebraic-Jacobian-Challenge-Rebuild/hgraph/nodes/208551fe93cd.md
M	MainProjects/Algebraic-Jacobian-Challenge-Rebuild/hgraph/nodes/2086cfcfbd53.md
M	MainProjects/Algebraic-Jacobian-Challenge-Rebuild/hgraph/nodes/208b3c84d524.md
M	MainProjects/Algebraic-Jacobian-Challenge-Rebuild/hgraph/nodes/20956fec2091.md
M	MainProjects/Algebraic-Jacobian-Challenge-Rebuild/hgraph/nodes/2096cd16eac4.md
M	MainProjects/Algebraic-Jacobian-Challenge-Rebuild/hgraph/nodes/20978ff9a175.md
M	MainProjects/Algebraic-Jacobian-Challenge-Rebuild/hgraph/nodes/209eafe4d5f2.md
M	MainProjects/Algebraic-Jacobian-Challenge-Rebuild/hgraph/nodes/20af54a9764d.md
M	MainProjects/Algebraic-Jacobian-Challenge-Rebuild/hgraph/nodes/20b02be9a195.md
M	MainProjects/Algebraic-Jacobian-Challenge-Rebuild/hgraph/nodes/20b668811a7a.md
M	MainProjects/Algebraic-Jacobian-Challenge-Rebuild/hgraph/nodes/20b70706dce6.md
M	MainProjects/Algebraic-Jacobian-Challenge-Rebuild/hgraph/nodes/20b77d5a3845.md
M	MainProjects/Algebraic-Jacobian-Challenge-Rebuild/hgraph/nodes/20c054aaaf6d.md
M	MainProjects/Algebraic-Jacobian-Challenge-Rebuild/hgraph/nodes/20c0a01c2ee8.md
M	MainProjects/Algebraic-Jacobian-Challenge-Rebuild/hgraph/nodes/20c1e27eeb93.md
M	MainProjects/Algebraic-Jacobian-Challenge-Rebuild/hgraph/nodes/20c5e5b1aa4f.md
M	MainProjects/Algebraic-Jacobian-Challenge-Rebuild/hgraph/nodes/20d3be2eef35.md
M	MainProjects/Algebraic-Jacobian-Challenge-Rebuild/hgraph/nodes/20da993ce99e.md
M	MainProjects/Algebraic-Jacobian-Challenge-Rebuild/hgraph/nodes/20dd3dce3713.md
M	MainProjects/Algebraic-Jacobian-Challenge-Rebuild/hgraph/nodes/20e5ae9c95ba.md
M	MainProjects/Algebraic-Jacobian-Challenge-Rebuild/hgraph/nodes/20e6e01b4940.md
M	MainProjects/Algebraic-Jacobian-Challenge-Rebuild/hgraph/nodes/20eb272f3cc4.md
M	MainProjects/Algebraic-Jacobian-Challenge-Rebuild/hgraph/nodes/20f0a755146b.md
M	MainProjects/Algebraic-Jacobian-Challenge-Rebuild/hgraph/nodes/210378a1ecb0.md
M	MainProjects/Algebraic-Jacobian-Challenge-Rebuild/hgraph/nodes/210c6ab2f1b7.md
M	MainProjects/Algebraic-Jacobian-Challenge-Rebuild/hgraph/nodes/21158c16ec3f.md
M	MainProjects/Algebraic-Jacobian-Challenge-Rebuild/hgraph/nodes/21175cba37a0.md
M	MainProjects/Algebraic-Jacobian-Challenge-Rebuild/hgraph/nodes/211cc2aa2481.md
M	MainProjects/Algebraic-Jacobian-Challenge-Rebuild/hgraph/nodes/211de955e4bb.md
M	MainProjects/Algebraic-Jacobian-Challenge-Rebuild/hgraph/nodes/211f681d3ae5.md
M	MainProjects/Algebraic-Jacobian-Challenge-Rebuild/hgraph/nodes/212025a52f94.md
M	MainProjects/Algebraic-Jacobian-Challenge-Rebuild/hgraph/nodes/2122663fa830.md
M	MainProjects/Algebraic-Jacobian-Challenge-Rebuild/hgraph/nodes/2124a0924a4b.md
M	MainProjects/Algebraic-Jacobian-Challenge-Rebuild/hgraph/nodes/21290b44c8c8.md
M	MainProjects/Algebraic-Jacobian-Challenge-Rebuild/hgraph/nodes/212c26d849c2.md
M	MainProjects/Algebraic-Jacobian-Challenge-Rebuild/hgraph/nodes/21315c463d7b.md
M	MainProjects/Algebraic-Jacobian-Challenge-Rebuild/hgraph/nodes/2138167af3ac.md
M	MainProjects/Algebraic-Jacobian-Challenge-Rebuild/hgraph/nodes/2138f2b044e3.md
M	MainProjects/Algebraic-Jacobian-Challenge-Rebuild/hgraph/nodes/21395de6d4de.md
M	MainProjects/Algebraic-Jacobian-Challenge-Rebuild/hgraph/nodes/213f30e5ebb4.md
M	MainProjects/Algebraic-Jacobian-Challenge-Rebuild/hgraph/nodes/216627412c34.md
M	MainProjects/Algebraic-Jacobian-Challenge-Rebuild/hgraph/nodes/21714524c2c6.md
M	MainProjects/Algebraic-Jacobian-Challenge-Rebuild/hgraph/nodes/21741aa4b47e.md
M	MainProjects/Algebraic-Jacobian-Challenge-Rebuild/hgraph/nodes/2176f88ed658.md
M	MainProjects/Algebraic-Jacobian-Challenge-Rebuild/hgraph/nodes/2186876d273b.md
M	MainProjects/Algebraic-Jacobian-Challenge-Rebuild/hgraph/nodes/218983f7ee68.md
M	MainProjects/Algebraic-Jacobian-Challenge-Rebuild/hgraph/nodes/218e458ba876.md
M	MainProjects/Algebraic-Jacobian-Challenge-Rebuild/hgraph/nodes/219948a53bec.md
M	MainProjects/Algebraic-Jacobian-Challenge-Rebuild/hgraph/nodes/21a1e0e3405c.md
M	MainProjects/Algebraic-Jacobian-Challenge-Rebuild/hgraph/nodes/21a54147eb46.md
M	MainProjects/Algebraic-Jacobian-Challenge-Rebuild/hgraph/nodes/21aed5352342.md
M	MainProjects/Algebraic-Jacobian-Challenge-Rebuild/hgraph/nodes/21b335b3ae3f.md
M	MainProjects/Algebraic-Jacobian-Challenge-Rebuild/hgraph/nodes/21b60aa8c2a2.md
M	MainProjects/Algebraic-Jacobian-Challenge-Rebuild/hgraph/nodes/21b6a6ad0700.md
M	MainProjects/Algebraic-Jacobian-Challenge-Rebuild/hgraph/nodes/21c39104a490.md
M	MainProjects/Algebraic-Jacobian-Challenge-Rebuild/hgraph/nodes/21da24be3c14.md
M	MainProjects/Algebraic-Jacobian-Challenge-Rebuild/hgraph/nodes/21de0567bd7b.md
M	MainProjects/Algebraic-Jacobian-Challenge-Rebuild/hgraph/nodes/21e03d8f0946.md
M	MainProjects/Algebraic-Jacobian-Challenge-Rebuild/hgraph/nodes/21ed8201c166.md
M	MainProjects/Algebraic-Jacobian-Challenge-Rebuild/hgraph/nodes/21f862652c49.md
M	MainProjects/Algebraic-Jacobian-Challenge-Rebuild/hgraph/nodes/22023b8e0b79.md
M	MainProjects/Algebraic-Jacobian-Challenge-Rebuild/hgraph/nodes/2205095c82b2.md
M	MainProjects/Algebraic-Jacobian-Challenge-Rebuild/hgraph/nodes/220b4dcfaa95.md
M	MainProjects/Algebraic-Jacobian-Challenge-Rebuild/hgraph/nodes/2218961c2382.md
M	MainProjects/Algebraic-Jacobian-Challenge-Rebuild/hgraph/nodes/2220af6a0154.md
M	MainProjects/Algebraic-Jacobian-Challenge-Rebuild/hgraph/nodes/222a590d83ce.md
M	MainProjects/Algebraic-Jacobian-Challenge-Rebuild/hgraph/nodes/222c6263626e.md
M	MainProjects/Algebraic-Jacobian-Challenge-Rebuild/hgraph/nodes/2233c8db5196.md
M	MainProjects/Algebraic-Jacobian-Challenge-Rebuild/hgraph/nodes/2238d8aa497b.md
M	MainProjects/Algebraic-Jacobian-Challenge-Rebuild/hgraph/nodes/225a005a7b2c.md
M	MainProjects/Algebraic-Jacobian-Challenge-Rebuild/hgraph/nodes/2261f811b7a5.md
M	MainProjects/Algebraic-Jacobian-Challenge-Rebuild/hgraph/nodes/226686f9390c.md
M	MainProjects/Algebraic-Jacobian-Challenge-Rebuild/hgraph/nodes/226df33f0b04.md
M	MainProjects/Algebraic-Jacobian-Challenge-Rebuild/hgraph/nodes/2272ff44b8d5.md
M	MainProjects/Algebraic-Jacobian-Challenge-Rebuild/hgraph/nodes/22790ced0d47.md
M	MainProjects/Algebraic-Jacobian-Challenge-Rebuild/hgraph/nodes/22a5c8c43664.md
M	MainProjects/Algebraic-Jacobian-Challenge-Rebuild/hgraph/nodes/22bc1dd0834b.md
M	MainProjects/Algebraic-Jacobian-Challenge-Rebuild/hgraph/nodes/22bceac2d663.md
M	MainProjects/Algebraic-Jacobian-Challenge-Rebuild/hgraph/nodes/22c1d9ccf451.md
M	MainProjects/Algebraic-Jacobian-Challenge-Rebuild/hgraph/nodes/22c38d18b558.md
M	MainProjects/Algebraic-Jacobian-Challenge-Rebuild/hgraph/nodes/22c60f37567e.md
M	MainProjects/Algebraic-Jacobian-Challenge-Rebuild/hgraph/nodes/22e304425b0e.md
M	MainProjects/Algebraic-Jacobian-Challenge-Rebuild/hgraph/nodes/230f0c63c418.md
M	MainProjects/Algebraic-Jacobian-Challenge-Rebuild/hgraph/nodes/230f1780f750.md
M	MainProjects/Algebraic-Jacobian-Challenge-Rebuild/hgraph/nodes/2311ad5e5609.md
M	MainProjects/Algebraic-Jacobian-Challenge-Rebuild/hgraph/nodes/23128cd8241d.md
M	MainProjects/Algebraic-Jacobian-Challenge-Rebuild/hgraph/nodes/2318da64b808.md
M	MainProjects/Algebraic-Jacobian-Challenge-Rebuild/hgraph/nodes/2320c137b6b7.md
M	MainProjects/Algebraic-Jacobian-Challenge-Rebuild/hgraph/nodes/233c4417f8b3.md
M	MainProjects/Algebraic-Jacobian-Challenge-Rebuild/hgraph/nodes/234c99b0e7c2.md
M	MainProjects/Algebraic-Jacobian-Challenge-Rebuild/hgraph/nodes/23562c8d1c0c.md
M	MainProjects/Algebraic-Jacobian-Challenge-Rebuild/hgraph/nodes/2357e9a671c9.md
M	MainProjects/Algebraic-Jacobian-Challenge-Rebuild/hgraph/nodes/235919840317.md
M	MainProjects/Algebraic-Jacobian-Challenge-Rebuild/hgraph/nodes/235cda26584a.md
M	MainProjects/Algebraic-Jacobian-Challenge-Rebuild/hgraph/nodes/236a978b84bb.md
M	MainProjects/Algebraic-Jacobian-Challenge-Rebuild/hgraph/nodes/2379ef86451a.md
M	MainProjects/Algebraic-Jacobian-Challenge-Rebuild/hgraph/nodes/237da5f9aa9a.md
M	MainProjects/Algebraic-Jacobian-Challenge-Rebuild/hgraph/nodes/237fb835857b.md
M	MainProjects/Algebraic-Jacobian-Challenge-Rebuild/hgraph/nodes/2388d9cd8169.md
M	MainProjects/Algebraic-Jacobian-Challenge-Rebuild/hgraph/nodes/238f62f6dda9.md
M	MainProjects/Algebraic-Jacobian-Challenge-Rebuild/hgraph/nodes/239af6c89d58.md
M	MainProjects/Algebraic-Jacobian-Challenge-Rebuild/hgraph/nodes/239df082a69f.md
M	MainProjects/Algebraic-Jacobian-Challenge-Rebuild/hgraph/nodes/23ba67743449.md
M	MainProjects/Algebraic-Jacobian-Challenge-Rebuild/hgraph/nodes/23bdcbd3bfd9.md
M	MainProjects/Algebraic-Jacobian-Challenge-Rebuild/hgraph/nodes/23be5264d334.md
M	MainProjects/Algebraic-Jacobian-Challenge-Rebuild/hgraph/nodes/23c01061ceef.md
M	MainProjects/Algebraic-Jacobian-Challenge-Rebuild/hgraph/nodes/23cfd8660394.md
M	MainProjects/Algebraic-Jacobian-Challenge-Rebuild/hgraph/nodes/23e05e320bdc.md
M	MainProjects/Algebraic-Jacobian-Challenge-Rebuild/hgraph/nodes/23ee3b3bf387.md
M	MainProjects/Algebraic-Jacobian-Challenge-Rebuild/hgraph/nodes/23f74630fbc7.md
M	MainProjects/Algebraic-Jacobian-Challenge-Rebuild/hgraph/nodes/2403f3688068.md
M	MainProjects/Algebraic-Jacobian-Challenge-Rebuild/hgraph/nodes/240421f525f0.md
M	MainProjects/Algebraic-Jacobian-Challenge-Rebuild/hgraph/nodes/2415489c75fa.md
M	MainProjects/Algebraic-Jacobian-Challenge-Rebuild/hgraph/nodes/242c245c168e.md
M	MainProjects/Algebraic-Jacobian-Challenge-Rebuild/hgraph/nodes/242d9f07b5d5.md
M	MainProjects/Algebraic-Jacobian-Challenge-Rebuild/hgraph/nodes/2433d7f7ee25.md
M	MainProjects/Algebraic-Jacobian-Challenge-Rebuild/hgraph/nodes/2436efb7af5e.md
M	MainProjects/Algebraic-Jacobian-Challenge-Rebuild/hgraph/nodes/2444a88c2ba8.md
M	MainProjects/Algebraic-Jacobian-Challenge-Rebuild/hgraph/nodes/2449f5561962.md
M	MainProjects/Algebraic-Jacobian-Challenge-Rebuild/hgraph/nodes/244b5a6f6320.md
M	MainProjects/Algebraic-Jacobian-Challenge-Rebuild/hgraph/nodes/2454a2365ba1.md
M	MainProjects/Algebraic-Jacobian-Challenge-Rebuild/hgraph/nodes/24636e46718c.md
M	MainProjects/Algebraic-Jacobian-Challenge-Rebuild/hgraph/nodes/246f5aa03f84.md
M	MainProjects/Algebraic-Jacobian-Challenge-Rebuild/hgraph/nodes/2473f67d88c0.md
M	MainProjects/Algebraic-Jacobian-Challenge-Rebuild/hgraph/nodes/2476e41c27ab.md
M	MainProjects/Algebraic-Jacobian-Challenge-Rebuild/hgraph/nodes/24908e656892.md
M	MainProjects/Algebraic-Jacobian-Challenge-Rebuild/hgraph/nodes/24943ad8c517.md
M	MainProjects/Algebraic-Jacobian-Challenge-Rebuild/hgraph/nodes/249cb160975a.md
M	MainProjects/Algebraic-Jacobian-Challenge-Rebuild/hgraph/nodes/24a1c2428d85.md
M	MainProjects/Algebraic-Jacobian-Challenge-Rebuild/hgraph/nodes/24aedfa147c2.md
M	MainProjects/Algebraic-Jacobian-Challenge-Rebuild/hgraph/nodes/24bb80c29331.md
M	MainProjects/Algebraic-Jacobian-Challenge-Rebuild/hgraph/nodes/24c04bc04cb1.md
M	MainProjects/Algebraic-Jacobian-Challenge-Rebuild/hgraph/nodes/24c0afe8e510.md
M	MainProjects/Algebraic-Jacobian-Challenge-Rebuild/hgraph/nodes/24cb9d8ebd5b.md
M	MainProjects/Algebraic-Jacobian-Challenge-Rebuild/hgraph/nodes/24db6eb5cd7e.md
M	MainProjects/Algebraic-Jacobian-Challenge-Rebuild/hgraph/nodes/24de97108f8f.md
M	MainProjects/Algebraic-Jacobian-Challenge-Rebuild/hgraph/nodes/24de9e309436.md
M	MainProjects/Algebraic-Jacobian-Challenge-Rebuild/hgraph/nodes/24e2749f4d93.md
M	MainProjects/Algebraic-Jacobian-Challenge-Rebuild/hgraph/nodes/24e67582da04.md
M	MainProjects/Algebraic-Jacobian-Challenge-Rebuild/hgraph/nodes/24ef1ed8c258.md
M	MainProjects/Algebraic-Jacobian-Challenge-Rebuild/hgraph/nodes/24f1104648b5.md
M	MainProjects/Algebraic-Jacobian-Challenge-Rebuild/hgraph/nodes/24f1ee4c1961.md
M	MainProjects/Algebraic-Jacobian-Challenge-Rebuild/hgraph/nodes/24f33c08f9be.md
M	MainProjects/Algebraic-Jacobian-Challenge-Rebuild/hgraph/nodes/24f96c70bfbc.md
M	MainProjects/Algebraic-Jacobian-Challenge-Rebuild/hgraph/nodes/25105ad21c3a.md
M	MainProjects/Algebraic-Jacobian-Challenge-Rebuild/hgraph/nodes/2530ff00d491.md
M	MainProjects/Algebraic-Jacobian-Challenge-Rebuild/hgraph/nodes/2531a25b4d6f.md
M	MainProjects/Algebraic-Jacobian-Challenge-Rebuild/hgraph/nodes/253b9f0c8e45.md
M	MainProjects/Algebraic-Jacobian-Challenge-Rebuild/hgraph/nodes/2548b4b738e0.md
M	MainProjects/Algebraic-Jacobian-Challenge-Rebuild/hgraph/nodes/254caaf6c97c.md
M	MainProjects/Algebraic-Jacobian-Challenge-Rebuild/hgraph/nodes/254e81762999.md
M	MainProjects/Algebraic-Jacobian-Challenge-Rebuild/hgraph/nodes/2559d352eb5f.md
M	MainProjects/Algebraic-Jacobian-Challenge-Rebuild/hgraph/nodes/255cced4e6b7.md
M	MainProjects/Algebraic-Jacobian-Challenge-Rebuild/hgraph/nodes/2570b87eee72.md
M	MainProjects/Algebraic-Jacobian-Challenge-Rebuild/hgraph/nodes/2576b660e2d8.md
M	MainProjects/Algebraic-Jacobian-Challenge-Rebuild/hgraph/nodes/257eecae67cf.md
M	MainProjects/Algebraic-Jacobian-Challenge-Rebuild/hgraph/nodes/25887406c561.md
M	MainProjects/Algebraic-Jacobian-Challenge-Rebuild/hgraph/nodes/2596bc55ba5b.md
M	MainProjects/Algebraic-Jacobian-Challenge-Rebuild/hgraph/nodes/25a511babadb.md
M	MainProjects/Algebraic-Jacobian-Challenge-Rebuild/hgraph/nodes/25ac743cde68.md
M	MainProjects/Algebraic-Jacobian-Challenge-Rebuild/hgraph/nodes/25b1f9b1c873.md
M	MainProjects/Algebraic-Jacobian-Challenge-Rebuild/hgraph/nodes/25ca958ce3f5.md
M	MainProjects/Algebraic-Jacobian-Challenge-Rebuild/hgraph/nodes/25cdb0cc7ba9.md
M	MainProjects/Algebraic-Jacobian-Challenge-Rebuild/hgraph/nodes/25cedd053a11.md
M	MainProjects/Algebraic-Jacobian-Challenge-Rebuild/hgraph/nodes/25d00a3550ea.md
M	MainProjects/Algebraic-Jacobian-Challenge-Rebuild/hgraph/nodes/25d100069980.md
M	MainProjects/Algebraic-Jacobian-Challenge-Rebuild/hgraph/nodes/25dd2190991e.md
M	MainProjects/Algebraic-Jacobian-Challenge-Rebuild/hgraph/nodes/25e42e56d7ea.md
M	MainProjects/Algebraic-Jacobian-Challenge-Rebuild/hgraph/nodes/25e6aa55ef82.md
M	MainProjects/Algebraic-Jacobian-Challenge-Rebuild/hgraph/nodes/25f6898dd29b.md
M	MainProjects/Algebraic-Jacobian-Challenge-Rebuild/hgraph/nodes/25fe83c3b095.md
M	MainProjects/Algebraic-Jacobian-Challenge-Rebuild/hgraph/nodes/260739a75bd7.md
M	MainProjects/Algebraic-Jacobian-Challenge-Rebuild/hgraph/nodes/260857a63e8d.md
M	MainProjects/Algebraic-Jacobian-Challenge-Rebuild/hgraph/nodes/2616c6514bbe.md
M	MainProjects/Algebraic-Jacobian-Challenge-Rebuild/hgraph/nodes/2618820bcb9b.md
M	MainProjects/Algebraic-Jacobian-Challenge-Rebuild/hgraph/nodes/2619060c5ce3.md
M	MainProjects/Algebraic-Jacobian-Challenge-Rebuild/hgraph/nodes/261ee11e7da2.md
M	MainProjects/Algebraic-Jacobian-Challenge-Rebuild/hgraph/nodes/262409e0bf2a.md
M	MainProjects/Algebraic-Jacobian-Challenge-Rebuild/hgraph/nodes/2625af0a2062.md
M	MainProjects/Algebraic-Jacobian-Challenge-Rebuild/hgraph/nodes/262696e3d465.md
M	MainProjects/Algebraic-Jacobian-Challenge-Rebuild/hgraph/nodes/26287dc1b65c.md
M	MainProjects/Algebraic-Jacobian-Challenge-Rebuild/hgraph/nodes/262b8007cdb8.md
M	MainProjects/Algebraic-Jacobian-Challenge-Rebuild/hgraph/nodes/262ce04af604.md
M	MainProjects/Algebraic-Jacobian-Challenge-Rebuild/hgraph/nodes/262fcbee0aa9.md
M	MainProjects/Algebraic-Jacobian-Challenge-Rebuild/hgraph/nodes/2631f89ef184.md
M	MainProjects/Algebraic-Jacobian-Challenge-Rebuild/hgraph/nodes/263945118e15.md
M	MainProjects/Algebraic-Jacobian-Challenge-Rebuild/hgraph/nodes/263ee607305a.md
M	MainProjects/Algebraic-Jacobian-Challenge-Rebuild/hgraph/nodes/263f52711250.md
M	MainProjects/Algebraic-Jacobian-Challenge-Rebuild/hgraph/nodes/2650ec8f0f51.md
M	MainProjects/Algebraic-Jacobian-Challenge-Rebuild/hgraph/nodes/265652ff0bc1.md
M	MainProjects/Algebraic-Jacobian-Challenge-Rebuild/hgraph/nodes/26582604fe3c.md
M	MainProjects/Algebraic-Jacobian-Challenge-Rebuild/hgraph/nodes/26595e0610c7.md
M	MainProjects/Algebraic-Jacobian-Challenge-Rebuild/hgraph/nodes/265bbbd0762e.md
M	MainProjects/Algebraic-Jacobian-Challenge-Rebuild/hgraph/nodes/266b8882f142.md
M	MainProjects/Algebraic-Jacobian-Challenge-Rebuild/hgraph/nodes/267016acc22f.md
M	MainProjects/Algebraic-Jacobian-Challenge-Rebuild/hgraph/nodes/267127a78896.md
M	MainProjects/Algebraic-Jacobian-Challenge-Rebuild/hgraph/nodes/267efe141bd1.md
M	MainProjects/Algebraic-Jacobian-Challenge-Rebuild/hgraph/nodes/2681652cf30c.md
M	MainProjects/Algebraic-Jacobian-Challenge-Rebuild/hgraph/nodes/268a7b3967da.md
M	MainProjects/Algebraic-Jacobian-Challenge-Rebuild/hgraph/nodes/269240464909.md
M	MainProjects/Algebraic-Jacobian-Challenge-Rebuild/hgraph/nodes/2693cb310c3e.md
M	MainProjects/Algebraic-Jacobian-Challenge-Rebuild/hgraph/nodes/26a672897169.md
M	MainProjects/Algebraic-Jacobian-Challenge-Rebuild/hgraph/nodes/26a80f9a2e72.md
M	MainProjects/Algebraic-Jacobian-Challenge-Rebuild/hgraph/nodes/26aaebba7d34.md
M	MainProjects/Algebraic-Jacobian-Challenge-Rebuild/hgraph/nodes/26abd7f0ef80.md
M	MainProjects/Algebraic-Jacobian-Challenge-Rebuild/hgraph/nodes/26ba8d420792.md
M	MainProjects/Algebraic-Jacobian-Challenge-Rebuild/hgraph/nodes/26c58e8b874d.md
M	MainProjects/Algebraic-Jacobian-Challenge-Rebuild/hgraph/nodes/26d4ab22d85b.md
M	MainProjects/Algebraic-Jacobian-Challenge-Rebuild/hgraph/nodes/26d5b91e67ae.md
M	MainProjects/Algebraic-Jacobian-Challenge-Rebuild/hgraph/nodes/26d678f3a7f5.md
M	MainProjects/Algebraic-Jacobian-Challenge-Rebuild/hgraph/nodes/26daa1192153.md
M	MainProjects/Algebraic-Jacobian-Challenge-Rebuild/hgraph/nodes/26decc4c4ca2.md
M	MainProjects/Algebraic-Jacobian-Challenge-Rebuild/hgraph/nodes/26e601282a71.md
M	MainProjects/Algebraic-Jacobian-Challenge-Rebuild/hgraph/nodes/26f3962e8b7e.md
M	MainProjects/Algebraic-Jacobian-Challenge-Rebuild/hgraph/nodes/26fa31192656.md
M	MainProjects/Algebraic-Jacobian-Challenge-Rebuild/hgraph/nodes/26fd259c523e.md
M	MainProjects/Algebraic-Jacobian-Challenge-Rebuild/hgraph/nodes/26fd9f3c9131.md
M	MainProjects/Algebraic-Jacobian-Challenge-Rebuild/hgraph/nodes/2719b2d991b4.md
M	MainProjects/Algebraic-Jacobian-Challenge-Rebuild/hgraph/nodes/271a3b134e5f.md
M	MainProjects/Algebraic-Jacobian-Challenge-Rebuild/hgraph/nodes/27223d1684a3.md
M	MainProjects/Algebraic-Jacobian-Challenge-Rebuild/hgraph/nodes/2723fc0f4faf.md
M	MainProjects/Algebraic-Jacobian-Challenge-Rebuild/hgraph/nodes/272aee0c9902.md
M	MainProjects/Algebraic-Jacobian-Challenge-Rebuild/hgraph/nodes/272d5185c800.md
M	MainProjects/Algebraic-Jacobian-Challenge-Rebuild/hgraph/nodes/272fd761af56.md
M	MainProjects/Algebraic-Jacobian-Challenge-Rebuild/hgraph/nodes/2733df5f7004.md
M	MainProjects/Algebraic-Jacobian-Challenge-Rebuild/hgraph/nodes/2743a351c624.md
M	MainProjects/Algebraic-Jacobian-Challenge-Rebuild/hgraph/nodes/275296cef672.md
M	MainProjects/Algebraic-Jacobian-Challenge-Rebuild/hgraph/nodes/2752b6a1042e.md
M	MainProjects/Algebraic-Jacobian-Challenge-Rebuild/hgraph/nodes/275307125864.md
M	MainProjects/Algebraic-Jacobian-Challenge-Rebuild/hgraph/nodes/2761587ae5c8.md
M	MainProjects/Algebraic-Jacobian-Challenge-Rebuild/hgraph/nodes/2764d990d794.md
M	MainProjects/Algebraic-Jacobian-Challenge-Rebuild/hgraph/nodes/27699a7aef03.md
M	MainProjects/Algebraic-Jacobian-Challenge-Rebuild/hgraph/nodes/2776e831e439.md
M	MainProjects/Algebraic-Jacobian-Challenge-Rebuild/hgraph/nodes/2777a5373130.md
M	MainProjects/Algebraic-Jacobian-Challenge-Rebuild/hgraph/nodes/277fc8b95d48.md
M	MainProjects/Algebraic-Jacobian-Challenge-Rebuild/hgraph/nodes/2783dad974c8.md
M	MainProjects/Algebraic-Jacobian-Challenge-Rebuild/hgraph/nodes/27872c12d1b7.md
M	MainProjects/Algebraic-Jacobian-Challenge-Rebuild/hgraph/nodes/278eb95467e3.md
M	MainProjects/Algebraic-Jacobian-Challenge-Rebuild/hgraph/nodes/2792cc6eb6d9.md
M	MainProjects/Algebraic-Jacobian-Challenge-Rebuild/hgraph/nodes/2795e70b5459.md
M	MainProjects/Algebraic-Jacobian-Challenge-Rebuild/hgraph/nodes/27a1ec857137.md
M	MainProjects/Algebraic-Jacobian-Challenge-Rebuild/hgraph/nodes/27a64d70c92f.md
M	MainProjects/Algebraic-Jacobian-Challenge-Rebuild/hgraph/nodes/27b105ae894f.md
M	MainProjects/Algebraic-Jacobian-Challenge-Rebuild/hgraph/nodes/27b4282688bc.md
M	MainProjects/Algebraic-Jacobian-Challenge-Rebuild/hgraph/nodes/27baee14431f.md
M	MainProjects/Algebraic-Jacobian-Challenge-Rebuild/hgraph/nodes/27d63b5feaeb.md
M	MainProjects/Algebraic-Jacobian-Challenge-Rebuild/hgraph/nodes/27dccda46104.md
M	MainProjects/Algebraic-Jacobian-Challenge-Rebuild/hgraph/nodes/27e8a84730c9.md
M	MainProjects/Algebraic-Jacobian-Challenge-Rebuild/hgraph/nodes/27eb827a9ec6.md
M	MainProjects/Algebraic-Jacobian-Challenge-Rebuild/hgraph/nodes/27ebdbb97d87.md
M	MainProjects/Algebraic-Jacobian-Challenge-Rebuild/hgraph/nodes/27f2c1e18dac.md
M	MainProjects/Algebraic-Jacobian-Challenge-Rebuild/hgraph/nodes/27f535348f36.md
M	MainProjects/Algebraic-Jacobian-Challenge-Rebuild/hgraph/nodes/27f691c994ae.md
M	MainProjects/Algebraic-Jacobian-Challenge-Rebuild/hgraph/nodes/27fff02c79d0.md
M	MainProjects/Algebraic-Jacobian-Challenge-Rebuild/hgraph/nodes/282c3a9304c4.md
M	MainProjects/Algebraic-Jacobian-Challenge-Rebuild/hgraph/nodes/282e7c04b120.md
M	MainProjects/Algebraic-Jacobian-Challenge-Rebuild/hgraph/nodes/282fcf437924.md
M	MainProjects/Algebraic-Jacobian-Challenge-Rebuild/hgraph/nodes/2830ddb8073c.md
M	MainProjects/Algebraic-Jacobian-Challenge-Rebuild/hgraph/nodes/2838eba0e4e9.md
M	MainProjects/Algebraic-Jacobian-Challenge-Rebuild/hgraph/nodes/284857fea7b7.md
M	MainProjects/Algebraic-Jacobian-Challenge-Rebuild/hgraph/nodes/284f230da06c.md
M	MainProjects/Algebraic-Jacobian-Challenge-Rebuild/hgraph/nodes/285f06434eb0.md
M	MainProjects/Algebraic-Jacobian-Challenge-Rebuild/hgraph/nodes/2864e907d1b1.md
M	MainProjects/Algebraic-Jacobian-Challenge-Rebuild/hgraph/nodes/2869f851aaf0.md
M	MainProjects/Algebraic-Jacobian-Challenge-Rebuild/hgraph/nodes/2870769ee1ae.md
M	MainProjects/Algebraic-Jacobian-Challenge-Rebuild/hgraph/nodes/2871b68f0ef4.md
M	MainProjects/Algebraic-Jacobian-Challenge-Rebuild/hgraph/nodes/28766ee39269.md
M	MainProjects/Algebraic-Jacobian-Challenge-Rebuild/hgraph/nodes/288837cee7fc.md
M	MainProjects/Algebraic-Jacobian-Challenge-Rebuild/hgraph/nodes/2893b926103d.md
M	MainProjects/Algebraic-Jacobian-Challenge-Rebuild/hgraph/nodes/2897e90389cc.md
M	MainProjects/Algebraic-Jacobian-Challenge-Rebuild/hgraph/nodes/28b2d1a0a992.md
M	MainProjects/Algebraic-Jacobian-Challenge-Rebuild/hgraph/nodes/28d5977a619a.md
M	MainProjects/Algebraic-Jacobian-Challenge-Rebuild/hgraph/nodes/28de0b06221a.md
M	MainProjects/Algebraic-Jacobian-Challenge-Rebuild/hgraph/nodes/28de2f65f3f8.md
M	MainProjects/Algebraic-Jacobian-Challenge-Rebuild/hgraph/nodes/28de4382796e.md
M	MainProjects/Algebraic-Jacobian-Challenge-Rebuild/hgraph/nodes/28e7c508d724.md
M	MainProjects/Algebraic-Jacobian-Challenge-Rebuild/hgraph/nodes/28ee49615f02.md
M	MainProjects/Algebraic-Jacobian-Challenge-Rebuild/hgraph/nodes/28f69bee6e24.md
M	MainProjects/Algebraic-Jacobian-Challenge-Rebuild/hgraph/nodes/28fe240014e5.md
M	MainProjects/Algebraic-Jacobian-Challenge-Rebuild/hgraph/nodes/2904ed93033a.md
D	MainProjects/Algebraic-Jacobian-Challenge-Rebuild/hgraph/nodes/2909096df1fb.md
M	MainProjects/Algebraic-Jacobian-Challenge-Rebuild/hgraph/nodes/2914271ca234.md
M	MainProjects/Algebraic-Jacobian-Challenge-Rebuild/hgraph/nodes/29190263888c.md
M	MainProjects/Algebraic-Jacobian-Challenge-Rebuild/hgraph/nodes/291c5bad5395.md
M	MainProjects/Algebraic-Jacobian-Challenge-Rebuild/hgraph/nodes/291e69578168.md
M	MainProjects/Algebraic-Jacobian-Challenge-Rebuild/hgraph/nodes/292be3a48ed6.md
M	MainProjects/Algebraic-Jacobian-Challenge-Rebuild/hgraph/nodes/292dbaa646bf.md
M	MainProjects/Algebraic-Jacobian-Challenge-Rebuild/hgraph/nodes/29320d9c0de8.md
M	MainProjects/Algebraic-Jacobian-Challenge-Rebuild/hgraph/nodes/2938542714f7.md
M	MainProjects/Algebraic-Jacobian-Challenge-Rebuild/hgraph/nodes/29401531f37c.md
M	MainProjects/Algebraic-Jacobian-Challenge-Rebuild/hgraph/nodes/294f009eab67.md
M	MainProjects/Algebraic-Jacobian-Challenge-Rebuild/hgraph/nodes/29603344cf9f.md
M	MainProjects/Algebraic-Jacobian-Challenge-Rebuild/hgraph/nodes/296616db9b43.md
M	MainProjects/Algebraic-Jacobian-Challenge-Rebuild/hgraph/nodes/296bd70ca8df.md
M	MainProjects/Algebraic-Jacobian-Challenge-Rebuild/hgraph/nodes/299cb63e190b.md
M	MainProjects/Algebraic-Jacobian-Challenge-Rebuild/hgraph/nodes/299e8b2682da.md
M	MainProjects/Algebraic-Jacobian-Challenge-Rebuild/hgraph/nodes/29b1e8796fce.md
M	MainProjects/Algebraic-Jacobian-Challenge-Rebuild/hgraph/nodes/29cbaeea5ac9.md
M	MainProjects/Algebraic-Jacobian-Challenge-Rebuild/hgraph/nodes/29cd24b1c9a5.md
M	MainProjects/Algebraic-Jacobian-Challenge-Rebuild/hgraph/nodes/29cfedf183cd.md
M	MainProjects/Algebraic-Jacobian-Challenge-Rebuild/hgraph/nodes/29df15334363.md
M	MainProjects/Algebraic-Jacobian-Challenge-Rebuild/hgraph/nodes/29ee5dd62f08.md
M	MainProjects/Algebraic-Jacobian-Challenge-Rebuild/hgraph/nodes/29f73197a012.md
M	MainProjects/Algebraic-Jacobian-Challenge-Rebuild/hgraph/nodes/29f789133e06.md
M	MainProjects/Algebraic-Jacobian-Challenge-Rebuild/hgraph/nodes/29ff62d59343.md
M	MainProjects/Algebraic-Jacobian-Challenge-Rebuild/hgraph/nodes/2a0c82eb4918.md
M	MainProjects/Algebraic-Jacobian-Challenge-Rebuild/hgraph/nodes/2a1171c77296.md
M	MainProjects/Algebraic-Jacobian-Challenge-Rebuild/hgraph/nodes/2a152ff9d02f.md
M	MainProjects/Algebraic-Jacobian-Challenge-Rebuild/hgraph/nodes/2a3e00fedc91.md
M	MainProjects/Algebraic-Jacobian-Challenge-Rebuild/hgraph/nodes/2a45dac557e1.md
M	MainProjects/Algebraic-Jacobian-Challenge-Rebuild/hgraph/nodes/2a473fc64c5d.md
M	MainProjects/Algebraic-Jacobian-Challenge-Rebuild/hgraph/nodes/2a6bc8801ccc.md
M	MainProjects/Algebraic-Jacobian-Challenge-Rebuild/hgraph/nodes/2a6c6a2ca1f6.md
M	MainProjects/Algebraic-Jacobian-Challenge-Rebuild/hgraph/nodes/2a791a7614a9.md
M	MainProjects/Algebraic-Jacobian-Challenge-Rebuild/hgraph/nodes/2a7ab82ab9bb.md
M	MainProjects/Algebraic-Jacobian-Challenge-Rebuild/hgraph/nodes/2a7cea4b2a05.md
M	MainProjects/Algebraic-Jacobian-Challenge-Rebuild/hgraph/nodes/2a8aeea026f8.md
M	MainProjects/Algebraic-Jacobian-Challenge-Rebuild/hgraph/nodes/2a8ca2a24cb7.md
M	MainProjects/Algebraic-Jacobian-Challenge-Rebuild/hgraph/nodes/2a9f2cfb47b5.md
M	MainProjects/Algebraic-Jacobian-Challenge-Rebuild/hgraph/nodes/2a9fd2e8f137.md
M	MainProjects/Algebraic-Jacobian-Challenge-Rebuild/hgraph/nodes/2ab2b4f6af32.md
M	MainProjects/Algebraic-Jacobian-Challenge-Rebuild/hgraph/nodes/2ab80a38626d.md
M	MainProjects/Algebraic-Jacobian-Challenge-Rebuild/hgraph/nodes/2abe6fab83b7.md
M	MainProjects/Algebraic-Jacobian-Challenge-Rebuild/hgraph/nodes/2abf1ec1c131.md
M	MainProjects/Algebraic-Jacobian-Challenge-Rebuild/hgraph/nodes/2abf59f0f4a3.md
M	MainProjects/Algebraic-Jacobian-Challenge-Rebuild/hgraph/nodes/2ad2191fc3b1.md
M	MainProjects/Algebraic-Jacobian-Challenge-Rebuild/hgraph/nodes/2adb90752e7f.md
M	MainProjects/Algebraic-Jacobian-Challenge-Rebuild/hgraph/nodes/2aeb2c034002.md
M	MainProjects/Algebraic-Jacobian-Challenge-Rebuild/hgraph/nodes/2af8ea14f554.md
M	MainProjects/Algebraic-Jacobian-Challenge-Rebuild/hgraph/nodes/2b05382507bd.md
M	MainProjects/Algebraic-Jacobian-Challenge-Rebuild/hgraph/nodes/2b068b353866.md
M	MainProjects/Algebraic-Jacobian-Challenge-Rebuild/hgraph/nodes/2b0fef7321c1.md
M	MainProjects/Algebraic-Jacobian-Challenge-Rebuild/hgraph/nodes/2b12c50f4d28.md
M	MainProjects/Algebraic-Jacobian-Challenge-Rebuild/hgraph/nodes/2b13d02cd233.md
M	MainProjects/Algebraic-Jacobian-Challenge-Rebuild/hgraph/nodes/2b21afcf28a3.md
M	MainProjects/Algebraic-Jacobian-Challenge-Rebuild/hgraph/nodes/2b2750dcb376.md
M	MainProjects/Algebraic-Jacobian-Challenge-Rebuild/hgraph/nodes/2b34d743b7b4.md
M	MainProjects/Algebraic-Jacobian-Challenge-Rebuild/hgraph/nodes/2b3d0304d22f.md
M	MainProjects/Algebraic-Jacobian-Challenge-Rebuild/hgraph/nodes/2b539f31018f.md
M	MainProjects/Algebraic-Jacobian-Challenge-Rebuild/hgraph/nodes/2b5d8e86c7a7.md
M	MainProjects/Algebraic-Jacobian-Challenge-Rebuild/hgraph/nodes/2b752d47b445.md
M	MainProjects/Algebraic-Jacobian-Challenge-Rebuild/hgraph/nodes/2b765734fc5d.md
M	MainProjects/Algebraic-Jacobian-Challenge-Rebuild/hgraph/nodes/2b7775858efa.md
M	MainProjects/Algebraic-Jacobian-Challenge-Rebuild/hgraph/nodes/2b7de31e3e8c.md
M	MainProjects/Algebraic-Jacobian-Challenge-Rebuild/hgraph/nodes/2b8416a93402.md
M	MainProjects/Algebraic-Jacobian-Challenge-Rebuild/hgraph/nodes/2b89414db687.md
M	MainProjects/Algebraic-Jacobian-Challenge-Rebuild/hgraph/nodes/2b89e2cbf706.md
M	MainProjects/Algebraic-Jacobian-Challenge-Rebuild/hgraph/nodes/2b956273cb42.md
M	MainProjects/Algebraic-Jacobian-Challenge-Rebuild/hgraph/nodes/2b9c3e20aa87.md
M	MainProjects/Algebraic-Jacobian-Challenge-Rebuild/hgraph/nodes/2b9ce41a8b4f.md
M	MainProjects/Algebraic-Jacobian-Challenge-Rebuild/hgraph/nodes/2baa72190f08.md
M	MainProjects/Algebraic-Jacobian-Challenge-Rebuild/hgraph/nodes/2baf8792285d.md
M	MainProjects/Algebraic-Jacobian-Challenge-Rebuild/hgraph/nodes/2bbbdcb096b7.md
M	MainProjects/Algebraic-Jacobian-Challenge-Rebuild/hgraph/nodes/2bce513858c6.md
M	MainProjects/Algebraic-Jacobian-Challenge-Rebuild/hgraph/nodes/2bd77b6b3387.md
M	MainProjects/Algebraic-Jacobian-Challenge-Rebuild/hgraph/nodes/2bd83ba4431c.md
M	MainProjects/Algebraic-Jacobian-Challenge-Rebuild/hgraph/nodes/2bdf837410cf.md
M	MainProjects/Algebraic-Jacobian-Challenge-Rebuild/hgraph/nodes/2be25c33ad42.md
M	MainProjects/Algebraic-Jacobian-Challenge-Rebuild/hgraph/nodes/2bf3ac3a0982.md
M	MainProjects/Algebraic-Jacobian-Challenge-Rebuild/hgraph/nodes/2bfe33768c97.md
M	MainProjects/Algebraic-Jacobian-Challenge-Rebuild/hgraph/nodes/2bffdb25d133.md
M	MainProjects/Algebraic-Jacobian-Challenge-Rebuild/hgraph/nodes/2c0a72d1f6c5.md
M	MainProjects/Algebraic-Jacobian-Challenge-Rebuild/hgraph/nodes/2c18d88ca59d.md
M	MainProjects/Algebraic-Jacobian-Challenge-Rebuild/hgraph/nodes/2c2987843d0e.md
M	MainProjects/Algebraic-Jacobian-Challenge-Rebuild/hgraph/nodes/2c332e4eb963.md
M	MainProjects/Algebraic-Jacobian-Challenge-Rebuild/hgraph/nodes/2c38fa811071.md
M	MainProjects/Algebraic-Jacobian-Challenge-Rebuild/hgraph/nodes/2c3b3fb9451a.md
M	MainProjects/Algebraic-Jacobian-Challenge-Rebuild/hgraph/nodes/2c545c9e0e35.md
M	MainProjects/Algebraic-Jacobian-Challenge-Rebuild/hgraph/nodes/2c567ea40ad0.md
M	MainProjects/Algebraic-Jacobian-Challenge-Rebuild/hgraph/nodes/2c688b36aeb0.md
M	MainProjects/Algebraic-Jacobian-Challenge-Rebuild/hgraph/nodes/2c6aa05b4119.md
M	MainProjects/Algebraic-Jacobian-Challenge-Rebuild/hgraph/nodes/2c6f56dee2b7.md
M	MainProjects/Algebraic-Jacobian-Challenge-Rebuild/hgraph/nodes/2c7f8e903a7c.md
M	MainProjects/Algebraic-Jacobian-Challenge-Rebuild/hgraph/nodes/2c86120fedac.md
M	MainProjects/Algebraic-Jacobian-Challenge-Rebuild/hgraph/nodes/2c8f4b79c74d.md
M	MainProjects/Algebraic-Jacobian-Challenge-Rebuild/hgraph/nodes/2c92bb4e2607.md
M	MainProjects/Algebraic-Jacobian-Challenge-Rebuild/hgraph/nodes/2c92c660c846.md
M	MainProjects/Algebraic-Jacobian-Challenge-Rebuild/hgraph/nodes/2cb2642447ee.md
M	MainProjects/Algebraic-Jacobian-Challenge-Rebuild/hgraph/nodes/2cb273a7901c.md
M	MainProjects/Algebraic-Jacobian-Challenge-Rebuild/hgraph/nodes/2cb742cf61ac.md
M	MainProjects/Algebraic-Jacobian-Challenge-Rebuild/hgraph/nodes/2cbaf27d1a38.md
M	MainProjects/Algebraic-Jacobian-Challenge-Rebuild/hgraph/nodes/2cbf2506b8f6.md
D	MainProjects/Algebraic-Jacobian-Challenge-Rebuild/hgraph/nodes/2cc0e8f65844.md
M	MainProjects/Algebraic-Jacobian-Challenge-Rebuild/hgraph/nodes/2cc812b89781.md
M	MainProjects/Algebraic-Jacobian-Challenge-Rebuild/hgraph/nodes/2cdaf8bca6cb.md
M	MainProjects/Algebraic-Jacobian-Challenge-Rebuild/hgraph/nodes/2cddb8064ce6.md
M	MainProjects/Algebraic-Jacobian-Challenge-Rebuild/hgraph/nodes/2cef1cda9a20.md
M	MainProjects/Algebraic-Jacobian-Challenge-Rebuild/hgraph/nodes/2cf296b82a55.md
M	MainProjects/Algebraic-Jacobian-Challenge-Rebuild/hgraph/nodes/2cf6598f1237.md
M	MainProjects/Algebraic-Jacobian-Challenge-Rebuild/hgraph/nodes/2cf85c339316.md
M	MainProjects/Algebraic-Jacobian-Challenge-Rebuild/hgraph/nodes/2cfad7b87dc5.md
M	MainProjects/Algebraic-Jacobian-Challenge-Rebuild/hgraph/nodes/2d0000b531c7.md
M	MainProjects/Algebraic-Jacobian-Challenge-Rebuild/hgraph/nodes/2d0d40df3513.md
M	MainProjects/Algebraic-Jacobian-Challenge-Rebuild/hgraph/nodes/2d12a2f04432.md
M	MainProjects/Algebraic-Jacobian-Challenge-Rebuild/hgraph/nodes/2d1b84132bd4.md
M	MainProjects/Algebraic-Jacobian-Challenge-Rebuild/hgraph/nodes/2d1c0335c8a0.md
M	MainProjects/Algebraic-Jacobian-Challenge-Rebuild/hgraph/nodes/2d29ace37bd5.md
M	MainProjects/Algebraic-Jacobian-Challenge-Rebuild/hgraph/nodes/2d2bd548a4df.md
M	MainProjects/Algebraic-Jacobian-Challenge-Rebuild/hgraph/nodes/2d2c7c4ed4f9.md
M	MainProjects/Algebraic-Jacobian-Challenge-Rebuild/hgraph/nodes/2d2d2edb6247.md
M	MainProjects/Algebraic-Jacobian-Challenge-Rebuild/hgraph/nodes/2d2da08b117e.md
M	MainProjects/Algebraic-Jacobian-Challenge-Rebuild/hgraph/nodes/2d31028dc3c5.md
M	MainProjects/Algebraic-Jacobian-Challenge-Rebuild/hgraph/nodes/2d3a349d5de0.md
M	MainProjects/Algebraic-Jacobian-Challenge-Rebuild/hgraph/nodes/2d3c26df40e6.md
M	MainProjects/Algebraic-Jacobian-Challenge-Rebuild/hgraph/nodes/2d40471263ee.md
M	MainProjects/Algebraic-Jacobian-Challenge-Rebuild/hgraph/nodes/2d4a8e1fcddd.md
M	MainProjects/Algebraic-Jacobian-Challenge-Rebuild/hgraph/nodes/2d505cca4abc.md
M	MainProjects/Algebraic-Jacobian-Challenge-Rebuild/hgraph/nodes/2d544da59544.md
M	MainProjects/Algebraic-Jacobian-Challenge-Rebuild/hgraph/nodes/2d636496dd9e.md
M	MainProjects/Algebraic-Jacobian-Challenge-Rebuild/hgraph/nodes/2d68e10a9479.md
M	MainProjects/Algebraic-Jacobian-Challenge-Rebuild/hgraph/nodes/2d6c27768cf2.md
M	MainProjects/Algebraic-Jacobian-Challenge-Rebuild/hgraph/nodes/2d73a8ece145.md
M	MainProjects/Algebraic-Jacobian-Challenge-Rebuild/hgraph/nodes/2d772281dfdb.md
M	MainProjects/Algebraic-Jacobian-Challenge-Rebuild/hgraph/nodes/2d7ef4fdb708.md
M	MainProjects/Algebraic-Jacobian-Challenge-Rebuild/hgraph/nodes/2d953a2838d3.md
M	MainProjects/Algebraic-Jacobian-Challenge-Rebuild/hgraph/nodes/2d954825edbe.md
M	MainProjects/Algebraic-Jacobian-Challenge-Rebuild/hgraph/nodes/2d96972fb358.md
M	MainProjects/Algebraic-Jacobian-Challenge-Rebuild/hgraph/nodes/2db039ff52c5.md
M	MainProjects/Algebraic-Jacobian-Challenge-Rebuild/hgraph/nodes/2dcb5b670a09.md
M	MainProjects/Algebraic-Jacobian-Challenge-Rebuild/hgraph/nodes/2dcbd06ba99f.md
M	MainProjects/Algebraic-Jacobian-Challenge-Rebuild/hgraph/nodes/2dce642e1a42.md
M	MainProjects/Algebraic-Jacobian-Challenge-Rebuild/hgraph/nodes/2dd6ebaffd00.md
M	MainProjects/Algebraic-Jacobian-Challenge-Rebuild/hgraph/nodes/2de0094c383a.md
D	MainProjects/Algebraic-Jacobian-Challenge-Rebuild/hgraph/nodes/2df161bed020.md
M	MainProjects/Algebraic-Jacobian-Challenge-Rebuild/hgraph/nodes/2df580dbc6f7.md
M	MainProjects/Algebraic-Jacobian-Challenge-Rebuild/hgraph/nodes/2e0028d50344.md
M	MainProjects/Algebraic-Jacobian-Challenge-Rebuild/hgraph/nodes/2e024178619b.md
M	MainProjects/Algebraic-Jacobian-Challenge-Rebuild/hgraph/nodes/2e0a332bb7ee.md
M	MainProjects/Algebraic-Jacobian-Challenge-Rebuild/hgraph/nodes/2e1a54c2926b.md
M	MainProjects/Algebraic-Jacobian-Challenge-Rebuild/hgraph/nodes/2e3a6445cd72.md
M	MainProjects/Algebraic-Jacobian-Challenge-Rebuild/hgraph/nodes/2e4f77fef52a.md
M	MainProjects/Algebraic-Jacobian-Challenge-Rebuild/hgraph/nodes/2e5dcbdb0f14.md
M	MainProjects/Algebraic-Jacobian-Challenge-Rebuild/hgraph/nodes/2e5dfdc30ff0.md
M	MainProjects/Algebraic-Jacobian-Challenge-Rebuild/hgraph/nodes/2e752441154d.md
M	MainProjects/Algebraic-Jacobian-Challenge-Rebuild/hgraph/nodes/2e7f9e6bb8e1.md
M	MainProjects/Algebraic-Jacobian-Challenge-Rebuild/hgraph/nodes/2e932cb23de5.md
M	MainProjects/Algebraic-Jacobian-Challenge-Rebuild/hgraph/nodes/2e94da37d8fe.md
M	MainProjects/Algebraic-Jacobian-Challenge-Rebuild/hgraph/nodes/2e967f32fc0f.md
M	MainProjects/Algebraic-Jacobian-Challenge-Rebuild/hgraph/nodes/2ea3ce30fb66.md
M	MainProjects/Algebraic-Jacobian-Challenge-Rebuild/hgraph/nodes/2eabfc58851e.md
M	MainProjects/Algebraic-Jacobian-Challenge-Rebuild/hgraph/nodes/2ecb1757494b.md
M	MainProjects/Algebraic-Jacobian-Challenge-Rebuild/hgraph/nodes/2ecdd9205521.md
M	MainProjects/Algebraic-Jacobian-Challenge-Rebuild/hgraph/nodes/2ef034026ebd.md
M	MainProjects/Algebraic-Jacobian-Challenge-Rebuild/hgraph/nodes/2ef447dff555.md
M	MainProjects/Algebraic-Jacobian-Challenge-Rebuild/hgraph/nodes/2f1e62832c00.md
M	MainProjects/Algebraic-Jacobian-Challenge-Rebuild/hgraph/nodes/2f27564e701c.md
M	MainProjects/Algebraic-Jacobian-Challenge-Rebuild/hgraph/nodes/2f32622dc0a0.md
M	MainProjects/Algebraic-Jacobian-Challenge-Rebuild/hgraph/nodes/2f35a6d46e4e.md
M	MainProjects/Algebraic-Jacobian-Challenge-Rebuild/hgraph/nodes/2f3d080f144f.md
M	MainProjects/Algebraic-Jacobian-Challenge-Rebuild/hgraph/nodes/2f4227f41dae.md
M	MainProjects/Algebraic-Jacobian-Challenge-Rebuild/hgraph/nodes/2f4775fdbb51.md
M	MainProjects/Algebraic-Jacobian-Challenge-Rebuild/hgraph/nodes/2f4b50b2d61a.md
M	MainProjects/Algebraic-Jacobian-Challenge-Rebuild/hgraph/nodes/2f4da267f87e.md
M	MainProjects/Algebraic-Jacobian-Challenge-Rebuild/hgraph/nodes/2f5ce1f76306.md
M	MainProjects/Algebraic-Jacobian-Challenge-Rebuild/hgraph/nodes/2f6247062a15.md
M	MainProjects/Algebraic-Jacobian-Challenge-Rebuild/hgraph/nodes/2f624c1273ac.md
M	MainProjects/Algebraic-Jacobian-Challenge-Rebuild/hgraph/nodes/2f697f3f9bbc.md
M	MainProjects/Algebraic-Jacobian-Challenge-Rebuild/hgraph/nodes/2f7b1fcc9bd7.md
M	MainProjects/Algebraic-Jacobian-Challenge-Rebuild/hgraph/nodes/2f95e5aa12f3.md
M	MainProjects/Algebraic-Jacobian-Challenge-Rebuild/hgraph/nodes/2f976eaad2b9.md
M	MainProjects/Algebraic-Jacobian-Challenge-Rebuild/hgraph/nodes/2f9b602c055c.md
M	MainProjects/Algebraic-Jacobian-Challenge-Rebuild/hgraph/nodes/2f9c14e4736d.md
M	MainProjects/Algebraic-Jacobian-Challenge-Rebuild/hgraph/nodes/2fabc69be111.md
M	MainProjects/Algebraic-Jacobian-Challenge-Rebuild/hgraph/nodes/2fb9622fad9a.md
M	MainProjects/Algebraic-Jacobian-Challenge-Rebuild/hgraph/nodes/2fb977e17768.md
M	MainProjects/Algebraic-Jacobian-Challenge-Rebuild/hgraph/nodes/2fbab7afec9d.md
M	MainProjects/Algebraic-Jacobian-Challenge-Rebuild/hgraph/nodes/2fc3a89f9f01.md
M	MainProjects/Algebraic-Jacobian-Challenge-Rebuild/hgraph/nodes/2fd01a323771.md
M	MainProjects/Algebraic-Jacobian-Challenge-Rebuild/hgraph/nodes/2fd104842b6e.md
M	MainProjects/Algebraic-Jacobian-Challenge-Rebuild/hgraph/nodes/2fde726278f7.md
M	MainProjects/Algebraic-Jacobian-Challenge-Rebuild/hgraph/nodes/2fdf724d1314.md
M	MainProjects/Algebraic-Jacobian-Challenge-Rebuild/hgraph/nodes/2feac1b51a08.md
M	MainProjects/Algebraic-Jacobian-Challenge-Rebuild/hgraph/nodes/2feaec45ca32.md
M	MainProjects/Algebraic-Jacobian-Challenge-Rebuild/hgraph/nodes/2fed43bad4c0.md
M	MainProjects/Algebraic-Jacobian-Challenge-Rebuild/hgraph/nodes/2ffa949fc699.md
M	MainProjects/Algebraic-Jacobian-Challenge-Rebuild/hgraph/nodes/2ffd1009f9d9.md
M	MainProjects/Algebraic-Jacobian-Challenge-Rebuild/hgraph/nodes/300aebe3acb9.md
M	MainProjects/Algebraic-Jacobian-Challenge-Rebuild/hgraph/nodes/301cf2b41119.md
M	MainProjects/Algebraic-Jacobian-Challenge-Rebuild/hgraph/nodes/301df85cd2fa.md
M	MainProjects/Algebraic-Jacobian-Challenge-Rebuild/hgraph/nodes/3028280dfb1b.md
M	MainProjects/Algebraic-Jacobian-Challenge-Rebuild/hgraph/nodes/30407907da72.md
M	MainProjects/Algebraic-Jacobian-Challenge-Rebuild/hgraph/nodes/3040a066fdb2.md
M	MainProjects/Algebraic-Jacobian-Challenge-Rebuild/hgraph/nodes/304ee5d92695.md
M	MainProjects/Algebraic-Jacobian-Challenge-Rebuild/hgraph/nodes/305675ff53f0.md
M	MainProjects/Algebraic-Jacobian-Challenge-Rebuild/hgraph/nodes/305a7abce61b.md
M	MainProjects/Algebraic-Jacobian-Challenge-Rebuild/hgraph/nodes/3061ad6cfee1.md
M	MainProjects/Algebraic-Jacobian-Challenge-Rebuild/hgraph/nodes/306c54937e6d.md
M	MainProjects/Algebraic-Jacobian-Challenge-Rebuild/hgraph/nodes/306ee9176a9f.md
M	MainProjects/Algebraic-Jacobian-Challenge-Rebuild/hgraph/nodes/306f9d36fba8.md
M	MainProjects/Algebraic-Jacobian-Challenge-Rebuild/hgraph/nodes/307cfe3076ef.md
M	MainProjects/Algebraic-Jacobian-Challenge-Rebuild/hgraph/nodes/3084af6d68b4.md
M	MainProjects/Algebraic-Jacobian-Challenge-Rebuild/hgraph/nodes/309371637671.md
M	MainProjects/Algebraic-Jacobian-Challenge-Rebuild/hgraph/nodes/30a9068b0f67.md
M	MainProjects/Algebraic-Jacobian-Challenge-Rebuild/hgraph/nodes/30a96cbd8acd.md
M	MainProjects/Algebraic-Jacobian-Challenge-Rebuild/hgraph/nodes/30b918481e2e.md
M	MainProjects/Algebraic-Jacobian-Challenge-Rebuild/hgraph/nodes/30bacf461377.md
M	MainProjects/Algebraic-Jacobian-Challenge-Rebuild/hgraph/nodes/30bc6175c862.md
M	MainProjects/Algebraic-Jacobian-Challenge-Rebuild/hgraph/nodes/30c01ee38aeb.md
M	MainProjects/Algebraic-Jacobian-Challenge-Rebuild/hgraph/nodes/30c5d1435452.md
M	MainProjects/Algebraic-Jacobian-Challenge-Rebuild/hgraph/nodes/30deaded0357.md
M	MainProjects/Algebraic-Jacobian-Challenge-Rebuild/hgraph/nodes/30df9615d5f6.md
M	MainProjects/Algebraic-Jacobian-Challenge-Rebuild/hgraph/nodes/30e407ea087d.md
M	MainProjects/Algebraic-Jacobian-Challenge-Rebuild/hgraph/nodes/30ed85b7404b.md
M	MainProjects/Algebraic-Jacobian-Challenge-Rebuild/hgraph/nodes/30efe443919c.md
M	MainProjects/Algebraic-Jacobian-Challenge-Rebuild/hgraph/nodes/30f39e9bdd43.md
M	MainProjects/Algebraic-Jacobian-Challenge-Rebuild/hgraph/nodes/30f40c4c7749.md
M	MainProjects/Algebraic-Jacobian-Challenge-Rebuild/hgraph/nodes/30f42b6c4246.md
M	MainProjects/Algebraic-Jacobian-Challenge-Rebuild/hgraph/nodes/30f6044ccaa6.md
M	MainProjects/Algebraic-Jacobian-Challenge-Rebuild/hgraph/nodes/30f6903d9bfc.md
M	MainProjects/Algebraic-Jacobian-Challenge-Rebuild/hgraph/nodes/30f6cc1121b3.md
M	MainProjects/Algebraic-Jacobian-Challenge-Rebuild/hgraph/nodes/310ff1047b04.md
M	MainProjects/Algebraic-Jacobian-Challenge-Rebuild/hgraph/nodes/311bb85bcf58.md
M	MainProjects/Algebraic-Jacobian-Challenge-Rebuild/hgraph/nodes/31242bf79c9c.md
M	MainProjects/Algebraic-Jacobian-Challenge-Rebuild/hgraph/nodes/3129e84583fb.md
M	MainProjects/Algebraic-Jacobian-Challenge-Rebuild/hgraph/nodes/312a92351b66.md
M	MainProjects/Algebraic-Jacobian-Challenge-Rebuild/hgraph/nodes/31506cdac18b.md
M	MainProjects/Algebraic-Jacobian-Challenge-Rebuild/hgraph/nodes/3160798f2920.md
M	MainProjects/Algebraic-Jacobian-Challenge-Rebuild/hgraph/nodes/317aaa85af30.md
M	MainProjects/Algebraic-Jacobian-Challenge-Rebuild/hgraph/nodes/317f661f9545.md
M	MainProjects/Algebraic-Jacobian-Challenge-Rebuild/hgraph/nodes/318503c0f8d9.md
M	MainProjects/Algebraic-Jacobian-Challenge-Rebuild/hgraph/nodes/319da05a4cd9.md
M	MainProjects/Algebraic-Jacobian-Challenge-Rebuild/hgraph/nodes/31a2e49416ea.md
M	MainProjects/Algebraic-Jacobian-Challenge-Rebuild/hgraph/nodes/31add3b8ed1e.md
M	MainProjects/Algebraic-Jacobian-Challenge-Rebuild/hgraph/nodes/31b6968baa76.md
M	MainProjects/Algebraic-Jacobian-Challenge-Rebuild/hgraph/nodes/31bcf2091b87.md
M	MainProjects/Algebraic-Jacobian-Challenge-Rebuild/hgraph/nodes/31d8685344a9.md
M	MainProjects/Algebraic-Jacobian-Challenge-Rebuild/hgraph/nodes/31e274586c40.md
M	MainProjects/Algebraic-Jacobian-Challenge-Rebuild/hgraph/nodes/31ede97346a4.md
M	MainProjects/Algebraic-Jacobian-Challenge-Rebuild/hgraph/nodes/31f244e4d842.md
M	MainProjects/Algebraic-Jacobian-Challenge-Rebuild/hgraph/nodes/31f2e325d044.md
M	MainProjects/Algebraic-Jacobian-Challenge-Rebuild/hgraph/nodes/31fb6c4dd6a4.md
M	MainProjects/Algebraic-Jacobian-Challenge-Rebuild/hgraph/nodes/320056b8bf90.md
M	MainProjects/Algebraic-Jacobian-Challenge-Rebuild/hgraph/nodes/32046bc6fb86.md
M	MainProjects/Algebraic-Jacobian-Challenge-Rebuild/hgraph/nodes/320968041029.md
M	MainProjects/Algebraic-Jacobian-Challenge-Rebuild/hgraph/nodes/3210be350ca7.md
M	MainProjects/Algebraic-Jacobian-Challenge-Rebuild/hgraph/nodes/32154aefaa1a.md
M	MainProjects/Algebraic-Jacobian-Challenge-Rebuild/hgraph/nodes/321de4bac059.md
M	MainProjects/Algebraic-Jacobian-Challenge-Rebuild/hgraph/nodes/322b9d9f5ba9.md
M	MainProjects/Algebraic-Jacobian-Challenge-Rebuild/hgraph/nodes/322fea0cbb7c.md
M	MainProjects/Algebraic-Jacobian-Challenge-Rebuild/hgraph/nodes/324ff69d9a80.md
M	MainProjects/Algebraic-Jacobian-Challenge-Rebuild/hgraph/nodes/326d3e389b8b.md
M	MainProjects/Algebraic-Jacobian-Challenge-Rebuild/hgraph/nodes/326dc64f0b72.md
M	MainProjects/Algebraic-Jacobian-Challenge-Rebuild/hgraph/nodes/326eb60efce0.md
M	MainProjects/Algebraic-Jacobian-Challenge-Rebuild/hgraph/nodes/327f4e71da66.md
M	MainProjects/Algebraic-Jacobian-Challenge-Rebuild/hgraph/nodes/32804b25bb62.md
M	MainProjects/Algebraic-Jacobian-Challenge-Rebuild/hgraph/nodes/328d774addb0.md
M	MainProjects/Algebraic-Jacobian-Challenge-Rebuild/hgraph/nodes/328f6e72b129.md
M	MainProjects/Algebraic-Jacobian-Challenge-Rebuild/hgraph/nodes/329323336329.md
M	MainProjects/Algebraic-Jacobian-Challenge-Rebuild/hgraph/nodes/329bf3b787d4.md
M	MainProjects/Algebraic-Jacobian-Challenge-Rebuild/hgraph/nodes/329ed17f36de.md
M	MainProjects/Algebraic-Jacobian-Challenge-Rebuild/hgraph/nodes/32b342f3ffad.md
M	MainProjects/Algebraic-Jacobian-Challenge-Rebuild/hgraph/nodes/32c3adba5392.md
M	MainProjects/Algebraic-Jacobian-Challenge-Rebuild/hgraph/nodes/32c82251d88c.md
M	MainProjects/Algebraic-Jacobian-Challenge-Rebuild/hgraph/nodes/32cc5dcbfaac.md
M	MainProjects/Algebraic-Jacobian-Challenge-Rebuild/hgraph/nodes/32cd2cc7245e.md
M	MainProjects/Algebraic-Jacobian-Challenge-Rebuild/hgraph/nodes/32ce6b254c27.md
M	MainProjects/Algebraic-Jacobian-Challenge-Rebuild/hgraph/nodes/32d2d4012353.md
M	MainProjects/Algebraic-Jacobian-Challenge-Rebuild/hgraph/nodes/32d66aa5341b.md
M	MainProjects/Algebraic-Jacobian-Challenge-Rebuild/hgraph/nodes/32da86ddb977.md
M	MainProjects/Algebraic-Jacobian-Challenge-Rebuild/hgraph/nodes/32ddbcc825e6.md
M	MainProjects/Algebraic-Jacobian-Challenge-Rebuild/hgraph/nodes/32ddf8619fa5.md
M	MainProjects/Algebraic-Jacobian-Challenge-Rebuild/hgraph/nodes/32e01d96b71d.md
M	MainProjects/Algebraic-Jacobian-Challenge-Rebuild/hgraph/nodes/32e18ec94f3d.md
M	MainProjects/Algebraic-Jacobian-Challenge-Rebuild/hgraph/nodes/32e91ed330d6.md
M	MainProjects/Algebraic-Jacobian-Challenge-Rebuild/hgraph/nodes/32ec5f378d5e.md
M	MainProjects/Algebraic-Jacobian-Challenge-Rebuild/hgraph/nodes/32ec7f17c444.md
M	MainProjects/Algebraic-Jacobian-Challenge-Rebuild/hgraph/nodes/32ee31c69734.md
M	MainProjects/Algebraic-Jacobian-Challenge-Rebuild/hgraph/nodes/32ee751b48cd.md
M	MainProjects/Algebraic-Jacobian-Challenge-Rebuild/hgraph/nodes/32f76fbdc8a8.md
M	MainProjects/Algebraic-Jacobian-Challenge-Rebuild/hgraph/nodes/32fbed182290.md
M	MainProjects/Algebraic-Jacobian-Challenge-Rebuild/hgraph/nodes/32fcfcd5e391.md
M	MainProjects/Algebraic-Jacobian-Challenge-Rebuild/hgraph/nodes/3300d020d0ae.md
M	MainProjects/Algebraic-Jacobian-Challenge-Rebuild/hgraph/nodes/3310f23e202f.md
M	MainProjects/Algebraic-Jacobian-Challenge-Rebuild/hgraph/nodes/331614766023.md
M	MainProjects/Algebraic-Jacobian-Challenge-Rebuild/hgraph/nodes/3323ea20f1d9.md
M	MainProjects/Algebraic-Jacobian-Challenge-Rebuild/hgraph/nodes/332c71ca339f.md
M	MainProjects/Algebraic-Jacobian-Challenge-Rebuild/hgraph/nodes/3331ee9dcaac.md
M	MainProjects/Algebraic-Jacobian-Challenge-Rebuild/hgraph/nodes/3335b6f1c32c.md
M	MainProjects/Algebraic-Jacobian-Challenge-Rebuild/hgraph/nodes/3339e806c7ce.md
M	MainProjects/Algebraic-Jacobian-Challenge-Rebuild/hgraph/nodes/333f6640cc0b.md
M	MainProjects/Algebraic-Jacobian-Challenge-Rebuild/hgraph/nodes/3341bfba55d7.md
M	MainProjects/Algebraic-Jacobian-Challenge-Rebuild/hgraph/nodes/3342566f063e.md
M	MainProjects/Algebraic-Jacobian-Challenge-Rebuild/hgraph/nodes/3346111fefa5.md
M	MainProjects/Algebraic-Jacobian-Challenge-Rebuild/hgraph/nodes/334731715fd4.md
M	MainProjects/Algebraic-Jacobian-Challenge-Rebuild/hgraph/nodes/334ac6233c67.md
D	MainProjects/Algebraic-Jacobian-Challenge-Rebuild/hgraph/nodes/33584a894252.md
M	MainProjects/Algebraic-Jacobian-Challenge-Rebuild/hgraph/nodes/335c5e354781.md
M	MainProjects/Algebraic-Jacobian-Challenge-Rebuild/hgraph/nodes/3363fccaaa9a.md
M	MainProjects/Algebraic-Jacobian-Challenge-Rebuild/hgraph/nodes/3366fd767ae8.md
M	MainProjects/Algebraic-Jacobian-Challenge-Rebuild/hgraph/nodes/33704a426140.md
M	MainProjects/Algebraic-Jacobian-Challenge-Rebuild/hgraph/nodes/33725fa93ac2.md
M	MainProjects/Algebraic-Jacobian-Challenge-Rebuild/hgraph/nodes/3372f59bdd8b.md
M	MainProjects/Algebraic-Jacobian-Challenge-Rebuild/hgraph/nodes/33825b7ac0a8.md
M	MainProjects/Algebraic-Jacobian-Challenge-Rebuild/hgraph/nodes/338ce3669785.md
M	MainProjects/Algebraic-Jacobian-Challenge-Rebuild/hgraph/nodes/339f6688c7b7.md
M	MainProjects/Algebraic-Jacobian-Challenge-Rebuild/hgraph/nodes/33a0ddfa3ed4.md
M	MainProjects/Algebraic-Jacobian-Challenge-Rebuild/hgraph/nodes/33be47c05b47.md
M	MainProjects/Algebraic-Jacobian-Challenge-Rebuild/hgraph/nodes/33d29153842b.md
M	MainProjects/Algebraic-Jacobian-Challenge-Rebuild/hgraph/nodes/33dd027c80b2.md
M	MainProjects/Algebraic-Jacobian-Challenge-Rebuild/hgraph/nodes/33f39c8d3582.md
M	MainProjects/Algebraic-Jacobian-Challenge-Rebuild/hgraph/nodes/33f784360411.md
M	MainProjects/Algebraic-Jacobian-Challenge-Rebuild/hgraph/nodes/33fade8214d9.md
M	MainProjects/Algebraic-Jacobian-Challenge-Rebuild/hgraph/nodes/34130043fddc.md
M	MainProjects/Algebraic-Jacobian-Challenge-Rebuild/hgraph/nodes/342294fccab5.md
M	MainProjects/Algebraic-Jacobian-Challenge-Rebuild/hgraph/nodes/34282289ba8d.md
M	MainProjects/Algebraic-Jacobian-Challenge-Rebuild/hgraph/nodes/342d177561cb.md
M	MainProjects/Algebraic-Jacobian-Challenge-Rebuild/hgraph/nodes/342e69790399.md
M	MainProjects/Algebraic-Jacobian-Challenge-Rebuild/hgraph/nodes/3435e96b0c6f.md
M	MainProjects/Algebraic-Jacobian-Challenge-Rebuild/hgraph/nodes/343c3773d488.md
M	MainProjects/Algebraic-Jacobian-Challenge-Rebuild/hgraph/nodes/3448dfa18573.md
M	MainProjects/Algebraic-Jacobian-Challenge-Rebuild/hgraph/nodes/344ca2beedbd.md
M	MainProjects/Algebraic-Jacobian-Challenge-Rebuild/hgraph/nodes/344e5c17c3d4.md
M	MainProjects/Algebraic-Jacobian-Challenge-Rebuild/hgraph/nodes/3450855d03ff.md
M	MainProjects/Algebraic-Jacobian-Challenge-Rebuild/hgraph/nodes/3451b97a553e.md
M	MainProjects/Algebraic-Jacobian-Challenge-Rebuild/hgraph/nodes/34578a10a99f.md
M	MainProjects/Algebraic-Jacobian-Challenge-Rebuild/hgraph/nodes/345c23b0e2f6.md
M	MainProjects/Algebraic-Jacobian-Challenge-Rebuild/hgraph/nodes/3463a6a2a804.md
M	MainProjects/Algebraic-Jacobian-Challenge-Rebuild/hgraph/nodes/34655fbc1c00.md
M	MainProjects/Algebraic-Jacobian-Challenge-Rebuild/hgraph/nodes/348b911899ba.md
M	MainProjects/Algebraic-Jacobian-Challenge-Rebuild/hgraph/nodes/34948716b504.md
M	MainProjects/Algebraic-Jacobian-Challenge-Rebuild/hgraph/nodes/349d4943ea63.md
M	MainProjects/Algebraic-Jacobian-Challenge-Rebuild/hgraph/nodes/34a44785dc81.md
M	MainProjects/Algebraic-Jacobian-Challenge-Rebuild/hgraph/nodes/34ae6a07a47c.md
M	MainProjects/Algebraic-Jacobian-Challenge-Rebuild/hgraph/nodes/34af246541e7.md
M	MainProjects/Algebraic-Jacobian-Challenge-Rebuild/hgraph/nodes/34be9276a7ca.md
D	MainProjects/Algebraic-Jacobian-Challenge-Rebuild/hgraph/nodes/34d0c27ef031.md
M	MainProjects/Algebraic-Jacobian-Challenge-Rebuild/hgraph/nodes/34d9843d7d34.md
M	MainProjects/Algebraic-Jacobian-Challenge-Rebuild/hgraph/nodes/34e86176fee3.md
M	MainProjects/Algebraic-Jacobian-Challenge-Rebuild/hgraph/nodes/34ed8f96bf61.md
D	MainProjects/Algebraic-Jacobian-Challenge-Rebuild/hgraph/nodes/34f00a121d16.md
M	MainProjects/Algebraic-Jacobian-Challenge-Rebuild/hgraph/nodes/34f0b74cfa48.md
M	MainProjects/Algebraic-Jacobian-Challenge-Rebuild/hgraph/nodes/35022539efe5.md
M	MainProjects/Algebraic-Jacobian-Challenge-Rebuild/hgraph/nodes/350bb81fdce9.md
M	MainProjects/Algebraic-Jacobian-Challenge-Rebuild/hgraph/nodes/3515c0c80e48.md
M	MainProjects/Algebraic-Jacobian-Challenge-Rebuild/hgraph/nodes/351934a7ed53.md
M	MainProjects/Algebraic-Jacobian-Challenge-Rebuild/hgraph/nodes/352398329df2.md
M	MainProjects/Algebraic-Jacobian-Challenge-Rebuild/hgraph/nodes/35242aa0023d.md
D	MainProjects/Algebraic-Jacobian-Challenge-Rebuild/hgraph/nodes/352a60c6e175.md
M	MainProjects/Algebraic-Jacobian-Challenge-Rebuild/hgraph/nodes/352f8039d3f1.md
M	MainProjects/Algebraic-Jacobian-Challenge-Rebuild/hgraph/nodes/353c94c73f50.md
M	MainProjects/Algebraic-Jacobian-Challenge-Rebuild/hgraph/nodes/353db44d32ea.md
M	MainProjects/Algebraic-Jacobian-Challenge-Rebuild/hgraph/nodes/3543f662299f.md
M	MainProjects/Algebraic-Jacobian-Challenge-Rebuild/hgraph/nodes/35467bfc2673.md
M	MainProjects/Algebraic-Jacobian-Challenge-Rebuild/hgraph/nodes/354c7a395d71.md
M	MainProjects/Algebraic-Jacobian-Challenge-Rebuild/hgraph/nodes/3557cb176806.md
M	MainProjects/Algebraic-Jacobian-Challenge-Rebuild/hgraph/nodes/3569d0b4c444.md
M	MainProjects/Algebraic-Jacobian-Challenge-Rebuild/hgraph/nodes/356b173606f3.md
M	MainProjects/Algebraic-Jacobian-Challenge-Rebuild/hgraph/nodes/356e06a17d55.md
M	MainProjects/Algebraic-Jacobian-Challenge-Rebuild/hgraph/nodes/356f1ff561df.md
M	MainProjects/Algebraic-Jacobian-Challenge-Rebuild/hgraph/nodes/357bb8233db2.md
M	MainProjects/Algebraic-Jacobian-Challenge-Rebuild/hgraph/nodes/3586faf079e5.md
M	MainProjects/Algebraic-Jacobian-Challenge-Rebuild/hgraph/nodes/3587280ee07c.md
M	MainProjects/Algebraic-Jacobian-Challenge-Rebuild/hgraph/nodes/358eec76c276.md
M	MainProjects/Algebraic-Jacobian-Challenge-Rebuild/hgraph/nodes/3592cbd01273.md
M	MainProjects/Algebraic-Jacobian-Challenge-Rebuild/hgraph/nodes/3598627c90c0.md
M	MainProjects/Algebraic-Jacobian-Challenge-Rebuild/hgraph/nodes/35a0e6677835.md
M	MainProjects/Algebraic-Jacobian-Challenge-Rebuild/hgraph/nodes/35a1d69287c6.md
M	MainProjects/Algebraic-Jacobian-Challenge-Rebuild/hgraph/nodes/35a343821c1d.md
M	MainProjects/Algebraic-Jacobian-Challenge-Rebuild/hgraph/nodes/35b3ee55b277.md
M	MainProjects/Algebraic-Jacobian-Challenge-Rebuild/hgraph/nodes/35b6cc02f6f1.md
M	MainProjects/Algebraic-Jacobian-Challenge-Rebuild/hgraph/nodes/35b7914d4cce.md
M	MainProjects/Algebraic-Jacobian-Challenge-Rebuild/hgraph/nodes/35c782282167.md
M	MainProjects/Algebraic-Jacobian-Challenge-Rebuild/hgraph/nodes/35d1aa66ef2e.md
M	MainProjects/Algebraic-Jacobian-Challenge-Rebuild/hgraph/nodes/35e035dc09bc.md
M	MainProjects/Algebraic-Jacobian-Challenge-Rebuild/hgraph/nodes/35eb946ffb73.md
M	MainProjects/Algebraic-Jacobian-Challenge-Rebuild/hgraph/nodes/35f56cfbaa1f.md
M	MainProjects/Algebraic-Jacobian-Challenge-Rebuild/hgraph/nodes/3601919bb911.md
M	MainProjects/Algebraic-Jacobian-Challenge-Rebuild/hgraph/nodes/3603bd61afb3.md
M	MainProjects/Algebraic-Jacobian-Challenge-Rebuild/hgraph/nodes/36082a9ba809.md
M	MainProjects/Algebraic-Jacobian-Challenge-Rebuild/hgraph/nodes/3610fdf67872.md
M	MainProjects/Algebraic-Jacobian-Challenge-Rebuild/hgraph/nodes/362066f2f070.md
M	MainProjects/Algebraic-Jacobian-Challenge-Rebuild/hgraph/nodes/3620f2ce9eae.md
M	MainProjects/Algebraic-Jacobian-Challenge-Rebuild/hgraph/nodes/36383fc86cd0.md
M	MainProjects/Algebraic-Jacobian-Challenge-Rebuild/hgraph/nodes/36436a778180.md
M	MainProjects/Algebraic-Jacobian-Challenge-Rebuild/hgraph/nodes/365305820a3e.md
M	MainProjects/Algebraic-Jacobian-Challenge-Rebuild/hgraph/nodes/366341d3b72b.md
M	MainProjects/Algebraic-Jacobian-Challenge-Rebuild/hgraph/nodes/366a2d33447f.md
M	MainProjects/Algebraic-Jacobian-Challenge-Rebuild/hgraph/nodes/366bf742c7f2.md
M	MainProjects/Algebraic-Jacobian-Challenge-Rebuild/hgraph/nodes/3673c9693d9d.md
M	MainProjects/Algebraic-Jacobian-Challenge-Rebuild/hgraph/nodes/36755aeb83f1.md
M	MainProjects/Algebraic-Jacobian-Challenge-Rebuild/hgraph/nodes/36843f0dd16e.md
M	MainProjects/Algebraic-Jacobian-Challenge-Rebuild/hgraph/nodes/368716f48f27.md
M	MainProjects/Algebraic-Jacobian-Challenge-Rebuild/hgraph/nodes/3699c08c3054.md
M	MainProjects/Algebraic-Jacobian-Challenge-Rebuild/hgraph/nodes/369ee98f1ac7.md
M	MainProjects/Algebraic-Jacobian-Challenge-Rebuild/hgraph/nodes/36a6272f125b.md
M	MainProjects/Algebraic-Jacobian-Challenge-Rebuild/hgraph/nodes/36a8b2debc13.md
M	MainProjects/Algebraic-Jacobian-Challenge-Rebuild/hgraph/nodes/36ad94413ef5.md
M	MainProjects/Algebraic-Jacobian-Challenge-Rebuild/hgraph/nodes/36ade1b7672c.md
M	MainProjects/Algebraic-Jacobian-Challenge-Rebuild/hgraph/nodes/36af84ca818f.md
M	MainProjects/Algebraic-Jacobian-Challenge-Rebuild/hgraph/nodes/36c70f35951b.md
M	MainProjects/Algebraic-Jacobian-Challenge-Rebuild/hgraph/nodes/36cad1ba0507.md
M	MainProjects/Algebraic-Jacobian-Challenge-Rebuild/hgraph/nodes/36d29bf67805.md
M	MainProjects/Algebraic-Jacobian-Challenge-Rebuild/hgraph/nodes/36d8139963ae.md
M	MainProjects/Algebraic-Jacobian-Challenge-Rebuild/hgraph/nodes/36fd3e6f4b92.md
M	MainProjects/Algebraic-Jacobian-Challenge-Rebuild/hgraph/nodes/371f6e98b8a1.md
M	MainProjects/Algebraic-Jacobian-Challenge-Rebuild/hgraph/nodes/3723a7107a05.md
M	MainProjects/Algebraic-Jacobian-Challenge-Rebuild/hgraph/nodes/3723f5e3dafc.md
M	MainProjects/Algebraic-Jacobian-Challenge-Rebuild/hgraph/nodes/37287155e92d.md
M	MainProjects/Algebraic-Jacobian-Challenge-Rebuild/hgraph/nodes/373a20979f82.md
M	MainProjects/Algebraic-Jacobian-Challenge-Rebuild/hgraph/nodes/3749b9e6199b.md
M	MainProjects/Algebraic-Jacobian-Challenge-Rebuild/hgraph/nodes/3753581c09b0.md
M	MainProjects/Algebraic-Jacobian-Challenge-Rebuild/hgraph/nodes/37581e5d4eb5.md
M	MainProjects/Algebraic-Jacobian-Challenge-Rebuild/hgraph/nodes/376e1480409d.md
M	MainProjects/Algebraic-Jacobian-Challenge-Rebuild/hgraph/nodes/378a5d0e3455.md
M	MainProjects/Algebraic-Jacobian-Challenge-Rebuild/hgraph/nodes/378e837c2c80.md
M	MainProjects/Algebraic-Jacobian-Challenge-Rebuild/hgraph/nodes/379cf18e44bb.md
M	MainProjects/Algebraic-Jacobian-Challenge-Rebuild/hgraph/nodes/37a8bf1b484f.md
M	MainProjects/Algebraic-Jacobian-Challenge-Rebuild/hgraph/nodes/37aa238872a8.md
M	MainProjects/Algebraic-Jacobian-Challenge-Rebuild/hgraph/nodes/37acc81b5317.md
M	MainProjects/Algebraic-Jacobian-Challenge-Rebuild/hgraph/nodes/37bbb415f8f8.md
M	MainProjects/Algebraic-Jacobian-Challenge-Rebuild/hgraph/nodes/37c21c579635.md
M	MainProjects/Algebraic-Jacobian-Challenge-Rebuild/hgraph/nodes/37c41b40af65.md
M	MainProjects/Algebraic-Jacobian-Challenge-Rebuild/hgraph/nodes/37cb449ba33c.md
M	MainProjects/Algebraic-Jacobian-Challenge-Rebuild/hgraph/nodes/37ccab2e08c0.md
M	MainProjects/Algebraic-Jacobian-Challenge-Rebuild/hgraph/nodes/37cdb573c9f7.md
M	MainProjects/Algebraic-Jacobian-Challenge-Rebuild/hgraph/nodes/37d0784eaf01.md
M	MainProjects/Algebraic-Jacobian-Challenge-Rebuild/hgraph/nodes/37e17fe0423a.md
M	MainProjects/Algebraic-Jacobian-Challenge-Rebuild/hgraph/nodes/37f4cfc2fb23.md
M	MainProjects/Algebraic-Jacobian-Challenge-Rebuild/hgraph/nodes/37f5825b85e1.md
M	MainProjects/Algebraic-Jacobian-Challenge-Rebuild/hgraph/nodes/37fcabd72a07.md
M	MainProjects/Algebraic-Jacobian-Challenge-Rebuild/hgraph/nodes/38010283b761.md
M	MainProjects/Algebraic-Jacobian-Challenge-Rebuild/hgraph/nodes/380e29758c75.md
M	MainProjects/Algebraic-Jacobian-Challenge-Rebuild/hgraph/nodes/38173e4dbe7c.md
M	MainProjects/Algebraic-Jacobian-Challenge-Rebuild/hgraph/nodes/3818239cd5ee.md
M	MainProjects/Algebraic-Jacobian-Challenge-Rebuild/hgraph/nodes/3825d9341b4e.md
M	MainProjects/Algebraic-Jacobian-Challenge-Rebuild/hgraph/nodes/3836465d1306.md
M	MainProjects/Algebraic-Jacobian-Challenge-Rebuild/hgraph/nodes/383c0429365f.md
M	MainProjects/Algebraic-Jacobian-Challenge-Rebuild/hgraph/nodes/386ef0eb1788.md
D	MainProjects/Algebraic-Jacobian-Challenge-Rebuild/hgraph/nodes/387c1555de65.md
M	MainProjects/Algebraic-Jacobian-Challenge-Rebuild/hgraph/nodes/38a3a6e53147.md
M	MainProjects/Algebraic-Jacobian-Challenge-Rebuild/hgraph/nodes/38b342d8182a.md
M	MainProjects/Algebraic-Jacobian-Challenge-Rebuild/hgraph/nodes/38bdc70d4ec4.md
M	MainProjects/Algebraic-Jacobian-Challenge-Rebuild/hgraph/nodes/38c61a129b49.md
M	MainProjects/Algebraic-Jacobian-Challenge-Rebuild/hgraph/nodes/38d2546efc21.md
M	MainProjects/Algebraic-Jacobian-Challenge-Rebuild/hgraph/nodes/38d422f23b06.md
M	MainProjects/Algebraic-Jacobian-Challenge-Rebuild/hgraph/nodes/38db85de9684.md
M	MainProjects/Algebraic-Jacobian-Challenge-Rebuild/hgraph/nodes/38dde000905c.md
M	MainProjects/Algebraic-Jacobian-Challenge-Rebuild/hgraph/nodes/38e9ce8c38c6.md
M	MainProjects/Algebraic-Jacobian-Challenge-Rebuild/hgraph/nodes/38ec4d3ad412.md
M	MainProjects/Algebraic-Jacobian-Challenge-Rebuild/hgraph/nodes/38ed83d6f3c3.md
M	MainProjects/Algebraic-Jacobian-Challenge-Rebuild/hgraph/nodes/38ef0e92d44c.md
M	MainProjects/Algebraic-Jacobian-Challenge-Rebuild/hgraph/nodes/38ffc1af21d9.md
M	MainProjects/Algebraic-Jacobian-Challenge-Rebuild/hgraph/nodes/3903381393c7.md
M	MainProjects/Algebraic-Jacobian-Challenge-Rebuild/hgraph/nodes/39143eac8547.md
M	MainProjects/Algebraic-Jacobian-Challenge-Rebuild/hgraph/nodes/391ccaa6e398.md
M	MainProjects/Algebraic-Jacobian-Challenge-Rebuild/hgraph/nodes/391ce3f20775.md
M	MainProjects/Algebraic-Jacobian-Challenge-Rebuild/hgraph/nodes/393daed5ed2f.md
M	MainProjects/Algebraic-Jacobian-Challenge-Rebuild/hgraph/nodes/39437988bd6c.md
M	MainProjects/Algebraic-Jacobian-Challenge-Rebuild/hgraph/nodes/395684483212.md
M	MainProjects/Algebraic-Jacobian-Challenge-Rebuild/hgraph/nodes/3960a4a0a599.md
M	MainProjects/Algebraic-Jacobian-Challenge-Rebuild/hgraph/nodes/396a0839decf.md
M	MainProjects/Algebraic-Jacobian-Challenge-Rebuild/hgraph/nodes/39786e3a09e7.md
M	MainProjects/Algebraic-Jacobian-Challenge-Rebuild/hgraph/nodes/3980f9213c67.md
M	MainProjects/Algebraic-Jacobian-Challenge-Rebuild/hgraph/nodes/3992a8646420.md
M	MainProjects/Algebraic-Jacobian-Challenge-Rebuild/hgraph/nodes/39973a799172.md
M	MainProjects/Algebraic-Jacobian-Challenge-Rebuild/hgraph/nodes/3998074b22be.md
M	MainProjects/Algebraic-Jacobian-Challenge-Rebuild/hgraph/nodes/39991eb6ef11.md
M	MainProjects/Algebraic-Jacobian-Challenge-Rebuild/hgraph/nodes/39a00ee5c8c2.md
M	MainProjects/Algebraic-Jacobian-Challenge-Rebuild/hgraph/nodes/39b0917bf4e6.md
M	MainProjects/Algebraic-Jacobian-Challenge-Rebuild/hgraph/nodes/39b42a33e236.md
M	MainProjects/Algebraic-Jacobian-Challenge-Rebuild/hgraph/nodes/39bec01803cf.md
M	MainProjects/Algebraic-Jacobian-Challenge-Rebuild/hgraph/nodes/39c37a3b86c3.md
M	MainProjects/Algebraic-Jacobian-Challenge-Rebuild/hgraph/nodes/39c68c1dffd1.md
M	MainProjects/Algebraic-Jacobian-Challenge-Rebuild/hgraph/nodes/39c857455dfb.md
M	MainProjects/Algebraic-Jacobian-Challenge-Rebuild/hgraph/nodes/39d1668a3c64.md
M	MainProjects/Algebraic-Jacobian-Challenge-Rebuild/hgraph/nodes/39d6b4019648.md
M	MainProjects/Algebraic-Jacobian-Challenge-Rebuild/hgraph/nodes/3a00d0569761.md
M	MainProjects/Algebraic-Jacobian-Challenge-Rebuild/hgraph/nodes/3a01f2fcc7b6.md
M	MainProjects/Algebraic-Jacobian-Challenge-Rebuild/hgraph/nodes/3a2ebf3745c4.md
M	MainProjects/Algebraic-Jacobian-Challenge-Rebuild/hgraph/nodes/3a3ec482fb6d.md
M	MainProjects/Algebraic-Jacobian-Challenge-Rebuild/hgraph/nodes/3a3ee3558705.md
M	MainProjects/Algebraic-Jacobian-Challenge-Rebuild/hgraph/nodes/3a4c1b7f50d6.md
M	MainProjects/Algebraic-Jacobian-Challenge-Rebuild/hgraph/nodes/3a4db42fe8b1.md
M	MainProjects/Algebraic-Jacobian-Challenge-Rebuild/hgraph/nodes/3a61d070fbf5.md
M	MainProjects/Algebraic-Jacobian-Challenge-Rebuild/hgraph/nodes/3a6bb6611c52.md
M	MainProjects/Algebraic-Jacobian-Challenge-Rebuild/hgraph/nodes/3a71dad648d8.md
M	MainProjects/Algebraic-Jacobian-Challenge-Rebuild/hgraph/nodes/3a730b4119e2.md
M	MainProjects/Algebraic-Jacobian-Challenge-Rebuild/hgraph/nodes/3a77ce3e04ce.md
M	MainProjects/Algebraic-Jacobian-Challenge-Rebuild/hgraph/nodes/3a78801cb9e7.md
M	MainProjects/Algebraic-Jacobian-Challenge-Rebuild/hgraph/nodes/3a7ac7550549.md
M	MainProjects/Algebraic-Jacobian-Challenge-Rebuild/hgraph/nodes/3a82dddebca5.md
M	MainProjects/Algebraic-Jacobian-Challenge-Rebuild/hgraph/nodes/3a8bdc39b4ab.md
M	MainProjects/Algebraic-Jacobian-Challenge-Rebuild/hgraph/nodes/3ab04a0dec9e.md
M	MainProjects/Algebraic-Jacobian-Challenge-Rebuild/hgraph/nodes/3ab1a046ed85.md
M	MainProjects/Algebraic-Jacobian-Challenge-Rebuild/hgraph/nodes/3ab6ed1f86ad.md
M	MainProjects/Algebraic-Jacobian-Challenge-Rebuild/hgraph/nodes/3ab9d699a6c6.md
M	MainProjects/Algebraic-Jacobian-Challenge-Rebuild/hgraph/nodes/3abba4030d9d.md
M	MainProjects/Algebraic-Jacobian-Challenge-Rebuild/hgraph/nodes/3ac6eb58539b.md
M	MainProjects/Algebraic-Jacobian-Challenge-Rebuild/hgraph/nodes/3aebda6b4cdd.md
M	MainProjects/Algebraic-Jacobian-Challenge-Rebuild/hgraph/nodes/3af00c29772c.md
M	MainProjects/Algebraic-Jacobian-Challenge-Rebuild/hgraph/nodes/3af1eebdcb4e.md
M	MainProjects/Algebraic-Jacobian-Challenge-Rebuild/hgraph/nodes/3afcc0d178c5.md
M	MainProjects/Algebraic-Jacobian-Challenge-Rebuild/hgraph/nodes/3aff6d9abfb0.md
M	MainProjects/Algebraic-Jacobian-Challenge-Rebuild/hgraph/nodes/3b0d75adce51.md
M	MainProjects/Algebraic-Jacobian-Challenge-Rebuild/hgraph/nodes/3b0e7de8f090.md
M	MainProjects/Algebraic-Jacobian-Challenge-Rebuild/hgraph/nodes/3b1429fd7e1f.md
M	MainProjects/Algebraic-Jacobian-Challenge-Rebuild/hgraph/nodes/3b1a7cb961b2.md
M	MainProjects/Algebraic-Jacobian-Challenge-Rebuild/hgraph/nodes/3b1b81890ec0.md
M	MainProjects/Algebraic-Jacobian-Challenge-Rebuild/hgraph/nodes/3b1c171c27f3.md
M	MainProjects/Algebraic-Jacobian-Challenge-Rebuild/hgraph/nodes/3b1fe61cb313.md
M	MainProjects/Algebraic-Jacobian-Challenge-Rebuild/hgraph/nodes/3b21692ff80e.md
M	MainProjects/Algebraic-Jacobian-Challenge-Rebuild/hgraph/nodes/3b26b727c818.md
M	MainProjects/Algebraic-Jacobian-Challenge-Rebuild/hgraph/nodes/3b2a3572ab4b.md
M	MainProjects/Algebraic-Jacobian-Challenge-Rebuild/hgraph/nodes/3b3871630653.md
M	MainProjects/Algebraic-Jacobian-Challenge-Rebuild/hgraph/nodes/3b3b0389638e.md
M	MainProjects/Algebraic-Jacobian-Challenge-Rebuild/hgraph/nodes/3b474fb8ccee.md
M	MainProjects/Algebraic-Jacobian-Challenge-Rebuild/hgraph/nodes/3b490ef9a59f.md
M	MainProjects/Algebraic-Jacobian-Challenge-Rebuild/hgraph/nodes/3b4de9d5ecc7.md
M	MainProjects/Algebraic-Jacobian-Challenge-Rebuild/hgraph/nodes/3b4e0daa31b5.md
M	MainProjects/Algebraic-Jacobian-Challenge-Rebuild/hgraph/nodes/3b59ef4f8f8e.md
M	MainProjects/Algebraic-Jacobian-Challenge-Rebuild/hgraph/nodes/3b65928d19fb.md
M	MainProjects/Algebraic-Jacobian-Challenge-Rebuild/hgraph/nodes/3b6e6652eb34.md
M	MainProjects/Algebraic-Jacobian-Challenge-Rebuild/hgraph/nodes/3b7463bbdfdb.md
M	MainProjects/Algebraic-Jacobian-Challenge-Rebuild/hgraph/nodes/3b75c386274f.md
M	MainProjects/Algebraic-Jacobian-Challenge-Rebuild/hgraph/nodes/3b782b722312.md
M	MainProjects/Algebraic-Jacobian-Challenge-Rebuild/hgraph/nodes/3b7a9d65a8d9.md
M	MainProjects/Algebraic-Jacobian-Challenge-Rebuild/hgraph/nodes/3b7d4a65ce15.md
M	MainProjects/Algebraic-Jacobian-Challenge-Rebuild/hgraph/nodes/3b83cc009b89.md
M	MainProjects/Algebraic-Jacobian-Challenge-Rebuild/hgraph/nodes/3b908d16b081.md
M	MainProjects/Algebraic-Jacobian-Challenge-Rebuild/hgraph/nodes/3b95dcbf419d.md
M	MainProjects/Algebraic-Jacobian-Challenge-Rebuild/hgraph/nodes/3b95f9f0a9ef.md
M	MainProjects/Algebraic-Jacobian-Challenge-Rebuild/hgraph/nodes/3ba296da16de.md
M	MainProjects/Algebraic-Jacobian-Challenge-Rebuild/hgraph/nodes/3ba36cea9761.md
M	MainProjects/Algebraic-Jacobian-Challenge-Rebuild/hgraph/nodes/3baefbda3fee.md
M	MainProjects/Algebraic-Jacobian-Challenge-Rebuild/hgraph/nodes/3bc641f8ad1c.md
M	MainProjects/Algebraic-Jacobian-Challenge-Rebuild/hgraph/nodes/3bccc9044af5.md
M	MainProjects/Algebraic-Jacobian-Challenge-Rebuild/hgraph/nodes/3bcf8390e1c2.md
M	MainProjects/Algebraic-Jacobian-Challenge-Rebuild/hgraph/nodes/3bd5d51cc3a2.md
M	MainProjects/Algebraic-Jacobian-Challenge-Rebuild/hgraph/nodes/3bd883482127.md
M	MainProjects/Algebraic-Jacobian-Challenge-Rebuild/hgraph/nodes/3bde6161fdcb.md
M	MainProjects/Algebraic-Jacobian-Challenge-Rebuild/hgraph/nodes/3be8f10ee144.md
M	MainProjects/Algebraic-Jacobian-Challenge-Rebuild/hgraph/nodes/3bf0e7177c52.md
M	MainProjects/Algebraic-Jacobian-Challenge-Rebuild/hgraph/nodes/3bf865c21f1f.md
M	MainProjects/Algebraic-Jacobian-Challenge-Rebuild/hgraph/nodes/3bfc53eb50fb.md
M	MainProjects/Algebraic-Jacobian-Challenge-Rebuild/hgraph/nodes/3c0551dc7cfb.md
M	MainProjects/Algebraic-Jacobian-Challenge-Rebuild/hgraph/nodes/3c168e035e7b.md
M	MainProjects/Algebraic-Jacobian-Challenge-Rebuild/hgraph/nodes/3c223e253f22.md
M	MainProjects/Algebraic-Jacobian-Challenge-Rebuild/hgraph/nodes/3c23ea6e05c2.md
M	MainProjects/Algebraic-Jacobian-Challenge-Rebuild/hgraph/nodes/3c29b88f4163.md
M	MainProjects/Algebraic-Jacobian-Challenge-Rebuild/hgraph/nodes/3c2bdfd8f64b.md
M	MainProjects/Algebraic-Jacobian-Challenge-Rebuild/hgraph/nodes/3c39a41208c0.md
M	MainProjects/Algebraic-Jacobian-Challenge-Rebuild/hgraph/nodes/3c3cfac7713f.md
M	MainProjects/Algebraic-Jacobian-Challenge-Rebuild/hgraph/nodes/3c65420e5344.md
M	MainProjects/Algebraic-Jacobian-Challenge-Rebuild/hgraph/nodes/3c7203c8ce95.md
M	MainProjects/Algebraic-Jacobian-Challenge-Rebuild/hgraph/nodes/3c7ed5059773.md
M	MainProjects/Algebraic-Jacobian-Challenge-Rebuild/hgraph/nodes/3c9b16457c04.md
M	MainProjects/Algebraic-Jacobian-Challenge-Rebuild/hgraph/nodes/3cab9609b90b.md
M	MainProjects/Algebraic-Jacobian-Challenge-Rebuild/hgraph/nodes/3cafa28f3ba3.md
M	MainProjects/Algebraic-Jacobian-Challenge-Rebuild/hgraph/nodes/3cb863c2d53e.md
M	MainProjects/Algebraic-Jacobian-Challenge-Rebuild/hgraph/nodes/3cb8cfb2d952.md
M	MainProjects/Algebraic-Jacobian-Challenge-Rebuild/hgraph/nodes/3cbd38b966df.md
M	MainProjects/Algebraic-Jacobian-Challenge-Rebuild/hgraph/nodes/3ccce7e6d591.md
M	MainProjects/Algebraic-Jacobian-Challenge-Rebuild/hgraph/nodes/3cdb1718ec93.md
M	MainProjects/Algebraic-Jacobian-Challenge-Rebuild/hgraph/nodes/3cdec2742276.md
M	MainProjects/Algebraic-Jacobian-Challenge-Rebuild/hgraph/nodes/3ce964c31acd.md
M	MainProjects/Algebraic-Jacobian-Challenge-Rebuild/hgraph/nodes/3cfdcf00de42.md
M	MainProjects/Algebraic-Jacobian-Challenge-Rebuild/hgraph/nodes/3d01e6c901a1.md
M	MainProjects/Algebraic-Jacobian-Challenge-Rebuild/hgraph/nodes/3d0690530653.md
M	MainProjects/Algebraic-Jacobian-Challenge-Rebuild/hgraph/nodes/3d06c43e30f3.md
M	MainProjects/Algebraic-Jacobian-Challenge-Rebuild/hgraph/nodes/3d12c00825ca.md
M	MainProjects/Algebraic-Jacobian-Challenge-Rebuild/hgraph/nodes/3d177c1c195c.md
M	MainProjects/Algebraic-Jacobian-Challenge-Rebuild/hgraph/nodes/3d1b834d0f6a.md
M	MainProjects/Algebraic-Jacobian-Challenge-Rebuild/hgraph/nodes/3d2095faecf5.md
D	MainProjects/Algebraic-Jacobian-Challenge-Rebuild/hgraph/nodes/3d31a8930984.md
M	MainProjects/Algebraic-Jacobian-Challenge-Rebuild/hgraph/nodes/3d328d3c90e5.md
M	MainProjects/Algebraic-Jacobian-Challenge-Rebuild/hgraph/nodes/3d47c8e7dffa.md
M	MainProjects/Algebraic-Jacobian-Challenge-Rebuild/hgraph/nodes/3d48a920f1ee.md
M	MainProjects/Algebraic-Jacobian-Challenge-Rebuild/hgraph/nodes/3d4e185e9521.md
M	MainProjects/Algebraic-Jacobian-Challenge-Rebuild/hgraph/nodes/3d5a3ba4f5a2.md
M	MainProjects/Algebraic-Jacobian-Challenge-Rebuild/hgraph/nodes/3d603b86aa24.md
M	MainProjects/Algebraic-Jacobian-Challenge-Rebuild/hgraph/nodes/3d660364748a.md
M	MainProjects/Algebraic-Jacobian-Challenge-Rebuild/hgraph/nodes/3d69ac8636c0.md
M	MainProjects/Algebraic-Jacobian-Challenge-Rebuild/hgraph/nodes/3d6bb90170e5.md
M	MainProjects/Algebraic-Jacobian-Challenge-Rebuild/hgraph/nodes/3d700f48a677.md
M	MainProjects/Algebraic-Jacobian-Challenge-Rebuild/hgraph/nodes/3d7799950f35.md
M	MainProjects/Algebraic-Jacobian-Challenge-Rebuild/hgraph/nodes/3d79dea7d563.md
M	MainProjects/Algebraic-Jacobian-Challenge-Rebuild/hgraph/nodes/3d7f30107a27.md
M	MainProjects/Algebraic-Jacobian-Challenge-Rebuild/hgraph/nodes/3d882750ce7e.md
M	MainProjects/Algebraic-Jacobian-Challenge-Rebuild/hgraph/nodes/3d8fc2db45dd.md
M	MainProjects/Algebraic-Jacobian-Challenge-Rebuild/hgraph/nodes/3da0a9908125.md
M	MainProjects/Algebraic-Jacobian-Challenge-Rebuild/hgraph/nodes/3dbddce814bd.md
M	MainProjects/Algebraic-Jacobian-Challenge-Rebuild/hgraph/nodes/3dc71a073153.md
M	MainProjects/Algebraic-Jacobian-Challenge-Rebuild/hgraph/nodes/3dcdde4440c7.md
M	MainProjects/Algebraic-Jacobian-Challenge-Rebuild/hgraph/nodes/3de2a409c338.md
M	MainProjects/Algebraic-Jacobian-Challenge-Rebuild/hgraph/nodes/3deac09398ce.md
M	MainProjects/Algebraic-Jacobian-Challenge-Rebuild/hgraph/nodes/3df1bab668ea.md
M	MainProjects/Algebraic-Jacobian-Challenge-Rebuild/hgraph/nodes/3e073d1de6b3.md
M	MainProjects/Algebraic-Jacobian-Challenge-Rebuild/hgraph/nodes/3e1fb6ed43ec.md
M	MainProjects/Algebraic-Jacobian-Challenge-Rebuild/hgraph/nodes/3e2c55221fc8.md
M	MainProjects/Algebraic-Jacobian-Challenge-Rebuild/hgraph/nodes/3e2eee579306.md
M	MainProjects/Algebraic-Jacobian-Challenge-Rebuild/hgraph/nodes/3e2f801f0ac0.md
M	MainProjects/Algebraic-Jacobian-Challenge-Rebuild/hgraph/nodes/3e3bc623db6d.md
M	MainProjects/Algebraic-Jacobian-Challenge-Rebuild/hgraph/nodes/3e4d7da5018b.md
M	MainProjects/Algebraic-Jacobian-Challenge-Rebuild/hgraph/nodes/3e5214ac7254.md
M	MainProjects/Algebraic-Jacobian-Challenge-Rebuild/hgraph/nodes/3e53aa9911a6.md
M	MainProjects/Algebraic-Jacobian-Challenge-Rebuild/hgraph/nodes/3e6229029561.md
M	MainProjects/Algebraic-Jacobian-Challenge-Rebuild/hgraph/nodes/3e6c61a8fe95.md
M	MainProjects/Algebraic-Jacobian-Challenge-Rebuild/hgraph/nodes/3e6d083cb017.md
M	MainProjects/Algebraic-Jacobian-Challenge-Rebuild/hgraph/nodes/3e78964d24e2.md
M	MainProjects/Algebraic-Jacobian-Challenge-Rebuild/hgraph/nodes/3e7d6c960ec4.md
M	MainProjects/Algebraic-Jacobian-Challenge-Rebuild/hgraph/nodes/3e8255114279.md
M	MainProjects/Algebraic-Jacobian-Challenge-Rebuild/hgraph/nodes/3e8f0a4f9261.md
M	MainProjects/Algebraic-Jacobian-Challenge-Rebuild/hgraph/nodes/3e9a9875d7eb.md
M	MainProjects/Algebraic-Jacobian-Challenge-Rebuild/hgraph/nodes/3e9a9912b6d7.md
D	MainProjects/Algebraic-Jacobian-Challenge-Rebuild/hgraph/nodes/3ea7fa2c3c45.md
M	MainProjects/Algebraic-Jacobian-Challenge-Rebuild/hgraph/nodes/3eb09c5d22a6.md
M	MainProjects/Algebraic-Jacobian-Challenge-Rebuild/hgraph/nodes/3eb0a6212021.md
M	MainProjects/Algebraic-Jacobian-Challenge-Rebuild/hgraph/nodes/3ebb02af6478.md
M	MainProjects/Algebraic-Jacobian-Challenge-Rebuild/hgraph/nodes/3ebd3f3b86f1.md
M	MainProjects/Algebraic-Jacobian-Challenge-Rebuild/hgraph/nodes/3ec067c5fa78.md
M	MainProjects/Algebraic-Jacobian-Challenge-Rebuild/hgraph/nodes/3ec916a248b7.md
M	MainProjects/Algebraic-Jacobian-Challenge-Rebuild/hgraph/nodes/3edb0faf27a7.md
M	MainProjects/Algebraic-Jacobian-Challenge-Rebuild/hgraph/nodes/3edeec746966.md
M	MainProjects/Algebraic-Jacobian-Challenge-Rebuild/hgraph/nodes/3ee1ddfbfb74.md
M	MainProjects/Algebraic-Jacobian-Challenge-Rebuild/hgraph/nodes/3ef2328bdacd.md
M	MainProjects/Algebraic-Jacobian-Challenge-Rebuild/hgraph/nodes/3ef3d1626fe4.md
M	MainProjects/Algebraic-Jacobian-Challenge-Rebuild/hgraph/nodes/3ef3e841d6e9.md
M	MainProjects/Algebraic-Jacobian-Challenge-Rebuild/hgraph/nodes/3f121e2bd187.md
M	MainProjects/Algebraic-Jacobian-Challenge-Rebuild/hgraph/nodes/3f1d31fd89a2.md
M	MainProjects/Algebraic-Jacobian-Challenge-Rebuild/hgraph/nodes/3f2875a3afaa.md
M	MainProjects/Algebraic-Jacobian-Challenge-Rebuild/hgraph/nodes/3f3557bd1d6e.md
M	MainProjects/Algebraic-Jacobian-Challenge-Rebuild/hgraph/nodes/3f47f5567278.md
M	MainProjects/Algebraic-Jacobian-Challenge-Rebuild/hgraph/nodes/3f48e9a3e54c.md
M	MainProjects/Algebraic-Jacobian-Challenge-Rebuild/hgraph/nodes/3f4bee96e717.md
M	MainProjects/Algebraic-Jacobian-Challenge-Rebuild/hgraph/nodes/3f4f9f971845.md
M	MainProjects/Algebraic-Jacobian-Challenge-Rebuild/hgraph/nodes/3f4faa3e5400.md
M	MainProjects/Algebraic-Jacobian-Challenge-Rebuild/hgraph/nodes/3f549f336e63.md
M	MainProjects/Algebraic-Jacobian-Challenge-Rebuild/hgraph/nodes/3f55ddf230b5.md
M	MainProjects/Algebraic-Jacobian-Challenge-Rebuild/hgraph/nodes/3f57c3821f4b.md
M	MainProjects/Algebraic-Jacobian-Challenge-Rebuild/hgraph/nodes/3f5e61469b2d.md
M	MainProjects/Algebraic-Jacobian-Challenge-Rebuild/hgraph/nodes/3f67631a94b7.md
M	MainProjects/Algebraic-Jacobian-Challenge-Rebuild/hgraph/nodes/3f743832440a.md
M	MainProjects/Algebraic-Jacobian-Challenge-Rebuild/hgraph/nodes/3f7fbcd3634e.md
M	MainProjects/Algebraic-Jacobian-Challenge-Rebuild/hgraph/nodes/3f7fc00be5ab.md
M	MainProjects/Algebraic-Jacobian-Challenge-Rebuild/hgraph/nodes/3f7fd2beffeb.md
M	MainProjects/Algebraic-Jacobian-Challenge-Rebuild/hgraph/nodes/3f81cbb8e5df.md
M	MainProjects/Algebraic-Jacobian-Challenge-Rebuild/hgraph/nodes/3f85234b20ae.md
M	MainProjects/Algebraic-Jacobian-Challenge-Rebuild/hgraph/nodes/3f8aaf45ee4b.md
M	MainProjects/Algebraic-Jacobian-Challenge-Rebuild/hgraph/nodes/3f8f8b1aee63.md
M	MainProjects/Algebraic-Jacobian-Challenge-Rebuild/hgraph/nodes/3f922dc5008f.md
M	MainProjects/Algebraic-Jacobian-Challenge-Rebuild/hgraph/nodes/3f9415f61588.md
M	MainProjects/Algebraic-Jacobian-Challenge-Rebuild/hgraph/nodes/3f99b8a82a60.md
M	MainProjects/Algebraic-Jacobian-Challenge-Rebuild/hgraph/nodes/3f9d5ba27907.md
M	MainProjects/Algebraic-Jacobian-Challenge-Rebuild/hgraph/nodes/3f9f5c5456ac.md
M	MainProjects/Algebraic-Jacobian-Challenge-Rebuild/hgraph/nodes/3fbadc5174fd.md
M	MainProjects/Algebraic-Jacobian-Challenge-Rebuild/hgraph/nodes/3fc12a77be19.md
M	MainProjects/Algebraic-Jacobian-Challenge-Rebuild/hgraph/nodes/3fc1a3a232af.md
M	MainProjects/Algebraic-Jacobian-Challenge-Rebuild/hgraph/nodes/3fcbb31bf102.md
M	MainProjects/Algebraic-Jacobian-Challenge-Rebuild/hgraph/nodes/3fd2ab787353.md
M	MainProjects/Algebraic-Jacobian-Challenge-Rebuild/hgraph/nodes/3fd97263d328.md
M	MainProjects/Algebraic-Jacobian-Challenge-Rebuild/hgraph/nodes/3fdeba515fad.md
M	MainProjects/Algebraic-Jacobian-Challenge-Rebuild/hgraph/nodes/3fea73d8c250.md
M	MainProjects/Algebraic-Jacobian-Challenge-Rebuild/hgraph/nodes/3ff06fc0be9e.md
M	MainProjects/Algebraic-Jacobian-Challenge-Rebuild/hgraph/nodes/3ff260ce7348.md
M	MainProjects/Algebraic-Jacobian-Challenge-Rebuild/hgraph/nodes/3ffc88edee83.md
M	MainProjects/Algebraic-Jacobian-Challenge-Rebuild/hgraph/nodes/3fff2f013b8d.md
M	MainProjects/Algebraic-Jacobian-Challenge-Rebuild/hgraph/nodes/4012a68b4cfc.md
D	MainProjects/Algebraic-Jacobian-Challenge-Rebuild/hgraph/nodes/40156fb89314.md
M	MainProjects/Algebraic-Jacobian-Challenge-Rebuild/hgraph/nodes/4021f6c79947.md
M	MainProjects/Algebraic-Jacobian-Challenge-Rebuild/hgraph/nodes/403b1e354ddf.md
M	MainProjects/Algebraic-Jacobian-Challenge-Rebuild/hgraph/nodes/403bfc62a668.md
M	MainProjects/Algebraic-Jacobian-Challenge-Rebuild/hgraph/nodes/4040b98d5e1d.md
M	MainProjects/Algebraic-Jacobian-Challenge-Rebuild/hgraph/nodes/40438c176cc7.md
M	MainProjects/Algebraic-Jacobian-Challenge-Rebuild/hgraph/nodes/405a1f5b24c9.md
M	MainProjects/Algebraic-Jacobian-Challenge-Rebuild/hgraph/nodes/405b37dc0756.md
M	MainProjects/Algebraic-Jacobian-Challenge-Rebuild/hgraph/nodes/40606a999c1d.md
M	MainProjects/Algebraic-Jacobian-Challenge-Rebuild/hgraph/nodes/406ace5f113a.md
M	MainProjects/Algebraic-Jacobian-Challenge-Rebuild/hgraph/nodes/4077bb9415c9.md
M	MainProjects/Algebraic-Jacobian-Challenge-Rebuild/hgraph/nodes/40782a797e01.md
M	MainProjects/Algebraic-Jacobian-Challenge-Rebuild/hgraph/nodes/407fa481c8bd.md
M	MainProjects/Algebraic-Jacobian-Challenge-Rebuild/hgraph/nodes/4084052dc018.md
M	MainProjects/Algebraic-Jacobian-Challenge-Rebuild/hgraph/nodes/4086eacbdb84.md
M	MainProjects/Algebraic-Jacobian-Challenge-Rebuild/hgraph/nodes/40885dcbfaaa.md
M	MainProjects/Algebraic-Jacobian-Challenge-Rebuild/hgraph/nodes/408b3880c14e.md
M	MainProjects/Algebraic-Jacobian-Challenge-Rebuild/hgraph/nodes/408eb979ea70.md
M	MainProjects/Algebraic-Jacobian-Challenge-Rebuild/hgraph/nodes/409f684507e5.md
M	MainProjects/Algebraic-Jacobian-Challenge-Rebuild/hgraph/nodes/40ac39715605.md
M	MainProjects/Algebraic-Jacobian-Challenge-Rebuild/hgraph/nodes/40ada96ffab4.md
M	MainProjects/Algebraic-Jacobian-Challenge-Rebuild/hgraph/nodes/40beb2039e51.md
M	MainProjects/Algebraic-Jacobian-Challenge-Rebuild/hgraph/nodes/40daabdc88bb.md
M	MainProjects/Algebraic-Jacobian-Challenge-Rebuild/hgraph/nodes/40e5a8d1ab3a.md
M	MainProjects/Algebraic-Jacobian-Challenge-Rebuild/hgraph/nodes/40f2c03ae2e9.md
M	MainProjects/Algebraic-Jacobian-Challenge-Rebuild/hgraph/nodes/40f64b480b24.md
D	MainProjects/Algebraic-Jacobian-Challenge-Rebuild/hgraph/nodes/40f6a0df59ec.md
M	MainProjects/Algebraic-Jacobian-Challenge-Rebuild/hgraph/nodes/40ff22839624.md
M	MainProjects/Algebraic-Jacobian-Challenge-Rebuild/hgraph/nodes/41052ceb4e15.md
M	MainProjects/Algebraic-Jacobian-Challenge-Rebuild/hgraph/nodes/410825fcfa2c.md
M	MainProjects/Algebraic-Jacobian-Challenge-Rebuild/hgraph/nodes/4116b527ddac.md
M	MainProjects/Algebraic-Jacobian-Challenge-Rebuild/hgraph/nodes/4116d94e4909.md
M	MainProjects/Algebraic-Jacobian-Challenge-Rebuild/hgraph/nodes/411b3f9b52c4.md
M	MainProjects/Algebraic-Jacobian-Challenge-Rebuild/hgraph/nodes/412078669374.md
M	MainProjects/Algebraic-Jacobian-Challenge-Rebuild/hgraph/nodes/413ea90a6578.md
M	MainProjects/Algebraic-Jacobian-Challenge-Rebuild/hgraph/nodes/414b2e99ef8f.md
M	MainProjects/Algebraic-Jacobian-Challenge-Rebuild/hgraph/nodes/414fae660af6.md
M	MainProjects/Algebraic-Jacobian-Challenge-Rebuild/hgraph/nodes/415622b48c1f.md
M	MainProjects/Algebraic-Jacobian-Challenge-Rebuild/hgraph/nodes/415804081f49.md
D	MainProjects/Algebraic-Jacobian-Challenge-Rebuild/hgraph/nodes/41582c287d68.md
M	MainProjects/Algebraic-Jacobian-Challenge-Rebuild/hgraph/nodes/41595183d8f5.md
M	MainProjects/Algebraic-Jacobian-Challenge-Rebuild/hgraph/nodes/4159bf4c751f.md
M	MainProjects/Algebraic-Jacobian-Challenge-Rebuild/hgraph/nodes/41608ed8ef31.md
M	MainProjects/Algebraic-Jacobian-Challenge-Rebuild/hgraph/nodes/4168b0f9d58b.md
M	MainProjects/Algebraic-Jacobian-Challenge-Rebuild/hgraph/nodes/417592711791.md
M	MainProjects/Algebraic-Jacobian-Challenge-Rebuild/hgraph/nodes/417666fb8d94.md
M	MainProjects/Algebraic-Jacobian-Challenge-Rebuild/hgraph/nodes/4176ca9c9e57.md
M	MainProjects/Algebraic-Jacobian-Challenge-Rebuild/hgraph/nodes/418d2a1729e8.md
M	MainProjects/Algebraic-Jacobian-Challenge-Rebuild/hgraph/nodes/418d8bf577f9.md
M	MainProjects/Algebraic-Jacobian-Challenge-Rebuild/hgraph/nodes/418f645fc077.md
M	MainProjects/Algebraic-Jacobian-Challenge-Rebuild/hgraph/nodes/41a0bae3e0d7.md
M	MainProjects/Algebraic-Jacobian-Challenge-Rebuild/hgraph/nodes/41a6e73bf2b4.md
M	MainProjects/Algebraic-Jacobian-Challenge-Rebuild/hgraph/nodes/41b104e8ed49.md
M	MainProjects/Algebraic-Jacobian-Challenge-Rebuild/hgraph/nodes/41b1d8986a72.md
M	MainProjects/Algebraic-Jacobian-Challenge-Rebuild/hgraph/nodes/41b9bb476466.md
M	MainProjects/Algebraic-Jacobian-Challenge-Rebuild/hgraph/nodes/41bc8286f7a1.md
M	MainProjects/Algebraic-Jacobian-Challenge-Rebuild/hgraph/nodes/41c2f37b2539.md
M	MainProjects/Algebraic-Jacobian-Challenge-Rebuild/hgraph/nodes/41d1b31992f6.md
M	MainProjects/Algebraic-Jacobian-Challenge-Rebuild/hgraph/nodes/41dad6778524.md
M	MainProjects/Algebraic-Jacobian-Challenge-Rebuild/hgraph/nodes/41dbf7f1b336.md
M	MainProjects/Algebraic-Jacobian-Challenge-Rebuild/hgraph/nodes/41efbf699e33.md
M	MainProjects/Algebraic-Jacobian-Challenge-Rebuild/hgraph/nodes/41f624131392.md
M	MainProjects/Algebraic-Jacobian-Challenge-Rebuild/hgraph/nodes/41f94703d306.md
M	MainProjects/Algebraic-Jacobian-Challenge-Rebuild/hgraph/nodes/4212a880ac45.md
M	MainProjects/Algebraic-Jacobian-Challenge-Rebuild/hgraph/nodes/4217c1e01b46.md
M	MainProjects/Algebraic-Jacobian-Challenge-Rebuild/hgraph/nodes/4221c95977e1.md
M	MainProjects/Algebraic-Jacobian-Challenge-Rebuild/hgraph/nodes/4227a5454f18.md
M	MainProjects/Algebraic-Jacobian-Challenge-Rebuild/hgraph/nodes/422991220942.md
M	MainProjects/Algebraic-Jacobian-Challenge-Rebuild/hgraph/nodes/422cb1897f1f.md
M	MainProjects/Algebraic-Jacobian-Challenge-Rebuild/hgraph/nodes/4231d656aab0.md
M	MainProjects/Algebraic-Jacobian-Challenge-Rebuild/hgraph/nodes/42402f991523.md
M	MainProjects/Algebraic-Jacobian-Challenge-Rebuild/hgraph/nodes/425431e9b9c5.md
M	MainProjects/Algebraic-Jacobian-Challenge-Rebuild/hgraph/nodes/425e9fd21fd4.md
M	MainProjects/Algebraic-Jacobian-Challenge-Rebuild/hgraph/nodes/42603e863afd.md
M	MainProjects/Algebraic-Jacobian-Challenge-Rebuild/hgraph/nodes/42678f92c743.md
M	MainProjects/Algebraic-Jacobian-Challenge-Rebuild/hgraph/nodes/427cdfdbed68.md
M	MainProjects/Algebraic-Jacobian-Challenge-Rebuild/hgraph/nodes/4280243cf520.md
M	MainProjects/Algebraic-Jacobian-Challenge-Rebuild/hgraph/nodes/428191d06833.md
M	MainProjects/Algebraic-Jacobian-Challenge-Rebuild/hgraph/nodes/428c2c68a7df.md
M	MainProjects/Algebraic-Jacobian-Challenge-Rebuild/hgraph/nodes/428c4752c9a5.md
M	MainProjects/Algebraic-Jacobian-Challenge-Rebuild/hgraph/nodes/428c7f1fd0de.md
M	MainProjects/Algebraic-Jacobian-Challenge-Rebuild/hgraph/nodes/42956da79373.md
M	MainProjects/Algebraic-Jacobian-Challenge-Rebuild/hgraph/nodes/429b421c0669.md
M	MainProjects/Algebraic-Jacobian-Challenge-Rebuild/hgraph/nodes/429b4a02cada.md
M	MainProjects/Algebraic-Jacobian-Challenge-Rebuild/hgraph/nodes/42a4ed546a70.md
M	MainProjects/Algebraic-Jacobian-Challenge-Rebuild/hgraph/nodes/42ba7b34d28f.md
M	MainProjects/Algebraic-Jacobian-Challenge-Rebuild/hgraph/nodes/42bd034a45c4.md
M	MainProjects/Algebraic-Jacobian-Challenge-Rebuild/hgraph/nodes/42d16c3025b0.md
M	MainProjects/Algebraic-Jacobian-Challenge-Rebuild/hgraph/nodes/42dc85063cdf.md
M	MainProjects/Algebraic-Jacobian-Challenge-Rebuild/hgraph/nodes/42e4cf8de13c.md
M	MainProjects/Algebraic-Jacobian-Challenge-Rebuild/hgraph/nodes/42e98e9b25e4.md
M	MainProjects/Algebraic-Jacobian-Challenge-Rebuild/hgraph/nodes/42ef446ccb53.md
M	MainProjects/Algebraic-Jacobian-Challenge-Rebuild/hgraph/nodes/42f009def333.md
M	MainProjects/Algebraic-Jacobian-Challenge-Rebuild/hgraph/nodes/42f23a800ff4.md
M	MainProjects/Algebraic-Jacobian-Challenge-Rebuild/hgraph/nodes/4306ecd0ad8a.md
M	MainProjects/Algebraic-Jacobian-Challenge-Rebuild/hgraph/nodes/43076e38b194.md
M	MainProjects/Algebraic-Jacobian-Challenge-Rebuild/hgraph/nodes/4316925c3a7f.md
M	MainProjects/Algebraic-Jacobian-Challenge-Rebuild/hgraph/nodes/4320a9bf6432.md
M	MainProjects/Algebraic-Jacobian-Challenge-Rebuild/hgraph/nodes/4322659e9c0d.md
M	MainProjects/Algebraic-Jacobian-Challenge-Rebuild/hgraph/nodes/43296ad3931b.md
M	MainProjects/Algebraic-Jacobian-Challenge-Rebuild/hgraph/nodes/432b0aae015e.md
M	MainProjects/Algebraic-Jacobian-Challenge-Rebuild/hgraph/nodes/434c71bc8946.md
M	MainProjects/Algebraic-Jacobian-Challenge-Rebuild/hgraph/nodes/434e7adca1c6.md
M	MainProjects/Algebraic-Jacobian-Challenge-Rebuild/hgraph/nodes/43517ca85f3f.md
M	MainProjects/Algebraic-Jacobian-Challenge-Rebuild/hgraph/nodes/4363fd5027c0.md
M	MainProjects/Algebraic-Jacobian-Challenge-Rebuild/hgraph/nodes/4366eec92cb4.md
M	MainProjects/Algebraic-Jacobian-Challenge-Rebuild/hgraph/nodes/436966847ce5.md
M	MainProjects/Algebraic-Jacobian-Challenge-Rebuild/hgraph/nodes/436fec8fa3d3.md
M	MainProjects/Algebraic-Jacobian-Challenge-Rebuild/hgraph/nodes/43753b2a6523.md
M	MainProjects/Algebraic-Jacobian-Challenge-Rebuild/hgraph/nodes/437dc2331ff8.md
M	MainProjects/Algebraic-Jacobian-Challenge-Rebuild/hgraph/nodes/438e2132ad3b.md
M	MainProjects/Algebraic-Jacobian-Challenge-Rebuild/hgraph/nodes/43a02a830871.md
M	MainProjects/Algebraic-Jacobian-Challenge-Rebuild/hgraph/nodes/43a447d32733.md
M	MainProjects/Algebraic-Jacobian-Challenge-Rebuild/hgraph/nodes/43b844c0deae.md
M	MainProjects/Algebraic-Jacobian-Challenge-Rebuild/hgraph/nodes/43c27126d33e.md
M	MainProjects/Algebraic-Jacobian-Challenge-Rebuild/hgraph/nodes/43c422047d8a.md
M	MainProjects/Algebraic-Jacobian-Challenge-Rebuild/hgraph/nodes/43ddb54a548b.md
M	MainProjects/Algebraic-Jacobian-Challenge-Rebuild/hgraph/nodes/43ea1c0d8353.md
M	MainProjects/Algebraic-Jacobian-Challenge-Rebuild/hgraph/nodes/43ed63c3d41a.md
M	MainProjects/Algebraic-Jacobian-Challenge-Rebuild/hgraph/nodes/43fcfbb4914c.md
M	MainProjects/Algebraic-Jacobian-Challenge-Rebuild/hgraph/nodes/4400be8b46e2.md
M	MainProjects/Algebraic-Jacobian-Challenge-Rebuild/hgraph/nodes/440634cfff98.md
M	MainProjects/Algebraic-Jacobian-Challenge-Rebuild/hgraph/nodes/4414f9d1eaa6.md
M	MainProjects/Algebraic-Jacobian-Challenge-Rebuild/hgraph/nodes/4416ccfc80fa.md
M	MainProjects/Algebraic-Jacobian-Challenge-Rebuild/hgraph/nodes/4417043ba142.md
M	MainProjects/Algebraic-Jacobian-Challenge-Rebuild/hgraph/nodes/442023af5430.md
M	MainProjects/Algebraic-Jacobian-Challenge-Rebuild/hgraph/nodes/44288666a44e.md
M	MainProjects/Algebraic-Jacobian-Challenge-Rebuild/hgraph/nodes/442894d82cec.md
M	MainProjects/Algebraic-Jacobian-Challenge-Rebuild/hgraph/nodes/4429d1cc1207.md
M	MainProjects/Algebraic-Jacobian-Challenge-Rebuild/hgraph/nodes/442d5d12847a.md
M	MainProjects/Algebraic-Jacobian-Challenge-Rebuild/hgraph/nodes/44325241d955.md
M	MainProjects/Algebraic-Jacobian-Challenge-Rebuild/hgraph/nodes/444526c41260.md
M	MainProjects/Algebraic-Jacobian-Challenge-Rebuild/hgraph/nodes/444a23c26c7f.md
M	MainProjects/Algebraic-Jacobian-Challenge-Rebuild/hgraph/nodes/4456713c2a97.md
M	MainProjects/Algebraic-Jacobian-Challenge-Rebuild/hgraph/nodes/445952eef623.md
M	MainProjects/Algebraic-Jacobian-Challenge-Rebuild/hgraph/nodes/44609d0f9e43.md
M	MainProjects/Algebraic-Jacobian-Challenge-Rebuild/hgraph/nodes/4464b444f073.md
M	MainProjects/Algebraic-Jacobian-Challenge-Rebuild/hgraph/nodes/4470e34e5e02.md
M	MainProjects/Algebraic-Jacobian-Challenge-Rebuild/hgraph/nodes/4477ff9ba6d9.md
M	MainProjects/Algebraic-Jacobian-Challenge-Rebuild/hgraph/nodes/4483b78d700e.md
M	MainProjects/Algebraic-Jacobian-Challenge-Rebuild/hgraph/nodes/449a4f54aa05.md
M	MainProjects/Algebraic-Jacobian-Challenge-Rebuild/hgraph/nodes/449ec6bc5f7e.md
M	MainProjects/Algebraic-Jacobian-Challenge-Rebuild/hgraph/nodes/44a4d6e8828f.md
M	MainProjects/Algebraic-Jacobian-Challenge-Rebuild/hgraph/nodes/44a94fd52943.md
M	MainProjects/Algebraic-Jacobian-Challenge-Rebuild/hgraph/nodes/44ac263a1644.md
M	MainProjects/Algebraic-Jacobian-Challenge-Rebuild/hgraph/nodes/44b3ed83df07.md
M	MainProjects/Algebraic-Jacobian-Challenge-Rebuild/hgraph/nodes/44c289ab704a.md
M	MainProjects/Algebraic-Jacobian-Challenge-Rebuild/hgraph/nodes/44cb1ecfc846.md
M	MainProjects/Algebraic-Jacobian-Challenge-Rebuild/hgraph/nodes/44ccc9db7fa3.md
M	MainProjects/Algebraic-Jacobian-Challenge-Rebuild/hgraph/nodes/44d97974135b.md
M	MainProjects/Algebraic-Jacobian-Challenge-Rebuild/hgraph/nodes/44da23539d13.md
M	MainProjects/Algebraic-Jacobian-Challenge-Rebuild/hgraph/nodes/44e3d19a8f8e.md
M	MainProjects/Algebraic-Jacobian-Challenge-Rebuild/hgraph/nodes/44ead83781e8.md
M	MainProjects/Algebraic-Jacobian-Challenge-Rebuild/hgraph/nodes/44efcc5139e3.md
M	MainProjects/Algebraic-Jacobian-Challenge-Rebuild/hgraph/nodes/44f42bfc3a69.md
M	MainProjects/Algebraic-Jacobian-Challenge-Rebuild/hgraph/nodes/44f4c3124f90.md
M	MainProjects/Algebraic-Jacobian-Challenge-Rebuild/hgraph/nodes/44f7d7462aa3.md
M	MainProjects/Algebraic-Jacobian-Challenge-Rebuild/hgraph/nodes/44f99a52fcab.md
M	MainProjects/Algebraic-Jacobian-Challenge-Rebuild/hgraph/nodes/45014b20fca6.md
M	MainProjects/Algebraic-Jacobian-Challenge-Rebuild/hgraph/nodes/45014ce4bc30.md
M	MainProjects/Algebraic-Jacobian-Challenge-Rebuild/hgraph/nodes/4507955db7e3.md
M	MainProjects/Algebraic-Jacobian-Challenge-Rebuild/hgraph/nodes/4513b101ff32.md
M	MainProjects/Algebraic-Jacobian-Challenge-Rebuild/hgraph/nodes/4516b107cfbb.md
M	MainProjects/Algebraic-Jacobian-Challenge-Rebuild/hgraph/nodes/4520768c5aef.md
M	MainProjects/Algebraic-Jacobian-Challenge-Rebuild/hgraph/nodes/452479de2464.md
M	MainProjects/Algebraic-Jacobian-Challenge-Rebuild/hgraph/nodes/452df6eb0197.md
M	MainProjects/Algebraic-Jacobian-Challenge-Rebuild/hgraph/nodes/4537d396561a.md
M	MainProjects/Algebraic-Jacobian-Challenge-Rebuild/hgraph/nodes/453dedbd6a8d.md
M	MainProjects/Algebraic-Jacobian-Challenge-Rebuild/hgraph/nodes/454d226468c9.md
M	MainProjects/Algebraic-Jacobian-Challenge-Rebuild/hgraph/nodes/45512af4bfc5.md
M	MainProjects/Algebraic-Jacobian-Challenge-Rebuild/hgraph/nodes/4558d441b69f.md
M	MainProjects/Algebraic-Jacobian-Challenge-Rebuild/hgraph/nodes/455c12fd5344.md
M	MainProjects/Algebraic-Jacobian-Challenge-Rebuild/hgraph/nodes/45616c7b3eb2.md
M	MainProjects/Algebraic-Jacobian-Challenge-Rebuild/hgraph/nodes/456c39555936.md
M	MainProjects/Algebraic-Jacobian-Challenge-Rebuild/hgraph/nodes/456c4af06b6e.md
M	MainProjects/Algebraic-Jacobian-Challenge-Rebuild/hgraph/nodes/458929f603e4.md
M	MainProjects/Algebraic-Jacobian-Challenge-Rebuild/hgraph/nodes/4590d273da46.md
M	MainProjects/Algebraic-Jacobian-Challenge-Rebuild/hgraph/nodes/4599a329f34d.md
M	MainProjects/Algebraic-Jacobian-Challenge-Rebuild/hgraph/nodes/45abed912b98.md
M	MainProjects/Algebraic-Jacobian-Challenge-Rebuild/hgraph/nodes/45b0d59dc5cf.md
M	MainProjects/Algebraic-Jacobian-Challenge-Rebuild/hgraph/nodes/45b4d7be1f2e.md
M	MainProjects/Algebraic-Jacobian-Challenge-Rebuild/hgraph/nodes/45b778248f81.md
M	MainProjects/Algebraic-Jacobian-Challenge-Rebuild/hgraph/nodes/45b90e6b04f2.md
M	MainProjects/Algebraic-Jacobian-Challenge-Rebuild/hgraph/nodes/45bcd4650a8e.md
M	MainProjects/Algebraic-Jacobian-Challenge-Rebuild/hgraph/nodes/45bd5615b6f1.md
M	MainProjects/Algebraic-Jacobian-Challenge-Rebuild/hgraph/nodes/45c70b96ff43.md
M	MainProjects/Algebraic-Jacobian-Challenge-Rebuild/hgraph/nodes/45cbe53be1de.md
M	MainProjects/Algebraic-Jacobian-Challenge-Rebuild/hgraph/nodes/45d0a1991e3c.md
M	MainProjects/Algebraic-Jacobian-Challenge-Rebuild/hgraph/nodes/45d6ef24721b.md
M	MainProjects/Algebraic-Jacobian-Challenge-Rebuild/hgraph/nodes/45da25e1e2b1.md
M	MainProjects/Algebraic-Jacobian-Challenge-Rebuild/hgraph/nodes/45df45a4dc82.md
M	MainProjects/Algebraic-Jacobian-Challenge-Rebuild/hgraph/nodes/45e11d969075.md
M	MainProjects/Algebraic-Jacobian-Challenge-Rebuild/hgraph/nodes/45f4fc46c42d.md
M	MainProjects/Algebraic-Jacobian-Challenge-Rebuild/hgraph/nodes/45faaa9eff12.md
M	MainProjects/Algebraic-Jacobian-Challenge-Rebuild/hgraph/nodes/460057ef5961.md
M	MainProjects/Algebraic-Jacobian-Challenge-Rebuild/hgraph/nodes/4609afb037d4.md
M	MainProjects/Algebraic-Jacobian-Challenge-Rebuild/hgraph/nodes/460c4d580244.md
M	MainProjects/Algebraic-Jacobian-Challenge-Rebuild/hgraph/nodes/461a603e74df.md
M	MainProjects/Algebraic-Jacobian-Challenge-Rebuild/hgraph/nodes/461d4b03ca96.md
M	MainProjects/Algebraic-Jacobian-Challenge-Rebuild/hgraph/nodes/461e8603cde5.md
M	MainProjects/Algebraic-Jacobian-Challenge-Rebuild/hgraph/nodes/4625572a8a3e.md
M	MainProjects/Algebraic-Jacobian-Challenge-Rebuild/hgraph/nodes/462b174b5ed6.md
M	MainProjects/Algebraic-Jacobian-Challenge-Rebuild/hgraph/nodes/46382cdb57c8.md
M	MainProjects/Algebraic-Jacobian-Challenge-Rebuild/hgraph/nodes/463f88d515e9.md
M	MainProjects/Algebraic-Jacobian-Challenge-Rebuild/hgraph/nodes/4642298a7fc3.md
M	MainProjects/Algebraic-Jacobian-Challenge-Rebuild/hgraph/nodes/464f2bdfc6ae.md
M	MainProjects/Algebraic-Jacobian-Challenge-Rebuild/hgraph/nodes/465445f27f0c.md
M	MainProjects/Algebraic-Jacobian-Challenge-Rebuild/hgraph/nodes/465562eecfc3.md
M	MainProjects/Algebraic-Jacobian-Challenge-Rebuild/hgraph/nodes/465c416edf23.md
M	MainProjects/Algebraic-Jacobian-Challenge-Rebuild/hgraph/nodes/466dd0e4dceb.md
M	MainProjects/Algebraic-Jacobian-Challenge-Rebuild/hgraph/nodes/467264e041cd.md
M	MainProjects/Algebraic-Jacobian-Challenge-Rebuild/hgraph/nodes/468cca9604d5.md
M	MainProjects/Algebraic-Jacobian-Challenge-Rebuild/hgraph/nodes/469ee47e4e1b.md
M	MainProjects/Algebraic-Jacobian-Challenge-Rebuild/hgraph/nodes/46aaad7171b1.md
M	MainProjects/Algebraic-Jacobian-Challenge-Rebuild/hgraph/nodes/46c11231e1a3.md
M	MainProjects/Algebraic-Jacobian-Challenge-Rebuild/hgraph/nodes/46c6fb108574.md
M	MainProjects/Algebraic-Jacobian-Challenge-Rebuild/hgraph/nodes/46d70fdfabb6.md
M	MainProjects/Algebraic-Jacobian-Challenge-Rebuild/hgraph/nodes/46d7a9db4193.md
M	MainProjects/Algebraic-Jacobian-Challenge-Rebuild/hgraph/nodes/46e044ef22b7.md
M	MainProjects/Algebraic-Jacobian-Challenge-Rebuild/hgraph/nodes/46e11e696267.md
M	MainProjects/Algebraic-Jacobian-Challenge-Rebuild/hgraph/nodes/46ed5313145f.md
M	MainProjects/Algebraic-Jacobian-Challenge-Rebuild/hgraph/nodes/46ee6c23770c.md
M	MainProjects/Algebraic-Jacobian-Challenge-Rebuild/hgraph/nodes/46fcc6bb175e.md
M	MainProjects/Algebraic-Jacobian-Challenge-Rebuild/hgraph/nodes/46fd1138cb43.md
M	MainProjects/Algebraic-Jacobian-Challenge-Rebuild/hgraph/nodes/4714b06aa3a0.md
M	MainProjects/Algebraic-Jacobian-Challenge-Rebuild/hgraph/nodes/471a6fe0b7f2.md
M	MainProjects/Algebraic-Jacobian-Challenge-Rebuild/hgraph/nodes/47200a12e63d.md
M	MainProjects/Algebraic-Jacobian-Challenge-Rebuild/hgraph/nodes/47214df915da.md
M	MainProjects/Algebraic-Jacobian-Challenge-Rebuild/hgraph/nodes/472a30752030.md
M	MainProjects/Algebraic-Jacobian-Challenge-Rebuild/hgraph/nodes/473240d3b63b.md
M	MainProjects/Algebraic-Jacobian-Challenge-Rebuild/hgraph/nodes/473393b6bf56.md
M	MainProjects/Algebraic-Jacobian-Challenge-Rebuild/hgraph/nodes/47433aba5a14.md
M	MainProjects/Algebraic-Jacobian-Challenge-Rebuild/hgraph/nodes/4744a2afb7c0.md
M	MainProjects/Algebraic-Jacobian-Challenge-Rebuild/hgraph/nodes/47487e1b286a.md
M	MainProjects/Algebraic-Jacobian-Challenge-Rebuild/hgraph/nodes/475ffe54c8de.md
M	MainProjects/Algebraic-Jacobian-Challenge-Rebuild/hgraph/nodes/4762b055d3d0.md
M	MainProjects/Algebraic-Jacobian-Challenge-Rebuild/hgraph/nodes/47675a5f3a4d.md
M	MainProjects/Algebraic-Jacobian-Challenge-Rebuild/hgraph/nodes/476c5281b0a7.md
M	MainProjects/Algebraic-Jacobian-Challenge-Rebuild/hgraph/nodes/47715db19a28.md
M	MainProjects/Algebraic-Jacobian-Challenge-Rebuild/hgraph/nodes/47742d57d3ae.md
M	MainProjects/Algebraic-Jacobian-Challenge-Rebuild/hgraph/nodes/47751a3366cb.md
M	MainProjects/Algebraic-Jacobian-Challenge-Rebuild/hgraph/nodes/477afe18de0d.md
M	MainProjects/Algebraic-Jacobian-Challenge-Rebuild/hgraph/nodes/478bc173a322.md
M	MainProjects/Algebraic-Jacobian-Challenge-Rebuild/hgraph/nodes/47ae56bcacde.md
M	MainProjects/Algebraic-Jacobian-Challenge-Rebuild/hgraph/nodes/47ae967280e7.md
M	MainProjects/Algebraic-Jacobian-Challenge-Rebuild/hgraph/nodes/47afd169f52a.md
M	MainProjects/Algebraic-Jacobian-Challenge-Rebuild/hgraph/nodes/47b0d1e6eb61.md
M	MainProjects/Algebraic-Jacobian-Challenge-Rebuild/hgraph/nodes/47b8076a2132.md
M	MainProjects/Algebraic-Jacobian-Challenge-Rebuild/hgraph/nodes/47bbb36e10ae.md
M	MainProjects/Algebraic-Jacobian-Challenge-Rebuild/hgraph/nodes/47bcd90fffbd.md
M	MainProjects/Algebraic-Jacobian-Challenge-Rebuild/hgraph/nodes/47c2a4b7e74d.md
M	MainProjects/Algebraic-Jacobian-Challenge-Rebuild/hgraph/nodes/47c506f59a89.md
M	MainProjects/Algebraic-Jacobian-Challenge-Rebuild/hgraph/nodes/47dbd6f4a289.md
M	MainProjects/Algebraic-Jacobian-Challenge-Rebuild/hgraph/nodes/47dcf08ac987.md
M	MainProjects/Algebraic-Jacobian-Challenge-Rebuild/hgraph/nodes/47e17075b829.md
M	MainProjects/Algebraic-Jacobian-Challenge-Rebuild/hgraph/nodes/47e1c63ceff9.md
M	MainProjects/Algebraic-Jacobian-Challenge-Rebuild/hgraph/nodes/47fc96391196.md
M	MainProjects/Algebraic-Jacobian-Challenge-Rebuild/hgraph/nodes/47ffafc17d27.md
M	MainProjects/Algebraic-Jacobian-Challenge-Rebuild/hgraph/nodes/48022dd79b64.md
M	MainProjects/Algebraic-Jacobian-Challenge-Rebuild/hgraph/nodes/480673e26c3d.md
M	MainProjects/Algebraic-Jacobian-Challenge-Rebuild/hgraph/nodes/4825608216c6.md
M	MainProjects/Algebraic-Jacobian-Challenge-Rebuild/hgraph/nodes/4828f0b434ba.md
M	MainProjects/Algebraic-Jacobian-Challenge-Rebuild/hgraph/nodes/482ac9e2f39b.md
M	MainProjects/Algebraic-Jacobian-Challenge-Rebuild/hgraph/nodes/4831a8916b27.md
M	MainProjects/Algebraic-Jacobian-Challenge-Rebuild/hgraph/nodes/48400f0066a3.md
M	MainProjects/Algebraic-Jacobian-Challenge-Rebuild/hgraph/nodes/484574044f2d.md
M	MainProjects/Algebraic-Jacobian-Challenge-Rebuild/hgraph/nodes/485110f0fafe.md
M	MainProjects/Algebraic-Jacobian-Challenge-Rebuild/hgraph/nodes/4851bd3e3b41.md
M	MainProjects/Algebraic-Jacobian-Challenge-Rebuild/hgraph/nodes/4855a4b682b8.md
M	MainProjects/Algebraic-Jacobian-Challenge-Rebuild/hgraph/nodes/4862bf92d331.md
M	MainProjects/Algebraic-Jacobian-Challenge-Rebuild/hgraph/nodes/48660da1da49.md
M	MainProjects/Algebraic-Jacobian-Challenge-Rebuild/hgraph/nodes/4868af2d8b97.md
M	MainProjects/Algebraic-Jacobian-Challenge-Rebuild/hgraph/nodes/486fd953ce2e.md
M	MainProjects/Algebraic-Jacobian-Challenge-Rebuild/hgraph/nodes/48812712a49e.md
M	MainProjects/Algebraic-Jacobian-Challenge-Rebuild/hgraph/nodes/4883c533e532.md
M	MainProjects/Algebraic-Jacobian-Challenge-Rebuild/hgraph/nodes/488b494d5353.md
M	MainProjects/Algebraic-Jacobian-Challenge-Rebuild/hgraph/nodes/48a0227c8ac9.md
M	MainProjects/Algebraic-Jacobian-Challenge-Rebuild/hgraph/nodes/48a17872e6aa.md
M	MainProjects/Algebraic-Jacobian-Challenge-Rebuild/hgraph/nodes/48a6b85bf207.md
M	MainProjects/Algebraic-Jacobian-Challenge-Rebuild/hgraph/nodes/48a75b79b973.md
M	MainProjects/Algebraic-Jacobian-Challenge-Rebuild/hgraph/nodes/48b773d10e5c.md
M	MainProjects/Algebraic-Jacobian-Challenge-Rebuild/hgraph/nodes/48b9b81b4b0b.md
M	MainProjects/Algebraic-Jacobian-Challenge-Rebuild/hgraph/nodes/48d731059d3e.md
M	MainProjects/Algebraic-Jacobian-Challenge-Rebuild/hgraph/nodes/48e9386873a4.md
M	MainProjects/Algebraic-Jacobian-Challenge-Rebuild/hgraph/nodes/48f0380ae918.md
M	MainProjects/Algebraic-Jacobian-Challenge-Rebuild/hgraph/nodes/48f54de378b4.md
M	MainProjects/Algebraic-Jacobian-Challenge-Rebuild/hgraph/nodes/48f7e7c6c308.md
M	MainProjects/Algebraic-Jacobian-Challenge-Rebuild/hgraph/nodes/48f92bf2aaac.md
M	MainProjects/Algebraic-Jacobian-Challenge-Rebuild/hgraph/nodes/49020d2f6782.md
M	MainProjects/Algebraic-Jacobian-Challenge-Rebuild/hgraph/nodes/4905ec8f4485.md
M	MainProjects/Algebraic-Jacobian-Challenge-Rebuild/hgraph/nodes/4907ed02c48d.md
M	MainProjects/Algebraic-Jacobian-Challenge-Rebuild/hgraph/nodes/4916f9b9e62c.md
M	MainProjects/Algebraic-Jacobian-Challenge-Rebuild/hgraph/nodes/491f2560d221.md
M	MainProjects/Algebraic-Jacobian-Challenge-Rebuild/hgraph/nodes/49247d0d2935.md
M	MainProjects/Algebraic-Jacobian-Challenge-Rebuild/hgraph/nodes/49284d9b4774.md
M	MainProjects/Algebraic-Jacobian-Challenge-Rebuild/hgraph/nodes/49311e9863a8.md
M	MainProjects/Algebraic-Jacobian-Challenge-Rebuild/hgraph/nodes/4932d00cfd6c.md
M	MainProjects/Algebraic-Jacobian-Challenge-Rebuild/hgraph/nodes/4932ff3702b0.md
M	MainProjects/Algebraic-Jacobian-Challenge-Rebuild/hgraph/nodes/49364ac6b3af.md
M	MainProjects/Algebraic-Jacobian-Challenge-Rebuild/hgraph/nodes/493e24b38e60.md
M	MainProjects/Algebraic-Jacobian-Challenge-Rebuild/hgraph/nodes/494718f60ef7.md
M	MainProjects/Algebraic-Jacobian-Challenge-Rebuild/hgraph/nodes/4947e9c787a6.md
M	MainProjects/Algebraic-Jacobian-Challenge-Rebuild/hgraph/nodes/4954cec1cd67.md
M	MainProjects/Algebraic-Jacobian-Challenge-Rebuild/hgraph/nodes/4958f9986105.md
M	MainProjects/Algebraic-Jacobian-Challenge-Rebuild/hgraph/nodes/4967d9cae089.md
M	MainProjects/Algebraic-Jacobian-Challenge-Rebuild/hgraph/nodes/496a026cecba.md
D	MainProjects/Algebraic-Jacobian-Challenge-Rebuild/hgraph/nodes/496b2094c2ef.md
M	MainProjects/Algebraic-Jacobian-Challenge-Rebuild/hgraph/nodes/496b6d29e322.md
M	MainProjects/Algebraic-Jacobian-Challenge-Rebuild/hgraph/nodes/49728efa49e4.md
M	MainProjects/Algebraic-Jacobian-Challenge-Rebuild/hgraph/nodes/497ea55be9df.md
M	MainProjects/Algebraic-Jacobian-Challenge-Rebuild/hgraph/nodes/4981e79cf7dd.md
M	MainProjects/Algebraic-Jacobian-Challenge-Rebuild/hgraph/nodes/498aa2d0d020.md
M	MainProjects/Algebraic-Jacobian-Challenge-Rebuild/hgraph/nodes/498fb4a1f812.md
M	MainProjects/Algebraic-Jacobian-Challenge-Rebuild/hgraph/nodes/4998a4212dc3.md
M	MainProjects/Algebraic-Jacobian-Challenge-Rebuild/hgraph/nodes/499e60f3d6f1.md
M	MainProjects/Algebraic-Jacobian-Challenge-Rebuild/hgraph/nodes/499ebced5424.md
M	MainProjects/Algebraic-Jacobian-Challenge-Rebuild/hgraph/nodes/49a3cc54f147.md
M	MainProjects/Algebraic-Jacobian-Challenge-Rebuild/hgraph/nodes/49a6f2af9e9e.md
M	MainProjects/Algebraic-Jacobian-Challenge-Rebuild/hgraph/nodes/49af0e5194e6.md
M	MainProjects/Algebraic-Jacobian-Challenge-Rebuild/hgraph/nodes/49af2c4b0ef2.md
M	MainProjects/Algebraic-Jacobian-Challenge-Rebuild/hgraph/nodes/49b0e877ebcc.md
M	MainProjects/Algebraic-Jacobian-Challenge-Rebuild/hgraph/nodes/49b43bb2c828.md
M	MainProjects/Algebraic-Jacobian-Challenge-Rebuild/hgraph/nodes/49bb94835afe.md
M	MainProjects/Algebraic-Jacobian-Challenge-Rebuild/hgraph/nodes/49c1a150c097.md
M	MainProjects/Algebraic-Jacobian-Challenge-Rebuild/hgraph/nodes/49efba63b651.md
M	MainProjects/Algebraic-Jacobian-Challenge-Rebuild/hgraph/nodes/49f05c8d8df7.md
M	MainProjects/Algebraic-Jacobian-Challenge-Rebuild/hgraph/nodes/49f065a02f5f.md
M	MainProjects/Algebraic-Jacobian-Challenge-Rebuild/hgraph/nodes/49f7407a2608.md
M	MainProjects/Algebraic-Jacobian-Challenge-Rebuild/hgraph/nodes/4a063e90476a.md
M	MainProjects/Algebraic-Jacobian-Challenge-Rebuild/hgraph/nodes/4a0cebaf7b9d.md
M	MainProjects/Algebraic-Jacobian-Challenge-Rebuild/hgraph/nodes/4a10278d5dba.md
M	MainProjects/Algebraic-Jacobian-Challenge-Rebuild/hgraph/nodes/4a1075887deb.md
M	MainProjects/Algebraic-Jacobian-Challenge-Rebuild/hgraph/nodes/4a12c845fc15.md
M	MainProjects/Algebraic-Jacobian-Challenge-Rebuild/hgraph/nodes/4a155a093299.md
M	MainProjects/Algebraic-Jacobian-Challenge-Rebuild/hgraph/nodes/4a1917f5d732.md
M	MainProjects/Algebraic-Jacobian-Challenge-Rebuild/hgraph/nodes/4a21b1e94c00.md
M	MainProjects/Algebraic-Jacobian-Challenge-Rebuild/hgraph/nodes/4a2df1bc5d2b.md
M	MainProjects/Algebraic-Jacobian-Challenge-Rebuild/hgraph/nodes/4a3a042955bc.md
M	MainProjects/Algebraic-Jacobian-Challenge-Rebuild/hgraph/nodes/4a4852474622.md
M	MainProjects/Algebraic-Jacobian-Challenge-Rebuild/hgraph/nodes/4a62c5236878.md
M	MainProjects/Algebraic-Jacobian-Challenge-Rebuild/hgraph/nodes/4a76ae0ca2cc.md
M	MainProjects/Algebraic-Jacobian-Challenge-Rebuild/hgraph/nodes/4a7e4b5a409d.md
M	MainProjects/Algebraic-Jacobian-Challenge-Rebuild/hgraph/nodes/4a86d135b521.md
M	MainProjects/Algebraic-Jacobian-Challenge-Rebuild/hgraph/nodes/4a8aa2628dde.md
M	MainProjects/Algebraic-Jacobian-Challenge-Rebuild/hgraph/nodes/4a9acaf94380.md
M	MainProjects/Algebraic-Jacobian-Challenge-Rebuild/hgraph/nodes/4aa083cc042a.md
M	MainProjects/Algebraic-Jacobian-Challenge-Rebuild/hgraph/nodes/4aa3666229e2.md
M	MainProjects/Algebraic-Jacobian-Challenge-Rebuild/hgraph/nodes/4aa4d0f704fb.md
M	MainProjects/Algebraic-Jacobian-Challenge-Rebuild/hgraph/nodes/4abb16a44985.md
M	MainProjects/Algebraic-Jacobian-Challenge-Rebuild/hgraph/nodes/4abc18aff149.md
M	MainProjects/Algebraic-Jacobian-Challenge-Rebuild/hgraph/nodes/4ac2d00aa289.md
M	MainProjects/Algebraic-Jacobian-Challenge-Rebuild/hgraph/nodes/4acb4c53a84a.md
M	MainProjects/Algebraic-Jacobian-Challenge-Rebuild/hgraph/nodes/4aceaf397ce6.md
M	MainProjects/Algebraic-Jacobian-Challenge-Rebuild/hgraph/nodes/4acf67e7f24f.md
M	MainProjects/Algebraic-Jacobian-Challenge-Rebuild/hgraph/nodes/4ad658e36fcc.md
D	MainProjects/Algebraic-Jacobian-Challenge-Rebuild/hgraph/nodes/4add46f56e8c.md
M	MainProjects/Algebraic-Jacobian-Challenge-Rebuild/hgraph/nodes/4adfb7e91ddc.md
M	MainProjects/Algebraic-Jacobian-Challenge-Rebuild/hgraph/nodes/4ae12650062d.md
M	MainProjects/Algebraic-Jacobian-Challenge-Rebuild/hgraph/nodes/4ae3918e5e94.md
M	MainProjects/Algebraic-Jacobian-Challenge-Rebuild/hgraph/nodes/4afc8b2a5123.md
M	MainProjects/Algebraic-Jacobian-Challenge-Rebuild/hgraph/nodes/4b115183136b.md
M	MainProjects/Algebraic-Jacobian-Challenge-Rebuild/hgraph/nodes/4b27cb48a90d.md
M	MainProjects/Algebraic-Jacobian-Challenge-Rebuild/hgraph/nodes/4b3a1989e183.md
M	MainProjects/Algebraic-Jacobian-Challenge-Rebuild/hgraph/nodes/4b3e4f534a81.md
M	MainProjects/Algebraic-Jacobian-Challenge-Rebuild/hgraph/nodes/4b3fe2ca345a.md
M	MainProjects/Algebraic-Jacobian-Challenge-Rebuild/hgraph/nodes/4b4193d0d206.md
M	MainProjects/Algebraic-Jacobian-Challenge-Rebuild/hgraph/nodes/4b56214a50e7.md
M	MainProjects/Algebraic-Jacobian-Challenge-Rebuild/hgraph/nodes/4b685e11ed2a.md
M	MainProjects/Algebraic-Jacobian-Challenge-Rebuild/hgraph/nodes/4b704add9191.md
M	MainProjects/Algebraic-Jacobian-Challenge-Rebuild/hgraph/nodes/4b70b6d2a1d9.md
M	MainProjects/Algebraic-Jacobian-Challenge-Rebuild/hgraph/nodes/4b889a7e4cda.md
M	MainProjects/Algebraic-Jacobian-Challenge-Rebuild/hgraph/nodes/4b8fc0e3c598.md
M	MainProjects/Algebraic-Jacobian-Challenge-Rebuild/hgraph/nodes/4b9150207059.md
M	MainProjects/Algebraic-Jacobian-Challenge-Rebuild/hgraph/nodes/4b9d42e9e352.md
M	MainProjects/Algebraic-Jacobian-Challenge-Rebuild/hgraph/nodes/4ba1e8638263.md
M	MainProjects/Algebraic-Jacobian-Challenge-Rebuild/hgraph/nodes/4baa49299e31.md
M	MainProjects/Algebraic-Jacobian-Challenge-Rebuild/hgraph/nodes/4baf3a814c5a.md
M	MainProjects/Algebraic-Jacobian-Challenge-Rebuild/hgraph/nodes/4bb31b9609f7.md
M	MainProjects/Algebraic-Jacobian-Challenge-Rebuild/hgraph/nodes/4bb82cadebec.md
M	MainProjects/Algebraic-Jacobian-Challenge-Rebuild/hgraph/nodes/4bc23fb2e92e.md
M	MainProjects/Algebraic-Jacobian-Challenge-Rebuild/hgraph/nodes/4bc3d5916826.md
M	MainProjects/Algebraic-Jacobian-Challenge-Rebuild/hgraph/nodes/4bc9cc0ecc31.md
M	MainProjects/Algebraic-Jacobian-Challenge-Rebuild/hgraph/nodes/4bd69ba3c00a.md
M	MainProjects/Algebraic-Jacobian-Challenge-Rebuild/hgraph/nodes/4be12526fa9d.md
M	MainProjects/Algebraic-Jacobian-Challenge-Rebuild/hgraph/nodes/4bf57611aab5.md
M	MainProjects/Algebraic-Jacobian-Challenge-Rebuild/hgraph/nodes/4c156bce07aa.md
M	MainProjects/Algebraic-Jacobian-Challenge-Rebuild/hgraph/nodes/4c22b32d85cf.md
M	MainProjects/Algebraic-Jacobian-Challenge-Rebuild/hgraph/nodes/4c2bd167d94a.md
M	MainProjects/Algebraic-Jacobian-Challenge-Rebuild/hgraph/nodes/4c34129a4dcc.md
M	MainProjects/Algebraic-Jacobian-Challenge-Rebuild/hgraph/nodes/4c483b253158.md
M	MainProjects/Algebraic-Jacobian-Challenge-Rebuild/hgraph/nodes/4c491ff49026.md
M	MainProjects/Algebraic-Jacobian-Challenge-Rebuild/hgraph/nodes/4c4a1323c5e1.md
M	MainProjects/Algebraic-Jacobian-Challenge-Rebuild/hgraph/nodes/4c4b95100b49.md
M	MainProjects/Algebraic-Jacobian-Challenge-Rebuild/hgraph/nodes/4c4bafd40f75.md
M	MainProjects/Algebraic-Jacobian-Challenge-Rebuild/hgraph/nodes/4c5b6037545d.md
M	MainProjects/Algebraic-Jacobian-Challenge-Rebuild/hgraph/nodes/4c5c5f78fd44.md
M	MainProjects/Algebraic-Jacobian-Challenge-Rebuild/hgraph/nodes/4c5f423c5874.md
M	MainProjects/Algebraic-Jacobian-Challenge-Rebuild/hgraph/nodes/4c741905a9ce.md
M	MainProjects/Algebraic-Jacobian-Challenge-Rebuild/hgraph/nodes/4c7456afb848.md
M	MainProjects/Algebraic-Jacobian-Challenge-Rebuild/hgraph/nodes/4c758c37c024.md
M	MainProjects/Algebraic-Jacobian-Challenge-Rebuild/hgraph/nodes/4c796ed94311.md
M	MainProjects/Algebraic-Jacobian-Challenge-Rebuild/hgraph/nodes/4c7f7e7de954.md
M	MainProjects/Algebraic-Jacobian-Challenge-Rebuild/hgraph/nodes/4c80a1a2b11d.md
M	MainProjects/Algebraic-Jacobian-Challenge-Rebuild/hgraph/nodes/4c8b728cee4b.md
M	MainProjects/Algebraic-Jacobian-Challenge-Rebuild/hgraph/nodes/4c9834146251.md
M	MainProjects/Algebraic-Jacobian-Challenge-Rebuild/hgraph/nodes/4c9a0ad9710e.md
M	MainProjects/Algebraic-Jacobian-Challenge-Rebuild/hgraph/nodes/4ca95af4c4ea.md
M	MainProjects/Algebraic-Jacobian-Challenge-Rebuild/hgraph/nodes/4cac9af847ec.md
M	MainProjects/Algebraic-Jacobian-Challenge-Rebuild/hgraph/nodes/4cacd90a339a.md
M	MainProjects/Algebraic-Jacobian-Challenge-Rebuild/hgraph/nodes/4cb249e3a5fd.md
M	MainProjects/Algebraic-Jacobian-Challenge-Rebuild/hgraph/nodes/4cb4ad1aadab.md
M	MainProjects/Algebraic-Jacobian-Challenge-Rebuild/hgraph/nodes/4cb735b2a6b1.md
M	MainProjects/Algebraic-Jacobian-Challenge-Rebuild/hgraph/nodes/4ccc2d356799.md
M	MainProjects/Algebraic-Jacobian-Challenge-Rebuild/hgraph/nodes/4cce9caa514a.md
D	MainProjects/Algebraic-Jacobian-Challenge-Rebuild/hgraph/nodes/4cd7ad092a2a.md
M	MainProjects/Algebraic-Jacobian-Challenge-Rebuild/hgraph/nodes/4cdd2f9182db.md
M	MainProjects/Algebraic-Jacobian-Challenge-Rebuild/hgraph/nodes/4cef6bc9c22c.md
M	MainProjects/Algebraic-Jacobian-Challenge-Rebuild/hgraph/nodes/4cf01ef39c8b.md
M	MainProjects/Algebraic-Jacobian-Challenge-Rebuild/hgraph/nodes/4d0c453f1ad1.md
M	MainProjects/Algebraic-Jacobian-Challenge-Rebuild/hgraph/nodes/4d1c2ec3d9d9.md
M	MainProjects/Algebraic-Jacobian-Challenge-Rebuild/hgraph/nodes/4d1d14f8adf5.md
M	MainProjects/Algebraic-Jacobian-Challenge-Rebuild/hgraph/nodes/4d206003eed6.md
M	MainProjects/Algebraic-Jacobian-Challenge-Rebuild/hgraph/nodes/4d20a8382451.md
M	MainProjects/Algebraic-Jacobian-Challenge-Rebuild/hgraph/nodes/4d255dbc1fbd.md
M	MainProjects/Algebraic-Jacobian-Challenge-Rebuild/hgraph/nodes/4d2926876387.md
M	MainProjects/Algebraic-Jacobian-Challenge-Rebuild/hgraph/nodes/4d2cc6d33205.md
M	MainProjects/Algebraic-Jacobian-Challenge-Rebuild/hgraph/nodes/4d325417f537.md
M	MainProjects/Algebraic-Jacobian-Challenge-Rebuild/hgraph/nodes/4d3b49148012.md
M	MainProjects/Algebraic-Jacobian-Challenge-Rebuild/hgraph/nodes/4d3c1a9fe71d.md
M	MainProjects/Algebraic-Jacobian-Challenge-Rebuild/hgraph/nodes/4d51aa8cb439.md
M	MainProjects/Algebraic-Jacobian-Challenge-Rebuild/hgraph/nodes/4d57baa2b9e5.md
M	MainProjects/Algebraic-Jacobian-Challenge-Rebuild/hgraph/nodes/4d5f0eaabed0.md
M	MainProjects/Algebraic-Jacobian-Challenge-Rebuild/hgraph/nodes/4d605409dbbb.md
M	MainProjects/Algebraic-Jacobian-Challenge-Rebuild/hgraph/nodes/4d62bbdbff0f.md
M	MainProjects/Algebraic-Jacobian-Challenge-Rebuild/hgraph/nodes/4d640f65715a.md
M	MainProjects/Algebraic-Jacobian-Challenge-Rebuild/hgraph/nodes/4d6525cedcf5.md
M	MainProjects/Algebraic-Jacobian-Challenge-Rebuild/hgraph/nodes/4d653db23320.md
M	MainProjects/Algebraic-Jacobian-Challenge-Rebuild/hgraph/nodes/4d65b87eb77d.md
M	MainProjects/Algebraic-Jacobian-Challenge-Rebuild/hgraph/nodes/4d6859c08bde.md
M	MainProjects/Algebraic-Jacobian-Challenge-Rebuild/hgraph/nodes/4d719c55e089.md
M	MainProjects/Algebraic-Jacobian-Challenge-Rebuild/hgraph/nodes/4d71a7975d77.md
M	MainProjects/Algebraic-Jacobian-Challenge-Rebuild/hgraph/nodes/4d722c8c1a62.md
M	MainProjects/Algebraic-Jacobian-Challenge-Rebuild/hgraph/nodes/4d73f50a7786.md
M	MainProjects/Algebraic-Jacobian-Challenge-Rebuild/hgraph/nodes/4da42ccef636.md
M	MainProjects/Algebraic-Jacobian-Challenge-Rebuild/hgraph/nodes/4dad4281db18.md
M	MainProjects/Algebraic-Jacobian-Challenge-Rebuild/hgraph/nodes/4daf6eddd911.md
M	MainProjects/Algebraic-Jacobian-Challenge-Rebuild/hgraph/nodes/4db08304912b.md
M	MainProjects/Algebraic-Jacobian-Challenge-Rebuild/hgraph/nodes/4db2b8098139.md
M	MainProjects/Algebraic-Jacobian-Challenge-Rebuild/hgraph/nodes/4db32e1f64c2.md
M	MainProjects/Algebraic-Jacobian-Challenge-Rebuild/hgraph/nodes/4db4f9b85af8.md
M	MainProjects/Algebraic-Jacobian-Challenge-Rebuild/hgraph/nodes/4db565b2b82a.md
M	MainProjects/Algebraic-Jacobian-Challenge-Rebuild/hgraph/nodes/4dbf6230dd30.md
M	MainProjects/Algebraic-Jacobian-Challenge-Rebuild/hgraph/nodes/4dcc6db25611.md
M	MainProjects/Algebraic-Jacobian-Challenge-Rebuild/hgraph/nodes/4dd89ef2de79.md
M	MainProjects/Algebraic-Jacobian-Challenge-Rebuild/hgraph/nodes/4dd9f85bbc16.md
M	MainProjects/Algebraic-Jacobian-Challenge-Rebuild/hgraph/nodes/4de84f63e238.md
M	MainProjects/Algebraic-Jacobian-Challenge-Rebuild/hgraph/nodes/4df7d7a240f9.md
M	MainProjects/Algebraic-Jacobian-Challenge-Rebuild/hgraph/nodes/4e025db3f847.md
M	MainProjects/Algebraic-Jacobian-Challenge-Rebuild/hgraph/nodes/4e048f57d0d0.md
M	MainProjects/Algebraic-Jacobian-Challenge-Rebuild/hgraph/nodes/4e1717255b57.md
M	MainProjects/Algebraic-Jacobian-Challenge-Rebuild/hgraph/nodes/4e1fa3e3f179.md
M	MainProjects/Algebraic-Jacobian-Challenge-Rebuild/hgraph/nodes/4e2109525073.md
M	MainProjects/Algebraic-Jacobian-Challenge-Rebuild/hgraph/nodes/4e25339cf00f.md
M	MainProjects/Algebraic-Jacobian-Challenge-Rebuild/hgraph/nodes/4e2e23bc59e8.md
M	MainProjects/Algebraic-Jacobian-Challenge-Rebuild/hgraph/nodes/4e39e4fc3244.md
M	MainProjects/Algebraic-Jacobian-Challenge-Rebuild/hgraph/nodes/4e3a243a2863.md
M	MainProjects/Algebraic-Jacobian-Challenge-Rebuild/hgraph/nodes/4e3c90c1a36b.md
M	MainProjects/Algebraic-Jacobian-Challenge-Rebuild/hgraph/nodes/4e540bba8fc0.md
M	MainProjects/Algebraic-Jacobian-Challenge-Rebuild/hgraph/nodes/4e5e6cf71a85.md
M	MainProjects/Algebraic-Jacobian-Challenge-Rebuild/hgraph/nodes/4e661aab8824.md
D	MainProjects/Algebraic-Jacobian-Challenge-Rebuild/hgraph/nodes/4e6a0a7983fe.md
M	MainProjects/Algebraic-Jacobian-Challenge-Rebuild/hgraph/nodes/4e7456789a3e.md
M	MainProjects/Algebraic-Jacobian-Challenge-Rebuild/hgraph/nodes/4e8574377863.md
M	MainProjects/Algebraic-Jacobian-Challenge-Rebuild/hgraph/nodes/4e8775270ac7.md
M	MainProjects/Algebraic-Jacobian-Challenge-Rebuild/hgraph/nodes/4e8cd2048038.md
M	MainProjects/Algebraic-Jacobian-Challenge-Rebuild/hgraph/nodes/4e9189b76129.md
M	MainProjects/Algebraic-Jacobian-Challenge-Rebuild/hgraph/nodes/4e926c7fcb34.md
M	MainProjects/Algebraic-Jacobian-Challenge-Rebuild/hgraph/nodes/4e9b72dacab3.md
M	MainProjects/Algebraic-Jacobian-Challenge-Rebuild/hgraph/nodes/4ea70f066699.md
M	MainProjects/Algebraic-Jacobian-Challenge-Rebuild/hgraph/nodes/4ebf40bac1e9.md
M	MainProjects/Algebraic-Jacobian-Challenge-Rebuild/hgraph/nodes/4ec4cdf7fb2b.md
M	MainProjects/Algebraic-Jacobian-Challenge-Rebuild/hgraph/nodes/4ec4d13debb7.md
M	MainProjects/Algebraic-Jacobian-Challenge-Rebuild/hgraph/nodes/4ec9a299fd98.md
M	MainProjects/Algebraic-Jacobian-Challenge-Rebuild/hgraph/nodes/4eccbcb559c7.md
M	MainProjects/Algebraic-Jacobian-Challenge-Rebuild/hgraph/nodes/4ed49c9c1efe.md
M	MainProjects/Algebraic-Jacobian-Challenge-Rebuild/hgraph/nodes/4ed76820d072.md
M	MainProjects/Algebraic-Jacobian-Challenge-Rebuild/hgraph/nodes/4ed883bd6a8f.md
M	MainProjects/Algebraic-Jacobian-Challenge-Rebuild/hgraph/nodes/4f19eb58a988.md
M	MainProjects/Algebraic-Jacobian-Challenge-Rebuild/hgraph/nodes/4f221dae5af5.md
M	MainProjects/Algebraic-Jacobian-Challenge-Rebuild/hgraph/nodes/4f2cdfb70980.md
M	MainProjects/Algebraic-Jacobian-Challenge-Rebuild/hgraph/nodes/4f2e407ad544.md
M	MainProjects/Algebraic-Jacobian-Challenge-Rebuild/hgraph/nodes/4f30481a89cb.md
M	MainProjects/Algebraic-Jacobian-Challenge-Rebuild/hgraph/nodes/4f32296a5f02.md
M	MainProjects/Algebraic-Jacobian-Challenge-Rebuild/hgraph/nodes/4f330ac09474.md
M	MainProjects/Algebraic-Jacobian-Challenge-Rebuild/hgraph/nodes/4f334c506d75.md
M	MainProjects/Algebraic-Jacobian-Challenge-Rebuild/hgraph/nodes/4f347e3f69a9.md
M	MainProjects/Algebraic-Jacobian-Challenge-Rebuild/hgraph/nodes/4f3a02b39e12.md
M	MainProjects/Algebraic-Jacobian-Challenge-Rebuild/hgraph/nodes/4f4c2d0b4745.md
M	MainProjects/Algebraic-Jacobian-Challenge-Rebuild/hgraph/nodes/4f5529344b2a.md
M	MainProjects/Algebraic-Jacobian-Challenge-Rebuild/hgraph/nodes/4f575b038f37.md
M	MainProjects/Algebraic-Jacobian-Challenge-Rebuild/hgraph/nodes/4f6505808419.md
M	MainProjects/Algebraic-Jacobian-Challenge-Rebuild/hgraph/nodes/4f7529403ea0.md
M	MainProjects/Algebraic-Jacobian-Challenge-Rebuild/hgraph/nodes/4f7e1d2e074c.md
M	MainProjects/Algebraic-Jacobian-Challenge-Rebuild/hgraph/nodes/4f87c330e9e1.md
M	MainProjects/Algebraic-Jacobian-Challenge-Rebuild/hgraph/nodes/4f8f7d61b634.md
M	MainProjects/Algebraic-Jacobian-Challenge-Rebuild/hgraph/nodes/4f917304002e.md
M	MainProjects/Algebraic-Jacobian-Challenge-Rebuild/hgraph/nodes/4f95f526e2ef.md
M	MainProjects/Algebraic-Jacobian-Challenge-Rebuild/hgraph/nodes/4f966d06865a.md
M	MainProjects/Algebraic-Jacobian-Challenge-Rebuild/hgraph/nodes/4fa3fff6098c.md
M	MainProjects/Algebraic-Jacobian-Challenge-Rebuild/hgraph/nodes/4fad9c1b5a11.md
M	MainProjects/Algebraic-Jacobian-Challenge-Rebuild/hgraph/nodes/4fade54df82f.md
M	MainProjects/Algebraic-Jacobian-Challenge-Rebuild/hgraph/nodes/4faea6a9ec6c.md
M	MainProjects/Algebraic-Jacobian-Challenge-Rebuild/hgraph/nodes/4fb19b7ac397.md
M	MainProjects/Algebraic-Jacobian-Challenge-Rebuild/hgraph/nodes/4fb580a37734.md
M	MainProjects/Algebraic-Jacobian-Challenge-Rebuild/hgraph/nodes/4fb6ba2032f4.md
M	MainProjects/Algebraic-Jacobian-Challenge-Rebuild/hgraph/nodes/4fba915f4e44.md
M	MainProjects/Algebraic-Jacobian-Challenge-Rebuild/hgraph/nodes/4fc33bbb63ac.md
M	MainProjects/Algebraic-Jacobian-Challenge-Rebuild/hgraph/nodes/4fc397c14d6f.md
M	MainProjects/Algebraic-Jacobian-Challenge-Rebuild/hgraph/nodes/4fc8f565b624.md
M	MainProjects/Algebraic-Jacobian-Challenge-Rebuild/hgraph/nodes/4fcad825b703.md
M	MainProjects/Algebraic-Jacobian-Challenge-Rebuild/hgraph/nodes/4fef35b2c014.md
M	MainProjects/Algebraic-Jacobian-Challenge-Rebuild/hgraph/nodes/4ff210e0a23a.md
M	MainProjects/Algebraic-Jacobian-Challenge-Rebuild/hgraph/nodes/4ffbb6dd80fc.md
M	MainProjects/Algebraic-Jacobian-Challenge-Rebuild/hgraph/nodes/50204cade168.md
M	MainProjects/Algebraic-Jacobian-Challenge-Rebuild/hgraph/nodes/502bcc91f368.md
D	MainProjects/Algebraic-Jacobian-Challenge-Rebuild/hgraph/nodes/5031aafe6ca5.md
M	MainProjects/Algebraic-Jacobian-Challenge-Rebuild/hgraph/nodes/5033c7a98913.md
M	MainProjects/Algebraic-Jacobian-Challenge-Rebuild/hgraph/nodes/5038254e0d4d.md
M	MainProjects/Algebraic-Jacobian-Challenge-Rebuild/hgraph/nodes/50393bd3f974.md
M	MainProjects/Algebraic-Jacobian-Challenge-Rebuild/hgraph/nodes/50497145d9a4.md
M	MainProjects/Algebraic-Jacobian-Challenge-Rebuild/hgraph/nodes/50511f464bb6.md
M	MainProjects/Algebraic-Jacobian-Challenge-Rebuild/hgraph/nodes/505d1e82fbbf.md
M	MainProjects/Algebraic-Jacobian-Challenge-Rebuild/hgraph/nodes/5069c0630348.md
M	MainProjects/Algebraic-Jacobian-Challenge-Rebuild/hgraph/nodes/5078130f2792.md
M	MainProjects/Algebraic-Jacobian-Challenge-Rebuild/hgraph/nodes/50796e540262.md
M	MainProjects/Algebraic-Jacobian-Challenge-Rebuild/hgraph/nodes/507a378887ec.md
M	MainProjects/Algebraic-Jacobian-Challenge-Rebuild/hgraph/nodes/507a960f6862.md
M	MainProjects/Algebraic-Jacobian-Challenge-Rebuild/hgraph/nodes/507ae96f1760.md
M	MainProjects/Algebraic-Jacobian-Challenge-Rebuild/hgraph/nodes/507b0ae1b9cb.md
M	MainProjects/Algebraic-Jacobian-Challenge-Rebuild/hgraph/nodes/508176827cc9.md
M	MainProjects/Algebraic-Jacobian-Challenge-Rebuild/hgraph/nodes/50834cd31e1c.md
M	MainProjects/Algebraic-Jacobian-Challenge-Rebuild/hgraph/nodes/508ea7a3b209.md
M	MainProjects/Algebraic-Jacobian-Challenge-Rebuild/hgraph/nodes/50918445a3af.md
M	MainProjects/Algebraic-Jacobian-Challenge-Rebuild/hgraph/nodes/50af40d962c4.md
M	MainProjects/Algebraic-Jacobian-Challenge-Rebuild/hgraph/nodes/50bea46072e1.md
M	MainProjects/Algebraic-Jacobian-Challenge-Rebuild/hgraph/nodes/50c4f11fd603.md
M	MainProjects/Algebraic-Jacobian-Challenge-Rebuild/hgraph/nodes/50cc07b40def.md
M	MainProjects/Algebraic-Jacobian-Challenge-Rebuild/hgraph/nodes/50dad9783d5a.md
M	MainProjects/Algebraic-Jacobian-Challenge-Rebuild/hgraph/nodes/50dcb9517e3b.md
D	MainProjects/Algebraic-Jacobian-Challenge-Rebuild/hgraph/nodes/50dd8dabec26.md
M	MainProjects/Algebraic-Jacobian-Challenge-Rebuild/hgraph/nodes/50e64e93b4f3.md
M	MainProjects/Algebraic-Jacobian-Challenge-Rebuild/hgraph/nodes/51009f308ade.md
M	MainProjects/Algebraic-Jacobian-Challenge-Rebuild/hgraph/nodes/5101d3bf705f.md
M	MainProjects/Algebraic-Jacobian-Challenge-Rebuild/hgraph/nodes/510f5c493711.md
M	MainProjects/Algebraic-Jacobian-Challenge-Rebuild/hgraph/nodes/512bc3ac22c6.md
M	MainProjects/Algebraic-Jacobian-Challenge-Rebuild/hgraph/nodes/51434105a789.md
M	MainProjects/Algebraic-Jacobian-Challenge-Rebuild/hgraph/nodes/515c9337a195.md
M	MainProjects/Algebraic-Jacobian-Challenge-Rebuild/hgraph/nodes/5169e1b21eea.md
M	MainProjects/Algebraic-Jacobian-Challenge-Rebuild/hgraph/nodes/517148582895.md
M	MainProjects/Algebraic-Jacobian-Challenge-Rebuild/hgraph/nodes/5175a3795684.md
M	MainProjects/Algebraic-Jacobian-Challenge-Rebuild/hgraph/nodes/5175e9f81c43.md
M	MainProjects/Algebraic-Jacobian-Challenge-Rebuild/hgraph/nodes/517637afc293.md
M	MainProjects/Algebraic-Jacobian-Challenge-Rebuild/hgraph/nodes/5187ca3a4415.md
M	MainProjects/Algebraic-Jacobian-Challenge-Rebuild/hgraph/nodes/518fbc9f4b7c.md
M	MainProjects/Algebraic-Jacobian-Challenge-Rebuild/hgraph/nodes/51906e1424ca.md
M	MainProjects/Algebraic-Jacobian-Challenge-Rebuild/hgraph/nodes/5190e49269a1.md
M	MainProjects/Algebraic-Jacobian-Challenge-Rebuild/hgraph/nodes/5190eb178d6a.md
M	MainProjects/Algebraic-Jacobian-Challenge-Rebuild/hgraph/nodes/5194a2a12eb0.md
M	MainProjects/Algebraic-Jacobian-Challenge-Rebuild/hgraph/nodes/51a50427f80a.md
M	MainProjects/Algebraic-Jacobian-Challenge-Rebuild/hgraph/nodes/51b001d99f3c.md
M	MainProjects/Algebraic-Jacobian-Challenge-Rebuild/hgraph/nodes/51b5cb528e8d.md
M	MainProjects/Algebraic-Jacobian-Challenge-Rebuild/hgraph/nodes/51d419dd24c5.md
M	MainProjects/Algebraic-Jacobian-Challenge-Rebuild/hgraph/nodes/51e12a92389a.md
M	MainProjects/Algebraic-Jacobian-Challenge-Rebuild/hgraph/nodes/51e57867a63c.md
M	MainProjects/Algebraic-Jacobian-Challenge-Rebuild/hgraph/nodes/51e6a57f6ee3.md
M	MainProjects/Algebraic-Jacobian-Challenge-Rebuild/hgraph/nodes/51eb16f7f9dd.md
M	MainProjects/Algebraic-Jacobian-Challenge-Rebuild/hgraph/nodes/51f08baa169f.md
M	MainProjects/Algebraic-Jacobian-Challenge-Rebuild/hgraph/nodes/51f3fb1f2375.md
M	MainProjects/Algebraic-Jacobian-Challenge-Rebuild/hgraph/nodes/51f8beecf6ee.md
D	MainProjects/Algebraic-Jacobian-Challenge-Rebuild/hgraph/nodes/51fcd28a813a.md
M	MainProjects/Algebraic-Jacobian-Challenge-Rebuild/hgraph/nodes/520f0d5bbd8b.md
M	MainProjects/Algebraic-Jacobian-Challenge-Rebuild/hgraph/nodes/520fe2a2a36d.md
M	MainProjects/Algebraic-Jacobian-Challenge-Rebuild/hgraph/nodes/5219ee9574a1.md
M	MainProjects/Algebraic-Jacobian-Challenge-Rebuild/hgraph/nodes/521b32baa0c2.md
M	MainProjects/Algebraic-Jacobian-Challenge-Rebuild/hgraph/nodes/5237d3ed99b8.md
M	MainProjects/Algebraic-Jacobian-Challenge-Rebuild/hgraph/nodes/523f9a4a3730.md
M	MainProjects/Algebraic-Jacobian-Challenge-Rebuild/hgraph/nodes/52416e7cec5f.md
M	MainProjects/Algebraic-Jacobian-Challenge-Rebuild/hgraph/nodes/52440dbefab7.md
M	MainProjects/Algebraic-Jacobian-Challenge-Rebuild/hgraph/nodes/5252972e27e5.md
M	MainProjects/Algebraic-Jacobian-Challenge-Rebuild/hgraph/nodes/52565a695336.md
M	MainProjects/Algebraic-Jacobian-Challenge-Rebuild/hgraph/nodes/527004013331.md
M	MainProjects/Algebraic-Jacobian-Challenge-Rebuild/hgraph/nodes/52755afe5e25.md
M	MainProjects/Algebraic-Jacobian-Challenge-Rebuild/hgraph/nodes/528e3603b90c.md
M	MainProjects/Algebraic-Jacobian-Challenge-Rebuild/hgraph/nodes/528f4cacdc1e.md
M	MainProjects/Algebraic-Jacobian-Challenge-Rebuild/hgraph/nodes/5290e5d52c71.md
M	MainProjects/Algebraic-Jacobian-Challenge-Rebuild/hgraph/nodes/52970968c690.md
M	MainProjects/Algebraic-Jacobian-Challenge-Rebuild/hgraph/nodes/52973e6ba6a7.md
M	MainProjects/Algebraic-Jacobian-Challenge-Rebuild/hgraph/nodes/529d3f92c4ab.md
M	MainProjects/Algebraic-Jacobian-Challenge-Rebuild/hgraph/nodes/529d7337cfd0.md
M	MainProjects/Algebraic-Jacobian-Challenge-Rebuild/hgraph/nodes/52b0d115c95d.md
M	MainProjects/Algebraic-Jacobian-Challenge-Rebuild/hgraph/nodes/52b861e5f40e.md
M	MainProjects/Algebraic-Jacobian-Challenge-Rebuild/hgraph/nodes/52b9036b19f1.md
M	MainProjects/Algebraic-Jacobian-Challenge-Rebuild/hgraph/nodes/52b9fe4f1541.md
M	MainProjects/Algebraic-Jacobian-Challenge-Rebuild/hgraph/nodes/52d17f886dcc.md
M	MainProjects/Algebraic-Jacobian-Challenge-Rebuild/hgraph/nodes/52d319127185.md
M	MainProjects/Algebraic-Jacobian-Challenge-Rebuild/hgraph/nodes/52d9aad24b82.md
M	MainProjects/Algebraic-Jacobian-Challenge-Rebuild/hgraph/nodes/52da683d8b87.md
M	MainProjects/Algebraic-Jacobian-Challenge-Rebuild/hgraph/nodes/52e416112d68.md
M	MainProjects/Algebraic-Jacobian-Challenge-Rebuild/hgraph/nodes/52e77d0d4ac1.md
M	MainProjects/Algebraic-Jacobian-Challenge-Rebuild/hgraph/nodes/52ec81052d2b.md
M	MainProjects/Algebraic-Jacobian-Challenge-Rebuild/hgraph/nodes/52ef35629e11.md
M	MainProjects/Algebraic-Jacobian-Challenge-Rebuild/hgraph/nodes/52ef6f0b39d7.md
M	MainProjects/Algebraic-Jacobian-Challenge-Rebuild/hgraph/nodes/52fa05b39501.md
M	MainProjects/Algebraic-Jacobian-Challenge-Rebuild/hgraph/nodes/5314650090e9.md
M	MainProjects/Algebraic-Jacobian-Challenge-Rebuild/hgraph/nodes/531e69f62058.md
M	MainProjects/Algebraic-Jacobian-Challenge-Rebuild/hgraph/nodes/531f0b7b4118.md
M	MainProjects/Algebraic-Jacobian-Challenge-Rebuild/hgraph/nodes/5326a8b4b758.md
M	MainProjects/Algebraic-Jacobian-Challenge-Rebuild/hgraph/nodes/532ec0bdf8a7.md
M	MainProjects/Algebraic-Jacobian-Challenge-Rebuild/hgraph/nodes/5338b880564b.md
M	MainProjects/Algebraic-Jacobian-Challenge-Rebuild/hgraph/nodes/5345025a23d3.md
M	MainProjects/Algebraic-Jacobian-Challenge-Rebuild/hgraph/nodes/5359c83acd5d.md
M	MainProjects/Algebraic-Jacobian-Challenge-Rebuild/hgraph/nodes/53644170a19f.md
M	MainProjects/Algebraic-Jacobian-Challenge-Rebuild/hgraph/nodes/5368a6c7a3cb.md
M	MainProjects/Algebraic-Jacobian-Challenge-Rebuild/hgraph/nodes/537247cbf6a1.md
M	MainProjects/Algebraic-Jacobian-Challenge-Rebuild/hgraph/nodes/53765559f734.md
M	MainProjects/Algebraic-Jacobian-Challenge-Rebuild/hgraph/nodes/5387797dc497.md
M	MainProjects/Algebraic-Jacobian-Challenge-Rebuild/hgraph/nodes/53927f232818.md
M	MainProjects/Algebraic-Jacobian-Challenge-Rebuild/hgraph/nodes/5392c3f7d650.md
M	MainProjects/Algebraic-Jacobian-Challenge-Rebuild/hgraph/nodes/539dc86f3fda.md
M	MainProjects/Algebraic-Jacobian-Challenge-Rebuild/hgraph/nodes/53a70e546aa7.md
M	MainProjects/Algebraic-Jacobian-Challenge-Rebuild/hgraph/nodes/53b305e0c6d3.md
M	MainProjects/Algebraic-Jacobian-Challenge-Rebuild/hgraph/nodes/53bd1d9a14d0.md
M	MainProjects/Algebraic-Jacobian-Challenge-Rebuild/hgraph/nodes/53c0fefa847a.md
M	MainProjects/Algebraic-Jacobian-Challenge-Rebuild/hgraph/nodes/53d1ae3199dd.md
M	MainProjects/Algebraic-Jacobian-Challenge-Rebuild/hgraph/nodes/53d86f1ed3b0.md
M	MainProjects/Algebraic-Jacobian-Challenge-Rebuild/hgraph/nodes/53db2a011b94.md
M	MainProjects/Algebraic-Jacobian-Challenge-Rebuild/hgraph/nodes/53db47a34f29.md
M	MainProjects/Algebraic-Jacobian-Challenge-Rebuild/hgraph/nodes/53ec794fdc3a.md
M	MainProjects/Algebraic-Jacobian-Challenge-Rebuild/hgraph/nodes/53f6058a2430.md
M	MainProjects/Algebraic-Jacobian-Challenge-Rebuild/hgraph/nodes/53f909590f45.md
M	MainProjects/Algebraic-Jacobian-Challenge-Rebuild/hgraph/nodes/53faf6c762b8.md
M	MainProjects/Algebraic-Jacobian-Challenge-Rebuild/hgraph/nodes/540134bfae2e.md
M	MainProjects/Algebraic-Jacobian-Challenge-Rebuild/hgraph/nodes/5406ce22a8db.md
M	MainProjects/Algebraic-Jacobian-Challenge-Rebuild/hgraph/nodes/5417dfd2f6f6.md
M	MainProjects/Algebraic-Jacobian-Challenge-Rebuild/hgraph/nodes/541d5637af0b.md
M	MainProjects/Algebraic-Jacobian-Challenge-Rebuild/hgraph/nodes/54214cf104ca.md
M	MainProjects/Algebraic-Jacobian-Challenge-Rebuild/hgraph/nodes/542452672b4e.md
M	MainProjects/Algebraic-Jacobian-Challenge-Rebuild/hgraph/nodes/542484cc6c4a.md
M	MainProjects/Algebraic-Jacobian-Challenge-Rebuild/hgraph/nodes/54257db2d5c9.md
M	MainProjects/Algebraic-Jacobian-Challenge-Rebuild/hgraph/nodes/5425df37ed62.md
M	MainProjects/Algebraic-Jacobian-Challenge-Rebuild/hgraph/nodes/5426ca828edf.md
M	MainProjects/Algebraic-Jacobian-Challenge-Rebuild/hgraph/nodes/543851be7942.md
M	MainProjects/Algebraic-Jacobian-Challenge-Rebuild/hgraph/nodes/5438821afb68.md
M	MainProjects/Algebraic-Jacobian-Challenge-Rebuild/hgraph/nodes/5438a660a36a.md
M	MainProjects/Algebraic-Jacobian-Challenge-Rebuild/hgraph/nodes/5439c2112aa0.md
M	MainProjects/Algebraic-Jacobian-Challenge-Rebuild/hgraph/nodes/543f3bce1f03.md
M	MainProjects/Algebraic-Jacobian-Challenge-Rebuild/hgraph/nodes/54497a3a5384.md
M	MainProjects/Algebraic-Jacobian-Challenge-Rebuild/hgraph/nodes/544a122e84e4.md
M	MainProjects/Algebraic-Jacobian-Challenge-Rebuild/hgraph/nodes/5456ca1b7d22.md
M	MainProjects/Algebraic-Jacobian-Challenge-Rebuild/hgraph/nodes/545b3f4835a0.md
M	MainProjects/Algebraic-Jacobian-Challenge-Rebuild/hgraph/nodes/54630fe72f40.md
M	MainProjects/Algebraic-Jacobian-Challenge-Rebuild/hgraph/nodes/546a6a293417.md
M	MainProjects/Algebraic-Jacobian-Challenge-Rebuild/hgraph/nodes/546c99fb9dcc.md
M	MainProjects/Algebraic-Jacobian-Challenge-Rebuild/hgraph/nodes/54746e7505eb.md
M	MainProjects/Algebraic-Jacobian-Challenge-Rebuild/hgraph/nodes/547c6b28541a.md
M	MainProjects/Algebraic-Jacobian-Challenge-Rebuild/hgraph/nodes/5486beb1deff.md
M	MainProjects/Algebraic-Jacobian-Challenge-Rebuild/hgraph/nodes/549652898d2e.md
M	MainProjects/Algebraic-Jacobian-Challenge-Rebuild/hgraph/nodes/549dc6227165.md
M	MainProjects/Algebraic-Jacobian-Challenge-Rebuild/hgraph/nodes/54a09f5125c3.md
M	MainProjects/Algebraic-Jacobian-Challenge-Rebuild/hgraph/nodes/54a0d9466fe6.md
M	MainProjects/Algebraic-Jacobian-Challenge-Rebuild/hgraph/nodes/54a7cbe391ab.md
M	MainProjects/Algebraic-Jacobian-Challenge-Rebuild/hgraph/nodes/54aa84d62c0e.md
M	MainProjects/Algebraic-Jacobian-Challenge-Rebuild/hgraph/nodes/54b637bb9ac5.md
M	MainProjects/Algebraic-Jacobian-Challenge-Rebuild/hgraph/nodes/54b6c1b79236.md
M	MainProjects/Algebraic-Jacobian-Challenge-Rebuild/hgraph/nodes/54be023373ef.md
M	MainProjects/Algebraic-Jacobian-Challenge-Rebuild/hgraph/nodes/54be15ebefd9.md
M	MainProjects/Algebraic-Jacobian-Challenge-Rebuild/hgraph/nodes/54cf8cfe33c6.md
M	MainProjects/Algebraic-Jacobian-Challenge-Rebuild/hgraph/nodes/54d4de420fcc.md
M	MainProjects/Algebraic-Jacobian-Challenge-Rebuild/hgraph/nodes/54d74e925db9.md
M	MainProjects/Algebraic-Jacobian-Challenge-Rebuild/hgraph/nodes/54e6b104d12e.md
M	MainProjects/Algebraic-Jacobian-Challenge-Rebuild/hgraph/nodes/54f874fca361.md
M	MainProjects/Algebraic-Jacobian-Challenge-Rebuild/hgraph/nodes/54fa939b5657.md
M	MainProjects/Algebraic-Jacobian-Challenge-Rebuild/hgraph/nodes/550a700ac46f.md
M	MainProjects/Algebraic-Jacobian-Challenge-Rebuild/hgraph/nodes/5519a7605ec3.md
M	MainProjects/Algebraic-Jacobian-Challenge-Rebuild/hgraph/nodes/551e20fb1fc9.md
M	MainProjects/Algebraic-Jacobian-Challenge-Rebuild/hgraph/nodes/55224ce6f2f1.md
M	MainProjects/Algebraic-Jacobian-Challenge-Rebuild/hgraph/nodes/553498be7b3c.md
M	MainProjects/Algebraic-Jacobian-Challenge-Rebuild/hgraph/nodes/55393ba7d156.md
M	MainProjects/Algebraic-Jacobian-Challenge-Rebuild/hgraph/nodes/553fa67f5bb6.md
M	MainProjects/Algebraic-Jacobian-Challenge-Rebuild/hgraph/nodes/5545cfa90a44.md
M	MainProjects/Algebraic-Jacobian-Challenge-Rebuild/hgraph/nodes/55479adb2db3.md
M	MainProjects/Algebraic-Jacobian-Challenge-Rebuild/hgraph/nodes/554d23d62032.md
M	MainProjects/Algebraic-Jacobian-Challenge-Rebuild/hgraph/nodes/555092c3883d.md
M	MainProjects/Algebraic-Jacobian-Challenge-Rebuild/hgraph/nodes/5568242373c2.md
M	MainProjects/Algebraic-Jacobian-Challenge-Rebuild/hgraph/nodes/556a707feb76.md
M	MainProjects/Algebraic-Jacobian-Challenge-Rebuild/hgraph/nodes/556e6d8dc7fc.md
M	MainProjects/Algebraic-Jacobian-Challenge-Rebuild/hgraph/nodes/558b9685a0ea.md
M	MainProjects/Algebraic-Jacobian-Challenge-Rebuild/hgraph/nodes/55a5a6c8e8d7.md
M	MainProjects/Algebraic-Jacobian-Challenge-Rebuild/hgraph/nodes/55a9564c0a66.md
M	MainProjects/Algebraic-Jacobian-Challenge-Rebuild/hgraph/nodes/55ac5864de8d.md
M	MainProjects/Algebraic-Jacobian-Challenge-Rebuild/hgraph/nodes/55acd05fda68.md
M	MainProjects/Algebraic-Jacobian-Challenge-Rebuild/hgraph/nodes/55b6c5655701.md
M	MainProjects/Algebraic-Jacobian-Challenge-Rebuild/hgraph/nodes/55c751d4d986.md
M	MainProjects/Algebraic-Jacobian-Challenge-Rebuild/hgraph/nodes/55c8e3506b9c.md
M	MainProjects/Algebraic-Jacobian-Challenge-Rebuild/hgraph/nodes/55d2e937c58e.md
M	MainProjects/Algebraic-Jacobian-Challenge-Rebuild/hgraph/nodes/55d53b14029b.md
M	MainProjects/Algebraic-Jacobian-Challenge-Rebuild/hgraph/nodes/55da262174af.md
M	MainProjects/Algebraic-Jacobian-Challenge-Rebuild/hgraph/nodes/55e23e40abb1.md
M	MainProjects/Algebraic-Jacobian-Challenge-Rebuild/hgraph/nodes/55e98bafa25d.md
M	MainProjects/Algebraic-Jacobian-Challenge-Rebuild/hgraph/nodes/55eda032a85d.md
M	MainProjects/Algebraic-Jacobian-Challenge-Rebuild/hgraph/nodes/55f39a0fecf8.md
M	MainProjects/Algebraic-Jacobian-Challenge-Rebuild/hgraph/nodes/55f5be532f40.md
M	MainProjects/Algebraic-Jacobian-Challenge-Rebuild/hgraph/nodes/55ff508b52b3.md
M	MainProjects/Algebraic-Jacobian-Challenge-Rebuild/hgraph/nodes/56073dbe1921.md
M	MainProjects/Algebraic-Jacobian-Challenge-Rebuild/hgraph/nodes/560a7035cec1.md
M	MainProjects/Algebraic-Jacobian-Challenge-Rebuild/hgraph/nodes/560f6f9c8f0a.md
M	MainProjects/Algebraic-Jacobian-Challenge-Rebuild/hgraph/nodes/561108d7c5dc.md
M	MainProjects/Algebraic-Jacobian-Challenge-Rebuild/hgraph/nodes/561c0dabcdac.md
M	MainProjects/Algebraic-Jacobian-Challenge-Rebuild/hgraph/nodes/561fbbb72782.md
M	MainProjects/Algebraic-Jacobian-Challenge-Rebuild/hgraph/nodes/5620a4d8e6e1.md
M	MainProjects/Algebraic-Jacobian-Challenge-Rebuild/hgraph/nodes/5628e8700103.md
M	MainProjects/Algebraic-Jacobian-Challenge-Rebuild/hgraph/nodes/562c94ff4027.md
M	MainProjects/Algebraic-Jacobian-Challenge-Rebuild/hgraph/nodes/562d3ee3612b.md
M	MainProjects/Algebraic-Jacobian-Challenge-Rebuild/hgraph/nodes/562d4957c8db.md
M	MainProjects/Algebraic-Jacobian-Challenge-Rebuild/hgraph/nodes/5635b9325d28.md
M	MainProjects/Algebraic-Jacobian-Challenge-Rebuild/hgraph/nodes/5659e10e1d20.md
M	MainProjects/Algebraic-Jacobian-Challenge-Rebuild/hgraph/nodes/565ccc1b0e46.md
M	MainProjects/Algebraic-Jacobian-Challenge-Rebuild/hgraph/nodes/565ed2e0f4e7.md
M	MainProjects/Algebraic-Jacobian-Challenge-Rebuild/hgraph/nodes/567ac117b25d.md
M	MainProjects/Algebraic-Jacobian-Challenge-Rebuild/hgraph/nodes/567eb64d7a9f.md
M	MainProjects/Algebraic-Jacobian-Challenge-Rebuild/hgraph/nodes/5682907b8222.md
M	MainProjects/Algebraic-Jacobian-Challenge-Rebuild/hgraph/nodes/568818da7408.md
M	MainProjects/Algebraic-Jacobian-Challenge-Rebuild/hgraph/nodes/56929e4080e3.md
M	MainProjects/Algebraic-Jacobian-Challenge-Rebuild/hgraph/nodes/56930a61ab5c.md
M	MainProjects/Algebraic-Jacobian-Challenge-Rebuild/hgraph/nodes/56a2195a59ed.md
D	MainProjects/Algebraic-Jacobian-Challenge-Rebuild/hgraph/nodes/56a698f763d6.md
M	MainProjects/Algebraic-Jacobian-Challenge-Rebuild/hgraph/nodes/56b3d527bb65.md
M	MainProjects/Algebraic-Jacobian-Challenge-Rebuild/hgraph/nodes/56b552643306.md
M	MainProjects/Algebraic-Jacobian-Challenge-Rebuild/hgraph/nodes/56ba87feab3b.md
M	MainProjects/Algebraic-Jacobian-Challenge-Rebuild/hgraph/nodes/56bc337e2ec7.md
M	MainProjects/Algebraic-Jacobian-Challenge-Rebuild/hgraph/nodes/56bd83bda26c.md
M	MainProjects/Algebraic-Jacobian-Challenge-Rebuild/hgraph/nodes/56c1d1a80b23.md
M	MainProjects/Algebraic-Jacobian-Challenge-Rebuild/hgraph/nodes/56c54b7190fd.md
M	MainProjects/Algebraic-Jacobian-Challenge-Rebuild/hgraph/nodes/56cf1cfe8c6b.md
M	MainProjects/Algebraic-Jacobian-Challenge-Rebuild/hgraph/nodes/56d8cb5ecd06.md
M	MainProjects/Algebraic-Jacobian-Challenge-Rebuild/hgraph/nodes/56d9cef2b1e4.md
M	MainProjects/Algebraic-Jacobian-Challenge-Rebuild/hgraph/nodes/56e4e913e0cc.md
M	MainProjects/Algebraic-Jacobian-Challenge-Rebuild/hgraph/nodes/56ea6073e055.md
M	MainProjects/Algebraic-Jacobian-Challenge-Rebuild/hgraph/nodes/56f0387b5d4d.md
M	MainProjects/Algebraic-Jacobian-Challenge-Rebuild/hgraph/nodes/56f68f0e6878.md
M	MainProjects/Algebraic-Jacobian-Challenge-Rebuild/hgraph/nodes/56fe907c78ca.md
M	MainProjects/Algebraic-Jacobian-Challenge-Rebuild/hgraph/nodes/5705c6544991.md
M	MainProjects/Algebraic-Jacobian-Challenge-Rebuild/hgraph/nodes/570d3fef5673.md
M	MainProjects/Algebraic-Jacobian-Challenge-Rebuild/hgraph/nodes/570dc6c757ee.md
M	MainProjects/Algebraic-Jacobian-Challenge-Rebuild/hgraph/nodes/571833ce9bc9.md
M	MainProjects/Algebraic-Jacobian-Challenge-Rebuild/hgraph/nodes/571aab3c66aa.md
M	MainProjects/Algebraic-Jacobian-Challenge-Rebuild/hgraph/nodes/571e9ab5c15d.md
M	MainProjects/Algebraic-Jacobian-Challenge-Rebuild/hgraph/nodes/572bafe67401.md
M	MainProjects/Algebraic-Jacobian-Challenge-Rebuild/hgraph/nodes/572f35c6898c.md
M	MainProjects/Algebraic-Jacobian-Challenge-Rebuild/hgraph/nodes/574894a41d5d.md
M	MainProjects/Algebraic-Jacobian-Challenge-Rebuild/hgraph/nodes/574fb155cedd.md
M	MainProjects/Algebraic-Jacobian-Challenge-Rebuild/hgraph/nodes/575ae30147da.md
M	MainProjects/Algebraic-Jacobian-Challenge-Rebuild/hgraph/nodes/577683b2d3c1.md
M	MainProjects/Algebraic-Jacobian-Challenge-Rebuild/hgraph/nodes/5779ec6cf043.md
M	MainProjects/Algebraic-Jacobian-Challenge-Rebuild/hgraph/nodes/577c6458f387.md
M	MainProjects/Algebraic-Jacobian-Challenge-Rebuild/hgraph/nodes/5785fce17045.md
M	MainProjects/Algebraic-Jacobian-Challenge-Rebuild/hgraph/nodes/57954d02310a.md
M	MainProjects/Algebraic-Jacobian-Challenge-Rebuild/hgraph/nodes/5796d02708b3.md
M	MainProjects/Algebraic-Jacobian-Challenge-Rebuild/hgraph/nodes/579f57d5af01.md
M	MainProjects/Algebraic-Jacobian-Challenge-Rebuild/hgraph/nodes/57b497bb4e4f.md
M	MainProjects/Algebraic-Jacobian-Challenge-Rebuild/hgraph/nodes/57b5897dd9c2.md
M	MainProjects/Algebraic-Jacobian-Challenge-Rebuild/hgraph/nodes/57be58bbf156.md
M	MainProjects/Algebraic-Jacobian-Challenge-Rebuild/hgraph/nodes/57cd12c24c88.md
M	MainProjects/Algebraic-Jacobian-Challenge-Rebuild/hgraph/nodes/57cd7780620a.md
M	MainProjects/Algebraic-Jacobian-Challenge-Rebuild/hgraph/nodes/57e32a066e72.md
M	MainProjects/Algebraic-Jacobian-Challenge-Rebuild/hgraph/nodes/57e5c576d640.md
M	MainProjects/Algebraic-Jacobian-Challenge-Rebuild/hgraph/nodes/57e91cbc4d74.md
M	MainProjects/Algebraic-Jacobian-Challenge-Rebuild/hgraph/nodes/57f2dd21fd59.md
M	MainProjects/Algebraic-Jacobian-Challenge-Rebuild/hgraph/nodes/580707ab993d.md
M	MainProjects/Algebraic-Jacobian-Challenge-Rebuild/hgraph/nodes/581066903377.md
M	MainProjects/Algebraic-Jacobian-Challenge-Rebuild/hgraph/nodes/581b769721d6.md
M	MainProjects/Algebraic-Jacobian-Challenge-Rebuild/hgraph/nodes/582a08feb990.md
M	MainProjects/Algebraic-Jacobian-Challenge-Rebuild/hgraph/nodes/583326cff51d.md
M	MainProjects/Algebraic-Jacobian-Challenge-Rebuild/hgraph/nodes/5834c69c0a71.md
M	MainProjects/Algebraic-Jacobian-Challenge-Rebuild/hgraph/nodes/5834f928b5e8.md
M	MainProjects/Algebraic-Jacobian-Challenge-Rebuild/hgraph/nodes/5835a4edbb1a.md
M	MainProjects/Algebraic-Jacobian-Challenge-Rebuild/hgraph/nodes/5839001c7bc6.md
M	MainProjects/Algebraic-Jacobian-Challenge-Rebuild/hgraph/nodes/58396f30321f.md
M	MainProjects/Algebraic-Jacobian-Challenge-Rebuild/hgraph/nodes/583f4fcee47a.md
M	MainProjects/Algebraic-Jacobian-Challenge-Rebuild/hgraph/nodes/584296ea826d.md
M	MainProjects/Algebraic-Jacobian-Challenge-Rebuild/hgraph/nodes/5842ffa24c4d.md
M	MainProjects/Algebraic-Jacobian-Challenge-Rebuild/hgraph/nodes/5847deb00f4e.md
M	MainProjects/Algebraic-Jacobian-Challenge-Rebuild/hgraph/nodes/5853a6d36fac.md
M	MainProjects/Algebraic-Jacobian-Challenge-Rebuild/hgraph/nodes/5856fa36a8dc.md
M	MainProjects/Algebraic-Jacobian-Challenge-Rebuild/hgraph/nodes/585b670291d1.md
M	MainProjects/Algebraic-Jacobian-Challenge-Rebuild/hgraph/nodes/5864faa2ecdf.md
M	MainProjects/Algebraic-Jacobian-Challenge-Rebuild/hgraph/nodes/5874d16842ac.md
M	MainProjects/Algebraic-Jacobian-Challenge-Rebuild/hgraph/nodes/58767c9ef3b9.md
M	MainProjects/Algebraic-Jacobian-Challenge-Rebuild/hgraph/nodes/587d258b3254.md
M	MainProjects/Algebraic-Jacobian-Challenge-Rebuild/hgraph/nodes/587eff998423.md
M	MainProjects/Algebraic-Jacobian-Challenge-Rebuild/hgraph/nodes/588153b4bbf1.md
M	MainProjects/Algebraic-Jacobian-Challenge-Rebuild/hgraph/nodes/58823f855135.md
M	MainProjects/Algebraic-Jacobian-Challenge-Rebuild/hgraph/nodes/589c6b63ef72.md
M	MainProjects/Algebraic-Jacobian-Challenge-Rebuild/hgraph/nodes/58b2efbe3bfb.md
M	MainProjects/Algebraic-Jacobian-Challenge-Rebuild/hgraph/nodes/58c08f1797f6.md
M	MainProjects/Algebraic-Jacobian-Challenge-Rebuild/hgraph/nodes/58c55cb3f038.md
M	MainProjects/Algebraic-Jacobian-Challenge-Rebuild/hgraph/nodes/58d174742346.md
M	MainProjects/Algebraic-Jacobian-Challenge-Rebuild/hgraph/nodes/58e219cfe388.md
M	MainProjects/Algebraic-Jacobian-Challenge-Rebuild/hgraph/nodes/58eb68ff2e7b.md
M	MainProjects/Algebraic-Jacobian-Challenge-Rebuild/hgraph/nodes/58f56e295e19.md
M	MainProjects/Algebraic-Jacobian-Challenge-Rebuild/hgraph/nodes/58f7c7740565.md
M	MainProjects/Algebraic-Jacobian-Challenge-Rebuild/hgraph/nodes/58f7e65f1dac.md
M	MainProjects/Algebraic-Jacobian-Challenge-Rebuild/hgraph/nodes/58fabf81b53a.md
M	MainProjects/Algebraic-Jacobian-Challenge-Rebuild/hgraph/nodes/590eadf6d4cf.md
M	MainProjects/Algebraic-Jacobian-Challenge-Rebuild/hgraph/nodes/5924fcf8efee.md
M	MainProjects/Algebraic-Jacobian-Challenge-Rebuild/hgraph/nodes/59260196b25b.md
M	MainProjects/Algebraic-Jacobian-Challenge-Rebuild/hgraph/nodes/592bfbab11c5.md
M	MainProjects/Algebraic-Jacobian-Challenge-Rebuild/hgraph/nodes/592d289ffed4.md
M	MainProjects/Algebraic-Jacobian-Challenge-Rebuild/hgraph/nodes/5933b8f18264.md
M	MainProjects/Algebraic-Jacobian-Challenge-Rebuild/hgraph/nodes/59398dc304b4.md
M	MainProjects/Algebraic-Jacobian-Challenge-Rebuild/hgraph/nodes/5946d57a8f48.md
M	MainProjects/Algebraic-Jacobian-Challenge-Rebuild/hgraph/nodes/595e96307e7f.md
M	MainProjects/Algebraic-Jacobian-Challenge-Rebuild/hgraph/nodes/5964d1f0b39c.md
M	MainProjects/Algebraic-Jacobian-Challenge-Rebuild/hgraph/nodes/5988894dc7cb.md
M	MainProjects/Algebraic-Jacobian-Challenge-Rebuild/hgraph/nodes/598a98285dc7.md
M	MainProjects/Algebraic-Jacobian-Challenge-Rebuild/hgraph/nodes/599b242801f7.md
M	MainProjects/Algebraic-Jacobian-Challenge-Rebuild/hgraph/nodes/59a027fd92b7.md
D	MainProjects/Algebraic-Jacobian-Challenge-Rebuild/hgraph/nodes/59befdd47243.md
M	MainProjects/Algebraic-Jacobian-Challenge-Rebuild/hgraph/nodes/59c105b00bf3.md
M	MainProjects/Algebraic-Jacobian-Challenge-Rebuild/hgraph/nodes/59d6feb73ec7.md
M	MainProjects/Algebraic-Jacobian-Challenge-Rebuild/hgraph/nodes/59db0d772552.md
M	MainProjects/Algebraic-Jacobian-Challenge-Rebuild/hgraph/nodes/59e58dfb2701.md
M	MainProjects/Algebraic-Jacobian-Challenge-Rebuild/hgraph/nodes/59f094c18ba6.md
M	MainProjects/Algebraic-Jacobian-Challenge-Rebuild/hgraph/nodes/5a2809653bfd.md
M	MainProjects/Algebraic-Jacobian-Challenge-Rebuild/hgraph/nodes/5a398bd32e5f.md
M	MainProjects/Algebraic-Jacobian-Challenge-Rebuild/hgraph/nodes/5a3a867c7492.md
M	MainProjects/Algebraic-Jacobian-Challenge-Rebuild/hgraph/nodes/5a598dc228b5.md
M	MainProjects/Algebraic-Jacobian-Challenge-Rebuild/hgraph/nodes/5a5c7ab3bebf.md
M	MainProjects/Algebraic-Jacobian-Challenge-Rebuild/hgraph/nodes/5a5f42f935ec.md
M	MainProjects/Algebraic-Jacobian-Challenge-Rebuild/hgraph/nodes/5a66579c63ec.md
M	MainProjects/Algebraic-Jacobian-Challenge-Rebuild/hgraph/nodes/5a685a1e41f3.md
M	MainProjects/Algebraic-Jacobian-Challenge-Rebuild/hgraph/nodes/5a712636e0e7.md
M	MainProjects/Algebraic-Jacobian-Challenge-Rebuild/hgraph/nodes/5a7688a0e30a.md
M	MainProjects/Algebraic-Jacobian-Challenge-Rebuild/hgraph/nodes/5a7e56b43054.md
M	MainProjects/Algebraic-Jacobian-Challenge-Rebuild/hgraph/nodes/5a88c94c4d1c.md
M	MainProjects/Algebraic-Jacobian-Challenge-Rebuild/hgraph/nodes/5a88dccdcea0.md
M	MainProjects/Algebraic-Jacobian-Challenge-Rebuild/hgraph/nodes/5a8da4118860.md
M	MainProjects/Algebraic-Jacobian-Challenge-Rebuild/hgraph/nodes/5a9cb18d39fd.md
M	MainProjects/Algebraic-Jacobian-Challenge-Rebuild/hgraph/nodes/5aa7a3cf76a8.md
M	MainProjects/Algebraic-Jacobian-Challenge-Rebuild/hgraph/nodes/5ab09ae19a1b.md
M	MainProjects/Algebraic-Jacobian-Challenge-Rebuild/hgraph/nodes/5ab45f8fa20f.md
M	MainProjects/Algebraic-Jacobian-Challenge-Rebuild/hgraph/nodes/5ab548f08755.md
M	MainProjects/Algebraic-Jacobian-Challenge-Rebuild/hgraph/nodes/5abc8d0be2e2.md
M	MainProjects/Algebraic-Jacobian-Challenge-Rebuild/hgraph/nodes/5ad8f83ec1a7.md
M	MainProjects/Algebraic-Jacobian-Challenge-Rebuild/hgraph/nodes/5ae1cb1ea964.md
M	MainProjects/Algebraic-Jacobian-Challenge-Rebuild/hgraph/nodes/5ae9c480666f.md
M	MainProjects/Algebraic-Jacobian-Challenge-Rebuild/hgraph/nodes/5aea9ca204fa.md
M	MainProjects/Algebraic-Jacobian-Challenge-Rebuild/hgraph/nodes/5aeaf9551c8f.md
M	MainProjects/Algebraic-Jacobian-Challenge-Rebuild/hgraph/nodes/5aefe8894eb0.md
M	MainProjects/Algebraic-Jacobian-Challenge-Rebuild/hgraph/nodes/5af260f0083a.md
D	MainProjects/Algebraic-Jacobian-Challenge-Rebuild/hgraph/nodes/5af76806b20c.md
M	MainProjects/Algebraic-Jacobian-Challenge-Rebuild/hgraph/nodes/5b14692c5e63.md
M	MainProjects/Algebraic-Jacobian-Challenge-Rebuild/hgraph/nodes/5b195a1d6497.md
M	MainProjects/Algebraic-Jacobian-Challenge-Rebuild/hgraph/nodes/5b1a10093d4f.md
M	MainProjects/Algebraic-Jacobian-Challenge-Rebuild/hgraph/nodes/5b245b42bf89.md
M	MainProjects/Algebraic-Jacobian-Challenge-Rebuild/hgraph/nodes/5b28beb42643.md
M	MainProjects/Algebraic-Jacobian-Challenge-Rebuild/hgraph/nodes/5b422c8dda4e.md
M	MainProjects/Algebraic-Jacobian-Challenge-Rebuild/hgraph/nodes/5b4aa0277c94.md
M	MainProjects/Algebraic-Jacobian-Challenge-Rebuild/hgraph/nodes/5b51348d555b.md
M	MainProjects/Algebraic-Jacobian-Challenge-Rebuild/hgraph/nodes/5b52096f21c3.md
M	MainProjects/Algebraic-Jacobian-Challenge-Rebuild/hgraph/nodes/5b525ffe81d8.md
M	MainProjects/Algebraic-Jacobian-Challenge-Rebuild/hgraph/nodes/5b529eb650b5.md
M	MainProjects/Algebraic-Jacobian-Challenge-Rebuild/hgraph/nodes/5b61cd8d26d2.md
M	MainProjects/Algebraic-Jacobian-Challenge-Rebuild/hgraph/nodes/5b64674de1e4.md
M	MainProjects/Algebraic-Jacobian-Challenge-Rebuild/hgraph/nodes/5b6a0a1672ac.md
M	MainProjects/Algebraic-Jacobian-Challenge-Rebuild/hgraph/nodes/5b78c57a5f0a.md
M	MainProjects/Algebraic-Jacobian-Challenge-Rebuild/hgraph/nodes/5b816d01c19f.md
M	MainProjects/Algebraic-Jacobian-Challenge-Rebuild/hgraph/nodes/5b8403d45afd.md
M	MainProjects/Algebraic-Jacobian-Challenge-Rebuild/hgraph/nodes/5b843e5acf3f.md
M	MainProjects/Algebraic-Jacobian-Challenge-Rebuild/hgraph/nodes/5b8447c84dd4.md
M	MainProjects/Algebraic-Jacobian-Challenge-Rebuild/hgraph/nodes/5b97c840fb12.md
M	MainProjects/Algebraic-Jacobian-Challenge-Rebuild/hgraph/nodes/5b98153ce6cd.md
M	MainProjects/Algebraic-Jacobian-Challenge-Rebuild/hgraph/nodes/5b99ccd87599.md
M	MainProjects/Algebraic-Jacobian-Challenge-Rebuild/hgraph/nodes/5b9cc474dacf.md
M	MainProjects/Algebraic-Jacobian-Challenge-Rebuild/hgraph/nodes/5ba0c1544a2f.md
M	MainProjects/Algebraic-Jacobian-Challenge-Rebuild/hgraph/nodes/5ba6010fdae7.md
M	MainProjects/Algebraic-Jacobian-Challenge-Rebuild/hgraph/nodes/5bac96eeaeb5.md
M	MainProjects/Algebraic-Jacobian-Challenge-Rebuild/hgraph/nodes/5baee0188de1.md
M	MainProjects/Algebraic-Jacobian-Challenge-Rebuild/hgraph/nodes/5bb0711b5665.md
M	MainProjects/Algebraic-Jacobian-Challenge-Rebuild/hgraph/nodes/5bbea5dbcebe.md
M	MainProjects/Algebraic-Jacobian-Challenge-Rebuild/hgraph/nodes/5bc2264700c8.md
M	MainProjects/Algebraic-Jacobian-Challenge-Rebuild/hgraph/nodes/5bd93edcdfe7.md
M	MainProjects/Algebraic-Jacobian-Challenge-Rebuild/hgraph/nodes/5bf2e5ec5b6b.md
M	MainProjects/Algebraic-Jacobian-Challenge-Rebuild/hgraph/nodes/5c0a6786bfe1.md
M	MainProjects/Algebraic-Jacobian-Challenge-Rebuild/hgraph/nodes/5c1b00943383.md
M	MainProjects/Algebraic-Jacobian-Challenge-Rebuild/hgraph/nodes/5c1c3e20e6d7.md
M	MainProjects/Algebraic-Jacobian-Challenge-Rebuild/hgraph/nodes/5c20a5c3c099.md
M	MainProjects/Algebraic-Jacobian-Challenge-Rebuild/hgraph/nodes/5c216436575f.md
M	MainProjects/Algebraic-Jacobian-Challenge-Rebuild/hgraph/nodes/5c291428e1b1.md
M	MainProjects/Algebraic-Jacobian-Challenge-Rebuild/hgraph/nodes/5c2bef21b231.md
M	MainProjects/Algebraic-Jacobian-Challenge-Rebuild/hgraph/nodes/5c3543902e53.md
M	MainProjects/Algebraic-Jacobian-Challenge-Rebuild/hgraph/nodes/5c36105ca4e2.md
M	MainProjects/Algebraic-Jacobian-Challenge-Rebuild/hgraph/nodes/5c3d2e2a2798.md
M	MainProjects/Algebraic-Jacobian-Challenge-Rebuild/hgraph/nodes/5c4fdb166331.md
M	MainProjects/Algebraic-Jacobian-Challenge-Rebuild/hgraph/nodes/5c5c4e26a035.md
M	MainProjects/Algebraic-Jacobian-Challenge-Rebuild/hgraph/nodes/5c60268623ac.md
M	MainProjects/Algebraic-Jacobian-Challenge-Rebuild/hgraph/nodes/5c6416f553c1.md
M	MainProjects/Algebraic-Jacobian-Challenge-Rebuild/hgraph/nodes/5c6497360888.md
M	MainProjects/Algebraic-Jacobian-Challenge-Rebuild/hgraph/nodes/5c6ca106c4d2.md
M	MainProjects/Algebraic-Jacobian-Challenge-Rebuild/hgraph/nodes/5c7f1163854a.md
M	MainProjects/Algebraic-Jacobian-Challenge-Rebuild/hgraph/nodes/5c80f6fc2c03.md
M	MainProjects/Algebraic-Jacobian-Challenge-Rebuild/hgraph/nodes/5c81e19d6fd3.md
M	MainProjects/Algebraic-Jacobian-Challenge-Rebuild/hgraph/nodes/5c8d5124f439.md
M	MainProjects/Algebraic-Jacobian-Challenge-Rebuild/hgraph/nodes/5c8df5738d55.md
M	MainProjects/Algebraic-Jacobian-Challenge-Rebuild/hgraph/nodes/5c9a1c56a41f.md
M	MainProjects/Algebraic-Jacobian-Challenge-Rebuild/hgraph/nodes/5c9c13cd4abd.md
M	MainProjects/Algebraic-Jacobian-Challenge-Rebuild/hgraph/nodes/5c9e8fa274a6.md
M	MainProjects/Algebraic-Jacobian-Challenge-Rebuild/hgraph/nodes/5caf5c3b4752.md
M	MainProjects/Algebraic-Jacobian-Challenge-Rebuild/hgraph/nodes/5cbe0bf89da8.md
M	MainProjects/Algebraic-Jacobian-Challenge-Rebuild/hgraph/nodes/5cc54765cfe4.md
M	MainProjects/Algebraic-Jacobian-Challenge-Rebuild/hgraph/nodes/5cc9f174477d.md
M	MainProjects/Algebraic-Jacobian-Challenge-Rebuild/hgraph/nodes/5ccc56d79d24.md
M	MainProjects/Algebraic-Jacobian-Challenge-Rebuild/hgraph/nodes/5cde16fe760a.md
M	MainProjects/Algebraic-Jacobian-Challenge-Rebuild/hgraph/nodes/5ceff162e0d5.md
M	MainProjects/Algebraic-Jacobian-Challenge-Rebuild/hgraph/nodes/5cf3b22c1968.md
M	MainProjects/Algebraic-Jacobian-Challenge-Rebuild/hgraph/nodes/5d07dc57a47f.md
M	MainProjects/Algebraic-Jacobian-Challenge-Rebuild/hgraph/nodes/5d08175e124e.md
M	MainProjects/Algebraic-Jacobian-Challenge-Rebuild/hgraph/nodes/5d0d92995983.md
M	MainProjects/Algebraic-Jacobian-Challenge-Rebuild/hgraph/nodes/5d2e32934b28.md
M	MainProjects/Algebraic-Jacobian-Challenge-Rebuild/hgraph/nodes/5d3490dae128.md
M	MainProjects/Algebraic-Jacobian-Challenge-Rebuild/hgraph/nodes/5d45f9377a12.md
M	MainProjects/Algebraic-Jacobian-Challenge-Rebuild/hgraph/nodes/5d49abe3117b.md
M	MainProjects/Algebraic-Jacobian-Challenge-Rebuild/hgraph/nodes/5d4dd7a7a762.md
M	MainProjects/Algebraic-Jacobian-Challenge-Rebuild/hgraph/nodes/5d4e88d8d5a4.md
M	MainProjects/Algebraic-Jacobian-Challenge-Rebuild/hgraph/nodes/5d4f141e7a5f.md
M	MainProjects/Algebraic-Jacobian-Challenge-Rebuild/hgraph/nodes/5d51d7ace4d7.md
M	MainProjects/Algebraic-Jacobian-Challenge-Rebuild/hgraph/nodes/5d532b478afd.md
M	MainProjects/Algebraic-Jacobian-Challenge-Rebuild/hgraph/nodes/5d5f22b50617.md
M	MainProjects/Algebraic-Jacobian-Challenge-Rebuild/hgraph/nodes/5d64c1c8a28d.md
M	MainProjects/Algebraic-Jacobian-Challenge-Rebuild/hgraph/nodes/5d74de2767e3.md
M	MainProjects/Algebraic-Jacobian-Challenge-Rebuild/hgraph/nodes/5d911fba2130.md
M	MainProjects/Algebraic-Jacobian-Challenge-Rebuild/hgraph/nodes/5d984cda4be3.md
M	MainProjects/Algebraic-Jacobian-Challenge-Rebuild/hgraph/nodes/5d9ebc4b5b6b.md
M	MainProjects/Algebraic-Jacobian-Challenge-Rebuild/hgraph/nodes/5d9f6bd43689.md
M	MainProjects/Algebraic-Jacobian-Challenge-Rebuild/hgraph/nodes/5da128bb4ec7.md
M	MainProjects/Algebraic-Jacobian-Challenge-Rebuild/hgraph/nodes/5dabadf46e5e.md
M	MainProjects/Algebraic-Jacobian-Challenge-Rebuild/hgraph/nodes/5daf6f9852c8.md
M	MainProjects/Algebraic-Jacobian-Challenge-Rebuild/hgraph/nodes/5db892dccefd.md
M	MainProjects/Algebraic-Jacobian-Challenge-Rebuild/hgraph/nodes/5dbb86af515f.md
M	MainProjects/Algebraic-Jacobian-Challenge-Rebuild/hgraph/nodes/5dc4c4f7361e.md
M	MainProjects/Algebraic-Jacobian-Challenge-Rebuild/hgraph/nodes/5dd4649ec865.md
M	MainProjects/Algebraic-Jacobian-Challenge-Rebuild/hgraph/nodes/5dddab005701.md
M	MainProjects/Algebraic-Jacobian-Challenge-Rebuild/hgraph/nodes/5de9c94fbd8f.md
M	MainProjects/Algebraic-Jacobian-Challenge-Rebuild/hgraph/nodes/5df8af42355c.md
M	MainProjects/Algebraic-Jacobian-Challenge-Rebuild/hgraph/nodes/5dfbe651b57c.md
M	MainProjects/Algebraic-Jacobian-Challenge-Rebuild/hgraph/nodes/5e095a7df254.md
M	MainProjects/Algebraic-Jacobian-Challenge-Rebuild/hgraph/nodes/5e0d6c04598a.md
D	MainProjects/Algebraic-Jacobian-Challenge-Rebuild/hgraph/nodes/5e12e02e4909.md
M	MainProjects/Algebraic-Jacobian-Challenge-Rebuild/hgraph/nodes/5e16e1387f4d.md
M	MainProjects/Algebraic-Jacobian-Challenge-Rebuild/hgraph/nodes/5e1c518406d4.md
M	MainProjects/Algebraic-Jacobian-Challenge-Rebuild/hgraph/nodes/5e3233c8e25e.md
M	MainProjects/Algebraic-Jacobian-Challenge-Rebuild/hgraph/nodes/5e32fd7b91a7.md
M	MainProjects/Algebraic-Jacobian-Challenge-Rebuild/hgraph/nodes/5e43104f26d9.md
M	MainProjects/Algebraic-Jacobian-Challenge-Rebuild/hgraph/nodes/5e47d6180963.md
M	MainProjects/Algebraic-Jacobian-Challenge-Rebuild/hgraph/nodes/5e4aa1c85fb0.md
D	MainProjects/Algebraic-Jacobian-Challenge-Rebuild/hgraph/nodes/5e4f5aae9c66.md
M	MainProjects/Algebraic-Jacobian-Challenge-Rebuild/hgraph/nodes/5e6118fc84de.md
M	MainProjects/Algebraic-Jacobian-Challenge-Rebuild/hgraph/nodes/5e6be98a2528.md
M	MainProjects/Algebraic-Jacobian-Challenge-Rebuild/hgraph/nodes/5e6daecd60ba.md
M	MainProjects/Algebraic-Jacobian-Challenge-Rebuild/hgraph/nodes/5e7432be6681.md
M	MainProjects/Algebraic-Jacobian-Challenge-Rebuild/hgraph/nodes/5e79ae4eda87.md
M	MainProjects/Algebraic-Jacobian-Challenge-Rebuild/hgraph/nodes/5e859f7b896e.md
M	MainProjects/Algebraic-Jacobian-Challenge-Rebuild/hgraph/nodes/5e886be652c0.md
M	MainProjects/Algebraic-Jacobian-Challenge-Rebuild/hgraph/nodes/5e93d8d88a7a.md
M	MainProjects/Algebraic-Jacobian-Challenge-Rebuild/hgraph/nodes/5e9b74f8f6e8.md
M	MainProjects/Algebraic-Jacobian-Challenge-Rebuild/hgraph/nodes/5ea542f6b805.md
M	MainProjects/Algebraic-Jacobian-Challenge-Rebuild/hgraph/nodes/5eac724103f5.md
M	MainProjects/Algebraic-Jacobian-Challenge-Rebuild/hgraph/nodes/5eb39f7845df.md
M	MainProjects/Algebraic-Jacobian-Challenge-Rebuild/hgraph/nodes/5eb3d1239877.md
M	MainProjects/Algebraic-Jacobian-Challenge-Rebuild/hgraph/nodes/5eb904b7bec5.md
M	MainProjects/Algebraic-Jacobian-Challenge-Rebuild/hgraph/nodes/5ec5d83e9226.md
M	MainProjects/Algebraic-Jacobian-Challenge-Rebuild/hgraph/nodes/5eca61e2ffbb.md
M	MainProjects/Algebraic-Jacobian-Challenge-Rebuild/hgraph/nodes/5ece130ff3d6.md
D	MainProjects/Algebraic-Jacobian-Challenge-Rebuild/hgraph/nodes/5ee8538f3d2e.md
M	MainProjects/Algebraic-Jacobian-Challenge-Rebuild/hgraph/nodes/5eef00d1a4c3.md
M	MainProjects/Algebraic-Jacobian-Challenge-Rebuild/hgraph/nodes/5f037e394d5a.md
M	MainProjects/Algebraic-Jacobian-Challenge-Rebuild/hgraph/nodes/5f04986ac40e.md
M	MainProjects/Algebraic-Jacobian-Challenge-Rebuild/hgraph/nodes/5f0ca04744c2.md
M	MainProjects/Algebraic-Jacobian-Challenge-Rebuild/hgraph/nodes/5f182b9e0df5.md
M	MainProjects/Algebraic-Jacobian-Challenge-Rebuild/hgraph/nodes/5f196d530e54.md
M	MainProjects/Algebraic-Jacobian-Challenge-Rebuild/hgraph/nodes/5f21d1902494.md
M	MainProjects/Algebraic-Jacobian-Challenge-Rebuild/hgraph/nodes/5f267dd3d5a3.md
M	MainProjects/Algebraic-Jacobian-Challenge-Rebuild/hgraph/nodes/5f292ea659c9.md
M	MainProjects/Algebraic-Jacobian-Challenge-Rebuild/hgraph/nodes/5f35780bc691.md
M	MainProjects/Algebraic-Jacobian-Challenge-Rebuild/hgraph/nodes/5f381b417a1d.md
M	MainProjects/Algebraic-Jacobian-Challenge-Rebuild/hgraph/nodes/5f3f2d1c6ef4.md
M	MainProjects/Algebraic-Jacobian-Challenge-Rebuild/hgraph/nodes/5f412eb006dd.md
M	MainProjects/Algebraic-Jacobian-Challenge-Rebuild/hgraph/nodes/5f48bab01579.md
M	MainProjects/Algebraic-Jacobian-Challenge-Rebuild/hgraph/nodes/5f4e52a7eecc.md
M	MainProjects/Algebraic-Jacobian-Challenge-Rebuild/hgraph/nodes/5f52dc589873.md
M	MainProjects/Algebraic-Jacobian-Challenge-Rebuild/hgraph/nodes/5f5761a4a16f.md
M	MainProjects/Algebraic-Jacobian-Challenge-Rebuild/hgraph/nodes/5f5f7d2d81f1.md
M	MainProjects/Algebraic-Jacobian-Challenge-Rebuild/hgraph/nodes/5f5fd6cf1389.md
M	MainProjects/Algebraic-Jacobian-Challenge-Rebuild/hgraph/nodes/5f63722974ef.md
M	MainProjects/Algebraic-Jacobian-Challenge-Rebuild/hgraph/nodes/5f6dd55deb43.md
M	MainProjects/Algebraic-Jacobian-Challenge-Rebuild/hgraph/nodes/5f73f90a737e.md
M	MainProjects/Algebraic-Jacobian-Challenge-Rebuild/hgraph/nodes/5f81e6af5e21.md
M	MainProjects/Algebraic-Jacobian-Challenge-Rebuild/hgraph/nodes/5fa113a28a14.md
M	MainProjects/Algebraic-Jacobian-Challenge-Rebuild/hgraph/nodes/5fa387eab434.md
M	MainProjects/Algebraic-Jacobian-Challenge-Rebuild/hgraph/nodes/5faf806c638d.md
M	MainProjects/Algebraic-Jacobian-Challenge-Rebuild/hgraph/nodes/5fc29a3276eb.md
M	MainProjects/Algebraic-Jacobian-Challenge-Rebuild/hgraph/nodes/5fd56d4eee45.md
M	MainProjects/Algebraic-Jacobian-Challenge-Rebuild/hgraph/nodes/5fd991c5e016.md
M	MainProjects/Algebraic-Jacobian-Challenge-Rebuild/hgraph/nodes/5fde458faa42.md
M	MainProjects/Algebraic-Jacobian-Challenge-Rebuild/hgraph/nodes/5fe18a4f07ed.md
M	MainProjects/Algebraic-Jacobian-Challenge-Rebuild/hgraph/nodes/5ff4d0d7a458.md
M	MainProjects/Algebraic-Jacobian-Challenge-Rebuild/hgraph/nodes/5ff7c1074631.md
M	MainProjects/Algebraic-Jacobian-Challenge-Rebuild/hgraph/nodes/5ff87965633e.md
M	MainProjects/Algebraic-Jacobian-Challenge-Rebuild/hgraph/nodes/602d00cebae6.md
M	MainProjects/Algebraic-Jacobian-Challenge-Rebuild/hgraph/nodes/603f0c766c0e.md
M	MainProjects/Algebraic-Jacobian-Challenge-Rebuild/hgraph/nodes/6044b83ac607.md
M	MainProjects/Algebraic-Jacobian-Challenge-Rebuild/hgraph/nodes/60492b3305a7.md
M	MainProjects/Algebraic-Jacobian-Challenge-Rebuild/hgraph/nodes/60573b9d5aec.md
M	MainProjects/Algebraic-Jacobian-Challenge-Rebuild/hgraph/nodes/605b529ad3a3.md
M	MainProjects/Algebraic-Jacobian-Challenge-Rebuild/hgraph/nodes/60653097e04a.md
M	MainProjects/Algebraic-Jacobian-Challenge-Rebuild/hgraph/nodes/607ce0e75873.md
M	MainProjects/Algebraic-Jacobian-Challenge-Rebuild/hgraph/nodes/608ed9c7fbe1.md
M	MainProjects/Algebraic-Jacobian-Challenge-Rebuild/hgraph/nodes/609172b5bcdc.md
M	MainProjects/Algebraic-Jacobian-Challenge-Rebuild/hgraph/nodes/609308298704.md
M	MainProjects/Algebraic-Jacobian-Challenge-Rebuild/hgraph/nodes/60a08866a13e.md
M	MainProjects/Algebraic-Jacobian-Challenge-Rebuild/hgraph/nodes/60b8b96b9dd6.md
M	MainProjects/Algebraic-Jacobian-Challenge-Rebuild/hgraph/nodes/60baf64a2019.md
M	MainProjects/Algebraic-Jacobian-Challenge-Rebuild/hgraph/nodes/60c9a671c86b.md
M	MainProjects/Algebraic-Jacobian-Challenge-Rebuild/hgraph/nodes/60d18e7c1f44.md
M	MainProjects/Algebraic-Jacobian-Challenge-Rebuild/hgraph/nodes/60d623465c7b.md
M	MainProjects/Algebraic-Jacobian-Challenge-Rebuild/hgraph/nodes/60e4584446d7.md
M	MainProjects/Algebraic-Jacobian-Challenge-Rebuild/hgraph/nodes/60e7408068b7.md
M	MainProjects/Algebraic-Jacobian-Challenge-Rebuild/hgraph/nodes/60f0faf4964a.md
M	MainProjects/Algebraic-Jacobian-Challenge-Rebuild/hgraph/nodes/60f7271b3177.md
M	MainProjects/Algebraic-Jacobian-Challenge-Rebuild/hgraph/nodes/60ff159f5c02.md
M	MainProjects/Algebraic-Jacobian-Challenge-Rebuild/hgraph/nodes/6104dce22ee7.md
M	MainProjects/Algebraic-Jacobian-Challenge-Rebuild/hgraph/nodes/61058ffece6b.md
M	MainProjects/Algebraic-Jacobian-Challenge-Rebuild/hgraph/nodes/610c44e8b286.md
M	MainProjects/Algebraic-Jacobian-Challenge-Rebuild/hgraph/nodes/610c5897f0ab.md
M	MainProjects/Algebraic-Jacobian-Challenge-Rebuild/hgraph/nodes/61199e61e327.md
M	MainProjects/Algebraic-Jacobian-Challenge-Rebuild/hgraph/nodes/61226a56ace7.md
M	MainProjects/Algebraic-Jacobian-Challenge-Rebuild/hgraph/nodes/6123fefc7e70.md
M	MainProjects/Algebraic-Jacobian-Challenge-Rebuild/hgraph/nodes/613417e1c1ae.md
M	MainProjects/Algebraic-Jacobian-Challenge-Rebuild/hgraph/nodes/61342d3af20b.md
M	MainProjects/Algebraic-Jacobian-Challenge-Rebuild/hgraph/nodes/613a729cdfa2.md
M	MainProjects/Algebraic-Jacobian-Challenge-Rebuild/hgraph/nodes/6153860d072f.md
M	MainProjects/Algebraic-Jacobian-Challenge-Rebuild/hgraph/nodes/61553251f70e.md
M	MainProjects/Algebraic-Jacobian-Challenge-Rebuild/hgraph/nodes/61561e7bbeeb.md
M	MainProjects/Algebraic-Jacobian-Challenge-Rebuild/hgraph/nodes/6165f8e56641.md
M	MainProjects/Algebraic-Jacobian-Challenge-Rebuild/hgraph/nodes/61662716bf86.md
M	MainProjects/Algebraic-Jacobian-Challenge-Rebuild/hgraph/nodes/6191906d577b.md
M	MainProjects/Algebraic-Jacobian-Challenge-Rebuild/hgraph/nodes/61925039ee80.md
M	MainProjects/Algebraic-Jacobian-Challenge-Rebuild/hgraph/nodes/619fca9d1d73.md
M	MainProjects/Algebraic-Jacobian-Challenge-Rebuild/hgraph/nodes/61a2ce3b6f4b.md
M	MainProjects/Algebraic-Jacobian-Challenge-Rebuild/hgraph/nodes/61a6c9f3b2a8.md
M	MainProjects/Algebraic-Jacobian-Challenge-Rebuild/hgraph/nodes/61b7dd4f34ec.md
M	MainProjects/Algebraic-Jacobian-Challenge-Rebuild/hgraph/nodes/61bbb56c04ce.md
M	MainProjects/Algebraic-Jacobian-Challenge-Rebuild/hgraph/nodes/61beb20ebcae.md
M	MainProjects/Algebraic-Jacobian-Challenge-Rebuild/hgraph/nodes/61c50d02c03a.md
M	MainProjects/Algebraic-Jacobian-Challenge-Rebuild/hgraph/nodes/61c60edcce98.md
M	MainProjects/Algebraic-Jacobian-Challenge-Rebuild/hgraph/nodes/61d387aa5504.md
M	MainProjects/Algebraic-Jacobian-Challenge-Rebuild/hgraph/nodes/61d47aa33b04.md
M	MainProjects/Algebraic-Jacobian-Challenge-Rebuild/hgraph/nodes/61e2d414e9d7.md
M	MainProjects/Algebraic-Jacobian-Challenge-Rebuild/hgraph/nodes/61e5160d118e.md
M	MainProjects/Algebraic-Jacobian-Challenge-Rebuild/hgraph/nodes/61ebff3369f6.md
M	MainProjects/Algebraic-Jacobian-Challenge-Rebuild/hgraph/nodes/61fa2ce038a4.md
M	MainProjects/Algebraic-Jacobian-Challenge-Rebuild/hgraph/nodes/61fd1fceb3d6.md
M	MainProjects/Algebraic-Jacobian-Challenge-Rebuild/hgraph/nodes/62204a2b8fb2.md
M	MainProjects/Algebraic-Jacobian-Challenge-Rebuild/hgraph/nodes/622f50c4793d.md
M	MainProjects/Algebraic-Jacobian-Challenge-Rebuild/hgraph/nodes/62364c9cd456.md
M	MainProjects/Algebraic-Jacobian-Challenge-Rebuild/hgraph/nodes/62421cde6c79.md
M	MainProjects/Algebraic-Jacobian-Challenge-Rebuild/hgraph/nodes/6264175f50b3.md
M	MainProjects/Algebraic-Jacobian-Challenge-Rebuild/hgraph/nodes/62691f478e64.md
M	MainProjects/Algebraic-Jacobian-Challenge-Rebuild/hgraph/nodes/626942f655ae.md
M	MainProjects/Algebraic-Jacobian-Challenge-Rebuild/hgraph/nodes/626caf96c4f4.md
M	MainProjects/Algebraic-Jacobian-Challenge-Rebuild/hgraph/nodes/626fa2849233.md
M	MainProjects/Algebraic-Jacobian-Challenge-Rebuild/hgraph/nodes/62778c32445e.md
M	MainProjects/Algebraic-Jacobian-Challenge-Rebuild/hgraph/nodes/6279d49ddccf.md
M	MainProjects/Algebraic-Jacobian-Challenge-Rebuild/hgraph/nodes/627ab9b78eae.md
M	MainProjects/Algebraic-Jacobian-Challenge-Rebuild/hgraph/nodes/6280f53ed049.md
M	MainProjects/Algebraic-Jacobian-Challenge-Rebuild/hgraph/nodes/628241194c4d.md
M	MainProjects/Algebraic-Jacobian-Challenge-Rebuild/hgraph/nodes/62944e9ec4fb.md
M	MainProjects/Algebraic-Jacobian-Challenge-Rebuild/hgraph/nodes/6298a7e73f79.md
M	MainProjects/Algebraic-Jacobian-Challenge-Rebuild/hgraph/nodes/62a728591be9.md
M	MainProjects/Algebraic-Jacobian-Challenge-Rebuild/hgraph/nodes/62ab643faa6c.md
M	MainProjects/Algebraic-Jacobian-Challenge-Rebuild/hgraph/nodes/62be1a800895.md
M	MainProjects/Algebraic-Jacobian-Challenge-Rebuild/hgraph/nodes/62c13dc66803.md
M	MainProjects/Algebraic-Jacobian-Challenge-Rebuild/hgraph/nodes/62c3b3fc3379.md
M	MainProjects/Algebraic-Jacobian-Challenge-Rebuild/hgraph/nodes/62ca3181fd1b.md
M	MainProjects/Algebraic-Jacobian-Challenge-Rebuild/hgraph/nodes/62d37a411453.md
M	MainProjects/Algebraic-Jacobian-Challenge-Rebuild/hgraph/nodes/62e912dc7972.md
M	MainProjects/Algebraic-Jacobian-Challenge-Rebuild/hgraph/nodes/62eecb547086.md
M	MainProjects/Algebraic-Jacobian-Challenge-Rebuild/hgraph/nodes/62f07ac8605b.md
M	MainProjects/Algebraic-Jacobian-Challenge-Rebuild/hgraph/nodes/62fa37a62c9c.md
M	MainProjects/Algebraic-Jacobian-Challenge-Rebuild/hgraph/nodes/630650bdc0b9.md
M	MainProjects/Algebraic-Jacobian-Challenge-Rebuild/hgraph/nodes/6310a94aa9d5.md
M	MainProjects/Algebraic-Jacobian-Challenge-Rebuild/hgraph/nodes/6314a05ca964.md
M	MainProjects/Algebraic-Jacobian-Challenge-Rebuild/hgraph/nodes/6316f5ff38b2.md
M	MainProjects/Algebraic-Jacobian-Challenge-Rebuild/hgraph/nodes/6323f207210d.md
M	MainProjects/Algebraic-Jacobian-Challenge-Rebuild/hgraph/nodes/63267cd15bfd.md
M	MainProjects/Algebraic-Jacobian-Challenge-Rebuild/hgraph/nodes/6326e1b04bca.md
D	MainProjects/Algebraic-Jacobian-Challenge-Rebuild/hgraph/nodes/632b128fd6f2.md
M	MainProjects/Algebraic-Jacobian-Challenge-Rebuild/hgraph/nodes/6331f4938dc1.md
M	MainProjects/Algebraic-Jacobian-Challenge-Rebuild/hgraph/nodes/63468185a611.md
M	MainProjects/Algebraic-Jacobian-Challenge-Rebuild/hgraph/nodes/6351a0a2c3c1.md
M	MainProjects/Algebraic-Jacobian-Challenge-Rebuild/hgraph/nodes/635576c77b43.md
M	MainProjects/Algebraic-Jacobian-Challenge-Rebuild/hgraph/nodes/635cbfb954d8.md
M	MainProjects/Algebraic-Jacobian-Challenge-Rebuild/hgraph/nodes/635f10ece8a2.md
M	MainProjects/Algebraic-Jacobian-Challenge-Rebuild/hgraph/nodes/63608271821e.md
M	MainProjects/Algebraic-Jacobian-Challenge-Rebuild/hgraph/nodes/636785702e0e.md
M	MainProjects/Algebraic-Jacobian-Challenge-Rebuild/hgraph/nodes/636cfca8cd7f.md
M	MainProjects/Algebraic-Jacobian-Challenge-Rebuild/hgraph/nodes/63744a33b3d8.md
M	MainProjects/Algebraic-Jacobian-Challenge-Rebuild/hgraph/nodes/6374d3eb8bac.md
M	MainProjects/Algebraic-Jacobian-Challenge-Rebuild/hgraph/nodes/63787a032540.md
M	MainProjects/Algebraic-Jacobian-Challenge-Rebuild/hgraph/nodes/638d02115750.md
M	MainProjects/Algebraic-Jacobian-Challenge-Rebuild/hgraph/nodes/63901533b272.md
M	MainProjects/Algebraic-Jacobian-Challenge-Rebuild/hgraph/nodes/6392289cc52c.md
M	MainProjects/Algebraic-Jacobian-Challenge-Rebuild/hgraph/nodes/639e89ff1a42.md
D	MainProjects/Algebraic-Jacobian-Challenge-Rebuild/hgraph/nodes/63afebc4aa9c.md
M	MainProjects/Algebraic-Jacobian-Challenge-Rebuild/hgraph/nodes/63c6844360d4.md
M	MainProjects/Algebraic-Jacobian-Challenge-Rebuild/hgraph/nodes/63cb14181a36.md
M	MainProjects/Algebraic-Jacobian-Challenge-Rebuild/hgraph/nodes/63d18fd0d511.md
M	MainProjects/Algebraic-Jacobian-Challenge-Rebuild/hgraph/nodes/63d40a0712f1.md
M	MainProjects/Algebraic-Jacobian-Challenge-Rebuild/hgraph/nodes/63dae8e03e4b.md
M	MainProjects/Algebraic-Jacobian-Challenge-Rebuild/hgraph/nodes/63e033666948.md
M	MainProjects/Algebraic-Jacobian-Challenge-Rebuild/hgraph/nodes/63e8f572c1af.md
D	MainProjects/Algebraic-Jacobian-Challenge-Rebuild/hgraph/nodes/63f94659d6e6.md
M	MainProjects/Algebraic-Jacobian-Challenge-Rebuild/hgraph/nodes/63fb30052937.md
M	MainProjects/Algebraic-Jacobian-Challenge-Rebuild/hgraph/nodes/63fdd5dab0c2.md
M	MainProjects/Algebraic-Jacobian-Challenge-Rebuild/hgraph/nodes/64015592e678.md
D	MainProjects/Algebraic-Jacobian-Challenge-Rebuild/hgraph/nodes/640538b83e6b.md
M	MainProjects/Algebraic-Jacobian-Challenge-Rebuild/hgraph/nodes/64086b1dcad6.md
M	MainProjects/Algebraic-Jacobian-Challenge-Rebuild/hgraph/nodes/640936d97dd7.md
M	MainProjects/Algebraic-Jacobian-Challenge-Rebuild/hgraph/nodes/6413642b7b2f.md
M	MainProjects/Algebraic-Jacobian-Challenge-Rebuild/hgraph/nodes/6416b95b3eca.md
M	MainProjects/Algebraic-Jacobian-Challenge-Rebuild/hgraph/nodes/64183fc66747.md
M	MainProjects/Algebraic-Jacobian-Challenge-Rebuild/hgraph/nodes/642aa50c0334.md
M	MainProjects/Algebraic-Jacobian-Challenge-Rebuild/hgraph/nodes/6432275bd77d.md
M	MainProjects/Algebraic-Jacobian-Challenge-Rebuild/hgraph/nodes/64598620c41a.md
M	MainProjects/Algebraic-Jacobian-Challenge-Rebuild/hgraph/nodes/6474411eb0b1.md
M	MainProjects/Algebraic-Jacobian-Challenge-Rebuild/hgraph/nodes/647b0e444171.md
M	MainProjects/Algebraic-Jacobian-Challenge-Rebuild/hgraph/nodes/647bc93b19fa.md
M	MainProjects/Algebraic-Jacobian-Challenge-Rebuild/hgraph/nodes/6482993677c1.md
M	MainProjects/Algebraic-Jacobian-Challenge-Rebuild/hgraph/nodes/648678c7b795.md
M	MainProjects/Algebraic-Jacobian-Challenge-Rebuild/hgraph/nodes/64882a0fc2d5.md
M	MainProjects/Algebraic-Jacobian-Challenge-Rebuild/hgraph/nodes/648a008f2fa8.md
M	MainProjects/Algebraic-Jacobian-Challenge-Rebuild/hgraph/nodes/648c08298b6e.md
M	MainProjects/Algebraic-Jacobian-Challenge-Rebuild/hgraph/nodes/649559219b90.md
M	MainProjects/Algebraic-Jacobian-Challenge-Rebuild/hgraph/nodes/64992409a5a5.md
M	MainProjects/Algebraic-Jacobian-Challenge-Rebuild/hgraph/nodes/649b7f387b39.md
M	MainProjects/Algebraic-Jacobian-Challenge-Rebuild/hgraph/nodes/649be996734f.md
M	MainProjects/Algebraic-Jacobian-Challenge-Rebuild/hgraph/nodes/649e567fabf3.md
M	MainProjects/Algebraic-Jacobian-Challenge-Rebuild/hgraph/nodes/64aa4c326adf.md
D	MainProjects/Algebraic-Jacobian-Challenge-Rebuild/hgraph/nodes/64af4d84f808.md
M	MainProjects/Algebraic-Jacobian-Challenge-Rebuild/hgraph/nodes/64b4c336b684.md
M	MainProjects/Algebraic-Jacobian-Challenge-Rebuild/hgraph/nodes/64c0dd00fd0f.md
D	MainProjects/Algebraic-Jacobian-Challenge-Rebuild/hgraph/nodes/64c6420f254b.md
M	MainProjects/Algebraic-Jacobian-Challenge-Rebuild/hgraph/nodes/64c95a53a05a.md
M	MainProjects/Algebraic-Jacobian-Challenge-Rebuild/hgraph/nodes/64d23dbfa432.md
M	MainProjects/Algebraic-Jacobian-Challenge-Rebuild/hgraph/nodes/64dd59f64041.md
M	MainProjects/Algebraic-Jacobian-Challenge-Rebuild/hgraph/nodes/65009ddffb2c.md
D	MainProjects/Algebraic-Jacobian-Challenge-Rebuild/hgraph/nodes/6511c52448d1.md
M	MainProjects/Algebraic-Jacobian-Challenge-Rebuild/hgraph/nodes/6517a8ee0221.md
M	MainProjects/Algebraic-Jacobian-Challenge-Rebuild/hgraph/nodes/651e0d1f0642.md
M	MainProjects/Algebraic-Jacobian-Challenge-Rebuild/hgraph/nodes/65219e5aaba5.md
M	MainProjects/Algebraic-Jacobian-Challenge-Rebuild/hgraph/nodes/65314a833514.md
M	MainProjects/Algebraic-Jacobian-Challenge-Rebuild/hgraph/nodes/6536a81f29be.md
M	MainProjects/Algebraic-Jacobian-Challenge-Rebuild/hgraph/nodes/6549f57edf0f.md
M	MainProjects/Algebraic-Jacobian-Challenge-Rebuild/hgraph/nodes/65614c6b37ae.md
M	MainProjects/Algebraic-Jacobian-Challenge-Rebuild/hgraph/nodes/656b98b4f889.md
M	MainProjects/Algebraic-Jacobian-Challenge-Rebuild/hgraph/nodes/65780328d947.md
M	MainProjects/Algebraic-Jacobian-Challenge-Rebuild/hgraph/nodes/657d811c6b1b.md
M	MainProjects/Algebraic-Jacobian-Challenge-Rebuild/hgraph/nodes/6583b9b2e97c.md
M	MainProjects/Algebraic-Jacobian-Challenge-Rebuild/hgraph/nodes/658cf7bd233b.md
M	MainProjects/Algebraic-Jacobian-Challenge-Rebuild/hgraph/nodes/65978a915627.md
M	MainProjects/Algebraic-Jacobian-Challenge-Rebuild/hgraph/nodes/65a314434f2b.md
M	MainProjects/Algebraic-Jacobian-Challenge-Rebuild/hgraph/nodes/65a401b238b5.md
M	MainProjects/Algebraic-Jacobian-Challenge-Rebuild/hgraph/nodes/65ae5f55abcc.md
M	MainProjects/Algebraic-Jacobian-Challenge-Rebuild/hgraph/nodes/65b4e517fdd3.md
M	MainProjects/Algebraic-Jacobian-Challenge-Rebuild/hgraph/nodes/65b619c21fea.md
M	MainProjects/Algebraic-Jacobian-Challenge-Rebuild/hgraph/nodes/65c3548664f9.md
M	MainProjects/Algebraic-Jacobian-Challenge-Rebuild/hgraph/nodes/65c746a35ef5.md
M	MainProjects/Algebraic-Jacobian-Challenge-Rebuild/hgraph/nodes/65c98214d394.md
M	MainProjects/Algebraic-Jacobian-Challenge-Rebuild/hgraph/nodes/65ce2fb1e61c.md
M	MainProjects/Algebraic-Jacobian-Challenge-Rebuild/hgraph/nodes/65e556a46e3d.md
M	MainProjects/Algebraic-Jacobian-Challenge-Rebuild/hgraph/nodes/65f1e62c7fc6.md
M	MainProjects/Algebraic-Jacobian-Challenge-Rebuild/hgraph/nodes/65f4ffc5f5f1.md
M	MainProjects/Algebraic-Jacobian-Challenge-Rebuild/hgraph/nodes/65f9bf733e0b.md
M	MainProjects/Algebraic-Jacobian-Challenge-Rebuild/hgraph/nodes/65fdb643d71a.md
M	MainProjects/Algebraic-Jacobian-Challenge-Rebuild/hgraph/nodes/661eefcdbbfc.md
M	MainProjects/Algebraic-Jacobian-Challenge-Rebuild/hgraph/nodes/661fae92c341.md
M	MainProjects/Algebraic-Jacobian-Challenge-Rebuild/hgraph/nodes/664265a038da.md
M	MainProjects/Algebraic-Jacobian-Challenge-Rebuild/hgraph/nodes/664c146046ce.md
M	MainProjects/Algebraic-Jacobian-Challenge-Rebuild/hgraph/nodes/66678d3a49f5.md
M	MainProjects/Algebraic-Jacobian-Challenge-Rebuild/hgraph/nodes/6680b3bd3ea4.md
M	MainProjects/Algebraic-Jacobian-Challenge-Rebuild/hgraph/nodes/6684facd1e5f.md
M	MainProjects/Algebraic-Jacobian-Challenge-Rebuild/hgraph/nodes/66964676fde5.md
M	MainProjects/Algebraic-Jacobian-Challenge-Rebuild/hgraph/nodes/66bf41b4df24.md
M	MainProjects/Algebraic-Jacobian-Challenge-Rebuild/hgraph/nodes/66cb9e39c7ac.md
M	MainProjects/Algebraic-Jacobian-Challenge-Rebuild/hgraph/nodes/66e9c00b9f5c.md
M	MainProjects/Algebraic-Jacobian-Challenge-Rebuild/hgraph/nodes/66f0fa71cafb.md
M	MainProjects/Algebraic-Jacobian-Challenge-Rebuild/hgraph/nodes/670478a197c5.md
M	MainProjects/Algebraic-Jacobian-Challenge-Rebuild/hgraph/nodes/6708ffc2a8bd.md
M	MainProjects/Algebraic-Jacobian-Challenge-Rebuild/hgraph/nodes/670d4b032209.md
M	MainProjects/Algebraic-Jacobian-Challenge-Rebuild/hgraph/nodes/6710c14435d0.md
M	MainProjects/Algebraic-Jacobian-Challenge-Rebuild/hgraph/nodes/6713bea06b96.md
M	MainProjects/Algebraic-Jacobian-Challenge-Rebuild/hgraph/nodes/67194886aee7.md
M	MainProjects/Algebraic-Jacobian-Challenge-Rebuild/hgraph/nodes/671ccda2bd6a.md
M	MainProjects/Algebraic-Jacobian-Challenge-Rebuild/hgraph/nodes/671d81acfb9b.md
M	MainProjects/Algebraic-Jacobian-Challenge-Rebuild/hgraph/nodes/6720f6bef5df.md
M	MainProjects/Algebraic-Jacobian-Challenge-Rebuild/hgraph/nodes/67245179032e.md
M	MainProjects/Algebraic-Jacobian-Challenge-Rebuild/hgraph/nodes/673310a713a0.md
M	MainProjects/Algebraic-Jacobian-Challenge-Rebuild/hgraph/nodes/6735a4060195.md
M	MainProjects/Algebraic-Jacobian-Challenge-Rebuild/hgraph/nodes/673611bb7719.md
M	MainProjects/Algebraic-Jacobian-Challenge-Rebuild/hgraph/nodes/67447abf8dbd.md
M	MainProjects/Algebraic-Jacobian-Challenge-Rebuild/hgraph/nodes/674ad88e89d4.md
M	MainProjects/Algebraic-Jacobian-Challenge-Rebuild/hgraph/nodes/6755bf6ab2a4.md
M	MainProjects/Algebraic-Jacobian-Challenge-Rebuild/hgraph/nodes/675910863611.md
M	MainProjects/Algebraic-Jacobian-Challenge-Rebuild/hgraph/nodes/675a11f4de89.md
M	MainProjects/Algebraic-Jacobian-Challenge-Rebuild/hgraph/nodes/67611590eb82.md
M	MainProjects/Algebraic-Jacobian-Challenge-Rebuild/hgraph/nodes/67674305e1a1.md
M	MainProjects/Algebraic-Jacobian-Challenge-Rebuild/hgraph/nodes/676968eb00f3.md
M	MainProjects/Algebraic-Jacobian-Challenge-Rebuild/hgraph/nodes/676973983b05.md
M	MainProjects/Algebraic-Jacobian-Challenge-Rebuild/hgraph/nodes/677d7e0b8ed0.md
M	MainProjects/Algebraic-Jacobian-Challenge-Rebuild/hgraph/nodes/67819984cd72.md
M	MainProjects/Algebraic-Jacobian-Challenge-Rebuild/hgraph/nodes/6784dc5dd386.md
M	MainProjects/Algebraic-Jacobian-Challenge-Rebuild/hgraph/nodes/67859cff4037.md
M	MainProjects/Algebraic-Jacobian-Challenge-Rebuild/hgraph/nodes/678881069c12.md
M	MainProjects/Algebraic-Jacobian-Challenge-Rebuild/hgraph/nodes/678a930e52af.md
M	MainProjects/Algebraic-Jacobian-Challenge-Rebuild/hgraph/nodes/67a377acafee.md
M	MainProjects/Algebraic-Jacobian-Challenge-Rebuild/hgraph/nodes/67ac2ff7c724.md
M	MainProjects/Algebraic-Jacobian-Challenge-Rebuild/hgraph/nodes/67ba32fac1e4.md
M	MainProjects/Algebraic-Jacobian-Challenge-Rebuild/hgraph/nodes/67e62b04e1ff.md
M	MainProjects/Algebraic-Jacobian-Challenge-Rebuild/hgraph/nodes/67e8c35ddd44.md
M	MainProjects/Algebraic-Jacobian-Challenge-Rebuild/hgraph/nodes/67fc9096131b.md
M	MainProjects/Algebraic-Jacobian-Challenge-Rebuild/hgraph/nodes/68090da05dfb.md
M	MainProjects/Algebraic-Jacobian-Challenge-Rebuild/hgraph/nodes/680a21e2f529.md
M	MainProjects/Algebraic-Jacobian-Challenge-Rebuild/hgraph/nodes/680a9bb63292.md
M	MainProjects/Algebraic-Jacobian-Challenge-Rebuild/hgraph/nodes/6810de0c97be.md
M	MainProjects/Algebraic-Jacobian-Challenge-Rebuild/hgraph/nodes/68356d4c7e4c.md
M	MainProjects/Algebraic-Jacobian-Challenge-Rebuild/hgraph/nodes/68382a1661dc.md
M	MainProjects/Algebraic-Jacobian-Challenge-Rebuild/hgraph/nodes/684c77bcf9af.md
M	MainProjects/Algebraic-Jacobian-Challenge-Rebuild/hgraph/nodes/684eb0f1a56b.md
M	MainProjects/Algebraic-Jacobian-Challenge-Rebuild/hgraph/nodes/68508acdc0a8.md
D	MainProjects/Algebraic-Jacobian-Challenge-Rebuild/hgraph/nodes/68546958d908.md
M	MainProjects/Algebraic-Jacobian-Challenge-Rebuild/hgraph/nodes/68814cc14e35.md
M	MainProjects/Algebraic-Jacobian-Challenge-Rebuild/hgraph/nodes/6886f89bb0a3.md
M	MainProjects/Algebraic-Jacobian-Challenge-Rebuild/hgraph/nodes/6889fdac4e8a.md
M	MainProjects/Algebraic-Jacobian-Challenge-Rebuild/hgraph/nodes/6892108b11cf.md
M	MainProjects/Algebraic-Jacobian-Challenge-Rebuild/hgraph/nodes/689657c5692a.md
D	MainProjects/Algebraic-Jacobian-Challenge-Rebuild/hgraph/nodes/68a156840343.md
M	MainProjects/Algebraic-Jacobian-Challenge-Rebuild/hgraph/nodes/68a1afd08c47.md
M	MainProjects/Algebraic-Jacobian-Challenge-Rebuild/hgraph/nodes/68a3ee20bdfe.md
M	MainProjects/Algebraic-Jacobian-Challenge-Rebuild/hgraph/nodes/68a7cb2e23bd.md
M	MainProjects/Algebraic-Jacobian-Challenge-Rebuild/hgraph/nodes/68bde256b49b.md
M	MainProjects/Algebraic-Jacobian-Challenge-Rebuild/hgraph/nodes/68c24ebffbf6.md
M	MainProjects/Algebraic-Jacobian-Challenge-Rebuild/hgraph/nodes/68d4c8f3c9d3.md
M	MainProjects/Algebraic-Jacobian-Challenge-Rebuild/hgraph/nodes/68d4d601de4b.md
M	MainProjects/Algebraic-Jacobian-Challenge-Rebuild/hgraph/nodes/68d7fdd201fd.md
M	MainProjects/Algebraic-Jacobian-Challenge-Rebuild/hgraph/nodes/68e127542aa8.md
M	MainProjects/Algebraic-Jacobian-Challenge-Rebuild/hgraph/nodes/68f864740478.md
M	MainProjects/Algebraic-Jacobian-Challenge-Rebuild/hgraph/nodes/68fb4b0b61e0.md
M	MainProjects/Algebraic-Jacobian-Challenge-Rebuild/hgraph/nodes/690276145767.md
M	MainProjects/Algebraic-Jacobian-Challenge-Rebuild/hgraph/nodes/69195ee939ec.md
M	MainProjects/Algebraic-Jacobian-Challenge-Rebuild/hgraph/nodes/692f54e71bea.md
M	MainProjects/Algebraic-Jacobian-Challenge-Rebuild/hgraph/nodes/69443a794871.md
M	MainProjects/Algebraic-Jacobian-Challenge-Rebuild/hgraph/nodes/694c0b309662.md
M	MainProjects/Algebraic-Jacobian-Challenge-Rebuild/hgraph/nodes/6950780ff6d9.md
M	MainProjects/Algebraic-Jacobian-Challenge-Rebuild/hgraph/nodes/69519c6cf638.md
M	MainProjects/Algebraic-Jacobian-Challenge-Rebuild/hgraph/nodes/695e0d6d71d6.md
M	MainProjects/Algebraic-Jacobian-Challenge-Rebuild/hgraph/nodes/695e3489d1b9.md
M	MainProjects/Algebraic-Jacobian-Challenge-Rebuild/hgraph/nodes/69781a723100.md
M	MainProjects/Algebraic-Jacobian-Challenge-Rebuild/hgraph/nodes/69799b02eaa5.md
M	MainProjects/Algebraic-Jacobian-Challenge-Rebuild/hgraph/nodes/6986c58ea646.md
M	MainProjects/Algebraic-Jacobian-Challenge-Rebuild/hgraph/nodes/6989df2e092f.md
M	MainProjects/Algebraic-Jacobian-Challenge-Rebuild/hgraph/nodes/6990b4261c7c.md
M	MainProjects/Algebraic-Jacobian-Challenge-Rebuild/hgraph/nodes/69930ec016eb.md
M	MainProjects/Algebraic-Jacobian-Challenge-Rebuild/hgraph/nodes/69a8e44c0b7c.md
M	MainProjects/Algebraic-Jacobian-Challenge-Rebuild/hgraph/nodes/69ba20e3b6b2.md
M	MainProjects/Algebraic-Jacobian-Challenge-Rebuild/hgraph/nodes/69bdc00a0ca5.md
M	MainProjects/Algebraic-Jacobian-Challenge-Rebuild/hgraph/nodes/69d020733acc.md
M	MainProjects/Algebraic-Jacobian-Challenge-Rebuild/hgraph/nodes/69e005430166.md
M	MainProjects/Algebraic-Jacobian-Challenge-Rebuild/hgraph/nodes/69e27e8e1617.md
M	MainProjects/Algebraic-Jacobian-Challenge-Rebuild/hgraph/nodes/69e6adcb3b01.md
M	MainProjects/Algebraic-Jacobian-Challenge-Rebuild/hgraph/nodes/69ef12f82b28.md
M	MainProjects/Algebraic-Jacobian-Challenge-Rebuild/hgraph/nodes/69f8224034bc.md
M	MainProjects/Algebraic-Jacobian-Challenge-Rebuild/hgraph/nodes/69fb8fea30f7.md
M	MainProjects/Algebraic-Jacobian-Challenge-Rebuild/hgraph/nodes/6a08fbca44bc.md
D	MainProjects/Algebraic-Jacobian-Challenge-Rebuild/hgraph/nodes/6a0dd8421360.md
M	MainProjects/Algebraic-Jacobian-Challenge-Rebuild/hgraph/nodes/6a0f9d750e49.md
M	MainProjects/Algebraic-Jacobian-Challenge-Rebuild/hgraph/nodes/6a113170cf02.md
M	MainProjects/Algebraic-Jacobian-Challenge-Rebuild/hgraph/nodes/6a1cede05685.md
M	MainProjects/Algebraic-Jacobian-Challenge-Rebuild/hgraph/nodes/6a224e993ba5.md
M	MainProjects/Algebraic-Jacobian-Challenge-Rebuild/hgraph/nodes/6a2c3376250c.md
M	MainProjects/Algebraic-Jacobian-Challenge-Rebuild/hgraph/nodes/6a335dedc6c5.md
M	MainProjects/Algebraic-Jacobian-Challenge-Rebuild/hgraph/nodes/6a3e973044f1.md
M	MainProjects/Algebraic-Jacobian-Challenge-Rebuild/hgraph/nodes/6a4038346811.md
M	MainProjects/Algebraic-Jacobian-Challenge-Rebuild/hgraph/nodes/6a4254e9c039.md
M	MainProjects/Algebraic-Jacobian-Challenge-Rebuild/hgraph/nodes/6a52db0deff0.md
M	MainProjects/Algebraic-Jacobian-Challenge-Rebuild/hgraph/nodes/6a6dc172c0b6.md
M	MainProjects/Algebraic-Jacobian-Challenge-Rebuild/hgraph/nodes/6a9146d52379.md
M	MainProjects/Algebraic-Jacobian-Challenge-Rebuild/hgraph/nodes/6a969303a4a3.md
M	MainProjects/Algebraic-Jacobian-Challenge-Rebuild/hgraph/nodes/6aa7f4451feb.md
M	MainProjects/Algebraic-Jacobian-Challenge-Rebuild/hgraph/nodes/6ab1bb99a7d5.md
M	MainProjects/Algebraic-Jacobian-Challenge-Rebuild/hgraph/nodes/6ab4280bedd1.md
M	MainProjects/Algebraic-Jacobian-Challenge-Rebuild/hgraph/nodes/6ab49ca9b040.md
M	MainProjects/Algebraic-Jacobian-Challenge-Rebuild/hgraph/nodes/6ac4614cfdcf.md
M	MainProjects/Algebraic-Jacobian-Challenge-Rebuild/hgraph/nodes/6ac82e1f59fb.md
M	MainProjects/Algebraic-Jacobian-Challenge-Rebuild/hgraph/nodes/6aceaf320980.md
M	MainProjects/Algebraic-Jacobian-Challenge-Rebuild/hgraph/nodes/6ad3032abbdc.md
M	MainProjects/Algebraic-Jacobian-Challenge-Rebuild/hgraph/nodes/6ada41d38fab.md
M	MainProjects/Algebraic-Jacobian-Challenge-Rebuild/hgraph/nodes/6aef5d1689ae.md
M	MainProjects/Algebraic-Jacobian-Challenge-Rebuild/hgraph/nodes/6b0718f7e858.md
M	MainProjects/Algebraic-Jacobian-Challenge-Rebuild/hgraph/nodes/6b360e90463e.md
M	MainProjects/Algebraic-Jacobian-Challenge-Rebuild/hgraph/nodes/6b5446290e98.md
M	MainProjects/Algebraic-Jacobian-Challenge-Rebuild/hgraph/nodes/6b5a631f09d6.md
M	MainProjects/Algebraic-Jacobian-Challenge-Rebuild/hgraph/nodes/6b6f3dbaec23.md
M	MainProjects/Algebraic-Jacobian-Challenge-Rebuild/hgraph/nodes/6b7ead5a6203.md
M	MainProjects/Algebraic-Jacobian-Challenge-Rebuild/hgraph/nodes/6b87328d1879.md
M	MainProjects/Algebraic-Jacobian-Challenge-Rebuild/hgraph/nodes/6ba65b6ed276.md
M	MainProjects/Algebraic-Jacobian-Challenge-Rebuild/hgraph/nodes/6ba6ffc03576.md
M	MainProjects/Algebraic-Jacobian-Challenge-Rebuild/hgraph/nodes/6bb8f9471c98.md
M	MainProjects/Algebraic-Jacobian-Challenge-Rebuild/hgraph/nodes/6bc7b0d3b7ba.md
M	MainProjects/Algebraic-Jacobian-Challenge-Rebuild/hgraph/nodes/6bcfa37fa0f2.md
M	MainProjects/Algebraic-Jacobian-Challenge-Rebuild/hgraph/nodes/6be8fffbe697.md
M	MainProjects/Algebraic-Jacobian-Challenge-Rebuild/hgraph/nodes/6beb6f5c0cdf.md
M	MainProjects/Algebraic-Jacobian-Challenge-Rebuild/hgraph/nodes/6bf3cc4741ad.md
D	MainProjects/Algebraic-Jacobian-Challenge-Rebuild/hgraph/nodes/6bf5ce505b1c.md
M	MainProjects/Algebraic-Jacobian-Challenge-Rebuild/hgraph/nodes/6c021b727050.md
M	MainProjects/Algebraic-Jacobian-Challenge-Rebuild/hgraph/nodes/6c0854388c7d.md
M	MainProjects/Algebraic-Jacobian-Challenge-Rebuild/hgraph/nodes/6c0b5c255ee7.md
M	MainProjects/Algebraic-Jacobian-Challenge-Rebuild/hgraph/nodes/6c107c159a87.md
M	MainProjects/Algebraic-Jacobian-Challenge-Rebuild/hgraph/nodes/6c14a6c900fe.md
M	MainProjects/Algebraic-Jacobian-Challenge-Rebuild/hgraph/nodes/6c1c86197061.md
M	MainProjects/Algebraic-Jacobian-Challenge-Rebuild/hgraph/nodes/6c2d08f18747.md
M	MainProjects/Algebraic-Jacobian-Challenge-Rebuild/hgraph/nodes/6c30e28a55ae.md
M	MainProjects/Algebraic-Jacobian-Challenge-Rebuild/hgraph/nodes/6c39d5da539e.md
M	MainProjects/Algebraic-Jacobian-Challenge-Rebuild/hgraph/nodes/6c455a9be5ab.md
M	MainProjects/Algebraic-Jacobian-Challenge-Rebuild/hgraph/nodes/6c490f8a439f.md
M	MainProjects/Algebraic-Jacobian-Challenge-Rebuild/hgraph/nodes/6c4f2182f2cc.md
M	MainProjects/Algebraic-Jacobian-Challenge-Rebuild/hgraph/nodes/6c50fe880e31.md
M	MainProjects/Algebraic-Jacobian-Challenge-Rebuild/hgraph/nodes/6c5c9dd78aa1.md
M	MainProjects/Algebraic-Jacobian-Challenge-Rebuild/hgraph/nodes/6c6e187f03fd.md
M	MainProjects/Algebraic-Jacobian-Challenge-Rebuild/hgraph/nodes/6c737cfa841f.md
M	MainProjects/Algebraic-Jacobian-Challenge-Rebuild/hgraph/nodes/6c78037f91dc.md
M	MainProjects/Algebraic-Jacobian-Challenge-Rebuild/hgraph/nodes/6c7f5e3d386b.md
M	MainProjects/Algebraic-Jacobian-Challenge-Rebuild/hgraph/nodes/6c80045d67c5.md
M	MainProjects/Algebraic-Jacobian-Challenge-Rebuild/hgraph/nodes/6c8de7878a0d.md
M	MainProjects/Algebraic-Jacobian-Challenge-Rebuild/hgraph/nodes/6ca83ea7fd45.md
M	MainProjects/Algebraic-Jacobian-Challenge-Rebuild/hgraph/nodes/6cabd43d8bd7.md
M	MainProjects/Algebraic-Jacobian-Challenge-Rebuild/hgraph/nodes/6caf8fcfbfb2.md
M	MainProjects/Algebraic-Jacobian-Challenge-Rebuild/hgraph/nodes/6cbe6386428b.md
M	MainProjects/Algebraic-Jacobian-Challenge-Rebuild/hgraph/nodes/6cc85c30e6a4.md
D	MainProjects/Algebraic-Jacobian-Challenge-Rebuild/hgraph/nodes/6cd3b16f5cfd.md
M	MainProjects/Algebraic-Jacobian-Challenge-Rebuild/hgraph/nodes/6cd862f340fc.md
M	MainProjects/Algebraic-Jacobian-Challenge-Rebuild/hgraph/nodes/6cd9f774c7b9.md
M	MainProjects/Algebraic-Jacobian-Challenge-Rebuild/hgraph/nodes/6cef0ae65ed6.md
M	MainProjects/Algebraic-Jacobian-Challenge-Rebuild/hgraph/nodes/6cf37eeaf385.md
M	MainProjects/Algebraic-Jacobian-Challenge-Rebuild/hgraph/nodes/6cfa5dc21f23.md
M	MainProjects/Algebraic-Jacobian-Challenge-Rebuild/hgraph/nodes/6d046b5fb7c9.md
M	MainProjects/Algebraic-Jacobian-Challenge-Rebuild/hgraph/nodes/6d13eae7489b.md
M	MainProjects/Algebraic-Jacobian-Challenge-Rebuild/hgraph/nodes/6d1768a9179e.md
M	MainProjects/Algebraic-Jacobian-Challenge-Rebuild/hgraph/nodes/6d185e26e054.md
M	MainProjects/Algebraic-Jacobian-Challenge-Rebuild/hgraph/nodes/6d4208cd6626.md
M	MainProjects/Algebraic-Jacobian-Challenge-Rebuild/hgraph/nodes/6d682c7eb785.md
M	MainProjects/Algebraic-Jacobian-Challenge-Rebuild/hgraph/nodes/6d6ba9f4bf15.md
M	MainProjects/Algebraic-Jacobian-Challenge-Rebuild/hgraph/nodes/6d7662f9e5c9.md
M	MainProjects/Algebraic-Jacobian-Challenge-Rebuild/hgraph/nodes/6d7acbcb3716.md
M	MainProjects/Algebraic-Jacobian-Challenge-Rebuild/hgraph/nodes/6d87c6ebbc51.md
M	MainProjects/Algebraic-Jacobian-Challenge-Rebuild/hgraph/nodes/6d8a2b9d5ff7.md
M	MainProjects/Algebraic-Jacobian-Challenge-Rebuild/hgraph/nodes/6d8a74f7240d.md
M	MainProjects/Algebraic-Jacobian-Challenge-Rebuild/hgraph/nodes/6d8c54faab7c.md
M	MainProjects/Algebraic-Jacobian-Challenge-Rebuild/hgraph/nodes/6da358678af8.md
M	MainProjects/Algebraic-Jacobian-Challenge-Rebuild/hgraph/nodes/6da6bd58bfe9.md
M	MainProjects/Algebraic-Jacobian-Challenge-Rebuild/hgraph/nodes/6da8b720ce6b.md
M	MainProjects/Algebraic-Jacobian-Challenge-Rebuild/hgraph/nodes/6dacfe8de885.md
M	MainProjects/Algebraic-Jacobian-Challenge-Rebuild/hgraph/nodes/6daec2426be0.md
M	MainProjects/Algebraic-Jacobian-Challenge-Rebuild/hgraph/nodes/6dbe002a7cd3.md
M	MainProjects/Algebraic-Jacobian-Challenge-Rebuild/hgraph/nodes/6dbf49b91182.md
M	MainProjects/Algebraic-Jacobian-Challenge-Rebuild/hgraph/nodes/6dc5a213634c.md
M	MainProjects/Algebraic-Jacobian-Challenge-Rebuild/hgraph/nodes/6dc9d73a0c8a.md
M	MainProjects/Algebraic-Jacobian-Challenge-Rebuild/hgraph/nodes/6dd087d6b1aa.md
M	MainProjects/Algebraic-Jacobian-Challenge-Rebuild/hgraph/nodes/6dd2622c6ac2.md
M	MainProjects/Algebraic-Jacobian-Challenge-Rebuild/hgraph/nodes/6de233670758.md
M	MainProjects/Algebraic-Jacobian-Challenge-Rebuild/hgraph/nodes/6de35f9e1e91.md
M	MainProjects/Algebraic-Jacobian-Challenge-Rebuild/hgraph/nodes/6de4b483927a.md
M	MainProjects/Algebraic-Jacobian-Challenge-Rebuild/hgraph/nodes/6de80050964d.md
M	MainProjects/Algebraic-Jacobian-Challenge-Rebuild/hgraph/nodes/6debe7cdb16f.md
M	MainProjects/Algebraic-Jacobian-Challenge-Rebuild/hgraph/nodes/6dee68217761.md
M	MainProjects/Algebraic-Jacobian-Challenge-Rebuild/hgraph/nodes/6df0840c0b1f.md
M	MainProjects/Algebraic-Jacobian-Challenge-Rebuild/hgraph/nodes/6e0c1584cb26.md
M	MainProjects/Algebraic-Jacobian-Challenge-Rebuild/hgraph/nodes/6e1bd36f6ddc.md
M	MainProjects/Algebraic-Jacobian-Challenge-Rebuild/hgraph/nodes/6e1e3531198b.md
M	MainProjects/Algebraic-Jacobian-Challenge-Rebuild/hgraph/nodes/6e25cac4aab6.md
M	MainProjects/Algebraic-Jacobian-Challenge-Rebuild/hgraph/nodes/6e29c2d2b9bc.md
M	MainProjects/Algebraic-Jacobian-Challenge-Rebuild/hgraph/nodes/6e2ab84677ff.md
M	MainProjects/Algebraic-Jacobian-Challenge-Rebuild/hgraph/nodes/6e4edb3df479.md
M	MainProjects/Algebraic-Jacobian-Challenge-Rebuild/hgraph/nodes/6e4f60569ec7.md
M	MainProjects/Algebraic-Jacobian-Challenge-Rebuild/hgraph/nodes/6e5b9f6c0050.md
M	MainProjects/Algebraic-Jacobian-Challenge-Rebuild/hgraph/nodes/6e6977fc36f5.md
M	MainProjects/Algebraic-Jacobian-Challenge-Rebuild/hgraph/nodes/6e69a530e0f0.md
M	MainProjects/Algebraic-Jacobian-Challenge-Rebuild/hgraph/nodes/6e7d48a5e47e.md
M	MainProjects/Algebraic-Jacobian-Challenge-Rebuild/hgraph/nodes/6e8cd6b007c3.md
M	MainProjects/Algebraic-Jacobian-Challenge-Rebuild/hgraph/nodes/6ea4d62ce2b0.md
M	MainProjects/Algebraic-Jacobian-Challenge-Rebuild/hgraph/nodes/6ea6b1836645.md
M	MainProjects/Algebraic-Jacobian-Challenge-Rebuild/hgraph/nodes/6ea9787c126e.md
M	MainProjects/Algebraic-Jacobian-Challenge-Rebuild/hgraph/nodes/6ea9c00450c1.md
M	MainProjects/Algebraic-Jacobian-Challenge-Rebuild/hgraph/nodes/6eaccf205edf.md
M	MainProjects/Algebraic-Jacobian-Challenge-Rebuild/hgraph/nodes/6eb041f7c851.md
M	MainProjects/Algebraic-Jacobian-Challenge-Rebuild/hgraph/nodes/6ec51e8b2e52.md
M	MainProjects/Algebraic-Jacobian-Challenge-Rebuild/hgraph/nodes/6edf03c29de4.md
M	MainProjects/Algebraic-Jacobian-Challenge-Rebuild/hgraph/nodes/6eeb88339912.md
M	MainProjects/Algebraic-Jacobian-Challenge-Rebuild/hgraph/nodes/6eee4911e4be.md
M	MainProjects/Algebraic-Jacobian-Challenge-Rebuild/hgraph/nodes/6ef913c5c1b2.md
M	MainProjects/Algebraic-Jacobian-Challenge-Rebuild/hgraph/nodes/6f0f2378066b.md
M	MainProjects/Algebraic-Jacobian-Challenge-Rebuild/hgraph/nodes/6f162db948c8.md
M	MainProjects/Algebraic-Jacobian-Challenge-Rebuild/hgraph/nodes/6f166807d4bf.md
M	MainProjects/Algebraic-Jacobian-Challenge-Rebuild/hgraph/nodes/6f1faebf24b0.md
M	MainProjects/Algebraic-Jacobian-Challenge-Rebuild/hgraph/nodes/6f3a361ce2a3.md
M	MainProjects/Algebraic-Jacobian-Challenge-Rebuild/hgraph/nodes/6f3b2ae19610.md
M	MainProjects/Algebraic-Jacobian-Challenge-Rebuild/hgraph/nodes/6f405fb41fca.md
M	MainProjects/Algebraic-Jacobian-Challenge-Rebuild/hgraph/nodes/6f5445698757.md
D	MainProjects/Algebraic-Jacobian-Challenge-Rebuild/hgraph/nodes/6f61b4141def.md
M	MainProjects/Algebraic-Jacobian-Challenge-Rebuild/hgraph/nodes/6f7568ef6007.md
M	MainProjects/Algebraic-Jacobian-Challenge-Rebuild/hgraph/nodes/6f789f532573.md
M	MainProjects/Algebraic-Jacobian-Challenge-Rebuild/hgraph/nodes/6f79e080eeb8.md
M	MainProjects/Algebraic-Jacobian-Challenge-Rebuild/hgraph/nodes/6f7c0228a39f.md
M	MainProjects/Algebraic-Jacobian-Challenge-Rebuild/hgraph/nodes/6f8206d9d74b.md
M	MainProjects/Algebraic-Jacobian-Challenge-Rebuild/hgraph/nodes/6f87a18749c5.md
M	MainProjects/Algebraic-Jacobian-Challenge-Rebuild/hgraph/nodes/6f885b432745.md
M	MainProjects/Algebraic-Jacobian-Challenge-Rebuild/hgraph/nodes/6f8eb13b25c6.md
M	MainProjects/Algebraic-Jacobian-Challenge-Rebuild/hgraph/nodes/6f8fdfa4383d.md
D	MainProjects/Algebraic-Jacobian-Challenge-Rebuild/hgraph/nodes/6f92757b12e3.md
M	MainProjects/Algebraic-Jacobian-Challenge-Rebuild/hgraph/nodes/6f97526363dc.md
M	MainProjects/Algebraic-Jacobian-Challenge-Rebuild/hgraph/nodes/6f9b53711325.md
M	MainProjects/Algebraic-Jacobian-Challenge-Rebuild/hgraph/nodes/6fa099353869.md
M	MainProjects/Algebraic-Jacobian-Challenge-Rebuild/hgraph/nodes/6fa3b47fab25.md
M	MainProjects/Algebraic-Jacobian-Challenge-Rebuild/hgraph/nodes/6fbf6431d92e.md
M	MainProjects/Algebraic-Jacobian-Challenge-Rebuild/hgraph/nodes/6fc976ae60a7.md
M	MainProjects/Algebraic-Jacobian-Challenge-Rebuild/hgraph/nodes/6fca2d9581af.md
M	MainProjects/Algebraic-Jacobian-Challenge-Rebuild/hgraph/nodes/6fcab71466ac.md
M	MainProjects/Algebraic-Jacobian-Challenge-Rebuild/hgraph/nodes/6fd2d11debeb.md
M	MainProjects/Algebraic-Jacobian-Challenge-Rebuild/hgraph/nodes/6fdbf7fcaf24.md
M	MainProjects/Algebraic-Jacobian-Challenge-Rebuild/hgraph/nodes/6fe5df7caf57.md
M	MainProjects/Algebraic-Jacobian-Challenge-Rebuild/hgraph/nodes/6fed2d654627.md
M	MainProjects/Algebraic-Jacobian-Challenge-Rebuild/hgraph/nodes/6ff66d7dbcbd.md
M	MainProjects/Algebraic-Jacobian-Challenge-Rebuild/hgraph/nodes/7010094e1ecd.md
M	MainProjects/Algebraic-Jacobian-Challenge-Rebuild/hgraph/nodes/7011d91ea316.md
M	MainProjects/Algebraic-Jacobian-Challenge-Rebuild/hgraph/nodes/70241dcd89ca.md
M	MainProjects/Algebraic-Jacobian-Challenge-Rebuild/hgraph/nodes/702b20876319.md
M	MainProjects/Algebraic-Jacobian-Challenge-Rebuild/hgraph/nodes/702ff3535f26.md
M	MainProjects/Algebraic-Jacobian-Challenge-Rebuild/hgraph/nodes/7039e6fdbebd.md
M	MainProjects/Algebraic-Jacobian-Challenge-Rebuild/hgraph/nodes/703b816ad4d7.md
M	MainProjects/Algebraic-Jacobian-Challenge-Rebuild/hgraph/nodes/70442c443a5b.md
M	MainProjects/Algebraic-Jacobian-Challenge-Rebuild/hgraph/nodes/704aad1c6f04.md
M	MainProjects/Algebraic-Jacobian-Challenge-Rebuild/hgraph/nodes/7055b0a1ba8f.md
M	MainProjects/Algebraic-Jacobian-Challenge-Rebuild/hgraph/nodes/705a743ad334.md
M	MainProjects/Algebraic-Jacobian-Challenge-Rebuild/hgraph/nodes/705b51d30ef6.md
M	MainProjects/Algebraic-Jacobian-Challenge-Rebuild/hgraph/nodes/706dbde42dec.md
M	MainProjects/Algebraic-Jacobian-Challenge-Rebuild/hgraph/nodes/706dcc0d42a6.md
M	MainProjects/Algebraic-Jacobian-Challenge-Rebuild/hgraph/nodes/706f20e33b41.md
M	MainProjects/Algebraic-Jacobian-Challenge-Rebuild/hgraph/nodes/7071f1fd7c56.md
M	MainProjects/Algebraic-Jacobian-Challenge-Rebuild/hgraph/nodes/70799d44bfd9.md
M	MainProjects/Algebraic-Jacobian-Challenge-Rebuild/hgraph/nodes/707e5b9944af.md
M	MainProjects/Algebraic-Jacobian-Challenge-Rebuild/hgraph/nodes/7088ca0f3255.md
M	MainProjects/Algebraic-Jacobian-Challenge-Rebuild/hgraph/nodes/708c65dbb325.md
M	MainProjects/Algebraic-Jacobian-Challenge-Rebuild/hgraph/nodes/70908e923329.md
M	MainProjects/Algebraic-Jacobian-Challenge-Rebuild/hgraph/nodes/70913f62f40f.md
M	MainProjects/Algebraic-Jacobian-Challenge-Rebuild/hgraph/nodes/709951bf0663.md
M	MainProjects/Algebraic-Jacobian-Challenge-Rebuild/hgraph/nodes/709b58034389.md
M	MainProjects/Algebraic-Jacobian-Challenge-Rebuild/hgraph/nodes/709bf9a58b87.md
M	MainProjects/Algebraic-Jacobian-Challenge-Rebuild/hgraph/nodes/709fe59960b7.md
M	MainProjects/Algebraic-Jacobian-Challenge-Rebuild/hgraph/nodes/70a3506d6d77.md
M	MainProjects/Algebraic-Jacobian-Challenge-Rebuild/hgraph/nodes/70aa8315cdfa.md
M	MainProjects/Algebraic-Jacobian-Challenge-Rebuild/hgraph/nodes/70b2f8922512.md
M	MainProjects/Algebraic-Jacobian-Challenge-Rebuild/hgraph/nodes/70b4f79c2259.md
M	MainProjects/Algebraic-Jacobian-Challenge-Rebuild/hgraph/nodes/70c2239b62c2.md
M	MainProjects/Algebraic-Jacobian-Challenge-Rebuild/hgraph/nodes/70c34fb18106.md
M	MainProjects/Algebraic-Jacobian-Challenge-Rebuild/hgraph/nodes/70c774c725dd.md
M	MainProjects/Algebraic-Jacobian-Challenge-Rebuild/hgraph/nodes/70c9bb259203.md
M	MainProjects/Algebraic-Jacobian-Challenge-Rebuild/hgraph/nodes/70cae7d099ef.md
M	MainProjects/Algebraic-Jacobian-Challenge-Rebuild/hgraph/nodes/70dba697561b.md
M	MainProjects/Algebraic-Jacobian-Challenge-Rebuild/hgraph/nodes/70df5923d6ed.md
M	MainProjects/Algebraic-Jacobian-Challenge-Rebuild/hgraph/nodes/70e24eef5f0b.md
M	MainProjects/Algebraic-Jacobian-Challenge-Rebuild/hgraph/nodes/70ea239388aa.md
M	MainProjects/Algebraic-Jacobian-Challenge-Rebuild/hgraph/nodes/70f2a81a45c0.md
M	MainProjects/Algebraic-Jacobian-Challenge-Rebuild/hgraph/nodes/70f70bbd847e.md
D	MainProjects/Algebraic-Jacobian-Challenge-Rebuild/hgraph/nodes/70f7d3ab5b4a.md
M	MainProjects/Algebraic-Jacobian-Challenge-Rebuild/hgraph/nodes/70f89db8836e.md
D	MainProjects/Algebraic-Jacobian-Challenge-Rebuild/hgraph/nodes/70f9c902e07c.md
M	MainProjects/Algebraic-Jacobian-Challenge-Rebuild/hgraph/nodes/710069f339af.md
M	MainProjects/Algebraic-Jacobian-Challenge-Rebuild/hgraph/nodes/710e01c1194a.md
M	MainProjects/Algebraic-Jacobian-Challenge-Rebuild/hgraph/nodes/7110e8252aee.md
M	MainProjects/Algebraic-Jacobian-Challenge-Rebuild/hgraph/nodes/71176253b8d6.md
M	MainProjects/Algebraic-Jacobian-Challenge-Rebuild/hgraph/nodes/7119982da230.md
M	MainProjects/Algebraic-Jacobian-Challenge-Rebuild/hgraph/nodes/713568cac47f.md
M	MainProjects/Algebraic-Jacobian-Challenge-Rebuild/hgraph/nodes/713ee831b46d.md
M	MainProjects/Algebraic-Jacobian-Challenge-Rebuild/hgraph/nodes/71436e3c0388.md
M	MainProjects/Algebraic-Jacobian-Challenge-Rebuild/hgraph/nodes/7151f6ec7dc0.md
M	MainProjects/Algebraic-Jacobian-Challenge-Rebuild/hgraph/nodes/715a3966b08b.md
M	MainProjects/Algebraic-Jacobian-Challenge-Rebuild/hgraph/nodes/715ac168a4fd.md
M	MainProjects/Algebraic-Jacobian-Challenge-Rebuild/hgraph/nodes/715b433ad3f9.md
M	MainProjects/Algebraic-Jacobian-Challenge-Rebuild/hgraph/nodes/715bcfbda7b0.md
M	MainProjects/Algebraic-Jacobian-Challenge-Rebuild/hgraph/nodes/7167ae9358b5.md
M	MainProjects/Algebraic-Jacobian-Challenge-Rebuild/hgraph/nodes/7171d15343ac.md
M	MainProjects/Algebraic-Jacobian-Challenge-Rebuild/hgraph/nodes/7172a9b7776a.md
M	MainProjects/Algebraic-Jacobian-Challenge-Rebuild/hgraph/nodes/71732f5008e1.md
M	MainProjects/Algebraic-Jacobian-Challenge-Rebuild/hgraph/nodes/718363f06ee2.md
M	MainProjects/Algebraic-Jacobian-Challenge-Rebuild/hgraph/nodes/71906fc798e9.md
M	MainProjects/Algebraic-Jacobian-Challenge-Rebuild/hgraph/nodes/719f545d79bd.md
M	MainProjects/Algebraic-Jacobian-Challenge-Rebuild/hgraph/nodes/71b3a20002d0.md
M	MainProjects/Algebraic-Jacobian-Challenge-Rebuild/hgraph/nodes/71b4a4437872.md
M	MainProjects/Algebraic-Jacobian-Challenge-Rebuild/hgraph/nodes/71d359e64e5d.md
M	MainProjects/Algebraic-Jacobian-Challenge-Rebuild/hgraph/nodes/71d980cd19ae.md
M	MainProjects/Algebraic-Jacobian-Challenge-Rebuild/hgraph/nodes/71de79dc50d4.md
M	MainProjects/Algebraic-Jacobian-Challenge-Rebuild/hgraph/nodes/71ef59c58745.md
M	MainProjects/Algebraic-Jacobian-Challenge-Rebuild/hgraph/nodes/71f0634e4661.md
M	MainProjects/Algebraic-Jacobian-Challenge-Rebuild/hgraph/nodes/71f60425df14.md
M	MainProjects/Algebraic-Jacobian-Challenge-Rebuild/hgraph/nodes/71fa271209b7.md
M	MainProjects/Algebraic-Jacobian-Challenge-Rebuild/hgraph/nodes/71fd51541db2.md
M	MainProjects/Algebraic-Jacobian-Challenge-Rebuild/hgraph/nodes/7201c8ecb3f8.md
M	MainProjects/Algebraic-Jacobian-Challenge-Rebuild/hgraph/nodes/720eeb001922.md
M	MainProjects/Algebraic-Jacobian-Challenge-Rebuild/hgraph/nodes/721726c2a924.md
M	MainProjects/Algebraic-Jacobian-Challenge-Rebuild/hgraph/nodes/723a26892fc5.md
M	MainProjects/Algebraic-Jacobian-Challenge-Rebuild/hgraph/nodes/723b5a666140.md
M	MainProjects/Algebraic-Jacobian-Challenge-Rebuild/hgraph/nodes/724db55c1ca2.md
M	MainProjects/Algebraic-Jacobian-Challenge-Rebuild/hgraph/nodes/725a87f01b8d.md
M	MainProjects/Algebraic-Jacobian-Challenge-Rebuild/hgraph/nodes/7266cbd6cb63.md
M	MainProjects/Algebraic-Jacobian-Challenge-Rebuild/hgraph/nodes/726ec831ab13.md
M	MainProjects/Algebraic-Jacobian-Challenge-Rebuild/hgraph/nodes/727c7181df63.md
M	MainProjects/Algebraic-Jacobian-Challenge-Rebuild/hgraph/nodes/7288c6897d06.md
M	MainProjects/Algebraic-Jacobian-Challenge-Rebuild/hgraph/nodes/72a91e9a36b8.md
M	MainProjects/Algebraic-Jacobian-Challenge-Rebuild/hgraph/nodes/72af5a39f062.md
M	MainProjects/Algebraic-Jacobian-Challenge-Rebuild/hgraph/nodes/72b15fc1f6de.md
M	MainProjects/Algebraic-Jacobian-Challenge-Rebuild/hgraph/nodes/72b9a892f91f.md
M	MainProjects/Algebraic-Jacobian-Challenge-Rebuild/hgraph/nodes/72c2185a4586.md
M	MainProjects/Algebraic-Jacobian-Challenge-Rebuild/hgraph/nodes/72d18421ddc0.md
M	MainProjects/Algebraic-Jacobian-Challenge-Rebuild/hgraph/nodes/72d634d5879c.md
M	MainProjects/Algebraic-Jacobian-Challenge-Rebuild/hgraph/nodes/72ef8cd72351.md
M	MainProjects/Algebraic-Jacobian-Challenge-Rebuild/hgraph/nodes/72f15b2c643e.md
M	MainProjects/Algebraic-Jacobian-Challenge-Rebuild/hgraph/nodes/72f219d76f94.md
M	MainProjects/Algebraic-Jacobian-Challenge-Rebuild/hgraph/nodes/72fa230b50fa.md
M	MainProjects/Algebraic-Jacobian-Challenge-Rebuild/hgraph/nodes/72fdd73453fd.md
M	MainProjects/Algebraic-Jacobian-Challenge-Rebuild/hgraph/nodes/7308ac231f80.md
M	MainProjects/Algebraic-Jacobian-Challenge-Rebuild/hgraph/nodes/73097c8da697.md
M	MainProjects/Algebraic-Jacobian-Challenge-Rebuild/hgraph/nodes/730d1a8124a3.md
M	MainProjects/Algebraic-Jacobian-Challenge-Rebuild/hgraph/nodes/7313c06d909c.md
M	MainProjects/Algebraic-Jacobian-Challenge-Rebuild/hgraph/nodes/73415146d5bc.md
M	MainProjects/Algebraic-Jacobian-Challenge-Rebuild/hgraph/nodes/73473fe69e78.md
M	MainProjects/Algebraic-Jacobian-Challenge-Rebuild/hgraph/nodes/734c1c291cd9.md
M	MainProjects/Algebraic-Jacobian-Challenge-Rebuild/hgraph/nodes/73516cededcb.md
M	MainProjects/Algebraic-Jacobian-Challenge-Rebuild/hgraph/nodes/735daa2bcc88.md
M	MainProjects/Algebraic-Jacobian-Challenge-Rebuild/hgraph/nodes/7363f1bc51a3.md
M	MainProjects/Algebraic-Jacobian-Challenge-Rebuild/hgraph/nodes/7364ef31a1aa.md
M	MainProjects/Algebraic-Jacobian-Challenge-Rebuild/hgraph/nodes/7366b768455c.md
M	MainProjects/Algebraic-Jacobian-Challenge-Rebuild/hgraph/nodes/738350eb3b45.md
D	MainProjects/Algebraic-Jacobian-Challenge-Rebuild/hgraph/nodes/738619293bc0.md
M	MainProjects/Algebraic-Jacobian-Challenge-Rebuild/hgraph/nodes/738b3b9b05ff.md
M	MainProjects/Algebraic-Jacobian-Challenge-Rebuild/hgraph/nodes/738d30a25e1d.md
M	MainProjects/Algebraic-Jacobian-Challenge-Rebuild/hgraph/nodes/738f6a0acc11.md
M	MainProjects/Algebraic-Jacobian-Challenge-Rebuild/hgraph/nodes/739135bba440.md
M	MainProjects/Algebraic-Jacobian-Challenge-Rebuild/hgraph/nodes/73a86ebbc774.md
M	MainProjects/Algebraic-Jacobian-Challenge-Rebuild/hgraph/nodes/73ad9f8b554f.md
M	MainProjects/Algebraic-Jacobian-Challenge-Rebuild/hgraph/nodes/73b5ec48a2f4.md
M	MainProjects/Algebraic-Jacobian-Challenge-Rebuild/hgraph/nodes/73be71762f88.md
M	MainProjects/Algebraic-Jacobian-Challenge-Rebuild/hgraph/nodes/73c0333a854e.md
M	MainProjects/Algebraic-Jacobian-Challenge-Rebuild/hgraph/nodes/73c0b188b796.md
M	MainProjects/Algebraic-Jacobian-Challenge-Rebuild/hgraph/nodes/73c5672b7d66.md
M	MainProjects/Algebraic-Jacobian-Challenge-Rebuild/hgraph/nodes/73c7fec0b30b.md
M	MainProjects/Algebraic-Jacobian-Challenge-Rebuild/hgraph/nodes/73e258480b8f.md
M	MainProjects/Algebraic-Jacobian-Challenge-Rebuild/hgraph/nodes/73eb642be437.md
M	MainProjects/Algebraic-Jacobian-Challenge-Rebuild/hgraph/nodes/73f1401a37a7.md
M	MainProjects/Algebraic-Jacobian-Challenge-Rebuild/hgraph/nodes/73f4cfb1b624.md
M	MainProjects/Algebraic-Jacobian-Challenge-Rebuild/hgraph/nodes/73fc8129292d.md
M	MainProjects/Algebraic-Jacobian-Challenge-Rebuild/hgraph/nodes/740322644fcd.md
M	MainProjects/Algebraic-Jacobian-Challenge-Rebuild/hgraph/nodes/7409dd42bac0.md
M	MainProjects/Algebraic-Jacobian-Challenge-Rebuild/hgraph/nodes/7412025a449a.md
M	MainProjects/Algebraic-Jacobian-Challenge-Rebuild/hgraph/nodes/7415ab9da261.md
M	MainProjects/Algebraic-Jacobian-Challenge-Rebuild/hgraph/nodes/7415eea25438.md
M	MainProjects/Algebraic-Jacobian-Challenge-Rebuild/hgraph/nodes/74164a826444.md
M	MainProjects/Algebraic-Jacobian-Challenge-Rebuild/hgraph/nodes/741d75d4a312.md
M	MainProjects/Algebraic-Jacobian-Challenge-Rebuild/hgraph/nodes/7422b4292885.md
M	MainProjects/Algebraic-Jacobian-Challenge-Rebuild/hgraph/nodes/7428e6f3eb5f.md
M	MainProjects/Algebraic-Jacobian-Challenge-Rebuild/hgraph/nodes/7431c62aec92.md
M	MainProjects/Algebraic-Jacobian-Challenge-Rebuild/hgraph/nodes/744acbc68197.md
M	MainProjects/Algebraic-Jacobian-Challenge-Rebuild/hgraph/nodes/7453de53fe9f.md
M	MainProjects/Algebraic-Jacobian-Challenge-Rebuild/hgraph/nodes/74555107fe3d.md
M	MainProjects/Algebraic-Jacobian-Challenge-Rebuild/hgraph/nodes/74568875ebc8.md
M	MainProjects/Algebraic-Jacobian-Challenge-Rebuild/hgraph/nodes/745946557dd0.md
M	MainProjects/Algebraic-Jacobian-Challenge-Rebuild/hgraph/nodes/745d32898d3b.md
M	MainProjects/Algebraic-Jacobian-Challenge-Rebuild/hgraph/nodes/745db9ea2f27.md
M	MainProjects/Algebraic-Jacobian-Challenge-Rebuild/hgraph/nodes/7464a56f0a5f.md
M	MainProjects/Algebraic-Jacobian-Challenge-Rebuild/hgraph/nodes/74653dd1308d.md
M	MainProjects/Algebraic-Jacobian-Challenge-Rebuild/hgraph/nodes/746d7320e391.md
M	MainProjects/Algebraic-Jacobian-Challenge-Rebuild/hgraph/nodes/74729ab2f7b8.md
M	MainProjects/Algebraic-Jacobian-Challenge-Rebuild/hgraph/nodes/748ec608a6e8.md
M	MainProjects/Algebraic-Jacobian-Challenge-Rebuild/hgraph/nodes/749186f81161.md
M	MainProjects/Algebraic-Jacobian-Challenge-Rebuild/hgraph/nodes/749535e7bc64.md
M	MainProjects/Algebraic-Jacobian-Challenge-Rebuild/hgraph/nodes/749ef61db6d2.md
M	MainProjects/Algebraic-Jacobian-Challenge-Rebuild/hgraph/nodes/749f0ffbd464.md
M	MainProjects/Algebraic-Jacobian-Challenge-Rebuild/hgraph/nodes/74a159711127.md
M	MainProjects/Algebraic-Jacobian-Challenge-Rebuild/hgraph/nodes/74a4844d2079.md
M	MainProjects/Algebraic-Jacobian-Challenge-Rebuild/hgraph/nodes/74a8607a09cb.md
M	MainProjects/Algebraic-Jacobian-Challenge-Rebuild/hgraph/nodes/74bc52458238.md
M	MainProjects/Algebraic-Jacobian-Challenge-Rebuild/hgraph/nodes/74c9f6393e2c.md
M	MainProjects/Algebraic-Jacobian-Challenge-Rebuild/hgraph/nodes/74cb0d3fe913.md
M	MainProjects/Algebraic-Jacobian-Challenge-Rebuild/hgraph/nodes/74cef37aad80.md
M	MainProjects/Algebraic-Jacobian-Challenge-Rebuild/hgraph/nodes/74d41cc54243.md
D	MainProjects/Algebraic-Jacobian-Challenge-Rebuild/hgraph/nodes/74dcf7ebe082.md
M	MainProjects/Algebraic-Jacobian-Challenge-Rebuild/hgraph/nodes/74f01a4f63d2.md
D	MainProjects/Algebraic-Jacobian-Challenge-Rebuild/hgraph/nodes/74ffb8697e4d.md
M	MainProjects/Algebraic-Jacobian-Challenge-Rebuild/hgraph/nodes/750224c68190.md
M	MainProjects/Algebraic-Jacobian-Challenge-Rebuild/hgraph/nodes/750245f7d9cf.md
M	MainProjects/Algebraic-Jacobian-Challenge-Rebuild/hgraph/nodes/7505eefa3d5e.md
M	MainProjects/Algebraic-Jacobian-Challenge-Rebuild/hgraph/nodes/750a95756965.md
M	MainProjects/Algebraic-Jacobian-Challenge-Rebuild/hgraph/nodes/7515b26388be.md
M	MainProjects/Algebraic-Jacobian-Challenge-Rebuild/hgraph/nodes/7518810c746e.md
M	MainProjects/Algebraic-Jacobian-Challenge-Rebuild/hgraph/nodes/7523f73169b1.md
M	MainProjects/Algebraic-Jacobian-Challenge-Rebuild/hgraph/nodes/752d2370a895.md
M	MainProjects/Algebraic-Jacobian-Challenge-Rebuild/hgraph/nodes/7540632f1fae.md
M	MainProjects/Algebraic-Jacobian-Challenge-Rebuild/hgraph/nodes/756711ad4b2e.md
M	MainProjects/Algebraic-Jacobian-Challenge-Rebuild/hgraph/nodes/7572b268d5a5.md
M	MainProjects/Algebraic-Jacobian-Challenge-Rebuild/hgraph/nodes/75740e941188.md
M	MainProjects/Algebraic-Jacobian-Challenge-Rebuild/hgraph/nodes/757add30d08f.md
M	MainProjects/Algebraic-Jacobian-Challenge-Rebuild/hgraph/nodes/758c1798fba9.md
M	MainProjects/Algebraic-Jacobian-Challenge-Rebuild/hgraph/nodes/75a9ad49fa9b.md
M	MainProjects/Algebraic-Jacobian-Challenge-Rebuild/hgraph/nodes/75b4dbd588f3.md
M	MainProjects/Algebraic-Jacobian-Challenge-Rebuild/hgraph/nodes/75c53ddae943.md
M	MainProjects/Algebraic-Jacobian-Challenge-Rebuild/hgraph/nodes/75c7f3818869.md
M	MainProjects/Algebraic-Jacobian-Challenge-Rebuild/hgraph/nodes/75cacb8e3c5b.md
M	MainProjects/Algebraic-Jacobian-Challenge-Rebuild/hgraph/nodes/75cb21bc39f0.md
M	MainProjects/Algebraic-Jacobian-Challenge-Rebuild/hgraph/nodes/75d031de8a74.md
M	MainProjects/Algebraic-Jacobian-Challenge-Rebuild/hgraph/nodes/75d3c079f211.md
M	MainProjects/Algebraic-Jacobian-Challenge-Rebuild/hgraph/nodes/75d48aee830d.md
M	MainProjects/Algebraic-Jacobian-Challenge-Rebuild/hgraph/nodes/75e411e19a4f.md
M	MainProjects/Algebraic-Jacobian-Challenge-Rebuild/hgraph/nodes/75e733fb799a.md
M	MainProjects/Algebraic-Jacobian-Challenge-Rebuild/hgraph/nodes/75f16b0bca07.md
M	MainProjects/Algebraic-Jacobian-Challenge-Rebuild/hgraph/nodes/7600ae75ed90.md
M	MainProjects/Algebraic-Jacobian-Challenge-Rebuild/hgraph/nodes/760a5012926c.md
M	MainProjects/Algebraic-Jacobian-Challenge-Rebuild/hgraph/nodes/7610e02b9b14.md
M	MainProjects/Algebraic-Jacobian-Challenge-Rebuild/hgraph/nodes/7623257bc621.md
M	MainProjects/Algebraic-Jacobian-Challenge-Rebuild/hgraph/nodes/76258de9d19e.md
M	MainProjects/Algebraic-Jacobian-Challenge-Rebuild/hgraph/nodes/762b7c7a7345.md
M	MainProjects/Algebraic-Jacobian-Challenge-Rebuild/hgraph/nodes/763695698d4b.md
M	MainProjects/Algebraic-Jacobian-Challenge-Rebuild/hgraph/nodes/763d1f0396df.md
M	MainProjects/Algebraic-Jacobian-Challenge-Rebuild/hgraph/nodes/76407f061d69.md
M	MainProjects/Algebraic-Jacobian-Challenge-Rebuild/hgraph/nodes/765ec250c593.md
M	MainProjects/Algebraic-Jacobian-Challenge-Rebuild/hgraph/nodes/7662eb1c5f46.md
M	MainProjects/Algebraic-Jacobian-Challenge-Rebuild/hgraph/nodes/7666f23ee167.md
M	MainProjects/Algebraic-Jacobian-Challenge-Rebuild/hgraph/nodes/767bc919751f.md
M	MainProjects/Algebraic-Jacobian-Challenge-Rebuild/hgraph/nodes/767d6fb7d4af.md
M	MainProjects/Algebraic-Jacobian-Challenge-Rebuild/hgraph/nodes/767ed6915f24.md
M	MainProjects/Algebraic-Jacobian-Challenge-Rebuild/hgraph/nodes/768153c2e80e.md
M	MainProjects/Algebraic-Jacobian-Challenge-Rebuild/hgraph/nodes/7690782808b5.md
M	MainProjects/Algebraic-Jacobian-Challenge-Rebuild/hgraph/nodes/769384bc5f92.md
M	MainProjects/Algebraic-Jacobian-Challenge-Rebuild/hgraph/nodes/7696c89f6d7d.md
M	MainProjects/Algebraic-Jacobian-Challenge-Rebuild/hgraph/nodes/76976c913f1f.md
M	MainProjects/Algebraic-Jacobian-Challenge-Rebuild/hgraph/nodes/769ca0545c9f.md
M	MainProjects/Algebraic-Jacobian-Challenge-Rebuild/hgraph/nodes/76a9d5c3f2f6.md
M	MainProjects/Algebraic-Jacobian-Challenge-Rebuild/hgraph/nodes/76ae6c081682.md
M	MainProjects/Algebraic-Jacobian-Challenge-Rebuild/hgraph/nodes/76b2749b7778.md
M	MainProjects/Algebraic-Jacobian-Challenge-Rebuild/hgraph/nodes/76c0efb43a2b.md
M	MainProjects/Algebraic-Jacobian-Challenge-Rebuild/hgraph/nodes/76cb147c298d.md
M	MainProjects/Algebraic-Jacobian-Challenge-Rebuild/hgraph/nodes/76d4d6dd8f41.md
M	MainProjects/Algebraic-Jacobian-Challenge-Rebuild/hgraph/nodes/76d9faea0e24.md
M	MainProjects/Algebraic-Jacobian-Challenge-Rebuild/hgraph/nodes/76e3f80d33bc.md
M	MainProjects/Algebraic-Jacobian-Challenge-Rebuild/hgraph/nodes/76ea057adaf9.md
M	MainProjects/Algebraic-Jacobian-Challenge-Rebuild/hgraph/nodes/76f0702da1df.md
M	MainProjects/Algebraic-Jacobian-Challenge-Rebuild/hgraph/nodes/76f162ffff23.md
M	MainProjects/Algebraic-Jacobian-Challenge-Rebuild/hgraph/nodes/76f76d7619a6.md
M	MainProjects/Algebraic-Jacobian-Challenge-Rebuild/hgraph/nodes/76f856721747.md
M	MainProjects/Algebraic-Jacobian-Challenge-Rebuild/hgraph/nodes/76fbc81abc06.md
M	MainProjects/Algebraic-Jacobian-Challenge-Rebuild/hgraph/nodes/772e4254c9e7.md
M	MainProjects/Algebraic-Jacobian-Challenge-Rebuild/hgraph/nodes/7734f19d06d5.md
M	MainProjects/Algebraic-Jacobian-Challenge-Rebuild/hgraph/nodes/7739139f39e2.md
M	MainProjects/Algebraic-Jacobian-Challenge-Rebuild/hgraph/nodes/77422c719453.md
M	MainProjects/Algebraic-Jacobian-Challenge-Rebuild/hgraph/nodes/7743260b5278.md
M	MainProjects/Algebraic-Jacobian-Challenge-Rebuild/hgraph/nodes/7748e1d36ac3.md
M	MainProjects/Algebraic-Jacobian-Challenge-Rebuild/hgraph/nodes/774ec26658df.md
M	MainProjects/Algebraic-Jacobian-Challenge-Rebuild/hgraph/nodes/77559b5b9ef2.md
M	MainProjects/Algebraic-Jacobian-Challenge-Rebuild/hgraph/nodes/7757e69737a6.md
M	MainProjects/Algebraic-Jacobian-Challenge-Rebuild/hgraph/nodes/776306a9c73d.md
M	MainProjects/Algebraic-Jacobian-Challenge-Rebuild/hgraph/nodes/7763759afcdf.md
M	MainProjects/Algebraic-Jacobian-Challenge-Rebuild/hgraph/nodes/776c8aaf842c.md
M	MainProjects/Algebraic-Jacobian-Challenge-Rebuild/hgraph/nodes/776de20dfb15.md
M	MainProjects/Algebraic-Jacobian-Challenge-Rebuild/hgraph/nodes/7789d84a1f24.md
M	MainProjects/Algebraic-Jacobian-Challenge-Rebuild/hgraph/nodes/778abe581a1b.md
M	MainProjects/Algebraic-Jacobian-Challenge-Rebuild/hgraph/nodes/778ec96ee209.md
M	MainProjects/Algebraic-Jacobian-Challenge-Rebuild/hgraph/nodes/77918e72c83d.md
D	MainProjects/Algebraic-Jacobian-Challenge-Rebuild/hgraph/nodes/7791c1a166da.md
M	MainProjects/Algebraic-Jacobian-Challenge-Rebuild/hgraph/nodes/7796b11ba43d.md
M	MainProjects/Algebraic-Jacobian-Challenge-Rebuild/hgraph/nodes/77a766ab776f.md
M	MainProjects/Algebraic-Jacobian-Challenge-Rebuild/hgraph/nodes/77b5139543d0.md
M	MainProjects/Algebraic-Jacobian-Challenge-Rebuild/hgraph/nodes/77b96abe5dee.md
M	MainProjects/Algebraic-Jacobian-Challenge-Rebuild/hgraph/nodes/77b9ec3f904e.md
M	MainProjects/Algebraic-Jacobian-Challenge-Rebuild/hgraph/nodes/77c093f89a60.md
M	MainProjects/Algebraic-Jacobian-Challenge-Rebuild/hgraph/nodes/77dbc3fd84e0.md
M	MainProjects/Algebraic-Jacobian-Challenge-Rebuild/hgraph/nodes/77dca87dc6fb.md
M	MainProjects/Algebraic-Jacobian-Challenge-Rebuild/hgraph/nodes/77e7058f9e16.md
M	MainProjects/Algebraic-Jacobian-Challenge-Rebuild/hgraph/nodes/77eeef8a0797.md
M	MainProjects/Algebraic-Jacobian-Challenge-Rebuild/hgraph/nodes/77ef4b8db021.md
M	MainProjects/Algebraic-Jacobian-Challenge-Rebuild/hgraph/nodes/77fbc01dce6f.md
M	MainProjects/Algebraic-Jacobian-Challenge-Rebuild/hgraph/nodes/77fd512d4cfb.md
M	MainProjects/Algebraic-Jacobian-Challenge-Rebuild/hgraph/nodes/77ff3256ef47.md
M	MainProjects/Algebraic-Jacobian-Challenge-Rebuild/hgraph/nodes/781090a73f4c.md
M	MainProjects/Algebraic-Jacobian-Challenge-Rebuild/hgraph/nodes/781d41247c09.md
M	MainProjects/Algebraic-Jacobian-Challenge-Rebuild/hgraph/nodes/78201821b003.md
M	MainProjects/Algebraic-Jacobian-Challenge-Rebuild/hgraph/nodes/782697bd5732.md
M	MainProjects/Algebraic-Jacobian-Challenge-Rebuild/hgraph/nodes/783a732babb6.md
M	MainProjects/Algebraic-Jacobian-Challenge-Rebuild/hgraph/nodes/783d41f5c996.md
M	MainProjects/Algebraic-Jacobian-Challenge-Rebuild/hgraph/nodes/78408e21ffa4.md
M	MainProjects/Algebraic-Jacobian-Challenge-Rebuild/hgraph/nodes/7845ef81bcd2.md
M	MainProjects/Algebraic-Jacobian-Challenge-Rebuild/hgraph/nodes/7846b8e6bf59.md
M	MainProjects/Algebraic-Jacobian-Challenge-Rebuild/hgraph/nodes/785c12fb9719.md
M	MainProjects/Algebraic-Jacobian-Challenge-Rebuild/hgraph/nodes/78753d42017a.md
M	MainProjects/Algebraic-Jacobian-Challenge-Rebuild/hgraph/nodes/787865924787.md
M	MainProjects/Algebraic-Jacobian-Challenge-Rebuild/hgraph/nodes/787feb9fb206.md
M	MainProjects/Algebraic-Jacobian-Challenge-Rebuild/hgraph/nodes/7881dfb9f81c.md
M	MainProjects/Algebraic-Jacobian-Challenge-Rebuild/hgraph/nodes/788ee9030a58.md
M	MainProjects/Algebraic-Jacobian-Challenge-Rebuild/hgraph/nodes/7894b4dcffc0.md
M	MainProjects/Algebraic-Jacobian-Challenge-Rebuild/hgraph/nodes/789be37f7fd6.md
M	MainProjects/Algebraic-Jacobian-Challenge-Rebuild/hgraph/nodes/78aafbc1b3c2.md
M	MainProjects/Algebraic-Jacobian-Challenge-Rebuild/hgraph/nodes/78ac870951b7.md
M	MainProjects/Algebraic-Jacobian-Challenge-Rebuild/hgraph/nodes/78c0a6a544d4.md
M	MainProjects/Algebraic-Jacobian-Challenge-Rebuild/hgraph/nodes/78d17f35069a.md
M	MainProjects/Algebraic-Jacobian-Challenge-Rebuild/hgraph/nodes/78d34681b275.md
M	MainProjects/Algebraic-Jacobian-Challenge-Rebuild/hgraph/nodes/78d8afb286d8.md
M	MainProjects/Algebraic-Jacobian-Challenge-Rebuild/hgraph/nodes/78dae8b04268.md
M	MainProjects/Algebraic-Jacobian-Challenge-Rebuild/hgraph/nodes/78de5fbad829.md
M	MainProjects/Algebraic-Jacobian-Challenge-Rebuild/hgraph/nodes/78e1ea9b3868.md
M	MainProjects/Algebraic-Jacobian-Challenge-Rebuild/hgraph/nodes/78f43f80b38b.md
M	MainProjects/Algebraic-Jacobian-Challenge-Rebuild/hgraph/nodes/78f78769b585.md
M	MainProjects/Algebraic-Jacobian-Challenge-Rebuild/hgraph/nodes/78fe50881c9c.md
M	MainProjects/Algebraic-Jacobian-Challenge-Rebuild/hgraph/nodes/7900cd5850ba.md
M	MainProjects/Algebraic-Jacobian-Challenge-Rebuild/hgraph/nodes/791d78303108.md
M	MainProjects/Algebraic-Jacobian-Challenge-Rebuild/hgraph/nodes/791ee75eb4d9.md
M	MainProjects/Algebraic-Jacobian-Challenge-Rebuild/hgraph/nodes/79298ede065a.md
M	MainProjects/Algebraic-Jacobian-Challenge-Rebuild/hgraph/nodes/7937a76fea91.md
M	MainProjects/Algebraic-Jacobian-Challenge-Rebuild/hgraph/nodes/7948307604e5.md
M	MainProjects/Algebraic-Jacobian-Challenge-Rebuild/hgraph/nodes/794b7640972c.md
M	MainProjects/Algebraic-Jacobian-Challenge-Rebuild/hgraph/nodes/794d0b4be09e.md
M	MainProjects/Algebraic-Jacobian-Challenge-Rebuild/hgraph/nodes/794ec24d92a5.md
M	MainProjects/Algebraic-Jacobian-Challenge-Rebuild/hgraph/nodes/7950a134621b.md
M	MainProjects/Algebraic-Jacobian-Challenge-Rebuild/hgraph/nodes/795354f7fb4d.md
M	MainProjects/Algebraic-Jacobian-Challenge-Rebuild/hgraph/nodes/79588da9b069.md
M	MainProjects/Algebraic-Jacobian-Challenge-Rebuild/hgraph/nodes/795e615b5e78.md
M	MainProjects/Algebraic-Jacobian-Challenge-Rebuild/hgraph/nodes/796821e4f03e.md
M	MainProjects/Algebraic-Jacobian-Challenge-Rebuild/hgraph/nodes/796d5299c136.md
M	MainProjects/Algebraic-Jacobian-Challenge-Rebuild/hgraph/nodes/79719ffe5576.md
M	MainProjects/Algebraic-Jacobian-Challenge-Rebuild/hgraph/nodes/7978741ef32c.md
M	MainProjects/Algebraic-Jacobian-Challenge-Rebuild/hgraph/nodes/797d0421587c.md
M	MainProjects/Algebraic-Jacobian-Challenge-Rebuild/hgraph/nodes/797e92ba6c60.md
M	MainProjects/Algebraic-Jacobian-Challenge-Rebuild/hgraph/nodes/797f566b9371.md
M	MainProjects/Algebraic-Jacobian-Challenge-Rebuild/hgraph/nodes/799c01e533de.md
M	MainProjects/Algebraic-Jacobian-Challenge-Rebuild/hgraph/nodes/799d142f14de.md
M	MainProjects/Algebraic-Jacobian-Challenge-Rebuild/hgraph/nodes/79a2c68bb85a.md
M	MainProjects/Algebraic-Jacobian-Challenge-Rebuild/hgraph/nodes/79a60c8be022.md
M	MainProjects/Algebraic-Jacobian-Challenge-Rebuild/hgraph/nodes/79ad20d4c664.md
M	MainProjects/Algebraic-Jacobian-Challenge-Rebuild/hgraph/nodes/79b8b53186ba.md
M	MainProjects/Algebraic-Jacobian-Challenge-Rebuild/hgraph/nodes/79bee4de7990.md
M	MainProjects/Algebraic-Jacobian-Challenge-Rebuild/hgraph/nodes/79cf1d0c29d8.md
M	MainProjects/Algebraic-Jacobian-Challenge-Rebuild/hgraph/nodes/79d1aef3ed6d.md
M	MainProjects/Algebraic-Jacobian-Challenge-Rebuild/hgraph/nodes/79d961dd0379.md
M	MainProjects/Algebraic-Jacobian-Challenge-Rebuild/hgraph/nodes/79da4544f280.md
M	MainProjects/Algebraic-Jacobian-Challenge-Rebuild/hgraph/nodes/79e96cbb97f9.md
M	MainProjects/Algebraic-Jacobian-Challenge-Rebuild/hgraph/nodes/79ef54ca54c5.md
M	MainProjects/Algebraic-Jacobian-Challenge-Rebuild/hgraph/nodes/79f7f5d2c2bd.md
M	MainProjects/Algebraic-Jacobian-Challenge-Rebuild/hgraph/nodes/7a11563b8b40.md
M	MainProjects/Algebraic-Jacobian-Challenge-Rebuild/hgraph/nodes/7a146565b446.md
M	MainProjects/Algebraic-Jacobian-Challenge-Rebuild/hgraph/nodes/7a24cc1c0058.md
M	MainProjects/Algebraic-Jacobian-Challenge-Rebuild/hgraph/nodes/7a39656f05b6.md
M	MainProjects/Algebraic-Jacobian-Challenge-Rebuild/hgraph/nodes/7a3efe546245.md
M	MainProjects/Algebraic-Jacobian-Challenge-Rebuild/hgraph/nodes/7a45962cbbac.md
M	MainProjects/Algebraic-Jacobian-Challenge-Rebuild/hgraph/nodes/7a502852fb4b.md
M	MainProjects/Algebraic-Jacobian-Challenge-Rebuild/hgraph/nodes/7a55792d0690.md
M	MainProjects/Algebraic-Jacobian-Challenge-Rebuild/hgraph/nodes/7a5f4d5e31e0.md
M	MainProjects/Algebraic-Jacobian-Challenge-Rebuild/hgraph/nodes/7a6711535bb6.md
M	MainProjects/Algebraic-Jacobian-Challenge-Rebuild/hgraph/nodes/7a73a985bcf6.md
M	MainProjects/Algebraic-Jacobian-Challenge-Rebuild/hgraph/nodes/7a7be2c24f76.md
M	MainProjects/Algebraic-Jacobian-Challenge-Rebuild/hgraph/nodes/7a7f0678fca3.md
M	MainProjects/Algebraic-Jacobian-Challenge-Rebuild/hgraph/nodes/7a803835424a.md
D	MainProjects/Algebraic-Jacobian-Challenge-Rebuild/hgraph/nodes/7a806d739dca.md
M	MainProjects/Algebraic-Jacobian-Challenge-Rebuild/hgraph/nodes/7a83b35a6805.md
M	MainProjects/Algebraic-Jacobian-Challenge-Rebuild/hgraph/nodes/7a8ce13e986e.md
M	MainProjects/Algebraic-Jacobian-Challenge-Rebuild/hgraph/nodes/7a9e2af4df3a.md
M	MainProjects/Algebraic-Jacobian-Challenge-Rebuild/hgraph/nodes/7aa76665900a.md
M	MainProjects/Algebraic-Jacobian-Challenge-Rebuild/hgraph/nodes/7aab10e9a318.md
M	MainProjects/Algebraic-Jacobian-Challenge-Rebuild/hgraph/nodes/7aac363a9e85.md
M	MainProjects/Algebraic-Jacobian-Challenge-Rebuild/hgraph/nodes/7ab03f8012cd.md
M	MainProjects/Algebraic-Jacobian-Challenge-Rebuild/hgraph/nodes/7ab4e36b4135.md
M	MainProjects/Algebraic-Jacobian-Challenge-Rebuild/hgraph/nodes/7ac3ee760cde.md
M	MainProjects/Algebraic-Jacobian-Challenge-Rebuild/hgraph/nodes/7ac7b9b8149c.md
M	MainProjects/Algebraic-Jacobian-Challenge-Rebuild/hgraph/nodes/7ace89409a73.md
M	MainProjects/Algebraic-Jacobian-Challenge-Rebuild/hgraph/nodes/7adb0c3eb315.md
M	MainProjects/Algebraic-Jacobian-Challenge-Rebuild/hgraph/nodes/7ae0527472b5.md
M	MainProjects/Algebraic-Jacobian-Challenge-Rebuild/hgraph/nodes/7af4e1808a9f.md
M	MainProjects/Algebraic-Jacobian-Challenge-Rebuild/hgraph/nodes/7afb25e04f05.md
M	MainProjects/Algebraic-Jacobian-Challenge-Rebuild/hgraph/nodes/7b095db0d1bd.md
M	MainProjects/Algebraic-Jacobian-Challenge-Rebuild/hgraph/nodes/7b0c83f6b057.md
M	MainProjects/Algebraic-Jacobian-Challenge-Rebuild/hgraph/nodes/7b1627e9b3e8.md
M	MainProjects/Algebraic-Jacobian-Challenge-Rebuild/hgraph/nodes/7b1a20cd721a.md
M	MainProjects/Algebraic-Jacobian-Challenge-Rebuild/hgraph/nodes/7b1fb0b1356f.md
M	MainProjects/Algebraic-Jacobian-Challenge-Rebuild/hgraph/nodes/7b217a9cda6d.md
M	MainProjects/Algebraic-Jacobian-Challenge-Rebuild/hgraph/nodes/7b34f90ccb1b.md
M	MainProjects/Algebraic-Jacobian-Challenge-Rebuild/hgraph/nodes/7b37ba2394bd.md
M	MainProjects/Algebraic-Jacobian-Challenge-Rebuild/hgraph/nodes/7b47a0c0859d.md
M	MainProjects/Algebraic-Jacobian-Challenge-Rebuild/hgraph/nodes/7b4dd281dea3.md
M	MainProjects/Algebraic-Jacobian-Challenge-Rebuild/hgraph/nodes/7b507573d51d.md
M	MainProjects/Algebraic-Jacobian-Challenge-Rebuild/hgraph/nodes/7b6210e91b60.md
M	MainProjects/Algebraic-Jacobian-Challenge-Rebuild/hgraph/nodes/7b671ecc19b5.md
M	MainProjects/Algebraic-Jacobian-Challenge-Rebuild/hgraph/nodes/7b7be629592d.md
M	MainProjects/Algebraic-Jacobian-Challenge-Rebuild/hgraph/nodes/7b7e7240ca8e.md
M	MainProjects/Algebraic-Jacobian-Challenge-Rebuild/hgraph/nodes/7b819406554f.md
M	MainProjects/Algebraic-Jacobian-Challenge-Rebuild/hgraph/nodes/7b86a971c7d6.md
M	MainProjects/Algebraic-Jacobian-Challenge-Rebuild/hgraph/nodes/7b8b34d083c0.md
M	MainProjects/Algebraic-Jacobian-Challenge-Rebuild/hgraph/nodes/7b8d796499db.md
M	MainProjects/Algebraic-Jacobian-Challenge-Rebuild/hgraph/nodes/7b8e84529283.md
M	MainProjects/Algebraic-Jacobian-Challenge-Rebuild/hgraph/nodes/7b8eae170c36.md
M	MainProjects/Algebraic-Jacobian-Challenge-Rebuild/hgraph/nodes/7b9b56c936e4.md
M	MainProjects/Algebraic-Jacobian-Challenge-Rebuild/hgraph/nodes/7ba02ae9333c.md
M	MainProjects/Algebraic-Jacobian-Challenge-Rebuild/hgraph/nodes/7ba25ca63a40.md
M	MainProjects/Algebraic-Jacobian-Challenge-Rebuild/hgraph/nodes/7ba7b16c43ec.md
M	MainProjects/Algebraic-Jacobian-Challenge-Rebuild/hgraph/nodes/7bb7950b9f47.md
M	MainProjects/Algebraic-Jacobian-Challenge-Rebuild/hgraph/nodes/7bb89dc00811.md
M	MainProjects/Algebraic-Jacobian-Challenge-Rebuild/hgraph/nodes/7bbb7acccfc5.md
M	MainProjects/Algebraic-Jacobian-Challenge-Rebuild/hgraph/nodes/7bc42a2d8b7c.md
M	MainProjects/Algebraic-Jacobian-Challenge-Rebuild/hgraph/nodes/7bc733ff5050.md
M	MainProjects/Algebraic-Jacobian-Challenge-Rebuild/hgraph/nodes/7bc8356ed5a7.md
M	MainProjects/Algebraic-Jacobian-Challenge-Rebuild/hgraph/nodes/7bd606b8e558.md
M	MainProjects/Algebraic-Jacobian-Challenge-Rebuild/hgraph/nodes/7bd901dc86d5.md
M	MainProjects/Algebraic-Jacobian-Challenge-Rebuild/hgraph/nodes/7bdadba9b8dc.md
M	MainProjects/Algebraic-Jacobian-Challenge-Rebuild/hgraph/nodes/7bdc0619b457.md
M	MainProjects/Algebraic-Jacobian-Challenge-Rebuild/hgraph/nodes/7bdca556aef8.md
M	MainProjects/Algebraic-Jacobian-Challenge-Rebuild/hgraph/nodes/7bde50eed5ce.md
M	MainProjects/Algebraic-Jacobian-Challenge-Rebuild/hgraph/nodes/7be3eeb10fb2.md
M	MainProjects/Algebraic-Jacobian-Challenge-Rebuild/hgraph/nodes/7be6784dba70.md
M	MainProjects/Algebraic-Jacobian-Challenge-Rebuild/hgraph/nodes/7bed31e749c8.md
M	MainProjects/Algebraic-Jacobian-Challenge-Rebuild/hgraph/nodes/7bfa89c9e79a.md
M	MainProjects/Algebraic-Jacobian-Challenge-Rebuild/hgraph/nodes/7c0946b8db6f.md
M	MainProjects/Algebraic-Jacobian-Challenge-Rebuild/hgraph/nodes/7c095592e9c5.md
M	MainProjects/Algebraic-Jacobian-Challenge-Rebuild/hgraph/nodes/7c09c57b0c95.md
M	MainProjects/Algebraic-Jacobian-Challenge-Rebuild/hgraph/nodes/7c109492488f.md
M	MainProjects/Algebraic-Jacobian-Challenge-Rebuild/hgraph/nodes/7c193fec4a14.md
M	MainProjects/Algebraic-Jacobian-Challenge-Rebuild/hgraph/nodes/7c363e868a1a.md
M	MainProjects/Algebraic-Jacobian-Challenge-Rebuild/hgraph/nodes/7c39661e2815.md
M	MainProjects/Algebraic-Jacobian-Challenge-Rebuild/hgraph/nodes/7c516710454b.md
M	MainProjects/Algebraic-Jacobian-Challenge-Rebuild/hgraph/nodes/7c72ee0c436f.md
M	MainProjects/Algebraic-Jacobian-Challenge-Rebuild/hgraph/nodes/7c735e60f08c.md
M	MainProjects/Algebraic-Jacobian-Challenge-Rebuild/hgraph/nodes/7c7e0616a283.md
M	MainProjects/Algebraic-Jacobian-Challenge-Rebuild/hgraph/nodes/7c88fac775ac.md
M	MainProjects/Algebraic-Jacobian-Challenge-Rebuild/hgraph/nodes/7c8983c7bb71.md
M	MainProjects/Algebraic-Jacobian-Challenge-Rebuild/hgraph/nodes/7c9239fd167b.md
M	MainProjects/Algebraic-Jacobian-Challenge-Rebuild/hgraph/nodes/7c940a5f5d00.md
M	MainProjects/Algebraic-Jacobian-Challenge-Rebuild/hgraph/nodes/7c94f965c6fb.md
M	MainProjects/Algebraic-Jacobian-Challenge-Rebuild/hgraph/nodes/7ca96a02a0a2.md
M	MainProjects/Algebraic-Jacobian-Challenge-Rebuild/hgraph/nodes/7ca9fcac52e1.md
M	MainProjects/Algebraic-Jacobian-Challenge-Rebuild/hgraph/nodes/7cd6845f6a4a.md
M	MainProjects/Algebraic-Jacobian-Challenge-Rebuild/hgraph/nodes/7cea56cd513b.md
M	MainProjects/Algebraic-Jacobian-Challenge-Rebuild/hgraph/nodes/7cf14002068d.md
M	MainProjects/Algebraic-Jacobian-Challenge-Rebuild/hgraph/nodes/7cf32df724e5.md
M	MainProjects/Algebraic-Jacobian-Challenge-Rebuild/hgraph/nodes/7cf6f7ada351.md
M	MainProjects/Algebraic-Jacobian-Challenge-Rebuild/hgraph/nodes/7cfbb6b25e81.md
M	MainProjects/Algebraic-Jacobian-Challenge-Rebuild/hgraph/nodes/7cfd03a797f8.md
M	MainProjects/Algebraic-Jacobian-Challenge-Rebuild/hgraph/nodes/7d029e49c6ea.md
M	MainProjects/Algebraic-Jacobian-Challenge-Rebuild/hgraph/nodes/7d0a4b30b26f.md
M	MainProjects/Algebraic-Jacobian-Challenge-Rebuild/hgraph/nodes/7d1b0dfd1997.md
M	MainProjects/Algebraic-Jacobian-Challenge-Rebuild/hgraph/nodes/7d1d39010c6a.md
M	MainProjects/Algebraic-Jacobian-Challenge-Rebuild/hgraph/nodes/7d1eb461e065.md
M	MainProjects/Algebraic-Jacobian-Challenge-Rebuild/hgraph/nodes/7d2230c73ba7.md
M	MainProjects/Algebraic-Jacobian-Challenge-Rebuild/hgraph/nodes/7d27fadb95cf.md
M	MainProjects/Algebraic-Jacobian-Challenge-Rebuild/hgraph/nodes/7d2bee571c06.md
M	MainProjects/Algebraic-Jacobian-Challenge-Rebuild/hgraph/nodes/7d2fdb72294e.md
M	MainProjects/Algebraic-Jacobian-Challenge-Rebuild/hgraph/nodes/7d3884932da2.md
M	MainProjects/Algebraic-Jacobian-Challenge-Rebuild/hgraph/nodes/7d3b7c59bab4.md
M	MainProjects/Algebraic-Jacobian-Challenge-Rebuild/hgraph/nodes/7d44a8cebfb1.md
M	MainProjects/Algebraic-Jacobian-Challenge-Rebuild/hgraph/nodes/7d47ace66e54.md
M	MainProjects/Algebraic-Jacobian-Challenge-Rebuild/hgraph/nodes/7d496f9573b5.md
M	MainProjects/Algebraic-Jacobian-Challenge-Rebuild/hgraph/nodes/7d4d82dc12b6.md
M	MainProjects/Algebraic-Jacobian-Challenge-Rebuild/hgraph/nodes/7d50f360682e.md
M	MainProjects/Algebraic-Jacobian-Challenge-Rebuild/hgraph/nodes/7d54a4365f7f.md
M	MainProjects/Algebraic-Jacobian-Challenge-Rebuild/hgraph/nodes/7d58ed5622c9.md
M	MainProjects/Algebraic-Jacobian-Challenge-Rebuild/hgraph/nodes/7d60443f28b8.md
M	MainProjects/Algebraic-Jacobian-Challenge-Rebuild/hgraph/nodes/7d617acb7d0b.md
M	MainProjects/Algebraic-Jacobian-Challenge-Rebuild/hgraph/nodes/7d6392224b1b.md
M	MainProjects/Algebraic-Jacobian-Challenge-Rebuild/hgraph/nodes/7d674bfc53c8.md
M	MainProjects/Algebraic-Jacobian-Challenge-Rebuild/hgraph/nodes/7d69c84e1572.md
M	MainProjects/Algebraic-Jacobian-Challenge-Rebuild/hgraph/nodes/7d739e9139f8.md
M	MainProjects/Algebraic-Jacobian-Challenge-Rebuild/hgraph/nodes/7d7e5b4941f0.md
M	MainProjects/Algebraic-Jacobian-Challenge-Rebuild/hgraph/nodes/7d81d319512c.md
M	MainProjects/Algebraic-Jacobian-Challenge-Rebuild/hgraph/nodes/7d87529210f5.md
M	MainProjects/Algebraic-Jacobian-Challenge-Rebuild/hgraph/nodes/7d8901338d6c.md
M	MainProjects/Algebraic-Jacobian-Challenge-Rebuild/hgraph/nodes/7d8c3b3d8937.md
M	MainProjects/Algebraic-Jacobian-Challenge-Rebuild/hgraph/nodes/7da7edbe8f01.md
M	MainProjects/Algebraic-Jacobian-Challenge-Rebuild/hgraph/nodes/7dac98d66858.md
D	MainProjects/Algebraic-Jacobian-Challenge-Rebuild/hgraph/nodes/7dd491c3294c.md
M	MainProjects/Algebraic-Jacobian-Challenge-Rebuild/hgraph/nodes/7dda0436f242.md
M	MainProjects/Algebraic-Jacobian-Challenge-Rebuild/hgraph/nodes/7ddaa79ff237.md
M	MainProjects/Algebraic-Jacobian-Challenge-Rebuild/hgraph/nodes/7ddf8c4960ac.md
M	MainProjects/Algebraic-Jacobian-Challenge-Rebuild/hgraph/nodes/7de562c8aa45.md
M	MainProjects/Algebraic-Jacobian-Challenge-Rebuild/hgraph/nodes/7de792312290.md
M	MainProjects/Algebraic-Jacobian-Challenge-Rebuild/hgraph/nodes/7deeefd9b572.md
M	MainProjects/Algebraic-Jacobian-Challenge-Rebuild/hgraph/nodes/7df09c69749e.md
M	MainProjects/Algebraic-Jacobian-Challenge-Rebuild/hgraph/nodes/7df68e29a0d6.md
M	MainProjects/Algebraic-Jacobian-Challenge-Rebuild/hgraph/nodes/7df90af69e8f.md
M	MainProjects/Algebraic-Jacobian-Challenge-Rebuild/hgraph/nodes/7e0a9bd43bdb.md
M	MainProjects/Algebraic-Jacobian-Challenge-Rebuild/hgraph/nodes/7e0bf28f3a51.md
M	MainProjects/Algebraic-Jacobian-Challenge-Rebuild/hgraph/nodes/7e1fb51131d5.md
M	MainProjects/Algebraic-Jacobian-Challenge-Rebuild/hgraph/nodes/7e26a610e50c.md
M	MainProjects/Algebraic-Jacobian-Challenge-Rebuild/hgraph/nodes/7e29b8311ec3.md
M	MainProjects/Algebraic-Jacobian-Challenge-Rebuild/hgraph/nodes/7e2e9b3938d3.md
M	MainProjects/Algebraic-Jacobian-Challenge-Rebuild/hgraph/nodes/7e3b917f5c8c.md
M	MainProjects/Algebraic-Jacobian-Challenge-Rebuild/hgraph/nodes/7e455b917f53.md
M	MainProjects/Algebraic-Jacobian-Challenge-Rebuild/hgraph/nodes/7e47b94fbbf3.md
M	MainProjects/Algebraic-Jacobian-Challenge-Rebuild/hgraph/nodes/7e4d0df2f857.md
M	MainProjects/Algebraic-Jacobian-Challenge-Rebuild/hgraph/nodes/7e58fcc03972.md
M	MainProjects/Algebraic-Jacobian-Challenge-Rebuild/hgraph/nodes/7e66ef21935f.md
M	MainProjects/Algebraic-Jacobian-Challenge-Rebuild/hgraph/nodes/7e69024602b2.md
M	MainProjects/Algebraic-Jacobian-Challenge-Rebuild/hgraph/nodes/7e6d3259aa78.md
M	MainProjects/Algebraic-Jacobian-Challenge-Rebuild/hgraph/nodes/7e73628e162a.md
M	MainProjects/Algebraic-Jacobian-Challenge-Rebuild/hgraph/nodes/7e769ccd0be1.md
M	MainProjects/Algebraic-Jacobian-Challenge-Rebuild/hgraph/nodes/7e8af2486a70.md
M	MainProjects/Algebraic-Jacobian-Challenge-Rebuild/hgraph/nodes/7e94cc455524.md
M	MainProjects/Algebraic-Jacobian-Challenge-Rebuild/hgraph/nodes/7ecd1dc9ee11.md
M	MainProjects/Algebraic-Jacobian-Challenge-Rebuild/hgraph/nodes/7ecd824cdc42.md
M	MainProjects/Algebraic-Jacobian-Challenge-Rebuild/hgraph/nodes/7ef08189b00e.md
M	MainProjects/Algebraic-Jacobian-Challenge-Rebuild/hgraph/nodes/7ef6073e04c2.md
M	MainProjects/Algebraic-Jacobian-Challenge-Rebuild/hgraph/nodes/7f09e078b94c.md
M	MainProjects/Algebraic-Jacobian-Challenge-Rebuild/hgraph/nodes/7f11af689ddd.md
M	MainProjects/Algebraic-Jacobian-Challenge-Rebuild/hgraph/nodes/7f13904f793f.md
M	MainProjects/Algebraic-Jacobian-Challenge-Rebuild/hgraph/nodes/7f1a50cff977.md
M	MainProjects/Algebraic-Jacobian-Challenge-Rebuild/hgraph/nodes/7f2084cae367.md
M	MainProjects/Algebraic-Jacobian-Challenge-Rebuild/hgraph/nodes/7f2a5295c731.md
M	MainProjects/Algebraic-Jacobian-Challenge-Rebuild/hgraph/nodes/7f2f70459bae.md
M	MainProjects/Algebraic-Jacobian-Challenge-Rebuild/hgraph/nodes/7f31b6fd5592.md
M	MainProjects/Algebraic-Jacobian-Challenge-Rebuild/hgraph/nodes/7f383f200c47.md
M	MainProjects/Algebraic-Jacobian-Challenge-Rebuild/hgraph/nodes/7f39e0533bf3.md
M	MainProjects/Algebraic-Jacobian-Challenge-Rebuild/hgraph/nodes/7f3bf577c7a0.md
M	MainProjects/Algebraic-Jacobian-Challenge-Rebuild/hgraph/nodes/7f44ba4029b1.md
M	MainProjects/Algebraic-Jacobian-Challenge-Rebuild/hgraph/nodes/7f600573bf97.md
M	MainProjects/Algebraic-Jacobian-Challenge-Rebuild/hgraph/nodes/7f690a03eefb.md
M	MainProjects/Algebraic-Jacobian-Challenge-Rebuild/hgraph/nodes/7f7a693d780e.md
M	MainProjects/Algebraic-Jacobian-Challenge-Rebuild/hgraph/nodes/7f7f3cd5ca1a.md
M	MainProjects/Algebraic-Jacobian-Challenge-Rebuild/hgraph/nodes/7f90d8208c42.md
M	MainProjects/Algebraic-Jacobian-Challenge-Rebuild/hgraph/nodes/7f96c8fa88b7.md
D	MainProjects/Algebraic-Jacobian-Challenge-Rebuild/hgraph/nodes/7f99af1f3e5a.md
M	MainProjects/Algebraic-Jacobian-Challenge-Rebuild/hgraph/nodes/7fa4f36eeb49.md
M	MainProjects/Algebraic-Jacobian-Challenge-Rebuild/hgraph/nodes/7fa8341494ee.md
M	MainProjects/Algebraic-Jacobian-Challenge-Rebuild/hgraph/nodes/7fb3e48d0ab5.md
M	MainProjects/Algebraic-Jacobian-Challenge-Rebuild/hgraph/nodes/7fb5ab8932f6.md
M	MainProjects/Algebraic-Jacobian-Challenge-Rebuild/hgraph/nodes/7fba6c18e0f0.md
M	MainProjects/Algebraic-Jacobian-Challenge-Rebuild/hgraph/nodes/7fc05382e998.md
M	MainProjects/Algebraic-Jacobian-Challenge-Rebuild/hgraph/nodes/7fc2f8685f35.md
M	MainProjects/Algebraic-Jacobian-Challenge-Rebuild/hgraph/nodes/7fcd2d8efa61.md
M	MainProjects/Algebraic-Jacobian-Challenge-Rebuild/hgraph/nodes/7fe2823c4745.md
M	MainProjects/Algebraic-Jacobian-Challenge-Rebuild/hgraph/nodes/7fea48c27f38.md
M	MainProjects/Algebraic-Jacobian-Challenge-Rebuild/hgraph/nodes/7fea5e757a75.md
M	MainProjects/Algebraic-Jacobian-Challenge-Rebuild/hgraph/nodes/7fedc1f61ea8.md
M	MainProjects/Algebraic-Jacobian-Challenge-Rebuild/hgraph/nodes/7ff3696daaa3.md
M	MainProjects/Algebraic-Jacobian-Challenge-Rebuild/hgraph/nodes/8001751b2fd2.md
M	MainProjects/Algebraic-Jacobian-Challenge-Rebuild/hgraph/nodes/8001b7155eba.md
M	MainProjects/Algebraic-Jacobian-Challenge-Rebuild/hgraph/nodes/8003d8fc7f9a.md
M	MainProjects/Algebraic-Jacobian-Challenge-Rebuild/hgraph/nodes/800e305f0030.md
M	MainProjects/Algebraic-Jacobian-Challenge-Rebuild/hgraph/nodes/80145640f9a7.md
M	MainProjects/Algebraic-Jacobian-Challenge-Rebuild/hgraph/nodes/80156e17acd8.md
M	MainProjects/Algebraic-Jacobian-Challenge-Rebuild/hgraph/nodes/801ba3dcc6fb.md
M	MainProjects/Algebraic-Jacobian-Challenge-Rebuild/hgraph/nodes/8021881d67e6.md
M	MainProjects/Algebraic-Jacobian-Challenge-Rebuild/hgraph/nodes/8038b5a1438f.md
M	MainProjects/Algebraic-Jacobian-Challenge-Rebuild/hgraph/nodes/803f9c821924.md
M	MainProjects/Algebraic-Jacobian-Challenge-Rebuild/hgraph/nodes/804aa47f5d92.md
M	MainProjects/Algebraic-Jacobian-Challenge-Rebuild/hgraph/nodes/804b481ea7a9.md
M	MainProjects/Algebraic-Jacobian-Challenge-Rebuild/hgraph/nodes/80666e4e3cfe.md
M	MainProjects/Algebraic-Jacobian-Challenge-Rebuild/hgraph/nodes/806fe1433bbc.md
M	MainProjects/Algebraic-Jacobian-Challenge-Rebuild/hgraph/nodes/807803838efd.md
M	MainProjects/Algebraic-Jacobian-Challenge-Rebuild/hgraph/nodes/8079ae8ead0b.md
D	MainProjects/Algebraic-Jacobian-Challenge-Rebuild/hgraph/nodes/807b1d274da7.md
M	MainProjects/Algebraic-Jacobian-Challenge-Rebuild/hgraph/nodes/807cddbd0732.md
M	MainProjects/Algebraic-Jacobian-Challenge-Rebuild/hgraph/nodes/80851289ad00.md
M	MainProjects/Algebraic-Jacobian-Challenge-Rebuild/hgraph/nodes/80852ee3875e.md
M	MainProjects/Algebraic-Jacobian-Challenge-Rebuild/hgraph/nodes/8093577e0b4d.md
M	MainProjects/Algebraic-Jacobian-Challenge-Rebuild/hgraph/nodes/8093e1d36c10.md
M	MainProjects/Algebraic-Jacobian-Challenge-Rebuild/hgraph/nodes/8098c1c9ed0f.md
M	MainProjects/Algebraic-Jacobian-Challenge-Rebuild/hgraph/nodes/809a1a5502a6.md
M	MainProjects/Algebraic-Jacobian-Challenge-Rebuild/hgraph/nodes/809d2702585a.md
M	MainProjects/Algebraic-Jacobian-Challenge-Rebuild/hgraph/nodes/80a090e3670f.md
M	MainProjects/Algebraic-Jacobian-Challenge-Rebuild/hgraph/nodes/80a3c18f16f1.md
M	MainProjects/Algebraic-Jacobian-Challenge-Rebuild/hgraph/nodes/80ba9b44c2b4.md
M	MainProjects/Algebraic-Jacobian-Challenge-Rebuild/hgraph/nodes/80bde97f44e9.md
M	MainProjects/Algebraic-Jacobian-Challenge-Rebuild/hgraph/nodes/80ca7874dcf1.md
D	MainProjects/Algebraic-Jacobian-Challenge-Rebuild/hgraph/nodes/80ce975f7e32.md
M	MainProjects/Algebraic-Jacobian-Challenge-Rebuild/hgraph/nodes/80dc7ac78d5c.md
M	MainProjects/Algebraic-Jacobian-Challenge-Rebuild/hgraph/nodes/80ea1b097084.md
M	MainProjects/Algebraic-Jacobian-Challenge-Rebuild/hgraph/nodes/80eb69b14265.md
M	MainProjects/Algebraic-Jacobian-Challenge-Rebuild/hgraph/nodes/80f29c781d0d.md
M	MainProjects/Algebraic-Jacobian-Challenge-Rebuild/hgraph/nodes/80f2bc226042.md
D	MainProjects/Algebraic-Jacobian-Challenge-Rebuild/hgraph/nodes/80f31d8cfe35.md
M	MainProjects/Algebraic-Jacobian-Challenge-Rebuild/hgraph/nodes/80f71f46ceb9.md
M	MainProjects/Algebraic-Jacobian-Challenge-Rebuild/hgraph/nodes/80f988127c3c.md
M	MainProjects/Algebraic-Jacobian-Challenge-Rebuild/hgraph/nodes/81016de5176b.md
M	MainProjects/Algebraic-Jacobian-Challenge-Rebuild/hgraph/nodes/810a2d009c1f.md
M	MainProjects/Algebraic-Jacobian-Challenge-Rebuild/hgraph/nodes/8121be9a350c.md
M	MainProjects/Algebraic-Jacobian-Challenge-Rebuild/hgraph/nodes/8128e611e817.md
M	MainProjects/Algebraic-Jacobian-Challenge-Rebuild/hgraph/nodes/812ad022bccf.md
M	MainProjects/Algebraic-Jacobian-Challenge-Rebuild/hgraph/nodes/813296786794.md
M	MainProjects/Algebraic-Jacobian-Challenge-Rebuild/hgraph/nodes/813ca13acc35.md
M	MainProjects/Algebraic-Jacobian-Challenge-Rebuild/hgraph/nodes/81496bc5ced8.md
M	MainProjects/Algebraic-Jacobian-Challenge-Rebuild/hgraph/nodes/814ae24119af.md
M	MainProjects/Algebraic-Jacobian-Challenge-Rebuild/hgraph/nodes/8151ff5381a6.md
M	MainProjects/Algebraic-Jacobian-Challenge-Rebuild/hgraph/nodes/8157bacce41c.md
M	MainProjects/Algebraic-Jacobian-Challenge-Rebuild/hgraph/nodes/81632b569023.md
M	MainProjects/Algebraic-Jacobian-Challenge-Rebuild/hgraph/nodes/8169845994fc.md
M	MainProjects/Algebraic-Jacobian-Challenge-Rebuild/hgraph/nodes/816fc91a9b05.md
M	MainProjects/Algebraic-Jacobian-Challenge-Rebuild/hgraph/nodes/817aba5e3046.md
M	MainProjects/Algebraic-Jacobian-Challenge-Rebuild/hgraph/nodes/81854b943b8e.md
M	MainProjects/Algebraic-Jacobian-Challenge-Rebuild/hgraph/nodes/818678cf4548.md
M	MainProjects/Algebraic-Jacobian-Challenge-Rebuild/hgraph/nodes/818bd087946d.md
M	MainProjects/Algebraic-Jacobian-Challenge-Rebuild/hgraph/nodes/8191a621a87c.md
M	MainProjects/Algebraic-Jacobian-Challenge-Rebuild/hgraph/nodes/8192f37661c3.md
M	MainProjects/Algebraic-Jacobian-Challenge-Rebuild/hgraph/nodes/81b5aa81e8d7.md
M	MainProjects/Algebraic-Jacobian-Challenge-Rebuild/hgraph/nodes/81ba4ae3bee1.md
M	MainProjects/Algebraic-Jacobian-Challenge-Rebuild/hgraph/nodes/81bb4910b454.md
M	MainProjects/Algebraic-Jacobian-Challenge-Rebuild/hgraph/nodes/81c5f385deea.md
M	MainProjects/Algebraic-Jacobian-Challenge-Rebuild/hgraph/nodes/81cd80c7d833.md
M	MainProjects/Algebraic-Jacobian-Challenge-Rebuild/hgraph/nodes/81d8bead5913.md
M	MainProjects/Algebraic-Jacobian-Challenge-Rebuild/hgraph/nodes/81daec5ebe1a.md
D	MainProjects/Algebraic-Jacobian-Challenge-Rebuild/hgraph/nodes/81ea290f64c2.md
M	MainProjects/Algebraic-Jacobian-Challenge-Rebuild/hgraph/nodes/81eaca27312e.md
M	MainProjects/Algebraic-Jacobian-Challenge-Rebuild/hgraph/nodes/81ef33c00ec6.md
M	MainProjects/Algebraic-Jacobian-Challenge-Rebuild/hgraph/nodes/81f318b732c3.md
M	MainProjects/Algebraic-Jacobian-Challenge-Rebuild/hgraph/nodes/81f3a70f3324.md
M	MainProjects/Algebraic-Jacobian-Challenge-Rebuild/hgraph/nodes/81fd48bbde68.md
M	MainProjects/Algebraic-Jacobian-Challenge-Rebuild/hgraph/nodes/820520bba944.md
M	MainProjects/Algebraic-Jacobian-Challenge-Rebuild/hgraph/nodes/820d0d2dbe8b.md
M	MainProjects/Algebraic-Jacobian-Challenge-Rebuild/hgraph/nodes/82114043b8a8.md
M	MainProjects/Algebraic-Jacobian-Challenge-Rebuild/hgraph/nodes/821f5309c205.md
M	MainProjects/Algebraic-Jacobian-Challenge-Rebuild/hgraph/nodes/8228dd8ce2aa.md
M	MainProjects/Algebraic-Jacobian-Challenge-Rebuild/hgraph/nodes/8232c4d545d6.md
M	MainProjects/Algebraic-Jacobian-Challenge-Rebuild/hgraph/nodes/8236c713c72d.md
D	MainProjects/Algebraic-Jacobian-Challenge-Rebuild/hgraph/nodes/8251222dadb3.md
M	MainProjects/Algebraic-Jacobian-Challenge-Rebuild/hgraph/nodes/8252d75644e1.md
M	MainProjects/Algebraic-Jacobian-Challenge-Rebuild/hgraph/nodes/826052b8c1d4.md
M	MainProjects/Algebraic-Jacobian-Challenge-Rebuild/hgraph/nodes/82673b7d12af.md
M	MainProjects/Algebraic-Jacobian-Challenge-Rebuild/hgraph/nodes/8269f90fd77c.md
M	MainProjects/Algebraic-Jacobian-Challenge-Rebuild/hgraph/nodes/82712bf0bf12.md
M	MainProjects/Algebraic-Jacobian-Challenge-Rebuild/hgraph/nodes/827f3a5a3c1f.md
M	MainProjects/Algebraic-Jacobian-Challenge-Rebuild/hgraph/nodes/8281f84f884d.md
M	MainProjects/Algebraic-Jacobian-Challenge-Rebuild/hgraph/nodes/828c761c5c73.md
M	MainProjects/Algebraic-Jacobian-Challenge-Rebuild/hgraph/nodes/82967d134452.md
M	MainProjects/Algebraic-Jacobian-Challenge-Rebuild/hgraph/nodes/8298cd5892b5.md
M	MainProjects/Algebraic-Jacobian-Challenge-Rebuild/hgraph/nodes/829ded97add5.md
M	MainProjects/Algebraic-Jacobian-Challenge-Rebuild/hgraph/nodes/82a4ab6e6bf6.md
M	MainProjects/Algebraic-Jacobian-Challenge-Rebuild/hgraph/nodes/82abad0dcd62.md
M	MainProjects/Algebraic-Jacobian-Challenge-Rebuild/hgraph/nodes/82b023903553.md
M	MainProjects/Algebraic-Jacobian-Challenge-Rebuild/hgraph/nodes/82b9aab9d116.md
M	MainProjects/Algebraic-Jacobian-Challenge-Rebuild/hgraph/nodes/82e01c73b0d3.md
M	MainProjects/Algebraic-Jacobian-Challenge-Rebuild/hgraph/nodes/82e500a16af2.md
M	MainProjects/Algebraic-Jacobian-Challenge-Rebuild/hgraph/nodes/82f1be420d03.md
M	MainProjects/Algebraic-Jacobian-Challenge-Rebuild/hgraph/nodes/82f66ae43953.md
M	MainProjects/Algebraic-Jacobian-Challenge-Rebuild/hgraph/nodes/8303ac7ab9a7.md
M	MainProjects/Algebraic-Jacobian-Challenge-Rebuild/hgraph/nodes/831d2c2e1351.md
M	MainProjects/Algebraic-Jacobian-Challenge-Rebuild/hgraph/nodes/83268b5deeb2.md
M	MainProjects/Algebraic-Jacobian-Challenge-Rebuild/hgraph/nodes/8328d43c6671.md
M	MainProjects/Algebraic-Jacobian-Challenge-Rebuild/hgraph/nodes/8344deeeec4e.md
M	MainProjects/Algebraic-Jacobian-Challenge-Rebuild/hgraph/nodes/834b22383cbe.md
M	MainProjects/Algebraic-Jacobian-Challenge-Rebuild/hgraph/nodes/8354b6675b44.md
M	MainProjects/Algebraic-Jacobian-Challenge-Rebuild/hgraph/nodes/8359ea383fd7.md
M	MainProjects/Algebraic-Jacobian-Challenge-Rebuild/hgraph/nodes/835d7777c940.md
M	MainProjects/Algebraic-Jacobian-Challenge-Rebuild/hgraph/nodes/835dcc69b73a.md
M	MainProjects/Algebraic-Jacobian-Challenge-Rebuild/hgraph/nodes/835feec90635.md
M	MainProjects/Algebraic-Jacobian-Challenge-Rebuild/hgraph/nodes/8364913ed39a.md
M	MainProjects/Algebraic-Jacobian-Challenge-Rebuild/hgraph/nodes/836616127ec9.md
M	MainProjects/Algebraic-Jacobian-Challenge-Rebuild/hgraph/nodes/837caba6b094.md
M	MainProjects/Algebraic-Jacobian-Challenge-Rebuild/hgraph/nodes/837fe0d438d5.md
M	MainProjects/Algebraic-Jacobian-Challenge-Rebuild/hgraph/nodes/8383fefe2b4f.md
M	MainProjects/Algebraic-Jacobian-Challenge-Rebuild/hgraph/nodes/838c72b59883.md
M	MainProjects/Algebraic-Jacobian-Challenge-Rebuild/hgraph/nodes/8394dd94fe3d.md
M	MainProjects/Algebraic-Jacobian-Challenge-Rebuild/hgraph/nodes/8397d9adf64a.md
M	MainProjects/Algebraic-Jacobian-Challenge-Rebuild/hgraph/nodes/839d8ed65f1b.md
M	MainProjects/Algebraic-Jacobian-Challenge-Rebuild/hgraph/nodes/839f22feb1e9.md
M	MainProjects/Algebraic-Jacobian-Challenge-Rebuild/hgraph/nodes/83b231168fe8.md
M	MainProjects/Algebraic-Jacobian-Challenge-Rebuild/hgraph/nodes/83c097cd7b2e.md
M	MainProjects/Algebraic-Jacobian-Challenge-Rebuild/hgraph/nodes/83c4d06bb0b8.md
M	MainProjects/Algebraic-Jacobian-Challenge-Rebuild/hgraph/nodes/83cefe77e8c1.md
M	MainProjects/Algebraic-Jacobian-Challenge-Rebuild/hgraph/nodes/83d2f169f740.md
M	MainProjects/Algebraic-Jacobian-Challenge-Rebuild/hgraph/nodes/83dba2203b40.md
M	MainProjects/Algebraic-Jacobian-Challenge-Rebuild/hgraph/nodes/83dc030ffc49.md
M	MainProjects/Algebraic-Jacobian-Challenge-Rebuild/hgraph/nodes/83dd6d8756fe.md
M	MainProjects/Algebraic-Jacobian-Challenge-Rebuild/hgraph/nodes/83f0236f5b8c.md
M	MainProjects/Algebraic-Jacobian-Challenge-Rebuild/hgraph/nodes/83f2bad9b694.md
M	MainProjects/Algebraic-Jacobian-Challenge-Rebuild/hgraph/nodes/83f6bd452590.md
M	MainProjects/Algebraic-Jacobian-Challenge-Rebuild/hgraph/nodes/83f78ae15791.md
M	MainProjects/Algebraic-Jacobian-Challenge-Rebuild/hgraph/nodes/83fa6cfc2f7a.md
M	MainProjects/Algebraic-Jacobian-Challenge-Rebuild/hgraph/nodes/840881111c0e.md
M	MainProjects/Algebraic-Jacobian-Challenge-Rebuild/hgraph/nodes/8411519ec078.md
M	MainProjects/Algebraic-Jacobian-Challenge-Rebuild/hgraph/nodes/8415a5746fb4.md
M	MainProjects/Algebraic-Jacobian-Challenge-Rebuild/hgraph/nodes/841c8aae6438.md
M	MainProjects/Algebraic-Jacobian-Challenge-Rebuild/hgraph/nodes/84246245e2eb.md
M	MainProjects/Algebraic-Jacobian-Challenge-Rebuild/hgraph/nodes/842d992a6747.md
M	MainProjects/Algebraic-Jacobian-Challenge-Rebuild/hgraph/nodes/8433c87a3fad.md
M	MainProjects/Algebraic-Jacobian-Challenge-Rebuild/hgraph/nodes/8437d380f7e9.md
M	MainProjects/Algebraic-Jacobian-Challenge-Rebuild/hgraph/nodes/8441baae3735.md
M	MainProjects/Algebraic-Jacobian-Challenge-Rebuild/hgraph/nodes/8444e4da123a.md
M	MainProjects/Algebraic-Jacobian-Challenge-Rebuild/hgraph/nodes/845464337d81.md
M	MainProjects/Algebraic-Jacobian-Challenge-Rebuild/hgraph/nodes/8461e5c5f931.md
M	MainProjects/Algebraic-Jacobian-Challenge-Rebuild/hgraph/nodes/8468efe623fd.md
M	MainProjects/Algebraic-Jacobian-Challenge-Rebuild/hgraph/nodes/846c3127fc6a.md
M	MainProjects/Algebraic-Jacobian-Challenge-Rebuild/hgraph/nodes/84781b790c0f.md
M	MainProjects/Algebraic-Jacobian-Challenge-Rebuild/hgraph/nodes/8479464bfa55.md
M	MainProjects/Algebraic-Jacobian-Challenge-Rebuild/hgraph/nodes/84824592730d.md
M	MainProjects/Algebraic-Jacobian-Challenge-Rebuild/hgraph/nodes/848cc009beab.md
M	MainProjects/Algebraic-Jacobian-Challenge-Rebuild/hgraph/nodes/848ea4b60361.md
M	MainProjects/Algebraic-Jacobian-Challenge-Rebuild/hgraph/nodes/848edc0ad0d3.md
M	MainProjects/Algebraic-Jacobian-Challenge-Rebuild/hgraph/nodes/84a3db68074c.md
M	MainProjects/Algebraic-Jacobian-Challenge-Rebuild/hgraph/nodes/84a7e7c00d17.md
M	MainProjects/Algebraic-Jacobian-Challenge-Rebuild/hgraph/nodes/84b312316eb1.md
M	MainProjects/Algebraic-Jacobian-Challenge-Rebuild/hgraph/nodes/84ba58d43079.md
M	MainProjects/Algebraic-Jacobian-Challenge-Rebuild/hgraph/nodes/84c1cd602d7c.md
M	MainProjects/Algebraic-Jacobian-Challenge-Rebuild/hgraph/nodes/84d86a023921.md
M	MainProjects/Algebraic-Jacobian-Challenge-Rebuild/hgraph/nodes/84e350241a41.md
M	MainProjects/Algebraic-Jacobian-Challenge-Rebuild/hgraph/nodes/84e7f1aa9f2a.md
M	MainProjects/Algebraic-Jacobian-Challenge-Rebuild/hgraph/nodes/84edd23dadcc.md
M	MainProjects/Algebraic-Jacobian-Challenge-Rebuild/hgraph/nodes/84f50b09bef5.md
M	MainProjects/Algebraic-Jacobian-Challenge-Rebuild/hgraph/nodes/84f75a41d509.md
M	MainProjects/Algebraic-Jacobian-Challenge-Rebuild/hgraph/nodes/84fe4089d8d9.md
M	MainProjects/Algebraic-Jacobian-Challenge-Rebuild/hgraph/nodes/8500be668fc6.md
M	MainProjects/Algebraic-Jacobian-Challenge-Rebuild/hgraph/nodes/85079dc133cb.md
M	MainProjects/Algebraic-Jacobian-Challenge-Rebuild/hgraph/nodes/850d35f49905.md
M	MainProjects/Algebraic-Jacobian-Challenge-Rebuild/hgraph/nodes/851724fc4671.md
M	MainProjects/Algebraic-Jacobian-Challenge-Rebuild/hgraph/nodes/851980384fb2.md
M	MainProjects/Algebraic-Jacobian-Challenge-Rebuild/hgraph/nodes/85218d970758.md
M	MainProjects/Algebraic-Jacobian-Challenge-Rebuild/hgraph/nodes/8522399a36a5.md
M	MainProjects/Algebraic-Jacobian-Challenge-Rebuild/hgraph/nodes/8524a3df2f22.md
M	MainProjects/Algebraic-Jacobian-Challenge-Rebuild/hgraph/nodes/852867015d8c.md
D	MainProjects/Algebraic-Jacobian-Challenge-Rebuild/hgraph/nodes/8531fd40f646.md
M	MainProjects/Algebraic-Jacobian-Challenge-Rebuild/hgraph/nodes/853c37fe7eea.md
M	MainProjects/Algebraic-Jacobian-Challenge-Rebuild/hgraph/nodes/854e64a00f73.md
M	MainProjects/Algebraic-Jacobian-Challenge-Rebuild/hgraph/nodes/855359eabab3.md
M	MainProjects/Algebraic-Jacobian-Challenge-Rebuild/hgraph/nodes/855b386e6b22.md
M	MainProjects/Algebraic-Jacobian-Challenge-Rebuild/hgraph/nodes/855c077f09bf.md
M	MainProjects/Algebraic-Jacobian-Challenge-Rebuild/hgraph/nodes/8570bf4e639c.md
M	MainProjects/Algebraic-Jacobian-Challenge-Rebuild/hgraph/nodes/85835e5808ac.md
M	MainProjects/Algebraic-Jacobian-Challenge-Rebuild/hgraph/nodes/858794fbe8c3.md
M	MainProjects/Algebraic-Jacobian-Challenge-Rebuild/hgraph/nodes/859ceafffd7f.md
M	MainProjects/Algebraic-Jacobian-Challenge-Rebuild/hgraph/nodes/85a0fa56efac.md
M	MainProjects/Algebraic-Jacobian-Challenge-Rebuild/hgraph/nodes/85b062732917.md
M	MainProjects/Algebraic-Jacobian-Challenge-Rebuild/hgraph/nodes/85ba30c7edbc.md
M	MainProjects/Algebraic-Jacobian-Challenge-Rebuild/hgraph/nodes/85d31aae6fba.md
M	MainProjects/Algebraic-Jacobian-Challenge-Rebuild/hgraph/nodes/85e0f3a0f9ec.md
M	MainProjects/Algebraic-Jacobian-Challenge-Rebuild/hgraph/nodes/85e926512b15.md
M	MainProjects/Algebraic-Jacobian-Challenge-Rebuild/hgraph/nodes/85eb700ed1bd.md
M	MainProjects/Algebraic-Jacobian-Challenge-Rebuild/hgraph/nodes/85efada72079.md
M	MainProjects/Algebraic-Jacobian-Challenge-Rebuild/hgraph/nodes/85f0a668fc0b.md
M	MainProjects/Algebraic-Jacobian-Challenge-Rebuild/hgraph/nodes/8604c2647ad3.md
M	MainProjects/Algebraic-Jacobian-Challenge-Rebuild/hgraph/nodes/8606941ace92.md
M	MainProjects/Algebraic-Jacobian-Challenge-Rebuild/hgraph/nodes/86187ef6aec0.md
M	MainProjects/Algebraic-Jacobian-Challenge-Rebuild/hgraph/nodes/861ad9c6e53b.md
M	MainProjects/Algebraic-Jacobian-Challenge-Rebuild/hgraph/nodes/862652e6ddef.md
M	MainProjects/Algebraic-Jacobian-Challenge-Rebuild/hgraph/nodes/863d802db385.md
M	MainProjects/Algebraic-Jacobian-Challenge-Rebuild/hgraph/nodes/86437d69c2f7.md
M	MainProjects/Algebraic-Jacobian-Challenge-Rebuild/hgraph/nodes/8647eba12ed4.md
M	MainProjects/Algebraic-Jacobian-Challenge-Rebuild/hgraph/nodes/864845e020a5.md
M	MainProjects/Algebraic-Jacobian-Challenge-Rebuild/hgraph/nodes/864da9d8f24e.md
M	MainProjects/Algebraic-Jacobian-Challenge-Rebuild/hgraph/nodes/864e9f25f1bd.md
M	MainProjects/Algebraic-Jacobian-Challenge-Rebuild/hgraph/nodes/865ce8f0b04d.md
M	MainProjects/Algebraic-Jacobian-Challenge-Rebuild/hgraph/nodes/8663c39ee83b.md
M	MainProjects/Algebraic-Jacobian-Challenge-Rebuild/hgraph/nodes/867b6cb76476.md
M	MainProjects/Algebraic-Jacobian-Challenge-Rebuild/hgraph/nodes/8689f828e75a.md
M	MainProjects/Algebraic-Jacobian-Challenge-Rebuild/hgraph/nodes/868aa867116d.md
M	MainProjects/Algebraic-Jacobian-Challenge-Rebuild/hgraph/nodes/868f7a3c5ee5.md
M	MainProjects/Algebraic-Jacobian-Challenge-Rebuild/hgraph/nodes/8694e0824bf9.md
M	MainProjects/Algebraic-Jacobian-Challenge-Rebuild/hgraph/nodes/86aacb5c8136.md
M	MainProjects/Algebraic-Jacobian-Challenge-Rebuild/hgraph/nodes/86aec70dc5e4.md
M	MainProjects/Algebraic-Jacobian-Challenge-Rebuild/hgraph/nodes/86b1acabd0ed.md
M	MainProjects/Algebraic-Jacobian-Challenge-Rebuild/hgraph/nodes/86d276b2a65c.md
M	MainProjects/Algebraic-Jacobian-Challenge-Rebuild/hgraph/nodes/86d61b28a5b4.md
M	MainProjects/Algebraic-Jacobian-Challenge-Rebuild/hgraph/nodes/86e7ca8142eb.md
M	MainProjects/Algebraic-Jacobian-Challenge-Rebuild/hgraph/nodes/86ead0fa2f08.md
M	MainProjects/Algebraic-Jacobian-Challenge-Rebuild/hgraph/nodes/86f08f6e1731.md
M	MainProjects/Algebraic-Jacobian-Challenge-Rebuild/hgraph/nodes/86f7698a097c.md
M	MainProjects/Algebraic-Jacobian-Challenge-Rebuild/hgraph/nodes/86fb5cc83610.md
M	MainProjects/Algebraic-Jacobian-Challenge-Rebuild/hgraph/nodes/86fd42182ce0.md
M	MainProjects/Algebraic-Jacobian-Challenge-Rebuild/hgraph/nodes/8700d0e2a9d1.md
M	MainProjects/Algebraic-Jacobian-Challenge-Rebuild/hgraph/nodes/870ca58f2711.md
M	MainProjects/Algebraic-Jacobian-Challenge-Rebuild/hgraph/nodes/870e5ee669f2.md
M	MainProjects/Algebraic-Jacobian-Challenge-Rebuild/hgraph/nodes/871118094313.md
M	MainProjects/Algebraic-Jacobian-Challenge-Rebuild/hgraph/nodes/871358bc92ba.md
M	MainProjects/Algebraic-Jacobian-Challenge-Rebuild/hgraph/nodes/8713ad3c4992.md
M	MainProjects/Algebraic-Jacobian-Challenge-Rebuild/hgraph/nodes/87146756cb12.md
M	MainProjects/Algebraic-Jacobian-Challenge-Rebuild/hgraph/nodes/8734f62053f9.md
M	MainProjects/Algebraic-Jacobian-Challenge-Rebuild/hgraph/nodes/873ec0b323a1.md
M	MainProjects/Algebraic-Jacobian-Challenge-Rebuild/hgraph/nodes/875f8a8b0e51.md
M	MainProjects/Algebraic-Jacobian-Challenge-Rebuild/hgraph/nodes/876fe1fb93cb.md
M	MainProjects/Algebraic-Jacobian-Challenge-Rebuild/hgraph/nodes/877997a9a2bf.md
M	MainProjects/Algebraic-Jacobian-Challenge-Rebuild/hgraph/nodes/87864d24fe5a.md
M	MainProjects/Algebraic-Jacobian-Challenge-Rebuild/hgraph/nodes/87a06bf49042.md
M	MainProjects/Algebraic-Jacobian-Challenge-Rebuild/hgraph/nodes/87a343b8dc54.md
M	MainProjects/Algebraic-Jacobian-Challenge-Rebuild/hgraph/nodes/87a7646e96b8.md
M	MainProjects/Algebraic-Jacobian-Challenge-Rebuild/hgraph/nodes/87a7aabe4ea5.md
M	MainProjects/Algebraic-Jacobian-Challenge-Rebuild/hgraph/nodes/87a801e5ab39.md
M	MainProjects/Algebraic-Jacobian-Challenge-Rebuild/hgraph/nodes/87a945bf7593.md
M	MainProjects/Algebraic-Jacobian-Challenge-Rebuild/hgraph/nodes/87ab172c5591.md
M	MainProjects/Algebraic-Jacobian-Challenge-Rebuild/hgraph/nodes/87b2bcd07f73.md
M	MainProjects/Algebraic-Jacobian-Challenge-Rebuild/hgraph/nodes/87c815bc41e0.md
M	MainProjects/Algebraic-Jacobian-Challenge-Rebuild/hgraph/nodes/87e5b8146fb3.md
M	MainProjects/Algebraic-Jacobian-Challenge-Rebuild/hgraph/nodes/87eaabd87c21.md
M	MainProjects/Algebraic-Jacobian-Challenge-Rebuild/hgraph/nodes/87ec093a601a.md
M	MainProjects/Algebraic-Jacobian-Challenge-Rebuild/hgraph/nodes/87ed475714b0.md
M	MainProjects/Algebraic-Jacobian-Challenge-Rebuild/hgraph/nodes/87fb6c542cab.md
M	MainProjects/Algebraic-Jacobian-Challenge-Rebuild/hgraph/nodes/8804e2aef320.md
M	MainProjects/Algebraic-Jacobian-Challenge-Rebuild/hgraph/nodes/880dd9e6bfcd.md
M	MainProjects/Algebraic-Jacobian-Challenge-Rebuild/hgraph/nodes/88135063e627.md
M	MainProjects/Algebraic-Jacobian-Challenge-Rebuild/hgraph/nodes/881e1acb918f.md
M	MainProjects/Algebraic-Jacobian-Challenge-Rebuild/hgraph/nodes/8820c8d9204b.md
M	MainProjects/Algebraic-Jacobian-Challenge-Rebuild/hgraph/nodes/88266e544297.md
M	MainProjects/Algebraic-Jacobian-Challenge-Rebuild/hgraph/nodes/882672d9de15.md
M	MainProjects/Algebraic-Jacobian-Challenge-Rebuild/hgraph/nodes/88342c07f333.md
M	MainProjects/Algebraic-Jacobian-Challenge-Rebuild/hgraph/nodes/88365dfb7746.md
M	MainProjects/Algebraic-Jacobian-Challenge-Rebuild/hgraph/nodes/884433cde54a.md
M	MainProjects/Algebraic-Jacobian-Challenge-Rebuild/hgraph/nodes/8846cfc9fa7d.md
M	MainProjects/Algebraic-Jacobian-Challenge-Rebuild/hgraph/nodes/884e395a3f0b.md
M	MainProjects/Algebraic-Jacobian-Challenge-Rebuild/hgraph/nodes/8856da3afd74.md
M	MainProjects/Algebraic-Jacobian-Challenge-Rebuild/hgraph/nodes/885c7e7ab0d3.md
M	MainProjects/Algebraic-Jacobian-Challenge-Rebuild/hgraph/nodes/886168c37bfb.md
M	MainProjects/Algebraic-Jacobian-Challenge-Rebuild/hgraph/nodes/886b2f6d9303.md
M	MainProjects/Algebraic-Jacobian-Challenge-Rebuild/hgraph/nodes/887e8b000689.md
M	MainProjects/Algebraic-Jacobian-Challenge-Rebuild/hgraph/nodes/88801744040a.md
M	MainProjects/Algebraic-Jacobian-Challenge-Rebuild/hgraph/nodes/88986b230f4b.md
M	MainProjects/Algebraic-Jacobian-Challenge-Rebuild/hgraph/nodes/889aafd61c1b.md
M	MainProjects/Algebraic-Jacobian-Challenge-Rebuild/hgraph/nodes/889b90471b08.md
M	MainProjects/Algebraic-Jacobian-Challenge-Rebuild/hgraph/nodes/88bb3be493cf.md
M	MainProjects/Algebraic-Jacobian-Challenge-Rebuild/hgraph/nodes/88be369a7f4a.md
M	MainProjects/Algebraic-Jacobian-Challenge-Rebuild/hgraph/nodes/88d799cb4907.md
M	MainProjects/Algebraic-Jacobian-Challenge-Rebuild/hgraph/nodes/88e317737b09.md
M	MainProjects/Algebraic-Jacobian-Challenge-Rebuild/hgraph/nodes/88e4d3ce3571.md
M	MainProjects/Algebraic-Jacobian-Challenge-Rebuild/hgraph/nodes/88f1850243b2.md
M	MainProjects/Algebraic-Jacobian-Challenge-Rebuild/hgraph/nodes/88fe12079828.md
M	MainProjects/Algebraic-Jacobian-Challenge-Rebuild/hgraph/nodes/89044b8d0452.md
M	MainProjects/Algebraic-Jacobian-Challenge-Rebuild/hgraph/nodes/89141988569a.md
M	MainProjects/Algebraic-Jacobian-Challenge-Rebuild/hgraph/nodes/8914de6811f6.md
M	MainProjects/Algebraic-Jacobian-Challenge-Rebuild/hgraph/nodes/8918c86c2008.md
M	MainProjects/Algebraic-Jacobian-Challenge-Rebuild/hgraph/nodes/89264e8e85d9.md
M	MainProjects/Algebraic-Jacobian-Challenge-Rebuild/hgraph/nodes/89265bebd30a.md
M	MainProjects/Algebraic-Jacobian-Challenge-Rebuild/hgraph/nodes/8926b4f4f871.md
M	MainProjects/Algebraic-Jacobian-Challenge-Rebuild/hgraph/nodes/8933a6ac1f5c.md
M	MainProjects/Algebraic-Jacobian-Challenge-Rebuild/hgraph/nodes/89357329ab42.md
M	MainProjects/Algebraic-Jacobian-Challenge-Rebuild/hgraph/nodes/893b7439ff4c.md
M	MainProjects/Algebraic-Jacobian-Challenge-Rebuild/hgraph/nodes/893fa509b841.md
M	MainProjects/Algebraic-Jacobian-Challenge-Rebuild/hgraph/nodes/8941a67f7a30.md
M	MainProjects/Algebraic-Jacobian-Challenge-Rebuild/hgraph/nodes/89420e8e4658.md
M	MainProjects/Algebraic-Jacobian-Challenge-Rebuild/hgraph/nodes/895175b45cea.md
M	MainProjects/Algebraic-Jacobian-Challenge-Rebuild/hgraph/nodes/8958ccc0e886.md
M	MainProjects/Algebraic-Jacobian-Challenge-Rebuild/hgraph/nodes/8959f6358354.md
M	MainProjects/Algebraic-Jacobian-Challenge-Rebuild/hgraph/nodes/895e7165626b.md
M	MainProjects/Algebraic-Jacobian-Challenge-Rebuild/hgraph/nodes/895ea8ba18ea.md
M	MainProjects/Algebraic-Jacobian-Challenge-Rebuild/hgraph/nodes/8963bb530220.md
M	MainProjects/Algebraic-Jacobian-Challenge-Rebuild/hgraph/nodes/8968ba54ee8e.md
M	MainProjects/Algebraic-Jacobian-Challenge-Rebuild/hgraph/nodes/896c2afe4c99.md
M	MainProjects/Algebraic-Jacobian-Challenge-Rebuild/hgraph/nodes/896f76f55513.md
M	MainProjects/Algebraic-Jacobian-Challenge-Rebuild/hgraph/nodes/897bc4b04dd5.md
M	MainProjects/Algebraic-Jacobian-Challenge-Rebuild/hgraph/nodes/897c277e0065.md
M	MainProjects/Algebraic-Jacobian-Challenge-Rebuild/hgraph/nodes/8984cfa78670.md
M	MainProjects/Algebraic-Jacobian-Challenge-Rebuild/hgraph/nodes/8988303ffe56.md
M	MainProjects/Algebraic-Jacobian-Challenge-Rebuild/hgraph/nodes/89a0a4f50396.md
M	MainProjects/Algebraic-Jacobian-Challenge-Rebuild/hgraph/nodes/89ab3e80a150.md
M	MainProjects/Algebraic-Jacobian-Challenge-Rebuild/hgraph/nodes/89b7e115c166.md
M	MainProjects/Algebraic-Jacobian-Challenge-Rebuild/hgraph/nodes/89b8775d2518.md
M	MainProjects/Algebraic-Jacobian-Challenge-Rebuild/hgraph/nodes/89bd9b3d5d7e.md
M	MainProjects/Algebraic-Jacobian-Challenge-Rebuild/hgraph/nodes/89c99f943c27.md
M	MainProjects/Algebraic-Jacobian-Challenge-Rebuild/hgraph/nodes/89ca6abf3110.md
M	MainProjects/Algebraic-Jacobian-Challenge-Rebuild/hgraph/nodes/89cbf9e8d750.md
M	MainProjects/Algebraic-Jacobian-Challenge-Rebuild/hgraph/nodes/89dba6cea7de.md
M	MainProjects/Algebraic-Jacobian-Challenge-Rebuild/hgraph/nodes/89f68e9c3501.md
M	MainProjects/Algebraic-Jacobian-Challenge-Rebuild/hgraph/nodes/8a08d58b9ffa.md
M	MainProjects/Algebraic-Jacobian-Challenge-Rebuild/hgraph/nodes/8a2691be4288.md
M	MainProjects/Algebraic-Jacobian-Challenge-Rebuild/hgraph/nodes/8a2892e41d28.md
M	MainProjects/Algebraic-Jacobian-Challenge-Rebuild/hgraph/nodes/8a2bd9a9aa92.md
M	MainProjects/Algebraic-Jacobian-Challenge-Rebuild/hgraph/nodes/8a2c75db25e9.md
M	MainProjects/Algebraic-Jacobian-Challenge-Rebuild/hgraph/nodes/8a3120404dac.md
M	MainProjects/Algebraic-Jacobian-Challenge-Rebuild/hgraph/nodes/8a3680e2e6e6.md
M	MainProjects/Algebraic-Jacobian-Challenge-Rebuild/hgraph/nodes/8a3736d5294d.md
M	MainProjects/Algebraic-Jacobian-Challenge-Rebuild/hgraph/nodes/8a397665c393.md
M	MainProjects/Algebraic-Jacobian-Challenge-Rebuild/hgraph/nodes/8a3a204cea84.md
D	MainProjects/Algebraic-Jacobian-Challenge-Rebuild/hgraph/nodes/8a44d5cb04e3.md
M	MainProjects/Algebraic-Jacobian-Challenge-Rebuild/hgraph/nodes/8a4bfdaa22df.md
M	MainProjects/Algebraic-Jacobian-Challenge-Rebuild/hgraph/nodes/8a4cc0dd5b23.md
M	MainProjects/Algebraic-Jacobian-Challenge-Rebuild/hgraph/nodes/8a52f4c12101.md
M	MainProjects/Algebraic-Jacobian-Challenge-Rebuild/hgraph/nodes/8a6126c00dd7.md
M	MainProjects/Algebraic-Jacobian-Challenge-Rebuild/hgraph/nodes/8a62450f3dde.md
M	MainProjects/Algebraic-Jacobian-Challenge-Rebuild/hgraph/nodes/8a707e378417.md
M	MainProjects/Algebraic-Jacobian-Challenge-Rebuild/hgraph/nodes/8a740b7b834b.md
M	MainProjects/Algebraic-Jacobian-Challenge-Rebuild/hgraph/nodes/8a75f4c6ae08.md
M	MainProjects/Algebraic-Jacobian-Challenge-Rebuild/hgraph/nodes/8a7c21a1a0c0.md
M	MainProjects/Algebraic-Jacobian-Challenge-Rebuild/hgraph/nodes/8a858981cecc.md
M	MainProjects/Algebraic-Jacobian-Challenge-Rebuild/hgraph/nodes/8a8650111fd3.md
M	MainProjects/Algebraic-Jacobian-Challenge-Rebuild/hgraph/nodes/8a92bc1d516d.md
M	MainProjects/Algebraic-Jacobian-Challenge-Rebuild/hgraph/nodes/8a92dcf48d2e.md
M	MainProjects/Algebraic-Jacobian-Challenge-Rebuild/hgraph/nodes/8a963df41d51.md
M	MainProjects/Algebraic-Jacobian-Challenge-Rebuild/hgraph/nodes/8aa911b71b90.md
M	MainProjects/Algebraic-Jacobian-Challenge-Rebuild/hgraph/nodes/8abc52197220.md
M	MainProjects/Algebraic-Jacobian-Challenge-Rebuild/hgraph/nodes/8abed03c66f6.md
M	MainProjects/Algebraic-Jacobian-Challenge-Rebuild/hgraph/nodes/8acf661ac3ea.md
M	MainProjects/Algebraic-Jacobian-Challenge-Rebuild/hgraph/nodes/8ae180faba16.md
M	MainProjects/Algebraic-Jacobian-Challenge-Rebuild/hgraph/nodes/8ae5e38b3f02.md
M	MainProjects/Algebraic-Jacobian-Challenge-Rebuild/hgraph/nodes/8ae60698ba61.md
M	MainProjects/Algebraic-Jacobian-Challenge-Rebuild/hgraph/nodes/8ae6dba2cf09.md
M	MainProjects/Algebraic-Jacobian-Challenge-Rebuild/hgraph/nodes/8aea196406d3.md
M	MainProjects/Algebraic-Jacobian-Challenge-Rebuild/hgraph/nodes/8b059481407b.md
M	MainProjects/Algebraic-Jacobian-Challenge-Rebuild/hgraph/nodes/8b0fa4ceb203.md
M	MainProjects/Algebraic-Jacobian-Challenge-Rebuild/hgraph/nodes/8b12a92e25aa.md
M	MainProjects/Algebraic-Jacobian-Challenge-Rebuild/hgraph/nodes/8b1cf0fcb85d.md
M	MainProjects/Algebraic-Jacobian-Challenge-Rebuild/hgraph/nodes/8b1e18a48c82.md
M	MainProjects/Algebraic-Jacobian-Challenge-Rebuild/hgraph/nodes/8b2b1e739978.md
M	MainProjects/Algebraic-Jacobian-Challenge-Rebuild/hgraph/nodes/8b33f6c9b669.md
M	MainProjects/Algebraic-Jacobian-Challenge-Rebuild/hgraph/nodes/8b344458487a.md
M	MainProjects/Algebraic-Jacobian-Challenge-Rebuild/hgraph/nodes/8b3872a01e7b.md
M	MainProjects/Algebraic-Jacobian-Challenge-Rebuild/hgraph/nodes/8b3dece325ce.md
M	MainProjects/Algebraic-Jacobian-Challenge-Rebuild/hgraph/nodes/8b40691d1559.md
M	MainProjects/Algebraic-Jacobian-Challenge-Rebuild/hgraph/nodes/8b4c5b6e9f6b.md
M	MainProjects/Algebraic-Jacobian-Challenge-Rebuild/hgraph/nodes/8b50752bb7b7.md
M	MainProjects/Algebraic-Jacobian-Challenge-Rebuild/hgraph/nodes/8b58de809266.md
M	MainProjects/Algebraic-Jacobian-Challenge-Rebuild/hgraph/nodes/8b5bdcbaa298.md
M	MainProjects/Algebraic-Jacobian-Challenge-Rebuild/hgraph/nodes/8b5cd7180c5d.md
M	MainProjects/Algebraic-Jacobian-Challenge-Rebuild/hgraph/nodes/8b5deec8a093.md
M	MainProjects/Algebraic-Jacobian-Challenge-Rebuild/hgraph/nodes/8b604a593eab.md
M	MainProjects/Algebraic-Jacobian-Challenge-Rebuild/hgraph/nodes/8b7d51b4abb6.md
M	MainProjects/Algebraic-Jacobian-Challenge-Rebuild/hgraph/nodes/8b88550af8f5.md
M	MainProjects/Algebraic-Jacobian-Challenge-Rebuild/hgraph/nodes/8b9940ee603e.md
D	MainProjects/Algebraic-Jacobian-Challenge-Rebuild/hgraph/nodes/8ba57c84c1a7.md
M	MainProjects/Algebraic-Jacobian-Challenge-Rebuild/hgraph/nodes/8bb4baee5cbc.md
M	MainProjects/Algebraic-Jacobian-Challenge-Rebuild/hgraph/nodes/8bb7c67b085b.md
M	MainProjects/Algebraic-Jacobian-Challenge-Rebuild/hgraph/nodes/8bb87011c780.md
M	MainProjects/Algebraic-Jacobian-Challenge-Rebuild/hgraph/nodes/8bc930aab463.md
M	MainProjects/Algebraic-Jacobian-Challenge-Rebuild/hgraph/nodes/8bd875a6bfdb.md
M	MainProjects/Algebraic-Jacobian-Challenge-Rebuild/hgraph/nodes/8bdc57db32d3.md
M	MainProjects/Algebraic-Jacobian-Challenge-Rebuild/hgraph/nodes/8bdcd8b3c8e7.md
M	MainProjects/Algebraic-Jacobian-Challenge-Rebuild/hgraph/nodes/8be25390f9eb.md
M	MainProjects/Algebraic-Jacobian-Challenge-Rebuild/hgraph/nodes/8be76fc98079.md
M	MainProjects/Algebraic-Jacobian-Challenge-Rebuild/hgraph/nodes/8bedcd95611a.md
M	MainProjects/Algebraic-Jacobian-Challenge-Rebuild/hgraph/nodes/8bf2448a27c3.md
M	MainProjects/Algebraic-Jacobian-Challenge-Rebuild/hgraph/nodes/8bfc6e67d75e.md
M	MainProjects/Algebraic-Jacobian-Challenge-Rebuild/hgraph/nodes/8bfc930d1177.md
M	MainProjects/Algebraic-Jacobian-Challenge-Rebuild/hgraph/nodes/8bfd2e8f8243.md
M	MainProjects/Algebraic-Jacobian-Challenge-Rebuild/hgraph/nodes/8c07cca020e1.md
M	MainProjects/Algebraic-Jacobian-Challenge-Rebuild/hgraph/nodes/8c08c27879ab.md
M	MainProjects/Algebraic-Jacobian-Challenge-Rebuild/hgraph/nodes/8c188790a2b2.md
M	MainProjects/Algebraic-Jacobian-Challenge-Rebuild/hgraph/nodes/8c1a94bee916.md
M	MainProjects/Algebraic-Jacobian-Challenge-Rebuild/hgraph/nodes/8c1dfc352755.md
M	MainProjects/Algebraic-Jacobian-Challenge-Rebuild/hgraph/nodes/8c3276bbb904.md
M	MainProjects/Algebraic-Jacobian-Challenge-Rebuild/hgraph/nodes/8c420352ba24.md
M	MainProjects/Algebraic-Jacobian-Challenge-Rebuild/hgraph/nodes/8c45d90efb3c.md
M	MainProjects/Algebraic-Jacobian-Challenge-Rebuild/hgraph/nodes/8c5345d2db99.md
M	MainProjects/Algebraic-Jacobian-Challenge-Rebuild/hgraph/nodes/8c57e2fc2c93.md
M	MainProjects/Algebraic-Jacobian-Challenge-Rebuild/hgraph/nodes/8c6418e420ea.md
M	MainProjects/Algebraic-Jacobian-Challenge-Rebuild/hgraph/nodes/8c72c997d923.md
M	MainProjects/Algebraic-Jacobian-Challenge-Rebuild/hgraph/nodes/8c75771ea9cd.md
M	MainProjects/Algebraic-Jacobian-Challenge-Rebuild/hgraph/nodes/8c784dd00333.md
M	MainProjects/Algebraic-Jacobian-Challenge-Rebuild/hgraph/nodes/8c8595f2dcb4.md
M	MainProjects/Algebraic-Jacobian-Challenge-Rebuild/hgraph/nodes/8c8b411da83d.md
M	MainProjects/Algebraic-Jacobian-Challenge-Rebuild/hgraph/nodes/8c90ad0b66ed.md
M	MainProjects/Algebraic-Jacobian-Challenge-Rebuild/hgraph/nodes/8c96416f92c2.md
M	MainProjects/Algebraic-Jacobian-Challenge-Rebuild/hgraph/nodes/8c9b09d46041.md
M	MainProjects/Algebraic-Jacobian-Challenge-Rebuild/hgraph/nodes/8c9ed99fad67.md
M	MainProjects/Algebraic-Jacobian-Challenge-Rebuild/hgraph/nodes/8ca61496c654.md
M	MainProjects/Algebraic-Jacobian-Challenge-Rebuild/hgraph/nodes/8cb0f40d36a9.md
M	MainProjects/Algebraic-Jacobian-Challenge-Rebuild/hgraph/nodes/8cbe889f5d42.md
M	MainProjects/Algebraic-Jacobian-Challenge-Rebuild/hgraph/nodes/8cc654ff19c0.md
M	MainProjects/Algebraic-Jacobian-Challenge-Rebuild/hgraph/nodes/8ccc033d0d12.md
M	MainProjects/Algebraic-Jacobian-Challenge-Rebuild/hgraph/nodes/8cce9d0562a7.md
M	MainProjects/Algebraic-Jacobian-Challenge-Rebuild/hgraph/nodes/8cd70a63a5df.md
M	MainProjects/Algebraic-Jacobian-Challenge-Rebuild/hgraph/nodes/8ce958ca28e5.md
M	MainProjects/Algebraic-Jacobian-Challenge-Rebuild/hgraph/nodes/8cf2fd67022a.md
M	MainProjects/Algebraic-Jacobian-Challenge-Rebuild/hgraph/nodes/8cf73937f669.md
M	MainProjects/Algebraic-Jacobian-Challenge-Rebuild/hgraph/nodes/8cfb5a1d654a.md
M	MainProjects/Algebraic-Jacobian-Challenge-Rebuild/hgraph/nodes/8d2007c32c06.md
M	MainProjects/Algebraic-Jacobian-Challenge-Rebuild/hgraph/nodes/8d2075349de8.md
M	MainProjects/Algebraic-Jacobian-Challenge-Rebuild/hgraph/nodes/8d243534c820.md
M	MainProjects/Algebraic-Jacobian-Challenge-Rebuild/hgraph/nodes/8d2eead14cec.md
M	MainProjects/Algebraic-Jacobian-Challenge-Rebuild/hgraph/nodes/8d3941dd6607.md
M	MainProjects/Algebraic-Jacobian-Challenge-Rebuild/hgraph/nodes/8d3adfe1c595.md
M	MainProjects/Algebraic-Jacobian-Challenge-Rebuild/hgraph/nodes/8d44ff60ddc5.md
M	MainProjects/Algebraic-Jacobian-Challenge-Rebuild/hgraph/nodes/8d4b70f18bcb.md
M	MainProjects/Algebraic-Jacobian-Challenge-Rebuild/hgraph/nodes/8d51b96c1b6c.md
M	MainProjects/Algebraic-Jacobian-Challenge-Rebuild/hgraph/nodes/8d547793d82d.md
M	MainProjects/Algebraic-Jacobian-Challenge-Rebuild/hgraph/nodes/8d5aa21b7132.md
M	MainProjects/Algebraic-Jacobian-Challenge-Rebuild/hgraph/nodes/8d5cc538cdc5.md
M	MainProjects/Algebraic-Jacobian-Challenge-Rebuild/hgraph/nodes/8d6536978864.md
M	MainProjects/Algebraic-Jacobian-Challenge-Rebuild/hgraph/nodes/8d693ff5180b.md
M	MainProjects/Algebraic-Jacobian-Challenge-Rebuild/hgraph/nodes/8d6b2102264f.md
M	MainProjects/Algebraic-Jacobian-Challenge-Rebuild/hgraph/nodes/8d6c62217fff.md
M	MainProjects/Algebraic-Jacobian-Challenge-Rebuild/hgraph/nodes/8d7d82fa614f.md
M	MainProjects/Algebraic-Jacobian-Challenge-Rebuild/hgraph/nodes/8d7fc4491c47.md
M	MainProjects/Algebraic-Jacobian-Challenge-Rebuild/hgraph/nodes/8d85db0795e0.md
M	MainProjects/Algebraic-Jacobian-Challenge-Rebuild/hgraph/nodes/8d86f3c270c3.md
M	MainProjects/Algebraic-Jacobian-Challenge-Rebuild/hgraph/nodes/8d8acce7cc60.md
M	MainProjects/Algebraic-Jacobian-Challenge-Rebuild/hgraph/nodes/8d9758148ac9.md
M	MainProjects/Algebraic-Jacobian-Challenge-Rebuild/hgraph/nodes/8da2448bfd3d.md
M	MainProjects/Algebraic-Jacobian-Challenge-Rebuild/hgraph/nodes/8dbbac988156.md
M	MainProjects/Algebraic-Jacobian-Challenge-Rebuild/hgraph/nodes/8dcdcc884ee1.md
M	MainProjects/Algebraic-Jacobian-Challenge-Rebuild/hgraph/nodes/8dcf8517b384.md
M	MainProjects/Algebraic-Jacobian-Challenge-Rebuild/hgraph/nodes/8dd24b8fd808.md
M	MainProjects/Algebraic-Jacobian-Challenge-Rebuild/hgraph/nodes/8de5d87106c8.md
M	MainProjects/Algebraic-Jacobian-Challenge-Rebuild/hgraph/nodes/8df3e8dac4fa.md
M	MainProjects/Algebraic-Jacobian-Challenge-Rebuild/hgraph/nodes/8df61ae88b88.md
M	MainProjects/Algebraic-Jacobian-Challenge-Rebuild/hgraph/nodes/8df7705ed504.md
M	MainProjects/Algebraic-Jacobian-Challenge-Rebuild/hgraph/nodes/8dfd32dd2ba3.md
M	MainProjects/Algebraic-Jacobian-Challenge-Rebuild/hgraph/nodes/8e001f92aec0.md
M	MainProjects/Algebraic-Jacobian-Challenge-Rebuild/hgraph/nodes/8e0645d47180.md
M	MainProjects/Algebraic-Jacobian-Challenge-Rebuild/hgraph/nodes/8e0cbee1ab03.md
M	MainProjects/Algebraic-Jacobian-Challenge-Rebuild/hgraph/nodes/8e153db6b129.md
M	MainProjects/Algebraic-Jacobian-Challenge-Rebuild/hgraph/nodes/8e17a49c5084.md
M	MainProjects/Algebraic-Jacobian-Challenge-Rebuild/hgraph/nodes/8e17d6d73f36.md
M	MainProjects/Algebraic-Jacobian-Challenge-Rebuild/hgraph/nodes/8e2db37d684a.md
M	MainProjects/Algebraic-Jacobian-Challenge-Rebuild/hgraph/nodes/8e34c481baac.md
M	MainProjects/Algebraic-Jacobian-Challenge-Rebuild/hgraph/nodes/8e35c0cc1e06.md
M	MainProjects/Algebraic-Jacobian-Challenge-Rebuild/hgraph/nodes/8e37a37f03fa.md
M	MainProjects/Algebraic-Jacobian-Challenge-Rebuild/hgraph/nodes/8e38ca25bdb7.md
M	MainProjects/Algebraic-Jacobian-Challenge-Rebuild/hgraph/nodes/8e3ae1d71561.md
M	MainProjects/Algebraic-Jacobian-Challenge-Rebuild/hgraph/nodes/8e477faeceaf.md
M	MainProjects/Algebraic-Jacobian-Challenge-Rebuild/hgraph/nodes/8e4dc7de6654.md
M	MainProjects/Algebraic-Jacobian-Challenge-Rebuild/hgraph/nodes/8e5ecafc7774.md
M	MainProjects/Algebraic-Jacobian-Challenge-Rebuild/hgraph/nodes/8e6128dc1a59.md
M	MainProjects/Algebraic-Jacobian-Challenge-Rebuild/hgraph/nodes/8e6298b1316c.md
M	MainProjects/Algebraic-Jacobian-Challenge-Rebuild/hgraph/nodes/8e64f618d57e.md
M	MainProjects/Algebraic-Jacobian-Challenge-Rebuild/hgraph/nodes/8e672abba194.md
M	MainProjects/Algebraic-Jacobian-Challenge-Rebuild/hgraph/nodes/8e6a1e2619f5.md
M	MainProjects/Algebraic-Jacobian-Challenge-Rebuild/hgraph/nodes/8e6ce8da5ab3.md
M	MainProjects/Algebraic-Jacobian-Challenge-Rebuild/hgraph/nodes/8e70fba1b3d7.md
M	MainProjects/Algebraic-Jacobian-Challenge-Rebuild/hgraph/nodes/8e840106f37a.md
M	MainProjects/Algebraic-Jacobian-Challenge-Rebuild/hgraph/nodes/8e857e265536.md
M	MainProjects/Algebraic-Jacobian-Challenge-Rebuild/hgraph/nodes/8e866b45944a.md
M	MainProjects/Algebraic-Jacobian-Challenge-Rebuild/hgraph/nodes/8e8a10e1ba3a.md
M	MainProjects/Algebraic-Jacobian-Challenge-Rebuild/hgraph/nodes/8e98e08ae086.md
M	MainProjects/Algebraic-Jacobian-Challenge-Rebuild/hgraph/nodes/8e9936978eec.md
M	MainProjects/Algebraic-Jacobian-Challenge-Rebuild/hgraph/nodes/8e9c6ab073c8.md
M	MainProjects/Algebraic-Jacobian-Challenge-Rebuild/hgraph/nodes/8ea60c621c1e.md
M	MainProjects/Algebraic-Jacobian-Challenge-Rebuild/hgraph/nodes/8eb035807dce.md
M	MainProjects/Algebraic-Jacobian-Challenge-Rebuild/hgraph/nodes/8eb109407387.md
M	MainProjects/Algebraic-Jacobian-Challenge-Rebuild/hgraph/nodes/8eb1ec7ac0e1.md
M	MainProjects/Algebraic-Jacobian-Challenge-Rebuild/hgraph/nodes/8edb412d0377.md
M	MainProjects/Algebraic-Jacobian-Challenge-Rebuild/hgraph/nodes/8eecc4178f5c.md
M	MainProjects/Algebraic-Jacobian-Challenge-Rebuild/hgraph/nodes/8eed32d1061d.md
M	MainProjects/Algebraic-Jacobian-Challenge-Rebuild/hgraph/nodes/8ef69196859c.md
M	MainProjects/Algebraic-Jacobian-Challenge-Rebuild/hgraph/nodes/8efa27e09905.md
M	MainProjects/Algebraic-Jacobian-Challenge-Rebuild/hgraph/nodes/8efec298be6d.md
M	MainProjects/Algebraic-Jacobian-Challenge-Rebuild/hgraph/nodes/8f03fa20561c.md
M	MainProjects/Algebraic-Jacobian-Challenge-Rebuild/hgraph/nodes/8f1d4e5864aa.md
M	MainProjects/Algebraic-Jacobian-Challenge-Rebuild/hgraph/nodes/8f1e5f213a46.md
M	MainProjects/Algebraic-Jacobian-Challenge-Rebuild/hgraph/nodes/8f22c4c954bb.md
M	MainProjects/Algebraic-Jacobian-Challenge-Rebuild/hgraph/nodes/8f2dc43949a9.md
M	MainProjects/Algebraic-Jacobian-Challenge-Rebuild/hgraph/nodes/8f36cb5b86d2.md
M	MainProjects/Algebraic-Jacobian-Challenge-Rebuild/hgraph/nodes/8f3c00abade2.md
M	MainProjects/Algebraic-Jacobian-Challenge-Rebuild/hgraph/nodes/8f4840839054.md
M	MainProjects/Algebraic-Jacobian-Challenge-Rebuild/hgraph/nodes/8f495d27cf20.md
M	MainProjects/Algebraic-Jacobian-Challenge-Rebuild/hgraph/nodes/8f49600e39af.md
M	MainProjects/Algebraic-Jacobian-Challenge-Rebuild/hgraph/nodes/8f693b23a9f8.md
M	MainProjects/Algebraic-Jacobian-Challenge-Rebuild/hgraph/nodes/8f763efd7cf0.md
M	MainProjects/Algebraic-Jacobian-Challenge-Rebuild/hgraph/nodes/8f7dff5d6ee3.md
M	MainProjects/Algebraic-Jacobian-Challenge-Rebuild/hgraph/nodes/8f89bf8eefaa.md
M	MainProjects/Algebraic-Jacobian-Challenge-Rebuild/hgraph/nodes/8fa9e2b10ca1.md
M	MainProjects/Algebraic-Jacobian-Challenge-Rebuild/hgraph/nodes/8fab879c4e6a.md
M	MainProjects/Algebraic-Jacobian-Challenge-Rebuild/hgraph/nodes/8fb931b529f7.md
M	MainProjects/Algebraic-Jacobian-Challenge-Rebuild/hgraph/nodes/8fc5d3d57d5b.md
M	MainProjects/Algebraic-Jacobian-Challenge-Rebuild/hgraph/nodes/900752c09cc7.md
M	MainProjects/Algebraic-Jacobian-Challenge-Rebuild/hgraph/nodes/9007b0c63253.md
M	MainProjects/Algebraic-Jacobian-Challenge-Rebuild/hgraph/nodes/900bdbbc751a.md
M	MainProjects/Algebraic-Jacobian-Challenge-Rebuild/hgraph/nodes/9015b840c142.md
M	MainProjects/Algebraic-Jacobian-Challenge-Rebuild/hgraph/nodes/9019e542e976.md
M	MainProjects/Algebraic-Jacobian-Challenge-Rebuild/hgraph/nodes/901ff6b5bcc5.md
M	MainProjects/Algebraic-Jacobian-Challenge-Rebuild/hgraph/nodes/9023e5ce1ea0.md
M	MainProjects/Algebraic-Jacobian-Challenge-Rebuild/hgraph/nodes/9025a2eee554.md
M	MainProjects/Algebraic-Jacobian-Challenge-Rebuild/hgraph/nodes/90273096ea3b.md
M	MainProjects/Algebraic-Jacobian-Challenge-Rebuild/hgraph/nodes/9035076af381.md
M	MainProjects/Algebraic-Jacobian-Challenge-Rebuild/hgraph/nodes/903d5c22d9bc.md
M	MainProjects/Algebraic-Jacobian-Challenge-Rebuild/hgraph/nodes/903e6aad1300.md
M	MainProjects/Algebraic-Jacobian-Challenge-Rebuild/hgraph/nodes/9045642006b8.md
M	MainProjects/Algebraic-Jacobian-Challenge-Rebuild/hgraph/nodes/9049a71e6ebe.md
M	MainProjects/Algebraic-Jacobian-Challenge-Rebuild/hgraph/nodes/905de82d3c3e.md
M	MainProjects/Algebraic-Jacobian-Challenge-Rebuild/hgraph/nodes/906567cb9f57.md
M	MainProjects/Algebraic-Jacobian-Challenge-Rebuild/hgraph/nodes/90731160c51b.md
M	MainProjects/Algebraic-Jacobian-Challenge-Rebuild/hgraph/nodes/9078e1d4f05e.md
M	MainProjects/Algebraic-Jacobian-Challenge-Rebuild/hgraph/nodes/907ddcf8801a.md
M	MainProjects/Algebraic-Jacobian-Challenge-Rebuild/hgraph/nodes/907df6becb98.md
M	MainProjects/Algebraic-Jacobian-Challenge-Rebuild/hgraph/nodes/907f7508419b.md
M	MainProjects/Algebraic-Jacobian-Challenge-Rebuild/hgraph/nodes/909874a3cfc1.md
M	MainProjects/Algebraic-Jacobian-Challenge-Rebuild/hgraph/nodes/90a070a43374.md
M	MainProjects/Algebraic-Jacobian-Challenge-Rebuild/hgraph/nodes/90a40ef3e0d5.md
M	MainProjects/Algebraic-Jacobian-Challenge-Rebuild/hgraph/nodes/90aeb07c9e16.md
M	MainProjects/Algebraic-Jacobian-Challenge-Rebuild/hgraph/nodes/90af85d91a4a.md
M	MainProjects/Algebraic-Jacobian-Challenge-Rebuild/hgraph/nodes/90bf6a56ccd8.md
M	MainProjects/Algebraic-Jacobian-Challenge-Rebuild/hgraph/nodes/90c13d95d6a1.md
M	MainProjects/Algebraic-Jacobian-Challenge-Rebuild/hgraph/nodes/90c302243c81.md
M	MainProjects/Algebraic-Jacobian-Challenge-Rebuild/hgraph/nodes/90c556b8406e.md
M	MainProjects/Algebraic-Jacobian-Challenge-Rebuild/hgraph/nodes/90cccc8c60af.md
M	MainProjects/Algebraic-Jacobian-Challenge-Rebuild/hgraph/nodes/90d044f0a8e8.md
M	MainProjects/Algebraic-Jacobian-Challenge-Rebuild/hgraph/nodes/90d9f8868482.md
M	MainProjects/Algebraic-Jacobian-Challenge-Rebuild/hgraph/nodes/90dde1405c15.md
M	MainProjects/Algebraic-Jacobian-Challenge-Rebuild/hgraph/nodes/90e728f851dc.md
M	MainProjects/Algebraic-Jacobian-Challenge-Rebuild/hgraph/nodes/90ea0999e1b0.md
M	MainProjects/Algebraic-Jacobian-Challenge-Rebuild/hgraph/nodes/90eba910d817.md
M	MainProjects/Algebraic-Jacobian-Challenge-Rebuild/hgraph/nodes/90f3d05d6e44.md
M	MainProjects/Algebraic-Jacobian-Challenge-Rebuild/hgraph/nodes/90f86064ca3b.md
M	MainProjects/Algebraic-Jacobian-Challenge-Rebuild/hgraph/nodes/90fcc5b98785.md
M	MainProjects/Algebraic-Jacobian-Challenge-Rebuild/hgraph/nodes/910ba95b231f.md
M	MainProjects/Algebraic-Jacobian-Challenge-Rebuild/hgraph/nodes/9110b114039d.md
M	MainProjects/Algebraic-Jacobian-Challenge-Rebuild/hgraph/nodes/91117261f34c.md
M	MainProjects/Algebraic-Jacobian-Challenge-Rebuild/hgraph/nodes/91118b4e560e.md
M	MainProjects/Algebraic-Jacobian-Challenge-Rebuild/hgraph/nodes/911c4bf01db1.md
M	MainProjects/Algebraic-Jacobian-Challenge-Rebuild/hgraph/nodes/912575d7578c.md
M	MainProjects/Algebraic-Jacobian-Challenge-Rebuild/hgraph/nodes/91260c4c4c2b.md
M	MainProjects/Algebraic-Jacobian-Challenge-Rebuild/hgraph/nodes/91315a859f91.md
M	MainProjects/Algebraic-Jacobian-Challenge-Rebuild/hgraph/nodes/91478c9a57c1.md
M	MainProjects/Algebraic-Jacobian-Challenge-Rebuild/hgraph/nodes/9161c36e999a.md
M	MainProjects/Algebraic-Jacobian-Challenge-Rebuild/hgraph/nodes/916a8b719446.md
M	MainProjects/Algebraic-Jacobian-Challenge-Rebuild/hgraph/nodes/917b7fd59a80.md
M	MainProjects/Algebraic-Jacobian-Challenge-Rebuild/hgraph/nodes/918227435bef.md
M	MainProjects/Algebraic-Jacobian-Challenge-Rebuild/hgraph/nodes/918e1fe94733.md
M	MainProjects/Algebraic-Jacobian-Challenge-Rebuild/hgraph/nodes/919068d15a46.md
M	MainProjects/Algebraic-Jacobian-Challenge-Rebuild/hgraph/nodes/9194e330c164.md
M	MainProjects/Algebraic-Jacobian-Challenge-Rebuild/hgraph/nodes/919a9fa05206.md
M	MainProjects/Algebraic-Jacobian-Challenge-Rebuild/hgraph/nodes/919f4092a240.md
M	MainProjects/Algebraic-Jacobian-Challenge-Rebuild/hgraph/nodes/91b0636a83e6.md
M	MainProjects/Algebraic-Jacobian-Challenge-Rebuild/hgraph/nodes/91b3b7c577d8.md
M	MainProjects/Algebraic-Jacobian-Challenge-Rebuild/hgraph/nodes/91c714b56071.md
M	MainProjects/Algebraic-Jacobian-Challenge-Rebuild/hgraph/nodes/91cbce93e693.md
M	MainProjects/Algebraic-Jacobian-Challenge-Rebuild/hgraph/nodes/91cc1c26c227.md
M	MainProjects/Algebraic-Jacobian-Challenge-Rebuild/hgraph/nodes/91cef27cd76d.md
M	MainProjects/Algebraic-Jacobian-Challenge-Rebuild/hgraph/nodes/91d0782f1f05.md
M	MainProjects/Algebraic-Jacobian-Challenge-Rebuild/hgraph/nodes/91d3d3409b8e.md
M	MainProjects/Algebraic-Jacobian-Challenge-Rebuild/hgraph/nodes/91d8a2b79c6b.md
M	MainProjects/Algebraic-Jacobian-Challenge-Rebuild/hgraph/nodes/91d987cd58b6.md
M	MainProjects/Algebraic-Jacobian-Challenge-Rebuild/hgraph/nodes/91e74e1c8b1b.md
M	MainProjects/Algebraic-Jacobian-Challenge-Rebuild/hgraph/nodes/91ed17429118.md
M	MainProjects/Algebraic-Jacobian-Challenge-Rebuild/hgraph/nodes/91ee7e8a8945.md
M	MainProjects/Algebraic-Jacobian-Challenge-Rebuild/hgraph/nodes/91f23ecc1ae1.md
M	MainProjects/Algebraic-Jacobian-Challenge-Rebuild/hgraph/nodes/920117bdbc92.md
M	MainProjects/Algebraic-Jacobian-Challenge-Rebuild/hgraph/nodes/920c5e01d2b7.md
M	MainProjects/Algebraic-Jacobian-Challenge-Rebuild/hgraph/nodes/9217129d8de6.md
M	MainProjects/Algebraic-Jacobian-Challenge-Rebuild/hgraph/nodes/921c1dcd9860.md
M	MainProjects/Algebraic-Jacobian-Challenge-Rebuild/hgraph/nodes/92202dfbd2d6.md
M	MainProjects/Algebraic-Jacobian-Challenge-Rebuild/hgraph/nodes/92235fa1cb26.md
M	MainProjects/Algebraic-Jacobian-Challenge-Rebuild/hgraph/nodes/922b96dd9207.md
M	MainProjects/Algebraic-Jacobian-Challenge-Rebuild/hgraph/nodes/9231eaccfb71.md
M	MainProjects/Algebraic-Jacobian-Challenge-Rebuild/hgraph/nodes/9243d3f19141.md
M	MainProjects/Algebraic-Jacobian-Challenge-Rebuild/hgraph/nodes/92488b7769fa.md
M	MainProjects/Algebraic-Jacobian-Challenge-Rebuild/hgraph/nodes/924bb917ed6e.md
M	MainProjects/Algebraic-Jacobian-Challenge-Rebuild/hgraph/nodes/925ea6a1c0ed.md
M	MainProjects/Algebraic-Jacobian-Challenge-Rebuild/hgraph/nodes/9260f67f53c2.md
M	MainProjects/Algebraic-Jacobian-Challenge-Rebuild/hgraph/nodes/9261556c6ae8.md
M	MainProjects/Algebraic-Jacobian-Challenge-Rebuild/hgraph/nodes/92618b5b2d35.md
M	MainProjects/Algebraic-Jacobian-Challenge-Rebuild/hgraph/nodes/926a245e03de.md
M	MainProjects/Algebraic-Jacobian-Challenge-Rebuild/hgraph/nodes/9277c9aca80a.md
M	MainProjects/Algebraic-Jacobian-Challenge-Rebuild/hgraph/nodes/928443c32769.md
M	MainProjects/Algebraic-Jacobian-Challenge-Rebuild/hgraph/nodes/928cb873eb81.md
M	MainProjects/Algebraic-Jacobian-Challenge-Rebuild/hgraph/nodes/92a151836ae1.md
M	MainProjects/Algebraic-Jacobian-Challenge-Rebuild/hgraph/nodes/92a3266ffd51.md
M	MainProjects/Algebraic-Jacobian-Challenge-Rebuild/hgraph/nodes/92a65968446b.md
M	MainProjects/Algebraic-Jacobian-Challenge-Rebuild/hgraph/nodes/92b757e73f19.md
M	MainProjects/Algebraic-Jacobian-Challenge-Rebuild/hgraph/nodes/92bbf763d41e.md
M	MainProjects/Algebraic-Jacobian-Challenge-Rebuild/hgraph/nodes/92cf3fc5f843.md
M	MainProjects/Algebraic-Jacobian-Challenge-Rebuild/hgraph/nodes/92d3d6c773e2.md
M	MainProjects/Algebraic-Jacobian-Challenge-Rebuild/hgraph/nodes/92edbc18af6a.md
M	MainProjects/Algebraic-Jacobian-Challenge-Rebuild/hgraph/nodes/9302977970d4.md
M	MainProjects/Algebraic-Jacobian-Challenge-Rebuild/hgraph/nodes/9308f525c20c.md
M	MainProjects/Algebraic-Jacobian-Challenge-Rebuild/hgraph/nodes/931268f63ef7.md
M	MainProjects/Algebraic-Jacobian-Challenge-Rebuild/hgraph/nodes/9317662e54a2.md
M	MainProjects/Algebraic-Jacobian-Challenge-Rebuild/hgraph/nodes/93182338f986.md
M	MainProjects/Algebraic-Jacobian-Challenge-Rebuild/hgraph/nodes/9318dc7545b1.md
M	MainProjects/Algebraic-Jacobian-Challenge-Rebuild/hgraph/nodes/93222622c898.md
M	MainProjects/Algebraic-Jacobian-Challenge-Rebuild/hgraph/nodes/9325d7e32a45.md
M	MainProjects/Algebraic-Jacobian-Challenge-Rebuild/hgraph/nodes/934487b88f66.md
M	MainProjects/Algebraic-Jacobian-Challenge-Rebuild/hgraph/nodes/934aee92109f.md
M	MainProjects/Algebraic-Jacobian-Challenge-Rebuild/hgraph/nodes/934c8a0d227e.md
M	MainProjects/Algebraic-Jacobian-Challenge-Rebuild/hgraph/nodes/935280924a5a.md
M	MainProjects/Algebraic-Jacobian-Challenge-Rebuild/hgraph/nodes/936197d0178d.md
M	MainProjects/Algebraic-Jacobian-Challenge-Rebuild/hgraph/nodes/9373a0e5e700.md
M	MainProjects/Algebraic-Jacobian-Challenge-Rebuild/hgraph/nodes/937511936898.md
M	MainProjects/Algebraic-Jacobian-Challenge-Rebuild/hgraph/nodes/937794b21d68.md
M	MainProjects/Algebraic-Jacobian-Challenge-Rebuild/hgraph/nodes/938c9848d012.md
M	MainProjects/Algebraic-Jacobian-Challenge-Rebuild/hgraph/nodes/9390690b54b8.md
M	MainProjects/Algebraic-Jacobian-Challenge-Rebuild/hgraph/nodes/93a3b68255b8.md
M	MainProjects/Algebraic-Jacobian-Challenge-Rebuild/hgraph/nodes/93a496008180.md
M	MainProjects/Algebraic-Jacobian-Challenge-Rebuild/hgraph/nodes/93a4e0fc983d.md
M	MainProjects/Algebraic-Jacobian-Challenge-Rebuild/hgraph/nodes/93c5d9a93f4c.md
M	MainProjects/Algebraic-Jacobian-Challenge-Rebuild/hgraph/nodes/93d21a2ef4ff.md
M	MainProjects/Algebraic-Jacobian-Challenge-Rebuild/hgraph/nodes/93d279e478d8.md
M	MainProjects/Algebraic-Jacobian-Challenge-Rebuild/hgraph/nodes/93d4b36a1840.md
M	MainProjects/Algebraic-Jacobian-Challenge-Rebuild/hgraph/nodes/93dbb1150947.md
M	MainProjects/Algebraic-Jacobian-Challenge-Rebuild/hgraph/nodes/93dc378ae213.md
M	MainProjects/Algebraic-Jacobian-Challenge-Rebuild/hgraph/nodes/93defb6dc680.md
M	MainProjects/Algebraic-Jacobian-Challenge-Rebuild/hgraph/nodes/9402cb00b605.md
M	MainProjects/Algebraic-Jacobian-Challenge-Rebuild/hgraph/nodes/9404723ecaab.md
D	MainProjects/Algebraic-Jacobian-Challenge-Rebuild/hgraph/nodes/9406a2dd9450.md
M	MainProjects/Algebraic-Jacobian-Challenge-Rebuild/hgraph/nodes/94125ac9c5da.md
M	MainProjects/Algebraic-Jacobian-Challenge-Rebuild/hgraph/nodes/9415f6dc6a1f.md
M	MainProjects/Algebraic-Jacobian-Challenge-Rebuild/hgraph/nodes/9417a024dd5b.md
M	MainProjects/Algebraic-Jacobian-Challenge-Rebuild/hgraph/nodes/941a69ce62b7.md
M	MainProjects/Algebraic-Jacobian-Challenge-Rebuild/hgraph/nodes/941ec95a0f2d.md
M	MainProjects/Algebraic-Jacobian-Challenge-Rebuild/hgraph/nodes/942118c8a076.md
M	MainProjects/Algebraic-Jacobian-Challenge-Rebuild/hgraph/nodes/9438e69dbfa3.md
M	MainProjects/Algebraic-Jacobian-Challenge-Rebuild/hgraph/nodes/943a22ed92f6.md
M	MainProjects/Algebraic-Jacobian-Challenge-Rebuild/hgraph/nodes/943e0607718e.md
M	MainProjects/Algebraic-Jacobian-Challenge-Rebuild/hgraph/nodes/9447f0dce233.md
M	MainProjects/Algebraic-Jacobian-Challenge-Rebuild/hgraph/nodes/9451a9f6fdf8.md
M	MainProjects/Algebraic-Jacobian-Challenge-Rebuild/hgraph/nodes/9454c226276b.md
M	MainProjects/Algebraic-Jacobian-Challenge-Rebuild/hgraph/nodes/94576cb449ae.md
M	MainProjects/Algebraic-Jacobian-Challenge-Rebuild/hgraph/nodes/946bfa4b3253.md
M	MainProjects/Algebraic-Jacobian-Challenge-Rebuild/hgraph/nodes/947225880020.md
M	MainProjects/Algebraic-Jacobian-Challenge-Rebuild/hgraph/nodes/9473ddba61fa.md
M	MainProjects/Algebraic-Jacobian-Challenge-Rebuild/hgraph/nodes/9482f2dcb061.md
M	MainProjects/Algebraic-Jacobian-Challenge-Rebuild/hgraph/nodes/948423de6a11.md
M	MainProjects/Algebraic-Jacobian-Challenge-Rebuild/hgraph/nodes/94995b517149.md
M	MainProjects/Algebraic-Jacobian-Challenge-Rebuild/hgraph/nodes/94a96cc020c7.md
M	MainProjects/Algebraic-Jacobian-Challenge-Rebuild/hgraph/nodes/94b552860966.md
M	MainProjects/Algebraic-Jacobian-Challenge-Rebuild/hgraph/nodes/94b6821dcfa8.md
M	MainProjects/Algebraic-Jacobian-Challenge-Rebuild/hgraph/nodes/94b692d7dc0d.md
M	MainProjects/Algebraic-Jacobian-Challenge-Rebuild/hgraph/nodes/94b820796a68.md
M	MainProjects/Algebraic-Jacobian-Challenge-Rebuild/hgraph/nodes/94c029f1171a.md
M	MainProjects/Algebraic-Jacobian-Challenge-Rebuild/hgraph/nodes/94c480a03e75.md
M	MainProjects/Algebraic-Jacobian-Challenge-Rebuild/hgraph/nodes/94c7b127d8f2.md
M	MainProjects/Algebraic-Jacobian-Challenge-Rebuild/hgraph/nodes/94ca2dacafa2.md
M	MainProjects/Algebraic-Jacobian-Challenge-Rebuild/hgraph/nodes/94da08db1853.md
M	MainProjects/Algebraic-Jacobian-Challenge-Rebuild/hgraph/nodes/94ddb0f97742.md
M	MainProjects/Algebraic-Jacobian-Challenge-Rebuild/hgraph/nodes/94e87b22b28b.md
M	MainProjects/Algebraic-Jacobian-Challenge-Rebuild/hgraph/nodes/950b16d546ef.md
M	MainProjects/Algebraic-Jacobian-Challenge-Rebuild/hgraph/nodes/951400aa5fa8.md
M	MainProjects/Algebraic-Jacobian-Challenge-Rebuild/hgraph/nodes/9519187eed45.md
M	MainProjects/Algebraic-Jacobian-Challenge-Rebuild/hgraph/nodes/952651c101a8.md
M	MainProjects/Algebraic-Jacobian-Challenge-Rebuild/hgraph/nodes/9528a035a3d2.md
M	MainProjects/Algebraic-Jacobian-Challenge-Rebuild/hgraph/nodes/953056168c5b.md
M	MainProjects/Algebraic-Jacobian-Challenge-Rebuild/hgraph/nodes/9539d1677aa9.md
M	MainProjects/Algebraic-Jacobian-Challenge-Rebuild/hgraph/nodes/954211c147a6.md
M	MainProjects/Algebraic-Jacobian-Challenge-Rebuild/hgraph/nodes/954e2c691a24.md
M	MainProjects/Algebraic-Jacobian-Challenge-Rebuild/hgraph/nodes/95535c61d486.md
M	MainProjects/Algebraic-Jacobian-Challenge-Rebuild/hgraph/nodes/95546d622220.md
M	MainProjects/Algebraic-Jacobian-Challenge-Rebuild/hgraph/nodes/956acee8ea6b.md
M	MainProjects/Algebraic-Jacobian-Challenge-Rebuild/hgraph/nodes/9573196622a0.md
M	MainProjects/Algebraic-Jacobian-Challenge-Rebuild/hgraph/nodes/958535c1abfb.md
M	MainProjects/Algebraic-Jacobian-Challenge-Rebuild/hgraph/nodes/95893625b49b.md
M	MainProjects/Algebraic-Jacobian-Challenge-Rebuild/hgraph/nodes/958bd44b186d.md
M	MainProjects/Algebraic-Jacobian-Challenge-Rebuild/hgraph/nodes/958cdd2b39cc.md
M	MainProjects/Algebraic-Jacobian-Challenge-Rebuild/hgraph/nodes/9594eea5dcff.md
M	MainProjects/Algebraic-Jacobian-Challenge-Rebuild/hgraph/nodes/95984307b278.md
M	MainProjects/Algebraic-Jacobian-Challenge-Rebuild/hgraph/nodes/9598ecbb3774.md
M	MainProjects/Algebraic-Jacobian-Challenge-Rebuild/hgraph/nodes/95a061bbe18f.md
M	MainProjects/Algebraic-Jacobian-Challenge-Rebuild/hgraph/nodes/95a35e3f437d.md
M	MainProjects/Algebraic-Jacobian-Challenge-Rebuild/hgraph/nodes/95a84e0eebfd.md
M	MainProjects/Algebraic-Jacobian-Challenge-Rebuild/hgraph/nodes/95abbc88b2ac.md
M	MainProjects/Algebraic-Jacobian-Challenge-Rebuild/hgraph/nodes/95b2299ac68e.md
M	MainProjects/Algebraic-Jacobian-Challenge-Rebuild/hgraph/nodes/95d7f5023bd5.md
M	MainProjects/Algebraic-Jacobian-Challenge-Rebuild/hgraph/nodes/95e8b0257743.md
M	MainProjects/Algebraic-Jacobian-Challenge-Rebuild/hgraph/nodes/95ed0332ea43.md
M	MainProjects/Algebraic-Jacobian-Challenge-Rebuild/hgraph/nodes/95ed1f7883b2.md
M	MainProjects/Algebraic-Jacobian-Challenge-Rebuild/hgraph/nodes/95ed88fae553.md
M	MainProjects/Algebraic-Jacobian-Challenge-Rebuild/hgraph/nodes/95ed98d85c41.md
M	MainProjects/Algebraic-Jacobian-Challenge-Rebuild/hgraph/nodes/95ef820b94bf.md
M	MainProjects/Algebraic-Jacobian-Challenge-Rebuild/hgraph/nodes/95f5940586ab.md
M	MainProjects/Algebraic-Jacobian-Challenge-Rebuild/hgraph/nodes/9600892faa44.md
M	MainProjects/Algebraic-Jacobian-Challenge-Rebuild/hgraph/nodes/960750ef1575.md
M	MainProjects/Algebraic-Jacobian-Challenge-Rebuild/hgraph/nodes/9608c9737e40.md
M	MainProjects/Algebraic-Jacobian-Challenge-Rebuild/hgraph/nodes/961afd98a1b6.md
M	MainProjects/Algebraic-Jacobian-Challenge-Rebuild/hgraph/nodes/961f3841d717.md
M	MainProjects/Algebraic-Jacobian-Challenge-Rebuild/hgraph/nodes/961f80955f75.md
M	MainProjects/Algebraic-Jacobian-Challenge-Rebuild/hgraph/nodes/962444537a29.md
M	MainProjects/Algebraic-Jacobian-Challenge-Rebuild/hgraph/nodes/96331434be31.md
M	MainProjects/Algebraic-Jacobian-Challenge-Rebuild/hgraph/nodes/96370f80f17b.md
M	MainProjects/Algebraic-Jacobian-Challenge-Rebuild/hgraph/nodes/963c12f598eb.md
M	MainProjects/Algebraic-Jacobian-Challenge-Rebuild/hgraph/nodes/963df7731aa8.md
M	MainProjects/Algebraic-Jacobian-Challenge-Rebuild/hgraph/nodes/963ed1d0df70.md
M	MainProjects/Algebraic-Jacobian-Challenge-Rebuild/hgraph/nodes/964ec244724e.md
M	MainProjects/Algebraic-Jacobian-Challenge-Rebuild/hgraph/nodes/9655da302024.md
M	MainProjects/Algebraic-Jacobian-Challenge-Rebuild/hgraph/nodes/965d8202555e.md
M	MainProjects/Algebraic-Jacobian-Challenge-Rebuild/hgraph/nodes/96643e7f1cd5.md
M	MainProjects/Algebraic-Jacobian-Challenge-Rebuild/hgraph/nodes/9664a1d6f3de.md
M	MainProjects/Algebraic-Jacobian-Challenge-Rebuild/hgraph/nodes/966a2c00de25.md
M	MainProjects/Algebraic-Jacobian-Challenge-Rebuild/hgraph/nodes/966f27a85293.md
M	MainProjects/Algebraic-Jacobian-Challenge-Rebuild/hgraph/nodes/9673a0705904.md
M	MainProjects/Algebraic-Jacobian-Challenge-Rebuild/hgraph/nodes/9681169ba427.md
M	MainProjects/Algebraic-Jacobian-Challenge-Rebuild/hgraph/nodes/968206d1f7d6.md
M	MainProjects/Algebraic-Jacobian-Challenge-Rebuild/hgraph/nodes/968cd65b793e.md
M	MainProjects/Algebraic-Jacobian-Challenge-Rebuild/hgraph/nodes/9692e1b41a9f.md
M	MainProjects/Algebraic-Jacobian-Challenge-Rebuild/hgraph/nodes/9693658dc95f.md
M	MainProjects/Algebraic-Jacobian-Challenge-Rebuild/hgraph/nodes/969ea17a9e84.md
M	MainProjects/Algebraic-Jacobian-Challenge-Rebuild/hgraph/nodes/96a227390a90.md
M	MainProjects/Algebraic-Jacobian-Challenge-Rebuild/hgraph/nodes/96a5e51d5a4c.md
M	MainProjects/Algebraic-Jacobian-Challenge-Rebuild/hgraph/nodes/96ad8b595bdc.md
M	MainProjects/Algebraic-Jacobian-Challenge-Rebuild/hgraph/nodes/96b3a306cd76.md
M	MainProjects/Algebraic-Jacobian-Challenge-Rebuild/hgraph/nodes/96bfeddc29d0.md
M	MainProjects/Algebraic-Jacobian-Challenge-Rebuild/hgraph/nodes/96d376a28fb5.md
M	MainProjects/Algebraic-Jacobian-Challenge-Rebuild/hgraph/nodes/96dfdf307865.md
M	MainProjects/Algebraic-Jacobian-Challenge-Rebuild/hgraph/nodes/96e014e39a7e.md
M	MainProjects/Algebraic-Jacobian-Challenge-Rebuild/hgraph/nodes/96e6febc86df.md
M	MainProjects/Algebraic-Jacobian-Challenge-Rebuild/hgraph/nodes/96f576d268df.md
M	MainProjects/Algebraic-Jacobian-Challenge-Rebuild/hgraph/nodes/970fdfd3d199.md
M	MainProjects/Algebraic-Jacobian-Challenge-Rebuild/hgraph/nodes/971777383532.md
M	MainProjects/Algebraic-Jacobian-Challenge-Rebuild/hgraph/nodes/97222db361c0.md
M	MainProjects/Algebraic-Jacobian-Challenge-Rebuild/hgraph/nodes/972603037173.md
M	MainProjects/Algebraic-Jacobian-Challenge-Rebuild/hgraph/nodes/9728b88b39f0.md
M	MainProjects/Algebraic-Jacobian-Challenge-Rebuild/hgraph/nodes/972d7baec1d3.md
M	MainProjects/Algebraic-Jacobian-Challenge-Rebuild/hgraph/nodes/972e9f2b73fc.md
M	MainProjects/Algebraic-Jacobian-Challenge-Rebuild/hgraph/nodes/97371f17f231.md
M	MainProjects/Algebraic-Jacobian-Challenge-Rebuild/hgraph/nodes/97476622a009.md
M	MainProjects/Algebraic-Jacobian-Challenge-Rebuild/hgraph/nodes/974b4faa24bf.md
M	MainProjects/Algebraic-Jacobian-Challenge-Rebuild/hgraph/nodes/9758bc9c42b7.md
M	MainProjects/Algebraic-Jacobian-Challenge-Rebuild/hgraph/nodes/976a3bedd654.md
M	MainProjects/Algebraic-Jacobian-Challenge-Rebuild/hgraph/nodes/976a8aa9e986.md
M	MainProjects/Algebraic-Jacobian-Challenge-Rebuild/hgraph/nodes/976e471fde37.md
M	MainProjects/Algebraic-Jacobian-Challenge-Rebuild/hgraph/nodes/9770f151d94c.md
M	MainProjects/Algebraic-Jacobian-Challenge-Rebuild/hgraph/nodes/977ca0a0fbb3.md
M	MainProjects/Algebraic-Jacobian-Challenge-Rebuild/hgraph/nodes/977f4e19526f.md
M	MainProjects/Algebraic-Jacobian-Challenge-Rebuild/hgraph/nodes/978a7fe171db.md
M	MainProjects/Algebraic-Jacobian-Challenge-Rebuild/hgraph/nodes/97948663d3e8.md
M	MainProjects/Algebraic-Jacobian-Challenge-Rebuild/hgraph/nodes/979e645a0f32.md
M	MainProjects/Algebraic-Jacobian-Challenge-Rebuild/hgraph/nodes/97aa77c83762.md
M	MainProjects/Algebraic-Jacobian-Challenge-Rebuild/hgraph/nodes/97aae08fad6d.md
M	MainProjects/Algebraic-Jacobian-Challenge-Rebuild/hgraph/nodes/97c18ed4e9f8.md
M	MainProjects/Algebraic-Jacobian-Challenge-Rebuild/hgraph/nodes/97cba204cffb.md
M	MainProjects/Algebraic-Jacobian-Challenge-Rebuild/hgraph/nodes/97d425d138f7.md
M	MainProjects/Algebraic-Jacobian-Challenge-Rebuild/hgraph/nodes/97e728dc8878.md
M	MainProjects/Algebraic-Jacobian-Challenge-Rebuild/hgraph/nodes/97f0dc989fc7.md
M	MainProjects/Algebraic-Jacobian-Challenge-Rebuild/hgraph/nodes/97ff8aa9c5c8.md
M	MainProjects/Algebraic-Jacobian-Challenge-Rebuild/hgraph/nodes/980210b6cd6e.md
M	MainProjects/Algebraic-Jacobian-Challenge-Rebuild/hgraph/nodes/9804acbfbdb2.md
M	MainProjects/Algebraic-Jacobian-Challenge-Rebuild/hgraph/nodes/9806cdfee7a0.md
M	MainProjects/Algebraic-Jacobian-Challenge-Rebuild/hgraph/nodes/980a627c6d0c.md
M	MainProjects/Algebraic-Jacobian-Challenge-Rebuild/hgraph/nodes/980e90fc6661.md
M	MainProjects/Algebraic-Jacobian-Challenge-Rebuild/hgraph/nodes/98118f456112.md
M	MainProjects/Algebraic-Jacobian-Challenge-Rebuild/hgraph/nodes/9817e0383fa3.md
M	MainProjects/Algebraic-Jacobian-Challenge-Rebuild/hgraph/nodes/981cd0469c3b.md
M	MainProjects/Algebraic-Jacobian-Challenge-Rebuild/hgraph/nodes/9823bb175228.md
D	MainProjects/Algebraic-Jacobian-Challenge-Rebuild/hgraph/nodes/983d446a2c7e.md
M	MainProjects/Algebraic-Jacobian-Challenge-Rebuild/hgraph/nodes/9841bd85b688.md
M	MainProjects/Algebraic-Jacobian-Challenge-Rebuild/hgraph/nodes/984824c07f0d.md
M	MainProjects/Algebraic-Jacobian-Challenge-Rebuild/hgraph/nodes/9848473bfd27.md
M	MainProjects/Algebraic-Jacobian-Challenge-Rebuild/hgraph/nodes/9848f88933ab.md
M	MainProjects/Algebraic-Jacobian-Challenge-Rebuild/hgraph/nodes/9860bb388cf3.md
M	MainProjects/Algebraic-Jacobian-Challenge-Rebuild/hgraph/nodes/9860e0cd6fb2.md
M	MainProjects/Algebraic-Jacobian-Challenge-Rebuild/hgraph/nodes/9869c193455d.md
M	MainProjects/Algebraic-Jacobian-Challenge-Rebuild/hgraph/nodes/98705c6990d7.md
M	MainProjects/Algebraic-Jacobian-Challenge-Rebuild/hgraph/nodes/987dab722d34.md
M	MainProjects/Algebraic-Jacobian-Challenge-Rebuild/hgraph/nodes/988638b63ca6.md
M	MainProjects/Algebraic-Jacobian-Challenge-Rebuild/hgraph/nodes/9895577e557a.md
M	MainProjects/Algebraic-Jacobian-Challenge-Rebuild/hgraph/nodes/98998a319528.md
M	MainProjects/Algebraic-Jacobian-Challenge-Rebuild/hgraph/nodes/989dd31327c1.md
M	MainProjects/Algebraic-Jacobian-Challenge-Rebuild/hgraph/nodes/989dec0f05b4.md
M	MainProjects/Algebraic-Jacobian-Challenge-Rebuild/hgraph/nodes/98a4f4668c25.md
M	MainProjects/Algebraic-Jacobian-Challenge-Rebuild/hgraph/nodes/98c084718e52.md
M	MainProjects/Algebraic-Jacobian-Challenge-Rebuild/hgraph/nodes/98c992f335ed.md
M	MainProjects/Algebraic-Jacobian-Challenge-Rebuild/hgraph/nodes/98cd92fed4c2.md
M	MainProjects/Algebraic-Jacobian-Challenge-Rebuild/hgraph/nodes/98dba6f7f430.md
M	MainProjects/Algebraic-Jacobian-Challenge-Rebuild/hgraph/nodes/98df9bf4fb1d.md
M	MainProjects/Algebraic-Jacobian-Challenge-Rebuild/hgraph/nodes/98e7953a8967.md
M	MainProjects/Algebraic-Jacobian-Challenge-Rebuild/hgraph/nodes/99000d502d6f.md
M	MainProjects/Algebraic-Jacobian-Challenge-Rebuild/hgraph/nodes/99022f26fc9d.md
M	MainProjects/Algebraic-Jacobian-Challenge-Rebuild/hgraph/nodes/991c034de99b.md
M	MainProjects/Algebraic-Jacobian-Challenge-Rebuild/hgraph/nodes/992d666c57cc.md
M	MainProjects/Algebraic-Jacobian-Challenge-Rebuild/hgraph/nodes/99393af40203.md
M	MainProjects/Algebraic-Jacobian-Challenge-Rebuild/hgraph/nodes/994850361cb2.md
M	MainProjects/Algebraic-Jacobian-Challenge-Rebuild/hgraph/nodes/994e2ffee646.md
M	MainProjects/Algebraic-Jacobian-Challenge-Rebuild/hgraph/nodes/99555e3e66c9.md
M	MainProjects/Algebraic-Jacobian-Challenge-Rebuild/hgraph/nodes/9956afa8f295.md
M	MainProjects/Algebraic-Jacobian-Challenge-Rebuild/hgraph/nodes/995c124f4ce2.md
M	MainProjects/Algebraic-Jacobian-Challenge-Rebuild/hgraph/nodes/997ad624c955.md
M	MainProjects/Algebraic-Jacobian-Challenge-Rebuild/hgraph/nodes/998910ae0ce8.md
M	MainProjects/Algebraic-Jacobian-Challenge-Rebuild/hgraph/nodes/998a6af262ab.md
M	MainProjects/Algebraic-Jacobian-Challenge-Rebuild/hgraph/nodes/999258ec8353.md
M	MainProjects/Algebraic-Jacobian-Challenge-Rebuild/hgraph/nodes/999dd6e18617.md
M	MainProjects/Algebraic-Jacobian-Challenge-Rebuild/hgraph/nodes/99a4f84fe303.md
M	MainProjects/Algebraic-Jacobian-Challenge-Rebuild/hgraph/nodes/99a9e1d9d0cb.md
M	MainProjects/Algebraic-Jacobian-Challenge-Rebuild/hgraph/nodes/99b4cb33b558.md
M	MainProjects/Algebraic-Jacobian-Challenge-Rebuild/hgraph/nodes/99c17728c1e0.md
M	MainProjects/Algebraic-Jacobian-Challenge-Rebuild/hgraph/nodes/99d3f9116889.md
M	MainProjects/Algebraic-Jacobian-Challenge-Rebuild/hgraph/nodes/99d9d6c7e3f5.md
M	MainProjects/Algebraic-Jacobian-Challenge-Rebuild/hgraph/nodes/99e97b04d976.md
M	MainProjects/Algebraic-Jacobian-Challenge-Rebuild/hgraph/nodes/99fb49fd35ae.md
M	MainProjects/Algebraic-Jacobian-Challenge-Rebuild/hgraph/nodes/99ff2adb0776.md
M	MainProjects/Algebraic-Jacobian-Challenge-Rebuild/hgraph/nodes/9a151f824ec3.md
M	MainProjects/Algebraic-Jacobian-Challenge-Rebuild/hgraph/nodes/9a1aaaabb120.md
M	MainProjects/Algebraic-Jacobian-Challenge-Rebuild/hgraph/nodes/9a1bc8c298fa.md
M	MainProjects/Algebraic-Jacobian-Challenge-Rebuild/hgraph/nodes/9a2cca1dbfa1.md
M	MainProjects/Algebraic-Jacobian-Challenge-Rebuild/hgraph/nodes/9a314076c58b.md
M	MainProjects/Algebraic-Jacobian-Challenge-Rebuild/hgraph/nodes/9a3165cc3499.md
M	MainProjects/Algebraic-Jacobian-Challenge-Rebuild/hgraph/nodes/9a32903de178.md
M	MainProjects/Algebraic-Jacobian-Challenge-Rebuild/hgraph/nodes/9a3311fd1e51.md
M	MainProjects/Algebraic-Jacobian-Challenge-Rebuild/hgraph/nodes/9a35d6ab8f4d.md
M	MainProjects/Algebraic-Jacobian-Challenge-Rebuild/hgraph/nodes/9a40f02606aa.md
M	MainProjects/Algebraic-Jacobian-Challenge-Rebuild/hgraph/nodes/9a4defdb4cc4.md
M	MainProjects/Algebraic-Jacobian-Challenge-Rebuild/hgraph/nodes/9a5094ce0019.md
M	MainProjects/Algebraic-Jacobian-Challenge-Rebuild/hgraph/nodes/9a6caa4be646.md
M	MainProjects/Algebraic-Jacobian-Challenge-Rebuild/hgraph/nodes/9a74c713a95e.md
M	MainProjects/Algebraic-Jacobian-Challenge-Rebuild/hgraph/nodes/9a7aa306f778.md
M	MainProjects/Algebraic-Jacobian-Challenge-Rebuild/hgraph/nodes/9a7e56ec7911.md
M	MainProjects/Algebraic-Jacobian-Challenge-Rebuild/hgraph/nodes/9a849401650f.md
M	MainProjects/Algebraic-Jacobian-Challenge-Rebuild/hgraph/nodes/9a86fef8a4e1.md
M	MainProjects/Algebraic-Jacobian-Challenge-Rebuild/hgraph/nodes/9a8b52b91088.md
M	MainProjects/Algebraic-Jacobian-Challenge-Rebuild/hgraph/nodes/9a8d9893dcea.md
M	MainProjects/Algebraic-Jacobian-Challenge-Rebuild/hgraph/nodes/9a8ef5a379c0.md
M	MainProjects/Algebraic-Jacobian-Challenge-Rebuild/hgraph/nodes/9a9ca53ddc21.md
M	MainProjects/Algebraic-Jacobian-Challenge-Rebuild/hgraph/nodes/9aa3f79d5c06.md
M	MainProjects/Algebraic-Jacobian-Challenge-Rebuild/hgraph/nodes/9aa985b155b0.md
M	MainProjects/Algebraic-Jacobian-Challenge-Rebuild/hgraph/nodes/9aacb3977208.md
M	MainProjects/Algebraic-Jacobian-Challenge-Rebuild/hgraph/nodes/9ab2f6fe5c7b.md
M	MainProjects/Algebraic-Jacobian-Challenge-Rebuild/hgraph/nodes/9ab868cc1d7e.md
M	MainProjects/Algebraic-Jacobian-Challenge-Rebuild/hgraph/nodes/9abc7da78e66.md
M	MainProjects/Algebraic-Jacobian-Challenge-Rebuild/hgraph/nodes/9abd4a145131.md
M	MainProjects/Algebraic-Jacobian-Challenge-Rebuild/hgraph/nodes/9abe409161c5.md
M	MainProjects/Algebraic-Jacobian-Challenge-Rebuild/hgraph/nodes/9ae0b464b9d4.md
M	MainProjects/Algebraic-Jacobian-Challenge-Rebuild/hgraph/nodes/9aeb07ef51f1.md
M	MainProjects/Algebraic-Jacobian-Challenge-Rebuild/hgraph/nodes/9aedefbb5a6a.md
M	MainProjects/Algebraic-Jacobian-Challenge-Rebuild/hgraph/nodes/9af41295f40d.md
M	MainProjects/Algebraic-Jacobian-Challenge-Rebuild/hgraph/nodes/9afc76947495.md
M	MainProjects/Algebraic-Jacobian-Challenge-Rebuild/hgraph/nodes/9afee7fd070c.md
M	MainProjects/Algebraic-Jacobian-Challenge-Rebuild/hgraph/nodes/9b0f7222bdf1.md
M	MainProjects/Algebraic-Jacobian-Challenge-Rebuild/hgraph/nodes/9b1750e9796a.md
M	MainProjects/Algebraic-Jacobian-Challenge-Rebuild/hgraph/nodes/9b1e16e2e22d.md
M	MainProjects/Algebraic-Jacobian-Challenge-Rebuild/hgraph/nodes/9b232a7aad56.md
M	MainProjects/Algebraic-Jacobian-Challenge-Rebuild/hgraph/nodes/9b265d2cb1fb.md
M	MainProjects/Algebraic-Jacobian-Challenge-Rebuild/hgraph/nodes/9b2db1b5004c.md
M	MainProjects/Algebraic-Jacobian-Challenge-Rebuild/hgraph/nodes/9b30bc0158d3.md
M	MainProjects/Algebraic-Jacobian-Challenge-Rebuild/hgraph/nodes/9b369faf9328.md
M	MainProjects/Algebraic-Jacobian-Challenge-Rebuild/hgraph/nodes/9b3a200469a2.md
M	MainProjects/Algebraic-Jacobian-Challenge-Rebuild/hgraph/nodes/9b3c9578e746.md
M	MainProjects/Algebraic-Jacobian-Challenge-Rebuild/hgraph/nodes/9b4cf52327fb.md
M	MainProjects/Algebraic-Jacobian-Challenge-Rebuild/hgraph/nodes/9b548331f622.md
M	MainProjects/Algebraic-Jacobian-Challenge-Rebuild/hgraph/nodes/9b5b0ac884c1.md
M	MainProjects/Algebraic-Jacobian-Challenge-Rebuild/hgraph/nodes/9b5ef3e51d3e.md
M	MainProjects/Algebraic-Jacobian-Challenge-Rebuild/hgraph/nodes/9b6aacafc879.md
M	MainProjects/Algebraic-Jacobian-Challenge-Rebuild/hgraph/nodes/9b6ae70812eb.md
M	MainProjects/Algebraic-Jacobian-Challenge-Rebuild/hgraph/nodes/9b6b356f05d0.md
M	MainProjects/Algebraic-Jacobian-Challenge-Rebuild/hgraph/nodes/9b6e644f9bdb.md
M	MainProjects/Algebraic-Jacobian-Challenge-Rebuild/hgraph/nodes/9b6e86404180.md
M	MainProjects/Algebraic-Jacobian-Challenge-Rebuild/hgraph/nodes/9b797c92d985.md
M	MainProjects/Algebraic-Jacobian-Challenge-Rebuild/hgraph/nodes/9b7f7b823aa9.md
M	MainProjects/Algebraic-Jacobian-Challenge-Rebuild/hgraph/nodes/9b8038bf3103.md
M	MainProjects/Algebraic-Jacobian-Challenge-Rebuild/hgraph/nodes/9b808988d4a2.md
M	MainProjects/Algebraic-Jacobian-Challenge-Rebuild/hgraph/nodes/9b8fa3c5ada0.md
M	MainProjects/Algebraic-Jacobian-Challenge-Rebuild/hgraph/nodes/9b931b3b97a1.md
M	MainProjects/Algebraic-Jacobian-Challenge-Rebuild/hgraph/nodes/9b9a3f0b2e72.md
M	MainProjects/Algebraic-Jacobian-Challenge-Rebuild/hgraph/nodes/9b9b051e4c3b.md
M	MainProjects/Algebraic-Jacobian-Challenge-Rebuild/hgraph/nodes/9bb3020929b7.md
M	MainProjects/Algebraic-Jacobian-Challenge-Rebuild/hgraph/nodes/9bc5e1dc9045.md
M	MainProjects/Algebraic-Jacobian-Challenge-Rebuild/hgraph/nodes/9bc6470db542.md
M	MainProjects/Algebraic-Jacobian-Challenge-Rebuild/hgraph/nodes/9bd5423f1fb4.md
M	MainProjects/Algebraic-Jacobian-Challenge-Rebuild/hgraph/nodes/9bdb96bd4ec9.md
M	MainProjects/Algebraic-Jacobian-Challenge-Rebuild/hgraph/nodes/9be0b8450d65.md
M	MainProjects/Algebraic-Jacobian-Challenge-Rebuild/hgraph/nodes/9be837ea9e57.md
M	MainProjects/Algebraic-Jacobian-Challenge-Rebuild/hgraph/nodes/9bec1412a30c.md
M	MainProjects/Algebraic-Jacobian-Challenge-Rebuild/hgraph/nodes/9bf8036fd548.md
M	MainProjects/Algebraic-Jacobian-Challenge-Rebuild/hgraph/nodes/9bf918384f58.md
M	MainProjects/Algebraic-Jacobian-Challenge-Rebuild/hgraph/nodes/9bfb3589b90f.md
M	MainProjects/Algebraic-Jacobian-Challenge-Rebuild/hgraph/nodes/9bfcafb5143d.md
M	MainProjects/Algebraic-Jacobian-Challenge-Rebuild/hgraph/nodes/9bfdaf20a924.md
M	MainProjects/Algebraic-Jacobian-Challenge-Rebuild/hgraph/nodes/9c088661d5b6.md
M	MainProjects/Algebraic-Jacobian-Challenge-Rebuild/hgraph/nodes/9c0e189bdbca.md
M	MainProjects/Algebraic-Jacobian-Challenge-Rebuild/hgraph/nodes/9c1e269d6f0a.md
M	MainProjects/Algebraic-Jacobian-Challenge-Rebuild/hgraph/nodes/9c276bf08df8.md
M	MainProjects/Algebraic-Jacobian-Challenge-Rebuild/hgraph/nodes/9c2db80b1508.md
M	MainProjects/Algebraic-Jacobian-Challenge-Rebuild/hgraph/nodes/9c3bba8f73ff.md
M	MainProjects/Algebraic-Jacobian-Challenge-Rebuild/hgraph/nodes/9c41bf00fe84.md
M	MainProjects/Algebraic-Jacobian-Challenge-Rebuild/hgraph/nodes/9c42327fc8f6.md
M	MainProjects/Algebraic-Jacobian-Challenge-Rebuild/hgraph/nodes/9c42a8b906d2.md
M	MainProjects/Algebraic-Jacobian-Challenge-Rebuild/hgraph/nodes/9c608d889205.md
M	MainProjects/Algebraic-Jacobian-Challenge-Rebuild/hgraph/nodes/9c75aad69950.md
M	MainProjects/Algebraic-Jacobian-Challenge-Rebuild/hgraph/nodes/9c7e1be25671.md
M	MainProjects/Algebraic-Jacobian-Challenge-Rebuild/hgraph/nodes/9c83d4099fd1.md
M	MainProjects/Algebraic-Jacobian-Challenge-Rebuild/hgraph/nodes/9c98b312f0ae.md
M	MainProjects/Algebraic-Jacobian-Challenge-Rebuild/hgraph/nodes/9c9a0f9b73aa.md
M	MainProjects/Algebraic-Jacobian-Challenge-Rebuild/hgraph/nodes/9ca43924747c.md
M	MainProjects/Algebraic-Jacobian-Challenge-Rebuild/hgraph/nodes/9cac9947a4f5.md
M	MainProjects/Algebraic-Jacobian-Challenge-Rebuild/hgraph/nodes/9cc74d1e07bf.md
M	MainProjects/Algebraic-Jacobian-Challenge-Rebuild/hgraph/nodes/9cc7692ab70b.md
M	MainProjects/Algebraic-Jacobian-Challenge-Rebuild/hgraph/nodes/9cc9e0b153b1.md
M	MainProjects/Algebraic-Jacobian-Challenge-Rebuild/hgraph/nodes/9cce65b4db0f.md
M	MainProjects/Algebraic-Jacobian-Challenge-Rebuild/hgraph/nodes/9cd26274f03e.md
M	MainProjects/Algebraic-Jacobian-Challenge-Rebuild/hgraph/nodes/9cd2d63e3e5d.md
M	MainProjects/Algebraic-Jacobian-Challenge-Rebuild/hgraph/nodes/9cd7d1c41ba2.md
M	MainProjects/Algebraic-Jacobian-Challenge-Rebuild/hgraph/nodes/9ce294bb0d24.md
M	MainProjects/Algebraic-Jacobian-Challenge-Rebuild/hgraph/nodes/9ce52aa9fe79.md
M	MainProjects/Algebraic-Jacobian-Challenge-Rebuild/hgraph/nodes/9cecf0666fd6.md
M	MainProjects/Algebraic-Jacobian-Challenge-Rebuild/hgraph/nodes/9cfe901835ae.md
M	MainProjects/Algebraic-Jacobian-Challenge-Rebuild/hgraph/nodes/9d0f7a68405d.md
M	MainProjects/Algebraic-Jacobian-Challenge-Rebuild/hgraph/nodes/9d1a296c72cb.md
M	MainProjects/Algebraic-Jacobian-Challenge-Rebuild/hgraph/nodes/9d1d37d5ab4b.md
M	MainProjects/Algebraic-Jacobian-Challenge-Rebuild/hgraph/nodes/9d3a26866757.md
M	MainProjects/Algebraic-Jacobian-Challenge-Rebuild/hgraph/nodes/9d3cb4e38044.md
M	MainProjects/Algebraic-Jacobian-Challenge-Rebuild/hgraph/nodes/9d3d04c31bef.md
M	MainProjects/Algebraic-Jacobian-Challenge-Rebuild/hgraph/nodes/9d4220f8b28f.md
M	MainProjects/Algebraic-Jacobian-Challenge-Rebuild/hgraph/nodes/9d591618e126.md
M	MainProjects/Algebraic-Jacobian-Challenge-Rebuild/hgraph/nodes/9d5df33210ac.md
M	MainProjects/Algebraic-Jacobian-Challenge-Rebuild/hgraph/nodes/9d703975e984.md
M	MainProjects/Algebraic-Jacobian-Challenge-Rebuild/hgraph/nodes/9d76c053a3a4.md
M	MainProjects/Algebraic-Jacobian-Challenge-Rebuild/hgraph/nodes/9d833c2331f7.md
M	MainProjects/Algebraic-Jacobian-Challenge-Rebuild/hgraph/nodes/9d84daac8218.md
M	MainProjects/Algebraic-Jacobian-Challenge-Rebuild/hgraph/nodes/9d859cee5ff3.md
M	MainProjects/Algebraic-Jacobian-Challenge-Rebuild/hgraph/nodes/9d898c897fc5.md
M	MainProjects/Algebraic-Jacobian-Challenge-Rebuild/hgraph/nodes/9d9db99408c9.md
M	MainProjects/Algebraic-Jacobian-Challenge-Rebuild/hgraph/nodes/9da08d9f254a.md
M	MainProjects/Algebraic-Jacobian-Challenge-Rebuild/hgraph/nodes/9daada47c1d4.md
M	MainProjects/Algebraic-Jacobian-Challenge-Rebuild/hgraph/nodes/9dbcca528d24.md
M	MainProjects/Algebraic-Jacobian-Challenge-Rebuild/hgraph/nodes/9dc85fed3017.md
M	MainProjects/Algebraic-Jacobian-Challenge-Rebuild/hgraph/nodes/9dd08ad4029e.md
M	MainProjects/Algebraic-Jacobian-Challenge-Rebuild/hgraph/nodes/9ddb90f08633.md
M	MainProjects/Algebraic-Jacobian-Challenge-Rebuild/hgraph/nodes/9de0fb934b40.md
M	MainProjects/Algebraic-Jacobian-Challenge-Rebuild/hgraph/nodes/9de3b9ace263.md
M	MainProjects/Algebraic-Jacobian-Challenge-Rebuild/hgraph/nodes/9de762525d39.md
M	MainProjects/Algebraic-Jacobian-Challenge-Rebuild/hgraph/nodes/9deb9b470352.md
M	MainProjects/Algebraic-Jacobian-Challenge-Rebuild/hgraph/nodes/9dfacfda4001.md
M	MainProjects/Algebraic-Jacobian-Challenge-Rebuild/hgraph/nodes/9dfb8cfcf1c2.md
M	MainProjects/Algebraic-Jacobian-Challenge-Rebuild/hgraph/nodes/9dfdb2f754d2.md
M	MainProjects/Algebraic-Jacobian-Challenge-Rebuild/hgraph/nodes/9e02c2cc17ba.md
M	MainProjects/Algebraic-Jacobian-Challenge-Rebuild/hgraph/nodes/9e07fe17f5e7.md
M	MainProjects/Algebraic-Jacobian-Challenge-Rebuild/hgraph/nodes/9e100beb766d.md
M	MainProjects/Algebraic-Jacobian-Challenge-Rebuild/hgraph/nodes/9e12746c4b34.md
M	MainProjects/Algebraic-Jacobian-Challenge-Rebuild/hgraph/nodes/9e18d125031b.md
M	MainProjects/Algebraic-Jacobian-Challenge-Rebuild/hgraph/nodes/9e2c12e0825e.md
M	MainProjects/Algebraic-Jacobian-Challenge-Rebuild/hgraph/nodes/9e349750476e.md
M	MainProjects/Algebraic-Jacobian-Challenge-Rebuild/hgraph/nodes/9e38dfee18d5.md
D	MainProjects/Algebraic-Jacobian-Challenge-Rebuild/hgraph/nodes/9e3aaa5a2f95.md
M	MainProjects/Algebraic-Jacobian-Challenge-Rebuild/hgraph/nodes/9e3e0ee8d85e.md
M	MainProjects/Algebraic-Jacobian-Challenge-Rebuild/hgraph/nodes/9e68c07a62c4.md
M	MainProjects/Algebraic-Jacobian-Challenge-Rebuild/hgraph/nodes/9e7061bfe177.md
M	MainProjects/Algebraic-Jacobian-Challenge-Rebuild/hgraph/nodes/9e71d083187a.md
M	MainProjects/Algebraic-Jacobian-Challenge-Rebuild/hgraph/nodes/9e87fd29f9cb.md
M	MainProjects/Algebraic-Jacobian-Challenge-Rebuild/hgraph/nodes/9e8fb4acebdf.md
M	MainProjects/Algebraic-Jacobian-Challenge-Rebuild/hgraph/nodes/9e997d2640da.md
M	MainProjects/Algebraic-Jacobian-Challenge-Rebuild/hgraph/nodes/9e9f631f8ce1.md
M	MainProjects/Algebraic-Jacobian-Challenge-Rebuild/hgraph/nodes/9ebfe7a49f24.md
M	MainProjects/Algebraic-Jacobian-Challenge-Rebuild/hgraph/nodes/9ec249ae1a97.md
M	MainProjects/Algebraic-Jacobian-Challenge-Rebuild/hgraph/nodes/9ec2fed146ec.md
M	MainProjects/Algebraic-Jacobian-Challenge-Rebuild/hgraph/nodes/9eda09b8ce90.md
M	MainProjects/Algebraic-Jacobian-Challenge-Rebuild/hgraph/nodes/9eec6667d8f8.md
M	MainProjects/Algebraic-Jacobian-Challenge-Rebuild/hgraph/nodes/9eff08d0737b.md
M	MainProjects/Algebraic-Jacobian-Challenge-Rebuild/hgraph/nodes/9f0396c556cf.md
M	MainProjects/Algebraic-Jacobian-Challenge-Rebuild/hgraph/nodes/9f0acb4920f8.md
M	MainProjects/Algebraic-Jacobian-Challenge-Rebuild/hgraph/nodes/9f20552b20a2.md
M	MainProjects/Algebraic-Jacobian-Challenge-Rebuild/hgraph/nodes/9f21c1943ea4.md
M	MainProjects/Algebraic-Jacobian-Challenge-Rebuild/hgraph/nodes/9f2b6452735c.md
M	MainProjects/Algebraic-Jacobian-Challenge-Rebuild/hgraph/nodes/9f374ae3ef3c.md
M	MainProjects/Algebraic-Jacobian-Challenge-Rebuild/hgraph/nodes/9f42f17144c7.md
M	MainProjects/Algebraic-Jacobian-Challenge-Rebuild/hgraph/nodes/9f488507ab27.md
M	MainProjects/Algebraic-Jacobian-Challenge-Rebuild/hgraph/nodes/9f4d2252281e.md
M	MainProjects/Algebraic-Jacobian-Challenge-Rebuild/hgraph/nodes/9f614ac987e1.md
M	MainProjects/Algebraic-Jacobian-Challenge-Rebuild/hgraph/nodes/9f693089f40a.md
M	MainProjects/Algebraic-Jacobian-Challenge-Rebuild/hgraph/nodes/9f6960ddf202.md
M	MainProjects/Algebraic-Jacobian-Challenge-Rebuild/hgraph/nodes/9f6b587343ad.md
M	MainProjects/Algebraic-Jacobian-Challenge-Rebuild/hgraph/nodes/9f7703617120.md
M	MainProjects/Algebraic-Jacobian-Challenge-Rebuild/hgraph/nodes/9f78bedfccdd.md
M	MainProjects/Algebraic-Jacobian-Challenge-Rebuild/hgraph/nodes/9f7ed860f615.md
M	MainProjects/Algebraic-Jacobian-Challenge-Rebuild/hgraph/nodes/9f87cc747864.md
M	MainProjects/Algebraic-Jacobian-Challenge-Rebuild/hgraph/nodes/9f87f235cebd.md
M	MainProjects/Algebraic-Jacobian-Challenge-Rebuild/hgraph/nodes/9f8a27808b6d.md
M	MainProjects/Algebraic-Jacobian-Challenge-Rebuild/hgraph/nodes/9f95ea5ccdf5.md
M	MainProjects/Algebraic-Jacobian-Challenge-Rebuild/hgraph/nodes/9f9fab675698.md
M	MainProjects/Algebraic-Jacobian-Challenge-Rebuild/hgraph/nodes/9faa42615811.md
M	MainProjects/Algebraic-Jacobian-Challenge-Rebuild/hgraph/nodes/9faa997772cb.md
M	MainProjects/Algebraic-Jacobian-Challenge-Rebuild/hgraph/nodes/9fabfb4039b8.md
M	MainProjects/Algebraic-Jacobian-Challenge-Rebuild/hgraph/nodes/9fb696f00562.md
M	MainProjects/Algebraic-Jacobian-Challenge-Rebuild/hgraph/nodes/9fbcb61ed7cd.md
M	MainProjects/Algebraic-Jacobian-Challenge-Rebuild/hgraph/nodes/9fc2358bfcd3.md
M	MainProjects/Algebraic-Jacobian-Challenge-Rebuild/hgraph/nodes/9fd046257350.md
M	MainProjects/Algebraic-Jacobian-Challenge-Rebuild/hgraph/nodes/9fd7407d1ae9.md
M	MainProjects/Algebraic-Jacobian-Challenge-Rebuild/hgraph/nodes/9fe1016538d7.md
D	MainProjects/Algebraic-Jacobian-Challenge-Rebuild/hgraph/nodes/9fe957d17d35.md
M	MainProjects/Algebraic-Jacobian-Challenge-Rebuild/hgraph/nodes/a00296a28302.md
M	MainProjects/Algebraic-Jacobian-Challenge-Rebuild/hgraph/nodes/a00db50ae927.md
M	MainProjects/Algebraic-Jacobian-Challenge-Rebuild/hgraph/nodes/a010db483778.md
M	MainProjects/Algebraic-Jacobian-Challenge-Rebuild/hgraph/nodes/a01114de47cf.md
M	MainProjects/Algebraic-Jacobian-Challenge-Rebuild/hgraph/nodes/a02569cb469a.md
M	MainProjects/Algebraic-Jacobian-Challenge-Rebuild/hgraph/nodes/a029901db2cd.md
M	MainProjects/Algebraic-Jacobian-Challenge-Rebuild/hgraph/nodes/a02ecb2a53ad.md
M	MainProjects/Algebraic-Jacobian-Challenge-Rebuild/hgraph/nodes/a03437bce143.md
M	MainProjects/Algebraic-Jacobian-Challenge-Rebuild/hgraph/nodes/a03891d324eb.md
M	MainProjects/Algebraic-Jacobian-Challenge-Rebuild/hgraph/nodes/a038ade7fe11.md
M	MainProjects/Algebraic-Jacobian-Challenge-Rebuild/hgraph/nodes/a03af3a27df1.md
M	MainProjects/Algebraic-Jacobian-Challenge-Rebuild/hgraph/nodes/a04ca3d95bae.md
M	MainProjects/Algebraic-Jacobian-Challenge-Rebuild/hgraph/nodes/a051e44c439c.md
M	MainProjects/Algebraic-Jacobian-Challenge-Rebuild/hgraph/nodes/a05687329aa4.md
M	MainProjects/Algebraic-Jacobian-Challenge-Rebuild/hgraph/nodes/a0689f84a3cd.md
M	MainProjects/Algebraic-Jacobian-Challenge-Rebuild/hgraph/nodes/a06e9e4bcd89.md
M	MainProjects/Algebraic-Jacobian-Challenge-Rebuild/hgraph/nodes/a07167922f8e.md
M	MainProjects/Algebraic-Jacobian-Challenge-Rebuild/hgraph/nodes/a07455d5ea9f.md
M	MainProjects/Algebraic-Jacobian-Challenge-Rebuild/hgraph/nodes/a09c940ec5f3.md
M	MainProjects/Algebraic-Jacobian-Challenge-Rebuild/hgraph/nodes/a09f59371d60.md
M	MainProjects/Algebraic-Jacobian-Challenge-Rebuild/hgraph/nodes/a0ac74deb47e.md
M	MainProjects/Algebraic-Jacobian-Challenge-Rebuild/hgraph/nodes/a0c0fa960828.md
M	MainProjects/Algebraic-Jacobian-Challenge-Rebuild/hgraph/nodes/a0c31994a5c1.md
M	MainProjects/Algebraic-Jacobian-Challenge-Rebuild/hgraph/nodes/a0cc013d4c38.md
M	MainProjects/Algebraic-Jacobian-Challenge-Rebuild/hgraph/nodes/a0d1ed5e57ca.md
M	MainProjects/Algebraic-Jacobian-Challenge-Rebuild/hgraph/nodes/a0d50554dd26.md
M	MainProjects/Algebraic-Jacobian-Challenge-Rebuild/hgraph/nodes/a0e513efe1be.md
M	MainProjects/Algebraic-Jacobian-Challenge-Rebuild/hgraph/nodes/a0f2e6a197dd.md
M	MainProjects/Algebraic-Jacobian-Challenge-Rebuild/hgraph/nodes/a0f436ed9165.md
M	MainProjects/Algebraic-Jacobian-Challenge-Rebuild/hgraph/nodes/a102530a4778.md
M	MainProjects/Algebraic-Jacobian-Challenge-Rebuild/hgraph/nodes/a10dde85059b.md
M	MainProjects/Algebraic-Jacobian-Challenge-Rebuild/hgraph/nodes/a10ee4ef3fe4.md
M	MainProjects/Algebraic-Jacobian-Challenge-Rebuild/hgraph/nodes/a1114ad5f487.md
M	MainProjects/Algebraic-Jacobian-Challenge-Rebuild/hgraph/nodes/a1191e9ec197.md
M	MainProjects/Algebraic-Jacobian-Challenge-Rebuild/hgraph/nodes/a11ac8380786.md
M	MainProjects/Algebraic-Jacobian-Challenge-Rebuild/hgraph/nodes/a126073b824e.md
M	MainProjects/Algebraic-Jacobian-Challenge-Rebuild/hgraph/nodes/a132514fb53c.md
M	MainProjects/Algebraic-Jacobian-Challenge-Rebuild/hgraph/nodes/a13315adf3b7.md
M	MainProjects/Algebraic-Jacobian-Challenge-Rebuild/hgraph/nodes/a139f9c62c06.md
M	MainProjects/Algebraic-Jacobian-Challenge-Rebuild/hgraph/nodes/a13d3beb867e.md
M	MainProjects/Algebraic-Jacobian-Challenge-Rebuild/hgraph/nodes/a13e76d523e8.md
M	MainProjects/Algebraic-Jacobian-Challenge-Rebuild/hgraph/nodes/a141ddbc3266.md
M	MainProjects/Algebraic-Jacobian-Challenge-Rebuild/hgraph/nodes/a149a7ac9980.md
M	MainProjects/Algebraic-Jacobian-Challenge-Rebuild/hgraph/nodes/a14f35fe28bf.md
M	MainProjects/Algebraic-Jacobian-Challenge-Rebuild/hgraph/nodes/a15776bc5df4.md
M	MainProjects/Algebraic-Jacobian-Challenge-Rebuild/hgraph/nodes/a15ec9af0d6d.md
M	MainProjects/Algebraic-Jacobian-Challenge-Rebuild/hgraph/nodes/a15f367b6829.md
M	MainProjects/Algebraic-Jacobian-Challenge-Rebuild/hgraph/nodes/a16081c71f2c.md
M	MainProjects/Algebraic-Jacobian-Challenge-Rebuild/hgraph/nodes/a161e7d1d59d.md
D	MainProjects/Algebraic-Jacobian-Challenge-Rebuild/hgraph/nodes/a16240846225.md
M	MainProjects/Algebraic-Jacobian-Challenge-Rebuild/hgraph/nodes/a168a547b231.md
M	MainProjects/Algebraic-Jacobian-Challenge-Rebuild/hgraph/nodes/a17188dc0d34.md
M	MainProjects/Algebraic-Jacobian-Challenge-Rebuild/hgraph/nodes/a172454ea150.md
M	MainProjects/Algebraic-Jacobian-Challenge-Rebuild/hgraph/nodes/a177265534f7.md
M	MainProjects/Algebraic-Jacobian-Challenge-Rebuild/hgraph/nodes/a178049f1d8d.md
M	MainProjects/Algebraic-Jacobian-Challenge-Rebuild/hgraph/nodes/a1797111c9c5.md
M	MainProjects/Algebraic-Jacobian-Challenge-Rebuild/hgraph/nodes/a186a1ed7828.md
M	MainProjects/Algebraic-Jacobian-Challenge-Rebuild/hgraph/nodes/a1954a7c07d7.md
M	MainProjects/Algebraic-Jacobian-Challenge-Rebuild/hgraph/nodes/a198142e883c.md
M	MainProjects/Algebraic-Jacobian-Challenge-Rebuild/hgraph/nodes/a19e2a7d5239.md
M	MainProjects/Algebraic-Jacobian-Challenge-Rebuild/hgraph/nodes/a1ad742facd5.md
M	MainProjects/Algebraic-Jacobian-Challenge-Rebuild/hgraph/nodes/a1b685d1bcf5.md
M	MainProjects/Algebraic-Jacobian-Challenge-Rebuild/hgraph/nodes/a1c422fbb046.md
M	MainProjects/Algebraic-Jacobian-Challenge-Rebuild/hgraph/nodes/a1c4f1bc6e07.md
M	MainProjects/Algebraic-Jacobian-Challenge-Rebuild/hgraph/nodes/a1e4d7236f42.md
M	MainProjects/Algebraic-Jacobian-Challenge-Rebuild/hgraph/nodes/a1f7e9bc0f98.md
M	MainProjects/Algebraic-Jacobian-Challenge-Rebuild/hgraph/nodes/a2002606cab6.md
M	MainProjects/Algebraic-Jacobian-Challenge-Rebuild/hgraph/nodes/a2153d832e71.md
M	MainProjects/Algebraic-Jacobian-Challenge-Rebuild/hgraph/nodes/a21762cbf6aa.md
M	MainProjects/Algebraic-Jacobian-Challenge-Rebuild/hgraph/nodes/a21fc54af417.md
M	MainProjects/Algebraic-Jacobian-Challenge-Rebuild/hgraph/nodes/a221c205b3ef.md
M	MainProjects/Algebraic-Jacobian-Challenge-Rebuild/hgraph/nodes/a2394eacc6c0.md
M	MainProjects/Algebraic-Jacobian-Challenge-Rebuild/hgraph/nodes/a23acfa1c396.md
M	MainProjects/Algebraic-Jacobian-Challenge-Rebuild/hgraph/nodes/a23bd1b5214a.md
M	MainProjects/Algebraic-Jacobian-Challenge-Rebuild/hgraph/nodes/a2433247b1d2.md
M	MainProjects/Algebraic-Jacobian-Challenge-Rebuild/hgraph/nodes/a24f55860d6f.md
M	MainProjects/Algebraic-Jacobian-Challenge-Rebuild/hgraph/nodes/a2532499c91d.md
M	MainProjects/Algebraic-Jacobian-Challenge-Rebuild/hgraph/nodes/a2619f3dd2b5.md
M	MainProjects/Algebraic-Jacobian-Challenge-Rebuild/hgraph/nodes/a27de7938f77.md
M	MainProjects/Algebraic-Jacobian-Challenge-Rebuild/hgraph/nodes/a27e848f9b6f.md
M	MainProjects/Algebraic-Jacobian-Challenge-Rebuild/hgraph/nodes/a27f9d2d8e1e.md
M	MainProjects/Algebraic-Jacobian-Challenge-Rebuild/hgraph/nodes/a285791931e4.md
M	MainProjects/Algebraic-Jacobian-Challenge-Rebuild/hgraph/nodes/a28bdbca51f0.md
M	MainProjects/Algebraic-Jacobian-Challenge-Rebuild/hgraph/nodes/a2a191484676.md
M	MainProjects/Algebraic-Jacobian-Challenge-Rebuild/hgraph/nodes/a2a7617c854d.md
M	MainProjects/Algebraic-Jacobian-Challenge-Rebuild/hgraph/nodes/a2b5881e672f.md
M	MainProjects/Algebraic-Jacobian-Challenge-Rebuild/hgraph/nodes/a2c3ed784cf4.md
M	MainProjects/Algebraic-Jacobian-Challenge-Rebuild/hgraph/nodes/a2c5cdc325d8.md
M	MainProjects/Algebraic-Jacobian-Challenge-Rebuild/hgraph/nodes/a2c747b5b63d.md
M	MainProjects/Algebraic-Jacobian-Challenge-Rebuild/hgraph/nodes/a2dc567cd9c2.md
M	MainProjects/Algebraic-Jacobian-Challenge-Rebuild/hgraph/nodes/a2e1774ae02b.md
M	MainProjects/Algebraic-Jacobian-Challenge-Rebuild/hgraph/nodes/a2eee1d8eff6.md
M	MainProjects/Algebraic-Jacobian-Challenge-Rebuild/hgraph/nodes/a2f13c62ae5b.md
M	MainProjects/Algebraic-Jacobian-Challenge-Rebuild/hgraph/nodes/a2f8fe953097.md
M	MainProjects/Algebraic-Jacobian-Challenge-Rebuild/hgraph/nodes/a30188b11f16.md
M	MainProjects/Algebraic-Jacobian-Challenge-Rebuild/hgraph/nodes/a30f1d11ae86.md
M	MainProjects/Algebraic-Jacobian-Challenge-Rebuild/hgraph/nodes/a3240ecc99c1.md
M	MainProjects/Algebraic-Jacobian-Challenge-Rebuild/hgraph/nodes/a325afeee404.md
M	MainProjects/Algebraic-Jacobian-Challenge-Rebuild/hgraph/nodes/a327cd54fb65.md
M	MainProjects/Algebraic-Jacobian-Challenge-Rebuild/hgraph/nodes/a32ccfb435ed.md
M	MainProjects/Algebraic-Jacobian-Challenge-Rebuild/hgraph/nodes/a3307b5e9787.md
M	MainProjects/Algebraic-Jacobian-Challenge-Rebuild/hgraph/nodes/a333a31fb019.md
M	MainProjects/Algebraic-Jacobian-Challenge-Rebuild/hgraph/nodes/a33883c0f159.md
M	MainProjects/Algebraic-Jacobian-Challenge-Rebuild/hgraph/nodes/a3553e98ce0e.md
M	MainProjects/Algebraic-Jacobian-Challenge-Rebuild/hgraph/nodes/a35c87f9b19c.md
M	MainProjects/Algebraic-Jacobian-Challenge-Rebuild/hgraph/nodes/a35db3c3dbc8.md
M	MainProjects/Algebraic-Jacobian-Challenge-Rebuild/hgraph/nodes/a35e8f2edf25.md
M	MainProjects/Algebraic-Jacobian-Challenge-Rebuild/hgraph/nodes/a363d77a88c4.md
M	MainProjects/Algebraic-Jacobian-Challenge-Rebuild/hgraph/nodes/a37491f8dabe.md
M	MainProjects/Algebraic-Jacobian-Challenge-Rebuild/hgraph/nodes/a379c91a2555.md
D	MainProjects/Algebraic-Jacobian-Challenge-Rebuild/hgraph/nodes/a3849c488d10.md
M	MainProjects/Algebraic-Jacobian-Challenge-Rebuild/hgraph/nodes/a385961c1fb9.md
M	MainProjects/Algebraic-Jacobian-Challenge-Rebuild/hgraph/nodes/a3887f917bb6.md
M	MainProjects/Algebraic-Jacobian-Challenge-Rebuild/hgraph/nodes/a38be15e093a.md
M	MainProjects/Algebraic-Jacobian-Challenge-Rebuild/hgraph/nodes/a38e40ecf814.md
M	MainProjects/Algebraic-Jacobian-Challenge-Rebuild/hgraph/nodes/a39b4d2e6694.md
M	MainProjects/Algebraic-Jacobian-Challenge-Rebuild/hgraph/nodes/a39ce22d76bd.md
M	MainProjects/Algebraic-Jacobian-Challenge-Rebuild/hgraph/nodes/a3aa0e9d0c73.md
D	MainProjects/Algebraic-Jacobian-Challenge-Rebuild/hgraph/nodes/a3b360b0bf6c.md
M	MainProjects/Algebraic-Jacobian-Challenge-Rebuild/hgraph/nodes/a3c27396b7d5.md
M	MainProjects/Algebraic-Jacobian-Challenge-Rebuild/hgraph/nodes/a3cb1259a9b3.md
M	MainProjects/Algebraic-Jacobian-Challenge-Rebuild/hgraph/nodes/a3d0235194f5.md
M	MainProjects/Algebraic-Jacobian-Challenge-Rebuild/hgraph/nodes/a3d16b9f2542.md
M	MainProjects/Algebraic-Jacobian-Challenge-Rebuild/hgraph/nodes/a3d98c763101.md
M	MainProjects/Algebraic-Jacobian-Challenge-Rebuild/hgraph/nodes/a3e961e0ba9b.md
M	MainProjects/Algebraic-Jacobian-Challenge-Rebuild/hgraph/nodes/a3ed1ca685aa.md
M	MainProjects/Algebraic-Jacobian-Challenge-Rebuild/hgraph/nodes/a3f407d060e0.md
M	MainProjects/Algebraic-Jacobian-Challenge-Rebuild/hgraph/nodes/a3fa62c30f96.md
M	MainProjects/Algebraic-Jacobian-Challenge-Rebuild/hgraph/nodes/a3fdf4e2be41.md
M	MainProjects/Algebraic-Jacobian-Challenge-Rebuild/hgraph/nodes/a40574e0f20c.md
M	MainProjects/Algebraic-Jacobian-Challenge-Rebuild/hgraph/nodes/a40faa029ff5.md
M	MainProjects/Algebraic-Jacobian-Challenge-Rebuild/hgraph/nodes/a413d23489a5.md
M	MainProjects/Algebraic-Jacobian-Challenge-Rebuild/hgraph/nodes/a414ef053564.md
M	MainProjects/Algebraic-Jacobian-Challenge-Rebuild/hgraph/nodes/a41cb8541eff.md
M	MainProjects/Algebraic-Jacobian-Challenge-Rebuild/hgraph/nodes/a4334d1a3c3a.md
D	MainProjects/Algebraic-Jacobian-Challenge-Rebuild/hgraph/nodes/a437b4c30780.md
M	MainProjects/Algebraic-Jacobian-Challenge-Rebuild/hgraph/nodes/a44412d1ab00.md
M	MainProjects/Algebraic-Jacobian-Challenge-Rebuild/hgraph/nodes/a4500d827ab0.md
M	MainProjects/Algebraic-Jacobian-Challenge-Rebuild/hgraph/nodes/a455931a5f99.md
M	MainProjects/Algebraic-Jacobian-Challenge-Rebuild/hgraph/nodes/a464311d0539.md
M	MainProjects/Algebraic-Jacobian-Challenge-Rebuild/hgraph/nodes/a48ce29a37f9.md
M	MainProjects/Algebraic-Jacobian-Challenge-Rebuild/hgraph/nodes/a48d53342fac.md
M	MainProjects/Algebraic-Jacobian-Challenge-Rebuild/hgraph/nodes/a48d62901dc9.md
M	MainProjects/Algebraic-Jacobian-Challenge-Rebuild/hgraph/nodes/a4923e9a3639.md
M	MainProjects/Algebraic-Jacobian-Challenge-Rebuild/hgraph/nodes/a4926ef8ac81.md
M	MainProjects/Algebraic-Jacobian-Challenge-Rebuild/hgraph/nodes/a494fdf76e60.md
M	MainProjects/Algebraic-Jacobian-Challenge-Rebuild/hgraph/nodes/a49851d1f5ce.md
M	MainProjects/Algebraic-Jacobian-Challenge-Rebuild/hgraph/nodes/a4a5f2beab29.md
M	MainProjects/Algebraic-Jacobian-Challenge-Rebuild/hgraph/nodes/a4af2efaa4e0.md
M	MainProjects/Algebraic-Jacobian-Challenge-Rebuild/hgraph/nodes/a4b08c301fdc.md
M	MainProjects/Algebraic-Jacobian-Challenge-Rebuild/hgraph/nodes/a4c24378b88e.md
M	MainProjects/Algebraic-Jacobian-Challenge-Rebuild/hgraph/nodes/a4c919a9d382.md
M	MainProjects/Algebraic-Jacobian-Challenge-Rebuild/hgraph/nodes/a4caf99dd357.md
M	MainProjects/Algebraic-Jacobian-Challenge-Rebuild/hgraph/nodes/a4cd32c61353.md
M	MainProjects/Algebraic-Jacobian-Challenge-Rebuild/hgraph/nodes/a4dd99f8c1cc.md
M	MainProjects/Algebraic-Jacobian-Challenge-Rebuild/hgraph/nodes/a4e785fa9a97.md
M	MainProjects/Algebraic-Jacobian-Challenge-Rebuild/hgraph/nodes/a4eddafb370b.md
M	MainProjects/Algebraic-Jacobian-Challenge-Rebuild/hgraph/nodes/a4f0c7b7923a.md
M	MainProjects/Algebraic-Jacobian-Challenge-Rebuild/hgraph/nodes/a4f2ed957759.md
M	MainProjects/Algebraic-Jacobian-Challenge-Rebuild/hgraph/nodes/a5001d67f90f.md
M	MainProjects/Algebraic-Jacobian-Challenge-Rebuild/hgraph/nodes/a507712a7795.md
M	MainProjects/Algebraic-Jacobian-Challenge-Rebuild/hgraph/nodes/a513976a1d05.md
M	MainProjects/Algebraic-Jacobian-Challenge-Rebuild/hgraph/nodes/a516e8e852f5.md
M	MainProjects/Algebraic-Jacobian-Challenge-Rebuild/hgraph/nodes/a524be0d6f7e.md
M	MainProjects/Algebraic-Jacobian-Challenge-Rebuild/hgraph/nodes/a52aeafcd204.md
M	MainProjects/Algebraic-Jacobian-Challenge-Rebuild/hgraph/nodes/a52e145673ad.md
M	MainProjects/Algebraic-Jacobian-Challenge-Rebuild/hgraph/nodes/a530f52357b8.md
M	MainProjects/Algebraic-Jacobian-Challenge-Rebuild/hgraph/nodes/a535b12229b4.md
M	MainProjects/Algebraic-Jacobian-Challenge-Rebuild/hgraph/nodes/a537ab02caa3.md
M	MainProjects/Algebraic-Jacobian-Challenge-Rebuild/hgraph/nodes/a5446dcb5e31.md
M	MainProjects/Algebraic-Jacobian-Challenge-Rebuild/hgraph/nodes/a545934178bd.md
M	MainProjects/Algebraic-Jacobian-Challenge-Rebuild/hgraph/nodes/a55f4ace62c4.md
M	MainProjects/Algebraic-Jacobian-Challenge-Rebuild/hgraph/nodes/a566e17ecc11.md
M	MainProjects/Algebraic-Jacobian-Challenge-Rebuild/hgraph/nodes/a56a25444465.md
M	MainProjects/Algebraic-Jacobian-Challenge-Rebuild/hgraph/nodes/a57037107b9a.md
M	MainProjects/Algebraic-Jacobian-Challenge-Rebuild/hgraph/nodes/a570f22c6d59.md
M	MainProjects/Algebraic-Jacobian-Challenge-Rebuild/hgraph/nodes/a572c0c2a400.md
M	MainProjects/Algebraic-Jacobian-Challenge-Rebuild/hgraph/nodes/a57528b7d592.md
M	MainProjects/Algebraic-Jacobian-Challenge-Rebuild/hgraph/nodes/a57fcac9d072.md
M	MainProjects/Algebraic-Jacobian-Challenge-Rebuild/hgraph/nodes/a5915f371b5c.md
M	MainProjects/Algebraic-Jacobian-Challenge-Rebuild/hgraph/nodes/a592b146895a.md
M	MainProjects/Algebraic-Jacobian-Challenge-Rebuild/hgraph/nodes/a596ecf20e9f.md
M	MainProjects/Algebraic-Jacobian-Challenge-Rebuild/hgraph/nodes/a59a07eb0f66.md
M	MainProjects/Algebraic-Jacobian-Challenge-Rebuild/hgraph/nodes/a59b3e12a026.md
M	MainProjects/Algebraic-Jacobian-Challenge-Rebuild/hgraph/nodes/a5a01ef47e71.md
M	MainProjects/Algebraic-Jacobian-Challenge-Rebuild/hgraph/nodes/a5a047f02dab.md
M	MainProjects/Algebraic-Jacobian-Challenge-Rebuild/hgraph/nodes/a5ae070b8d28.md
M	MainProjects/Algebraic-Jacobian-Challenge-Rebuild/hgraph/nodes/a5afb91a286b.md
M	MainProjects/Algebraic-Jacobian-Challenge-Rebuild/hgraph/nodes/a5bb0c748eec.md
M	MainProjects/Algebraic-Jacobian-Challenge-Rebuild/hgraph/nodes/a5cefda0eccd.md
M	MainProjects/Algebraic-Jacobian-Challenge-Rebuild/hgraph/nodes/a5cfc8b33abd.md
M	MainProjects/Algebraic-Jacobian-Challenge-Rebuild/hgraph/nodes/a5d84ec2e6b2.md
M	MainProjects/Algebraic-Jacobian-Challenge-Rebuild/hgraph/nodes/a5dc5bca59ed.md
M	MainProjects/Algebraic-Jacobian-Challenge-Rebuild/hgraph/nodes/a5e3214807e3.md
M	MainProjects/Algebraic-Jacobian-Challenge-Rebuild/hgraph/nodes/a5e6627d77e2.md
M	MainProjects/Algebraic-Jacobian-Challenge-Rebuild/hgraph/nodes/a5ea5316223e.md
M	MainProjects/Algebraic-Jacobian-Challenge-Rebuild/hgraph/nodes/a5f1fa11b4e7.md
M	MainProjects/Algebraic-Jacobian-Challenge-Rebuild/hgraph/nodes/a5f309b333d0.md
M	MainProjects/Algebraic-Jacobian-Challenge-Rebuild/hgraph/nodes/a5f68ca79ea7.md
M	MainProjects/Algebraic-Jacobian-Challenge-Rebuild/hgraph/nodes/a5fda58cfb4c.md
M	MainProjects/Algebraic-Jacobian-Challenge-Rebuild/hgraph/nodes/a60c70a94739.md
M	MainProjects/Algebraic-Jacobian-Challenge-Rebuild/hgraph/nodes/a61acbdfa7f4.md
M	MainProjects/Algebraic-Jacobian-Challenge-Rebuild/hgraph/nodes/a61d46f5a8cd.md
M	MainProjects/Algebraic-Jacobian-Challenge-Rebuild/hgraph/nodes/a62372be3d96.md
M	MainProjects/Algebraic-Jacobian-Challenge-Rebuild/hgraph/nodes/a6268c9eb951.md
M	MainProjects/Algebraic-Jacobian-Challenge-Rebuild/hgraph/nodes/a62798537035.md
M	MainProjects/Algebraic-Jacobian-Challenge-Rebuild/hgraph/nodes/a6356be154bc.md
M	MainProjects/Algebraic-Jacobian-Challenge-Rebuild/hgraph/nodes/a64a28615cf9.md
M	MainProjects/Algebraic-Jacobian-Challenge-Rebuild/hgraph/nodes/a64f5e5801fe.md
M	MainProjects/Algebraic-Jacobian-Challenge-Rebuild/hgraph/nodes/a65ba725dbf0.md
M	MainProjects/Algebraic-Jacobian-Challenge-Rebuild/hgraph/nodes/a65cd227b684.md
M	MainProjects/Algebraic-Jacobian-Challenge-Rebuild/hgraph/nodes/a660d5fa1f6b.md
M	MainProjects/Algebraic-Jacobian-Challenge-Rebuild/hgraph/nodes/a660f216ec84.md
M	MainProjects/Algebraic-Jacobian-Challenge-Rebuild/hgraph/nodes/a661205af729.md
M	MainProjects/Algebraic-Jacobian-Challenge-Rebuild/hgraph/nodes/a6659fde97a1.md
M	MainProjects/Algebraic-Jacobian-Challenge-Rebuild/hgraph/nodes/a666ae701d4b.md
M	MainProjects/Algebraic-Jacobian-Challenge-Rebuild/hgraph/nodes/a6674995d57e.md
M	MainProjects/Algebraic-Jacobian-Challenge-Rebuild/hgraph/nodes/a66e36696409.md
M	MainProjects/Algebraic-Jacobian-Challenge-Rebuild/hgraph/nodes/a66eb8297072.md
M	MainProjects/Algebraic-Jacobian-Challenge-Rebuild/hgraph/nodes/a67ef8827803.md
D	MainProjects/Algebraic-Jacobian-Challenge-Rebuild/hgraph/nodes/a694445ab1da.md
M	MainProjects/Algebraic-Jacobian-Challenge-Rebuild/hgraph/nodes/a6b3a2e5cc53.md
M	MainProjects/Algebraic-Jacobian-Challenge-Rebuild/hgraph/nodes/a6cc53ef48c2.md
M	MainProjects/Algebraic-Jacobian-Challenge-Rebuild/hgraph/nodes/a6cf33d88282.md
M	MainProjects/Algebraic-Jacobian-Challenge-Rebuild/hgraph/nodes/a6db1e90a9f7.md
M	MainProjects/Algebraic-Jacobian-Challenge-Rebuild/hgraph/nodes/a6dc2ef1a1b2.md
M	MainProjects/Algebraic-Jacobian-Challenge-Rebuild/hgraph/nodes/a6e28cf70f36.md
M	MainProjects/Algebraic-Jacobian-Challenge-Rebuild/hgraph/nodes/a6e5fd923b28.md
M	MainProjects/Algebraic-Jacobian-Challenge-Rebuild/hgraph/nodes/a6ee2329050c.md
M	MainProjects/Algebraic-Jacobian-Challenge-Rebuild/hgraph/nodes/a6ef8a676c7c.md
M	MainProjects/Algebraic-Jacobian-Challenge-Rebuild/hgraph/nodes/a6f9e0fa5855.md
M	MainProjects/Algebraic-Jacobian-Challenge-Rebuild/hgraph/nodes/a6fe61b26b85.md
M	MainProjects/Algebraic-Jacobian-Challenge-Rebuild/hgraph/nodes/a6fff74fe0fa.md
M	MainProjects/Algebraic-Jacobian-Challenge-Rebuild/hgraph/nodes/a701c55aff39.md
M	MainProjects/Algebraic-Jacobian-Challenge-Rebuild/hgraph/nodes/a706870b1a57.md
D	MainProjects/Algebraic-Jacobian-Challenge-Rebuild/hgraph/nodes/a7093ecf3b22.md
M	MainProjects/Algebraic-Jacobian-Challenge-Rebuild/hgraph/nodes/a7190064464e.md
M	MainProjects/Algebraic-Jacobian-Challenge-Rebuild/hgraph/nodes/a719b923a5c8.md
M	MainProjects/Algebraic-Jacobian-Challenge-Rebuild/hgraph/nodes/a732c732e4f2.md
M	MainProjects/Algebraic-Jacobian-Challenge-Rebuild/hgraph/nodes/a733d092992f.md
M	MainProjects/Algebraic-Jacobian-Challenge-Rebuild/hgraph/nodes/a737e6892f75.md
M	MainProjects/Algebraic-Jacobian-Challenge-Rebuild/hgraph/nodes/a73d44054564.md
M	MainProjects/Algebraic-Jacobian-Challenge-Rebuild/hgraph/nodes/a73ffa56c8a5.md
M	MainProjects/Algebraic-Jacobian-Challenge-Rebuild/hgraph/nodes/a742c77cdda7.md
M	MainProjects/Algebraic-Jacobian-Challenge-Rebuild/hgraph/nodes/a751b4cd75b7.md
M	MainProjects/Algebraic-Jacobian-Challenge-Rebuild/hgraph/nodes/a76046aed440.md
M	MainProjects/Algebraic-Jacobian-Challenge-Rebuild/hgraph/nodes/a76070037bf9.md
M	MainProjects/Algebraic-Jacobian-Challenge-Rebuild/hgraph/nodes/a76c5ab7286c.md
M	MainProjects/Algebraic-Jacobian-Challenge-Rebuild/hgraph/nodes/a771d2450c56.md
M	MainProjects/Algebraic-Jacobian-Challenge-Rebuild/hgraph/nodes/a774f67f6094.md
M	MainProjects/Algebraic-Jacobian-Challenge-Rebuild/hgraph/nodes/a78886ece960.md
M	MainProjects/Algebraic-Jacobian-Challenge-Rebuild/hgraph/nodes/a78bd608db1e.md
M	MainProjects/Algebraic-Jacobian-Challenge-Rebuild/hgraph/nodes/a79b85a1a2fe.md
M	MainProjects/Algebraic-Jacobian-Challenge-Rebuild/hgraph/nodes/a79eb3158d37.md
M	MainProjects/Algebraic-Jacobian-Challenge-Rebuild/hgraph/nodes/a7a8e263d5a0.md
M	MainProjects/Algebraic-Jacobian-Challenge-Rebuild/hgraph/nodes/a7ac64461541.md
M	MainProjects/Algebraic-Jacobian-Challenge-Rebuild/hgraph/nodes/a7bd776eea8a.md
M	MainProjects/Algebraic-Jacobian-Challenge-Rebuild/hgraph/nodes/a7be20c6e7ff.md
M	MainProjects/Algebraic-Jacobian-Challenge-Rebuild/hgraph/nodes/a7f67e5c1a76.md
M	MainProjects/Algebraic-Jacobian-Challenge-Rebuild/hgraph/nodes/a7f9970d9de1.md
M	MainProjects/Algebraic-Jacobian-Challenge-Rebuild/hgraph/nodes/a7fa3f76d921.md
M	MainProjects/Algebraic-Jacobian-Challenge-Rebuild/hgraph/nodes/a7ff545ef27c.md
M	MainProjects/Algebraic-Jacobian-Challenge-Rebuild/hgraph/nodes/a80c7a0c3ef9.md
M	MainProjects/Algebraic-Jacobian-Challenge-Rebuild/hgraph/nodes/a82515418306.md
M	MainProjects/Algebraic-Jacobian-Challenge-Rebuild/hgraph/nodes/a8258d0dcd0a.md
M	MainProjects/Algebraic-Jacobian-Challenge-Rebuild/hgraph/nodes/a83519c85a7b.md
M	MainProjects/Algebraic-Jacobian-Challenge-Rebuild/hgraph/nodes/a83f5c23118c.md
M	MainProjects/Algebraic-Jacobian-Challenge-Rebuild/hgraph/nodes/a84c38c09adc.md
M	MainProjects/Algebraic-Jacobian-Challenge-Rebuild/hgraph/nodes/a8513d4018d9.md
M	MainProjects/Algebraic-Jacobian-Challenge-Rebuild/hgraph/nodes/a85c6c5a7393.md
M	MainProjects/Algebraic-Jacobian-Challenge-Rebuild/hgraph/nodes/a860652fd62a.md
M	MainProjects/Algebraic-Jacobian-Challenge-Rebuild/hgraph/nodes/a8826a4bf470.md
M	MainProjects/Algebraic-Jacobian-Challenge-Rebuild/hgraph/nodes/a882ae3987ee.md
M	MainProjects/Algebraic-Jacobian-Challenge-Rebuild/hgraph/nodes/a8850b1e3b00.md
M	MainProjects/Algebraic-Jacobian-Challenge-Rebuild/hgraph/nodes/a890ed005410.md
M	MainProjects/Algebraic-Jacobian-Challenge-Rebuild/hgraph/nodes/a894b2687715.md
M	MainProjects/Algebraic-Jacobian-Challenge-Rebuild/hgraph/nodes/a898e6f4a954.md
M	MainProjects/Algebraic-Jacobian-Challenge-Rebuild/hgraph/nodes/a8a006c9ca49.md
M	MainProjects/Algebraic-Jacobian-Challenge-Rebuild/hgraph/nodes/a8a49e67b9ba.md
M	MainProjects/Algebraic-Jacobian-Challenge-Rebuild/hgraph/nodes/a8b258f6f87a.md
M	MainProjects/Algebraic-Jacobian-Challenge-Rebuild/hgraph/nodes/a8b3a92e5ddf.md
M	MainProjects/Algebraic-Jacobian-Challenge-Rebuild/hgraph/nodes/a8b4e361e735.md
M	MainProjects/Algebraic-Jacobian-Challenge-Rebuild/hgraph/nodes/a8b70ce38db8.md
M	MainProjects/Algebraic-Jacobian-Challenge-Rebuild/hgraph/nodes/a8b9d7c596ca.md
M	MainProjects/Algebraic-Jacobian-Challenge-Rebuild/hgraph/nodes/a8bee12f96c5.md
M	MainProjects/Algebraic-Jacobian-Challenge-Rebuild/hgraph/nodes/a8c772864e18.md
M	MainProjects/Algebraic-Jacobian-Challenge-Rebuild/hgraph/nodes/a8daac1910e1.md
M	MainProjects/Algebraic-Jacobian-Challenge-Rebuild/hgraph/nodes/a8dd7418cb92.md
M	MainProjects/Algebraic-Jacobian-Challenge-Rebuild/hgraph/nodes/a8eaf543e62f.md
M	MainProjects/Algebraic-Jacobian-Challenge-Rebuild/hgraph/nodes/a8ee67cf439e.md
M	MainProjects/Algebraic-Jacobian-Challenge-Rebuild/hgraph/nodes/a8f2a30b10d9.md
M	MainProjects/Algebraic-Jacobian-Challenge-Rebuild/hgraph/nodes/a8f32df217f3.md
M	MainProjects/Algebraic-Jacobian-Challenge-Rebuild/hgraph/nodes/a908e45af2b2.md
M	MainProjects/Algebraic-Jacobian-Challenge-Rebuild/hgraph/nodes/a926a47367ea.md
M	MainProjects/Algebraic-Jacobian-Challenge-Rebuild/hgraph/nodes/a928bfa754f2.md
M	MainProjects/Algebraic-Jacobian-Challenge-Rebuild/hgraph/nodes/a92d03540377.md
M	MainProjects/Algebraic-Jacobian-Challenge-Rebuild/hgraph/nodes/a94335e7bdff.md
M	MainProjects/Algebraic-Jacobian-Challenge-Rebuild/hgraph/nodes/a95e4f82659c.md
M	MainProjects/Algebraic-Jacobian-Challenge-Rebuild/hgraph/nodes/a961b4f4e89b.md
M	MainProjects/Algebraic-Jacobian-Challenge-Rebuild/hgraph/nodes/a962fdb6e826.md
M	MainProjects/Algebraic-Jacobian-Challenge-Rebuild/hgraph/nodes/a96f3d7e3644.md
M	MainProjects/Algebraic-Jacobian-Challenge-Rebuild/hgraph/nodes/a9781b85e54f.md
M	MainProjects/Algebraic-Jacobian-Challenge-Rebuild/hgraph/nodes/a9783ebccf4e.md
M	MainProjects/Algebraic-Jacobian-Challenge-Rebuild/hgraph/nodes/a97c7e66dde0.md
M	MainProjects/Algebraic-Jacobian-Challenge-Rebuild/hgraph/nodes/a980f7737e4a.md
M	MainProjects/Algebraic-Jacobian-Challenge-Rebuild/hgraph/nodes/a9846549598e.md
M	MainProjects/Algebraic-Jacobian-Challenge-Rebuild/hgraph/nodes/a98f185d2635.md
M	MainProjects/Algebraic-Jacobian-Challenge-Rebuild/hgraph/nodes/a9938e4d7636.md
M	MainProjects/Algebraic-Jacobian-Challenge-Rebuild/hgraph/nodes/a9b1ac1f4ded.md
M	MainProjects/Algebraic-Jacobian-Challenge-Rebuild/hgraph/nodes/a9bfaa6e604e.md
M	MainProjects/Algebraic-Jacobian-Challenge-Rebuild/hgraph/nodes/a9ce0c41a0d1.md
M	MainProjects/Algebraic-Jacobian-Challenge-Rebuild/hgraph/nodes/a9cf81d332a5.md
M	MainProjects/Algebraic-Jacobian-Challenge-Rebuild/hgraph/nodes/a9dbdb3c4d5f.md
M	MainProjects/Algebraic-Jacobian-Challenge-Rebuild/hgraph/nodes/a9de53ca5077.md
M	MainProjects/Algebraic-Jacobian-Challenge-Rebuild/hgraph/nodes/a9dfebfa74f7.md
M	MainProjects/Algebraic-Jacobian-Challenge-Rebuild/hgraph/nodes/a9e0c8fc4451.md
M	MainProjects/Algebraic-Jacobian-Challenge-Rebuild/hgraph/nodes/a9ee4c64ebd2.md
M	MainProjects/Algebraic-Jacobian-Challenge-Rebuild/hgraph/nodes/a9eee7e98735.md
M	MainProjects/Algebraic-Jacobian-Challenge-Rebuild/hgraph/nodes/a9f9bb8099e5.md
M	MainProjects/Algebraic-Jacobian-Challenge-Rebuild/hgraph/nodes/a9fee6e0b0ae.md
M	MainProjects/Algebraic-Jacobian-Challenge-Rebuild/hgraph/nodes/aa0501486190.md
M	MainProjects/Algebraic-Jacobian-Challenge-Rebuild/hgraph/nodes/aa163c8f6d16.md
M	MainProjects/Algebraic-Jacobian-Challenge-Rebuild/hgraph/nodes/aa1d56257bf6.md
M	MainProjects/Algebraic-Jacobian-Challenge-Rebuild/hgraph/nodes/aa2405140654.md
M	MainProjects/Algebraic-Jacobian-Challenge-Rebuild/hgraph/nodes/aa28f4c8ddd6.md
M	MainProjects/Algebraic-Jacobian-Challenge-Rebuild/hgraph/nodes/aa2a5b8e36b4.md
M	MainProjects/Algebraic-Jacobian-Challenge-Rebuild/hgraph/nodes/aa2d9c6e8049.md
M	MainProjects/Algebraic-Jacobian-Challenge-Rebuild/hgraph/nodes/aa33055292d1.md
M	MainProjects/Algebraic-Jacobian-Challenge-Rebuild/hgraph/nodes/aa33cd593be8.md
M	MainProjects/Algebraic-Jacobian-Challenge-Rebuild/hgraph/nodes/aa4c589e5f23.md
M	MainProjects/Algebraic-Jacobian-Challenge-Rebuild/hgraph/nodes/aa4ca227f05a.md
M	MainProjects/Algebraic-Jacobian-Challenge-Rebuild/hgraph/nodes/aa54fa45d2bc.md
M	MainProjects/Algebraic-Jacobian-Challenge-Rebuild/hgraph/nodes/aa5b3a9b91e0.md
M	MainProjects/Algebraic-Jacobian-Challenge-Rebuild/hgraph/nodes/aa644e3a3f7e.md
M	MainProjects/Algebraic-Jacobian-Challenge-Rebuild/hgraph/nodes/aa66c44613b6.md
M	MainProjects/Algebraic-Jacobian-Challenge-Rebuild/hgraph/nodes/aa7483fe68a3.md
M	MainProjects/Algebraic-Jacobian-Challenge-Rebuild/hgraph/nodes/aa7b91757920.md
M	MainProjects/Algebraic-Jacobian-Challenge-Rebuild/hgraph/nodes/aa7d6d2fcd45.md
M	MainProjects/Algebraic-Jacobian-Challenge-Rebuild/hgraph/nodes/aa7ee1aadd1b.md
M	MainProjects/Algebraic-Jacobian-Challenge-Rebuild/hgraph/nodes/aa94167db5a8.md
M	MainProjects/Algebraic-Jacobian-Challenge-Rebuild/hgraph/nodes/aaa08da2c9ec.md
M	MainProjects/Algebraic-Jacobian-Challenge-Rebuild/hgraph/nodes/aaa183f3367c.md
M	MainProjects/Algebraic-Jacobian-Challenge-Rebuild/hgraph/nodes/aab214d38849.md
M	MainProjects/Algebraic-Jacobian-Challenge-Rebuild/hgraph/nodes/aab51b6c63ab.md
M	MainProjects/Algebraic-Jacobian-Challenge-Rebuild/hgraph/nodes/aac57357cb24.md
M	MainProjects/Algebraic-Jacobian-Challenge-Rebuild/hgraph/nodes/aac7c8edf58b.md
M	MainProjects/Algebraic-Jacobian-Challenge-Rebuild/hgraph/nodes/aac9dae94f93.md
M	MainProjects/Algebraic-Jacobian-Challenge-Rebuild/hgraph/nodes/aacbb8e3c26e.md
M	MainProjects/Algebraic-Jacobian-Challenge-Rebuild/hgraph/nodes/aad126016c21.md
M	MainProjects/Algebraic-Jacobian-Challenge-Rebuild/hgraph/nodes/aadb954d65fb.md
M	MainProjects/Algebraic-Jacobian-Challenge-Rebuild/hgraph/nodes/aae993384508.md
M	MainProjects/Algebraic-Jacobian-Challenge-Rebuild/hgraph/nodes/aaeb4fd56d37.md
M	MainProjects/Algebraic-Jacobian-Challenge-Rebuild/hgraph/nodes/aafb53538ffe.md
M	MainProjects/Algebraic-Jacobian-Challenge-Rebuild/hgraph/nodes/aafe36c45d0c.md
M	MainProjects/Algebraic-Jacobian-Challenge-Rebuild/hgraph/nodes/ab0d98bfafd2.md
M	MainProjects/Algebraic-Jacobian-Challenge-Rebuild/hgraph/nodes/ab0ec5eba7d4.md
M	MainProjects/Algebraic-Jacobian-Challenge-Rebuild/hgraph/nodes/ab1bd702e53e.md
M	MainProjects/Algebraic-Jacobian-Challenge-Rebuild/hgraph/nodes/ab28a55fa813.md
M	MainProjects/Algebraic-Jacobian-Challenge-Rebuild/hgraph/nodes/ab30aafc438b.md
M	MainProjects/Algebraic-Jacobian-Challenge-Rebuild/hgraph/nodes/ab568bcfde7b.md
M	MainProjects/Algebraic-Jacobian-Challenge-Rebuild/hgraph/nodes/ab5d3ca8e3c3.md
M	MainProjects/Algebraic-Jacobian-Challenge-Rebuild/hgraph/nodes/ab6c8ea89b3b.md
M	MainProjects/Algebraic-Jacobian-Challenge-Rebuild/hgraph/nodes/ab6e4bdac82c.md
M	MainProjects/Algebraic-Jacobian-Challenge-Rebuild/hgraph/nodes/ab7ab775b57a.md
M	MainProjects/Algebraic-Jacobian-Challenge-Rebuild/hgraph/nodes/ab7b7fee4dee.md
M	MainProjects/Algebraic-Jacobian-Challenge-Rebuild/hgraph/nodes/ab7ee7622456.md
M	MainProjects/Algebraic-Jacobian-Challenge-Rebuild/hgraph/nodes/ab85dc1ef781.md
M	MainProjects/Algebraic-Jacobian-Challenge-Rebuild/hgraph/nodes/ab86fac3e56f.md
D	MainProjects/Algebraic-Jacobian-Challenge-Rebuild/hgraph/nodes/ab96932d2c40.md
M	MainProjects/Algebraic-Jacobian-Challenge-Rebuild/hgraph/nodes/ab969f0299f8.md
M	MainProjects/Algebraic-Jacobian-Challenge-Rebuild/hgraph/nodes/ab9b6c6b3c15.md
M	MainProjects/Algebraic-Jacobian-Challenge-Rebuild/hgraph/nodes/ab9cf1cc4c5f.md
M	MainProjects/Algebraic-Jacobian-Challenge-Rebuild/hgraph/nodes/ab9e81fa9f5d.md
M	MainProjects/Algebraic-Jacobian-Challenge-Rebuild/hgraph/nodes/aba18cd650be.md
M	MainProjects/Algebraic-Jacobian-Challenge-Rebuild/hgraph/nodes/aba2d20af093.md
M	MainProjects/Algebraic-Jacobian-Challenge-Rebuild/hgraph/nodes/aba97654c206.md
M	MainProjects/Algebraic-Jacobian-Challenge-Rebuild/hgraph/nodes/abb4028a401e.md
M	MainProjects/Algebraic-Jacobian-Challenge-Rebuild/hgraph/nodes/abb6a3aae50e.md
M	MainProjects/Algebraic-Jacobian-Challenge-Rebuild/hgraph/nodes/abbb812758c9.md
M	MainProjects/Algebraic-Jacobian-Challenge-Rebuild/hgraph/nodes/abbe8eda6fbc.md
M	MainProjects/Algebraic-Jacobian-Challenge-Rebuild/hgraph/nodes/abc35fcd23d4.md
M	MainProjects/Algebraic-Jacobian-Challenge-Rebuild/hgraph/nodes/abd064d921b9.md
M	MainProjects/Algebraic-Jacobian-Challenge-Rebuild/hgraph/nodes/abd531b6a2a0.md
M	MainProjects/Algebraic-Jacobian-Challenge-Rebuild/hgraph/nodes/abd70272a4d9.md
M	MainProjects/Algebraic-Jacobian-Challenge-Rebuild/hgraph/nodes/abda57ea2565.md
M	MainProjects/Algebraic-Jacobian-Challenge-Rebuild/hgraph/nodes/abdc9b7f1f53.md
M	MainProjects/Algebraic-Jacobian-Challenge-Rebuild/hgraph/nodes/abe44622f753.md
M	MainProjects/Algebraic-Jacobian-Challenge-Rebuild/hgraph/nodes/abe7a259b128.md
M	MainProjects/Algebraic-Jacobian-Challenge-Rebuild/hgraph/nodes/abf48918f52c.md
M	MainProjects/Algebraic-Jacobian-Challenge-Rebuild/hgraph/nodes/ac0245c2d4d9.md
M	MainProjects/Algebraic-Jacobian-Challenge-Rebuild/hgraph/nodes/ac08348706b6.md
M	MainProjects/Algebraic-Jacobian-Challenge-Rebuild/hgraph/nodes/ac0d8b38d51b.md
M	MainProjects/Algebraic-Jacobian-Challenge-Rebuild/hgraph/nodes/ac0d8f1f61a1.md
M	MainProjects/Algebraic-Jacobian-Challenge-Rebuild/hgraph/nodes/ac1577f37ba7.md
M	MainProjects/Algebraic-Jacobian-Challenge-Rebuild/hgraph/nodes/ac1d997bf267.md
M	MainProjects/Algebraic-Jacobian-Challenge-Rebuild/hgraph/nodes/ac1ed38fbe30.md
M	MainProjects/Algebraic-Jacobian-Challenge-Rebuild/hgraph/nodes/ac2592525184.md
M	MainProjects/Algebraic-Jacobian-Challenge-Rebuild/hgraph/nodes/ac2d109adfd8.md
M	MainProjects/Algebraic-Jacobian-Challenge-Rebuild/hgraph/nodes/ac37bc40fabb.md
M	MainProjects/Algebraic-Jacobian-Challenge-Rebuild/hgraph/nodes/ac42645f4922.md
M	MainProjects/Algebraic-Jacobian-Challenge-Rebuild/hgraph/nodes/ac5188b60358.md
M	MainProjects/Algebraic-Jacobian-Challenge-Rebuild/hgraph/nodes/ac53322950f1.md
M	MainProjects/Algebraic-Jacobian-Challenge-Rebuild/hgraph/nodes/ac55a3ca7198.md
M	MainProjects/Algebraic-Jacobian-Challenge-Rebuild/hgraph/nodes/ac59ba9d0006.md
M	MainProjects/Algebraic-Jacobian-Challenge-Rebuild/hgraph/nodes/ac65ff6ecb7b.md
D	MainProjects/Algebraic-Jacobian-Challenge-Rebuild/hgraph/nodes/ac732d46ddce.md
M	MainProjects/Algebraic-Jacobian-Challenge-Rebuild/hgraph/nodes/ac7d26c28db6.md
M	MainProjects/Algebraic-Jacobian-Challenge-Rebuild/hgraph/nodes/ac8885b85792.md
M	MainProjects/Algebraic-Jacobian-Challenge-Rebuild/hgraph/nodes/ac8f27540585.md
M	MainProjects/Algebraic-Jacobian-Challenge-Rebuild/hgraph/nodes/aca479fcb932.md
M	MainProjects/Algebraic-Jacobian-Challenge-Rebuild/hgraph/nodes/aca649e8c163.md
M	MainProjects/Algebraic-Jacobian-Challenge-Rebuild/hgraph/nodes/acc638436fc4.md
M	MainProjects/Algebraic-Jacobian-Challenge-Rebuild/hgraph/nodes/acc7eed3e760.md
M	MainProjects/Algebraic-Jacobian-Challenge-Rebuild/hgraph/nodes/acd6b48b975f.md
M	MainProjects/Algebraic-Jacobian-Challenge-Rebuild/hgraph/nodes/acd77a35e44e.md
M	MainProjects/Algebraic-Jacobian-Challenge-Rebuild/hgraph/nodes/acdf5bec6a42.md
M	MainProjects/Algebraic-Jacobian-Challenge-Rebuild/hgraph/nodes/acdf990657a4.md
M	MainProjects/Algebraic-Jacobian-Challenge-Rebuild/hgraph/nodes/acf1e5a14564.md
M	MainProjects/Algebraic-Jacobian-Challenge-Rebuild/hgraph/nodes/acf29bad66ab.md
M	MainProjects/Algebraic-Jacobian-Challenge-Rebuild/hgraph/nodes/acf98d55d5ce.md
M	MainProjects/Algebraic-Jacobian-Challenge-Rebuild/hgraph/nodes/acfc73bc35be.md
M	MainProjects/Algebraic-Jacobian-Challenge-Rebuild/hgraph/nodes/ad0321470165.md
M	MainProjects/Algebraic-Jacobian-Challenge-Rebuild/hgraph/nodes/ad095f61eced.md
M	MainProjects/Algebraic-Jacobian-Challenge-Rebuild/hgraph/nodes/ad1a539d21a5.md
M	MainProjects/Algebraic-Jacobian-Challenge-Rebuild/hgraph/nodes/ad232afd7503.md
M	MainProjects/Algebraic-Jacobian-Challenge-Rebuild/hgraph/nodes/ad24010d7904.md
M	MainProjects/Algebraic-Jacobian-Challenge-Rebuild/hgraph/nodes/ad267facd0b1.md
M	MainProjects/Algebraic-Jacobian-Challenge-Rebuild/hgraph/nodes/ad306d54cdb9.md
M	MainProjects/Algebraic-Jacobian-Challenge-Rebuild/hgraph/nodes/ad38ed68e412.md
M	MainProjects/Algebraic-Jacobian-Challenge-Rebuild/hgraph/nodes/ad3bd883c8a5.md
M	MainProjects/Algebraic-Jacobian-Challenge-Rebuild/hgraph/nodes/ad42e70e1b77.md
M	MainProjects/Algebraic-Jacobian-Challenge-Rebuild/hgraph/nodes/ad44bcb3aae0.md
M	MainProjects/Algebraic-Jacobian-Challenge-Rebuild/hgraph/nodes/ad48c1da6b5f.md
M	MainProjects/Algebraic-Jacobian-Challenge-Rebuild/hgraph/nodes/ad4cc75d7356.md
M	MainProjects/Algebraic-Jacobian-Challenge-Rebuild/hgraph/nodes/ad511f82a258.md
D	MainProjects/Algebraic-Jacobian-Challenge-Rebuild/hgraph/nodes/ad6fb17eae69.md
M	MainProjects/Algebraic-Jacobian-Challenge-Rebuild/hgraph/nodes/ad781876475e.md
M	MainProjects/Algebraic-Jacobian-Challenge-Rebuild/hgraph/nodes/ad79217c47d6.md
M	MainProjects/Algebraic-Jacobian-Challenge-Rebuild/hgraph/nodes/ad827eef6b07.md
M	MainProjects/Algebraic-Jacobian-Challenge-Rebuild/hgraph/nodes/ad8bdef9f7bf.md
M	MainProjects/Algebraic-Jacobian-Challenge-Rebuild/hgraph/nodes/ad8c2ce18d0e.md
M	MainProjects/Algebraic-Jacobian-Challenge-Rebuild/hgraph/nodes/ad9485dcca97.md
M	MainProjects/Algebraic-Jacobian-Challenge-Rebuild/hgraph/nodes/ada0b58400ef.md
M	MainProjects/Algebraic-Jacobian-Challenge-Rebuild/hgraph/nodes/adaa3da39e92.md
M	MainProjects/Algebraic-Jacobian-Challenge-Rebuild/hgraph/nodes/adb08961a745.md
M	MainProjects/Algebraic-Jacobian-Challenge-Rebuild/hgraph/nodes/adb28eb7f6c7.md
M	MainProjects/Algebraic-Jacobian-Challenge-Rebuild/hgraph/nodes/adbf2363f9f0.md
M	MainProjects/Algebraic-Jacobian-Challenge-Rebuild/hgraph/nodes/adc09b95d28a.md
M	MainProjects/Algebraic-Jacobian-Challenge-Rebuild/hgraph/nodes/adc66166fa40.md
M	MainProjects/Algebraic-Jacobian-Challenge-Rebuild/hgraph/nodes/ade1b70910e8.md
M	MainProjects/Algebraic-Jacobian-Challenge-Rebuild/hgraph/nodes/adf511b2df15.md
M	MainProjects/Algebraic-Jacobian-Challenge-Rebuild/hgraph/nodes/adfc993b7f31.md
M	MainProjects/Algebraic-Jacobian-Challenge-Rebuild/hgraph/nodes/ae081ec0eba4.md
M	MainProjects/Algebraic-Jacobian-Challenge-Rebuild/hgraph/nodes/ae0916baf3e2.md
M	MainProjects/Algebraic-Jacobian-Challenge-Rebuild/hgraph/nodes/ae09855456d6.md
M	MainProjects/Algebraic-Jacobian-Challenge-Rebuild/hgraph/nodes/ae210ad94466.md
M	MainProjects/Algebraic-Jacobian-Challenge-Rebuild/hgraph/nodes/ae2e90caabc8.md
M	MainProjects/Algebraic-Jacobian-Challenge-Rebuild/hgraph/nodes/ae3c6d8e5fbc.md
M	MainProjects/Algebraic-Jacobian-Challenge-Rebuild/hgraph/nodes/ae42097181a1.md
M	MainProjects/Algebraic-Jacobian-Challenge-Rebuild/hgraph/nodes/ae4d583f2817.md
M	MainProjects/Algebraic-Jacobian-Challenge-Rebuild/hgraph/nodes/ae559bfcfe52.md
M	MainProjects/Algebraic-Jacobian-Challenge-Rebuild/hgraph/nodes/ae6669ae57ed.md
M	MainProjects/Algebraic-Jacobian-Challenge-Rebuild/hgraph/nodes/ae7831befa72.md
M	MainProjects/Algebraic-Jacobian-Challenge-Rebuild/hgraph/nodes/ae7c8fdb3bc8.md
M	MainProjects/Algebraic-Jacobian-Challenge-Rebuild/hgraph/nodes/ae7d1859b3a3.md
M	MainProjects/Algebraic-Jacobian-Challenge-Rebuild/hgraph/nodes/ae809e1597d2.md
M	MainProjects/Algebraic-Jacobian-Challenge-Rebuild/hgraph/nodes/ae8593a59610.md
M	MainProjects/Algebraic-Jacobian-Challenge-Rebuild/hgraph/nodes/ae90150f7127.md
M	MainProjects/Algebraic-Jacobian-Challenge-Rebuild/hgraph/nodes/ae969729df1e.md
M	MainProjects/Algebraic-Jacobian-Challenge-Rebuild/hgraph/nodes/ae9b3d0a7fae.md
M	MainProjects/Algebraic-Jacobian-Challenge-Rebuild/hgraph/nodes/ae9d0edad641.md
M	MainProjects/Algebraic-Jacobian-Challenge-Rebuild/hgraph/nodes/aea9b31c9eb2.md
M	MainProjects/Algebraic-Jacobian-Challenge-Rebuild/hgraph/nodes/aeb1f428dfa9.md
M	MainProjects/Algebraic-Jacobian-Challenge-Rebuild/hgraph/nodes/aeb46a6378b8.md
M	MainProjects/Algebraic-Jacobian-Challenge-Rebuild/hgraph/nodes/aebad86ed773.md
M	MainProjects/Algebraic-Jacobian-Challenge-Rebuild/hgraph/nodes/aec311488293.md
M	MainProjects/Algebraic-Jacobian-Challenge-Rebuild/hgraph/nodes/aed63ec17124.md
M	MainProjects/Algebraic-Jacobian-Challenge-Rebuild/hgraph/nodes/aee39de99ff0.md
M	MainProjects/Algebraic-Jacobian-Challenge-Rebuild/hgraph/nodes/aeeafdb05e48.md
M	MainProjects/Algebraic-Jacobian-Challenge-Rebuild/hgraph/nodes/aef4c7838ffd.md
D	MainProjects/Algebraic-Jacobian-Challenge-Rebuild/hgraph/nodes/aef6cae565f2.md
M	MainProjects/Algebraic-Jacobian-Challenge-Rebuild/hgraph/nodes/aefac0eea942.md
M	MainProjects/Algebraic-Jacobian-Challenge-Rebuild/hgraph/nodes/af20689659fc.md
M	MainProjects/Algebraic-Jacobian-Challenge-Rebuild/hgraph/nodes/af217f4d9df4.md
M	MainProjects/Algebraic-Jacobian-Challenge-Rebuild/hgraph/nodes/af239f1d0969.md
M	MainProjects/Algebraic-Jacobian-Challenge-Rebuild/hgraph/nodes/af3fa0e3b50f.md
M	MainProjects/Algebraic-Jacobian-Challenge-Rebuild/hgraph/nodes/af444eb3e6ea.md
M	MainProjects/Algebraic-Jacobian-Challenge-Rebuild/hgraph/nodes/af62c3aa2509.md
M	MainProjects/Algebraic-Jacobian-Challenge-Rebuild/hgraph/nodes/af6487481347.md
M	MainProjects/Algebraic-Jacobian-Challenge-Rebuild/hgraph/nodes/af71bee5ca46.md
M	MainProjects/Algebraic-Jacobian-Challenge-Rebuild/hgraph/nodes/af770c3ab7f1.md
M	MainProjects/Algebraic-Jacobian-Challenge-Rebuild/hgraph/nodes/af7aca1c5a9d.md
M	MainProjects/Algebraic-Jacobian-Challenge-Rebuild/hgraph/nodes/af9d37e328e5.md
M	MainProjects/Algebraic-Jacobian-Challenge-Rebuild/hgraph/nodes/afa15b3479c2.md
M	MainProjects/Algebraic-Jacobian-Challenge-Rebuild/hgraph/nodes/afa2469b8f4d.md
M	MainProjects/Algebraic-Jacobian-Challenge-Rebuild/hgraph/nodes/afb3bb1ed5dd.md
M	MainProjects/Algebraic-Jacobian-Challenge-Rebuild/hgraph/nodes/afb9a452f8fa.md
M	MainProjects/Algebraic-Jacobian-Challenge-Rebuild/hgraph/nodes/afc6279d43ae.md
M	MainProjects/Algebraic-Jacobian-Challenge-Rebuild/hgraph/nodes/afc73607e5f9.md
M	MainProjects/Algebraic-Jacobian-Challenge-Rebuild/hgraph/nodes/afd7ce533a4f.md
M	MainProjects/Algebraic-Jacobian-Challenge-Rebuild/hgraph/nodes/afdeac1e30c2.md
M	MainProjects/Algebraic-Jacobian-Challenge-Rebuild/hgraph/nodes/afe49cbd4b5d.md
M	MainProjects/Algebraic-Jacobian-Challenge-Rebuild/hgraph/nodes/afe96cba988b.md
M	MainProjects/Algebraic-Jacobian-Challenge-Rebuild/hgraph/nodes/afedd0c24cfc.md
M	MainProjects/Algebraic-Jacobian-Challenge-Rebuild/hgraph/nodes/aff1393f7b5d.md
M	MainProjects/Algebraic-Jacobian-Challenge-Rebuild/hgraph/nodes/aff50129591a.md
M	MainProjects/Algebraic-Jacobian-Challenge-Rebuild/hgraph/nodes/aff8667c72f7.md
M	MainProjects/Algebraic-Jacobian-Challenge-Rebuild/hgraph/nodes/b00a84d0f081.md
M	MainProjects/Algebraic-Jacobian-Challenge-Rebuild/hgraph/nodes/b00cb4ce9cc5.md
M	MainProjects/Algebraic-Jacobian-Challenge-Rebuild/hgraph/nodes/b019aa2d9b3b.md
M	MainProjects/Algebraic-Jacobian-Challenge-Rebuild/hgraph/nodes/b01db48aae8d.md
M	MainProjects/Algebraic-Jacobian-Challenge-Rebuild/hgraph/nodes/b0253277b258.md
M	MainProjects/Algebraic-Jacobian-Challenge-Rebuild/hgraph/nodes/b0276a99ac94.md
M	MainProjects/Algebraic-Jacobian-Challenge-Rebuild/hgraph/nodes/b02b4facc497.md
M	MainProjects/Algebraic-Jacobian-Challenge-Rebuild/hgraph/nodes/b033c1457679.md
M	MainProjects/Algebraic-Jacobian-Challenge-Rebuild/hgraph/nodes/b0358007dfbf.md
M	MainProjects/Algebraic-Jacobian-Challenge-Rebuild/hgraph/nodes/b03c7c6ee80a.md
M	MainProjects/Algebraic-Jacobian-Challenge-Rebuild/hgraph/nodes/b03cb89c22ba.md
M	MainProjects/Algebraic-Jacobian-Challenge-Rebuild/hgraph/nodes/b03f4def4ee7.md
M	MainProjects/Algebraic-Jacobian-Challenge-Rebuild/hgraph/nodes/b0489d384b4e.md
D	MainProjects/Algebraic-Jacobian-Challenge-Rebuild/hgraph/nodes/b04d4ac55d5c.md
M	MainProjects/Algebraic-Jacobian-Challenge-Rebuild/hgraph/nodes/b04f47d05e29.md
M	MainProjects/Algebraic-Jacobian-Challenge-Rebuild/hgraph/nodes/b053ef80ca08.md
M	MainProjects/Algebraic-Jacobian-Challenge-Rebuild/hgraph/nodes/b0555c5bca38.md
D	MainProjects/Algebraic-Jacobian-Challenge-Rebuild/hgraph/nodes/b059aa4ad61e.md
M	MainProjects/Algebraic-Jacobian-Challenge-Rebuild/hgraph/nodes/b0798fb4b2af.md
M	MainProjects/Algebraic-Jacobian-Challenge-Rebuild/hgraph/nodes/b07a266d696a.md
M	MainProjects/Algebraic-Jacobian-Challenge-Rebuild/hgraph/nodes/b081da127fc7.md
M	MainProjects/Algebraic-Jacobian-Challenge-Rebuild/hgraph/nodes/b08df3119c8b.md
M	MainProjects/Algebraic-Jacobian-Challenge-Rebuild/hgraph/nodes/b096246ab28e.md
D	MainProjects/Algebraic-Jacobian-Challenge-Rebuild/hgraph/nodes/b09d3cf6b268.md
M	MainProjects/Algebraic-Jacobian-Challenge-Rebuild/hgraph/nodes/b09d8fd7b3dd.md
M	MainProjects/Algebraic-Jacobian-Challenge-Rebuild/hgraph/nodes/b0a410a18052.md
M	MainProjects/Algebraic-Jacobian-Challenge-Rebuild/hgraph/nodes/b0b06cbc1f9e.md
M	MainProjects/Algebraic-Jacobian-Challenge-Rebuild/hgraph/nodes/b0bdc521ce39.md
M	MainProjects/Algebraic-Jacobian-Challenge-Rebuild/hgraph/nodes/b0bde7081187.md
M	MainProjects/Algebraic-Jacobian-Challenge-Rebuild/hgraph/nodes/b0cc3cdf369c.md
M	MainProjects/Algebraic-Jacobian-Challenge-Rebuild/hgraph/nodes/b0dadacb2f53.md
M	MainProjects/Algebraic-Jacobian-Challenge-Rebuild/hgraph/nodes/b0dee39e3547.md
M	MainProjects/Algebraic-Jacobian-Challenge-Rebuild/hgraph/nodes/b0eb267c80cf.md
M	MainProjects/Algebraic-Jacobian-Challenge-Rebuild/hgraph/nodes/b0eb3d599ab5.md
M	MainProjects/Algebraic-Jacobian-Challenge-Rebuild/hgraph/nodes/b0eb91ab0d0c.md
M	MainProjects/Algebraic-Jacobian-Challenge-Rebuild/hgraph/nodes/b0f21848cd80.md
M	MainProjects/Algebraic-Jacobian-Challenge-Rebuild/hgraph/nodes/b0f7db4caa8e.md
M	MainProjects/Algebraic-Jacobian-Challenge-Rebuild/hgraph/nodes/b0f92e721c78.md
M	MainProjects/Algebraic-Jacobian-Challenge-Rebuild/hgraph/nodes/b0fe73998bba.md
M	MainProjects/Algebraic-Jacobian-Challenge-Rebuild/hgraph/nodes/b10071fe4580.md
M	MainProjects/Algebraic-Jacobian-Challenge-Rebuild/hgraph/nodes/b106fd8e8a88.md
M	MainProjects/Algebraic-Jacobian-Challenge-Rebuild/hgraph/nodes/b114e04c0b0b.md
M	MainProjects/Algebraic-Jacobian-Challenge-Rebuild/hgraph/nodes/b116f5093f57.md
M	MainProjects/Algebraic-Jacobian-Challenge-Rebuild/hgraph/nodes/b11dd03481e0.md
M	MainProjects/Algebraic-Jacobian-Challenge-Rebuild/hgraph/nodes/b12eb7261ce0.md
M	MainProjects/Algebraic-Jacobian-Challenge-Rebuild/hgraph/nodes/b12f8b315fd6.md
M	MainProjects/Algebraic-Jacobian-Challenge-Rebuild/hgraph/nodes/b12fe0fe0ad5.md
M	MainProjects/Algebraic-Jacobian-Challenge-Rebuild/hgraph/nodes/b1320c4cf1a7.md
M	MainProjects/Algebraic-Jacobian-Challenge-Rebuild/hgraph/nodes/b132c438399c.md
M	MainProjects/Algebraic-Jacobian-Challenge-Rebuild/hgraph/nodes/b1395be7cd4f.md
M	MainProjects/Algebraic-Jacobian-Challenge-Rebuild/hgraph/nodes/b13a7a18cf3c.md
M	MainProjects/Algebraic-Jacobian-Challenge-Rebuild/hgraph/nodes/b13ef8900bbc.md
M	MainProjects/Algebraic-Jacobian-Challenge-Rebuild/hgraph/nodes/b14311668935.md
M	MainProjects/Algebraic-Jacobian-Challenge-Rebuild/hgraph/nodes/b14ed16fb779.md
M	MainProjects/Algebraic-Jacobian-Challenge-Rebuild/hgraph/nodes/b151e7ca33b4.md
M	MainProjects/Algebraic-Jacobian-Challenge-Rebuild/hgraph/nodes/b153f20657d9.md
M	MainProjects/Algebraic-Jacobian-Challenge-Rebuild/hgraph/nodes/b1698d8483c2.md
M	MainProjects/Algebraic-Jacobian-Challenge-Rebuild/hgraph/nodes/b16d66ba6b14.md
M	MainProjects/Algebraic-Jacobian-Challenge-Rebuild/hgraph/nodes/b17b8f8c7b9b.md
M	MainProjects/Algebraic-Jacobian-Challenge-Rebuild/hgraph/nodes/b18fb45730d0.md
M	MainProjects/Algebraic-Jacobian-Challenge-Rebuild/hgraph/nodes/b1908c50d684.md
M	MainProjects/Algebraic-Jacobian-Challenge-Rebuild/hgraph/nodes/b1915bb3a539.md
M	MainProjects/Algebraic-Jacobian-Challenge-Rebuild/hgraph/nodes/b191b21b29e5.md
M	MainProjects/Algebraic-Jacobian-Challenge-Rebuild/hgraph/nodes/b1968200bbb2.md
M	MainProjects/Algebraic-Jacobian-Challenge-Rebuild/hgraph/nodes/b1979ff92b04.md
M	MainProjects/Algebraic-Jacobian-Challenge-Rebuild/hgraph/nodes/b1a0aa875520.md
M	MainProjects/Algebraic-Jacobian-Challenge-Rebuild/hgraph/nodes/b1b0e41d2ba6.md
M	MainProjects/Algebraic-Jacobian-Challenge-Rebuild/hgraph/nodes/b1b2adcbf90a.md
M	MainProjects/Algebraic-Jacobian-Challenge-Rebuild/hgraph/nodes/b1b8a5bd32e6.md
M	MainProjects/Algebraic-Jacobian-Challenge-Rebuild/hgraph/nodes/b1cb7cdd46b8.md
M	MainProjects/Algebraic-Jacobian-Challenge-Rebuild/hgraph/nodes/b1cde36aa22a.md
M	MainProjects/Algebraic-Jacobian-Challenge-Rebuild/hgraph/nodes/b1d0617865d1.md
M	MainProjects/Algebraic-Jacobian-Challenge-Rebuild/hgraph/nodes/b1d6accb6ce6.md
M	MainProjects/Algebraic-Jacobian-Challenge-Rebuild/hgraph/nodes/b1d8d35b1b7e.md
M	MainProjects/Algebraic-Jacobian-Challenge-Rebuild/hgraph/nodes/b1de7acb5238.md
M	MainProjects/Algebraic-Jacobian-Challenge-Rebuild/hgraph/nodes/b1dfce03a8b0.md
M	MainProjects/Algebraic-Jacobian-Challenge-Rebuild/hgraph/nodes/b1e8fa7729c0.md
M	MainProjects/Algebraic-Jacobian-Challenge-Rebuild/hgraph/nodes/b1f71b5d68e9.md
M	MainProjects/Algebraic-Jacobian-Challenge-Rebuild/hgraph/nodes/b1fa5ccfada4.md
M	MainProjects/Algebraic-Jacobian-Challenge-Rebuild/hgraph/nodes/b20a56b48c31.md
M	MainProjects/Algebraic-Jacobian-Challenge-Rebuild/hgraph/nodes/b21bfdfe574c.md
M	MainProjects/Algebraic-Jacobian-Challenge-Rebuild/hgraph/nodes/b21c19e5d2e6.md
M	MainProjects/Algebraic-Jacobian-Challenge-Rebuild/hgraph/nodes/b21c1f8cf8cb.md
M	MainProjects/Algebraic-Jacobian-Challenge-Rebuild/hgraph/nodes/b22c9292fdd7.md
M	MainProjects/Algebraic-Jacobian-Challenge-Rebuild/hgraph/nodes/b2388451c37a.md
M	MainProjects/Algebraic-Jacobian-Challenge-Rebuild/hgraph/nodes/b23b830500fa.md
M	MainProjects/Algebraic-Jacobian-Challenge-Rebuild/hgraph/nodes/b2461decc42a.md
M	MainProjects/Algebraic-Jacobian-Challenge-Rebuild/hgraph/nodes/b24cca6334f1.md
M	MainProjects/Algebraic-Jacobian-Challenge-Rebuild/hgraph/nodes/b24d9ff327cc.md
M	MainProjects/Algebraic-Jacobian-Challenge-Rebuild/hgraph/nodes/b255d7abf287.md
M	MainProjects/Algebraic-Jacobian-Challenge-Rebuild/hgraph/nodes/b25b942e1dcd.md
M	MainProjects/Algebraic-Jacobian-Challenge-Rebuild/hgraph/nodes/b25de3d5990d.md
M	MainProjects/Algebraic-Jacobian-Challenge-Rebuild/hgraph/nodes/b263b114b645.md
M	MainProjects/Algebraic-Jacobian-Challenge-Rebuild/hgraph/nodes/b26f70d2bdcb.md
M	MainProjects/Algebraic-Jacobian-Challenge-Rebuild/hgraph/nodes/b2700f14b2aa.md
M	MainProjects/Algebraic-Jacobian-Challenge-Rebuild/hgraph/nodes/b2726faa8003.md
M	MainProjects/Algebraic-Jacobian-Challenge-Rebuild/hgraph/nodes/b279a72815d4.md
M	MainProjects/Algebraic-Jacobian-Challenge-Rebuild/hgraph/nodes/b285bb5e6efe.md
M	MainProjects/Algebraic-Jacobian-Challenge-Rebuild/hgraph/nodes/b28a3265ee94.md
M	MainProjects/Algebraic-Jacobian-Challenge-Rebuild/hgraph/nodes/b28acc289d99.md
M	MainProjects/Algebraic-Jacobian-Challenge-Rebuild/hgraph/nodes/b290aa552c62.md
M	MainProjects/Algebraic-Jacobian-Challenge-Rebuild/hgraph/nodes/b2a4840657b8.md
M	MainProjects/Algebraic-Jacobian-Challenge-Rebuild/hgraph/nodes/b2c4dc27737a.md
M	MainProjects/Algebraic-Jacobian-Challenge-Rebuild/hgraph/nodes/b2d5374d2258.md
M	MainProjects/Algebraic-Jacobian-Challenge-Rebuild/hgraph/nodes/b2eb98f11efa.md
M	MainProjects/Algebraic-Jacobian-Challenge-Rebuild/hgraph/nodes/b2fd2a1c42c8.md
M	MainProjects/Algebraic-Jacobian-Challenge-Rebuild/hgraph/nodes/b2ffc910fefb.md
M	MainProjects/Algebraic-Jacobian-Challenge-Rebuild/hgraph/nodes/b30b8d55d1d7.md
M	MainProjects/Algebraic-Jacobian-Challenge-Rebuild/hgraph/nodes/b31a6c1bfa74.md
M	MainProjects/Algebraic-Jacobian-Challenge-Rebuild/hgraph/nodes/b32124fa8e47.md
M	MainProjects/Algebraic-Jacobian-Challenge-Rebuild/hgraph/nodes/b32133741bb4.md
D	MainProjects/Algebraic-Jacobian-Challenge-Rebuild/hgraph/nodes/b3241835f783.md
M	MainProjects/Algebraic-Jacobian-Challenge-Rebuild/hgraph/nodes/b32d9e367daf.md
M	MainProjects/Algebraic-Jacobian-Challenge-Rebuild/hgraph/nodes/b3426f410bae.md
M	MainProjects/Algebraic-Jacobian-Challenge-Rebuild/hgraph/nodes/b348fd67bba8.md
M	MainProjects/Algebraic-Jacobian-Challenge-Rebuild/hgraph/nodes/b34d02d380a3.md
M	MainProjects/Algebraic-Jacobian-Challenge-Rebuild/hgraph/nodes/b352e885791a.md
M	MainProjects/Algebraic-Jacobian-Challenge-Rebuild/hgraph/nodes/b35aa44f53c7.md
M	MainProjects/Algebraic-Jacobian-Challenge-Rebuild/hgraph/nodes/b36f37abe4d1.md
M	MainProjects/Algebraic-Jacobian-Challenge-Rebuild/hgraph/nodes/b3810cc1d678.md
M	MainProjects/Algebraic-Jacobian-Challenge-Rebuild/hgraph/nodes/b385ba5ad789.md
M	MainProjects/Algebraic-Jacobian-Challenge-Rebuild/hgraph/nodes/b38e3a3cd0aa.md
M	MainProjects/Algebraic-Jacobian-Challenge-Rebuild/hgraph/nodes/b39fa567cc13.md
M	MainProjects/Algebraic-Jacobian-Challenge-Rebuild/hgraph/nodes/b3adbc8bb479.md
M	MainProjects/Algebraic-Jacobian-Challenge-Rebuild/hgraph/nodes/b3b4cf23d967.md
M	MainProjects/Algebraic-Jacobian-Challenge-Rebuild/hgraph/nodes/b3b87cdcb617.md
M	MainProjects/Algebraic-Jacobian-Challenge-Rebuild/hgraph/nodes/b3c10ad94268.md
M	MainProjects/Algebraic-Jacobian-Challenge-Rebuild/hgraph/nodes/b3c665054a72.md
M	MainProjects/Algebraic-Jacobian-Challenge-Rebuild/hgraph/nodes/b3cae28f24fc.md
M	MainProjects/Algebraic-Jacobian-Challenge-Rebuild/hgraph/nodes/b3cc1e2357eb.md
M	MainProjects/Algebraic-Jacobian-Challenge-Rebuild/hgraph/nodes/b3cf4b26930d.md
M	MainProjects/Algebraic-Jacobian-Challenge-Rebuild/hgraph/nodes/b3d11aae43dd.md
M	MainProjects/Algebraic-Jacobian-Challenge-Rebuild/hgraph/nodes/b3d31b3e1eb4.md
M	MainProjects/Algebraic-Jacobian-Challenge-Rebuild/hgraph/nodes/b3dc11a7e7ef.md
M	MainProjects/Algebraic-Jacobian-Challenge-Rebuild/hgraph/nodes/b3e07372aba8.md
M	MainProjects/Algebraic-Jacobian-Challenge-Rebuild/hgraph/nodes/b3f71d153e1e.md
M	MainProjects/Algebraic-Jacobian-Challenge-Rebuild/hgraph/nodes/b3fbda4331e7.md
M	MainProjects/Algebraic-Jacobian-Challenge-Rebuild/hgraph/nodes/b3fc03a7437d.md
M	MainProjects/Algebraic-Jacobian-Challenge-Rebuild/hgraph/nodes/b3fc193346b5.md
M	MainProjects/Algebraic-Jacobian-Challenge-Rebuild/hgraph/nodes/b3fc5ecff66d.md
M	MainProjects/Algebraic-Jacobian-Challenge-Rebuild/hgraph/nodes/b3fc69c4dfc3.md
M	MainProjects/Algebraic-Jacobian-Challenge-Rebuild/hgraph/nodes/b4017753f8c5.md
M	MainProjects/Algebraic-Jacobian-Challenge-Rebuild/hgraph/nodes/b403a5ccea82.md
M	MainProjects/Algebraic-Jacobian-Challenge-Rebuild/hgraph/nodes/b4056c70a1d1.md
M	MainProjects/Algebraic-Jacobian-Challenge-Rebuild/hgraph/nodes/b4151b820fab.md
M	MainProjects/Algebraic-Jacobian-Challenge-Rebuild/hgraph/nodes/b41a41654570.md
M	MainProjects/Algebraic-Jacobian-Challenge-Rebuild/hgraph/nodes/b41ae012f05e.md
M	MainProjects/Algebraic-Jacobian-Challenge-Rebuild/hgraph/nodes/b41d78c8fc90.md
D	MainProjects/Algebraic-Jacobian-Challenge-Rebuild/hgraph/nodes/b41e908cc3ed.md
M	MainProjects/Algebraic-Jacobian-Challenge-Rebuild/hgraph/nodes/b420d6cd2182.md
M	MainProjects/Algebraic-Jacobian-Challenge-Rebuild/hgraph/nodes/b43296150ddd.md
M	MainProjects/Algebraic-Jacobian-Challenge-Rebuild/hgraph/nodes/b432b5f76aa4.md
M	MainProjects/Algebraic-Jacobian-Challenge-Rebuild/hgraph/nodes/b433a4d91887.md
M	MainProjects/Algebraic-Jacobian-Challenge-Rebuild/hgraph/nodes/b433d3ffa2fd.md
M	MainProjects/Algebraic-Jacobian-Challenge-Rebuild/hgraph/nodes/b44f84f3e710.md
M	MainProjects/Algebraic-Jacobian-Challenge-Rebuild/hgraph/nodes/b45752e21803.md
M	MainProjects/Algebraic-Jacobian-Challenge-Rebuild/hgraph/nodes/b458ebf08ab0.md
M	MainProjects/Algebraic-Jacobian-Challenge-Rebuild/hgraph/nodes/b4598d98075a.md
M	MainProjects/Algebraic-Jacobian-Challenge-Rebuild/hgraph/nodes/b46f40d7f9c7.md
M	MainProjects/Algebraic-Jacobian-Challenge-Rebuild/hgraph/nodes/b46fd92464df.md
M	MainProjects/Algebraic-Jacobian-Challenge-Rebuild/hgraph/nodes/b471c02da019.md
M	MainProjects/Algebraic-Jacobian-Challenge-Rebuild/hgraph/nodes/b474c9cc3dcd.md
M	MainProjects/Algebraic-Jacobian-Challenge-Rebuild/hgraph/nodes/b476a9380303.md
M	MainProjects/Algebraic-Jacobian-Challenge-Rebuild/hgraph/nodes/b48b3c3ce548.md
M	MainProjects/Algebraic-Jacobian-Challenge-Rebuild/hgraph/nodes/b48f1ca613b5.md
M	MainProjects/Algebraic-Jacobian-Challenge-Rebuild/hgraph/nodes/b4989b38d754.md
M	MainProjects/Algebraic-Jacobian-Challenge-Rebuild/hgraph/nodes/b49bfb914531.md
M	MainProjects/Algebraic-Jacobian-Challenge-Rebuild/hgraph/nodes/b4aeeb78ad0c.md
M	MainProjects/Algebraic-Jacobian-Challenge-Rebuild/hgraph/nodes/b4b6ecacfd82.md
M	MainProjects/Algebraic-Jacobian-Challenge-Rebuild/hgraph/nodes/b4bc733cce1d.md
M	MainProjects/Algebraic-Jacobian-Challenge-Rebuild/hgraph/nodes/b4bd76423b13.md
M	MainProjects/Algebraic-Jacobian-Challenge-Rebuild/hgraph/nodes/b4bdb664c14d.md
M	MainProjects/Algebraic-Jacobian-Challenge-Rebuild/hgraph/nodes/b4be7dfc0c96.md
M	MainProjects/Algebraic-Jacobian-Challenge-Rebuild/hgraph/nodes/b4d04d4363a1.md
M	MainProjects/Algebraic-Jacobian-Challenge-Rebuild/hgraph/nodes/b4d521392b17.md
M	MainProjects/Algebraic-Jacobian-Challenge-Rebuild/hgraph/nodes/b4da8ae76150.md
M	MainProjects/Algebraic-Jacobian-Challenge-Rebuild/hgraph/nodes/b4faf4f01fdc.md
M	MainProjects/Algebraic-Jacobian-Challenge-Rebuild/hgraph/nodes/b4fbfbeaf738.md
M	MainProjects/Algebraic-Jacobian-Challenge-Rebuild/hgraph/nodes/b4fe6371ae1f.md
M	MainProjects/Algebraic-Jacobian-Challenge-Rebuild/hgraph/nodes/b501bcde4599.md
M	MainProjects/Algebraic-Jacobian-Challenge-Rebuild/hgraph/nodes/b50298793415.md
M	MainProjects/Algebraic-Jacobian-Challenge-Rebuild/hgraph/nodes/b5071886e066.md
M	MainProjects/Algebraic-Jacobian-Challenge-Rebuild/hgraph/nodes/b50c4e73d238.md
M	MainProjects/Algebraic-Jacobian-Challenge-Rebuild/hgraph/nodes/b50ddcf413cb.md
M	MainProjects/Algebraic-Jacobian-Challenge-Rebuild/hgraph/nodes/b5101de3c008.md
M	MainProjects/Algebraic-Jacobian-Challenge-Rebuild/hgraph/nodes/b514bce9220a.md
M	MainProjects/Algebraic-Jacobian-Challenge-Rebuild/hgraph/nodes/b51822850ccb.md
M	MainProjects/Algebraic-Jacobian-Challenge-Rebuild/hgraph/nodes/b518b1f38e93.md
M	MainProjects/Algebraic-Jacobian-Challenge-Rebuild/hgraph/nodes/b5257bb21da3.md
M	MainProjects/Algebraic-Jacobian-Challenge-Rebuild/hgraph/nodes/b5364a6f62f8.md
M	MainProjects/Algebraic-Jacobian-Challenge-Rebuild/hgraph/nodes/b547f7dddf72.md
M	MainProjects/Algebraic-Jacobian-Challenge-Rebuild/hgraph/nodes/b548a76eba2f.md
M	MainProjects/Algebraic-Jacobian-Challenge-Rebuild/hgraph/nodes/b552fba8ed55.md
M	MainProjects/Algebraic-Jacobian-Challenge-Rebuild/hgraph/nodes/b5595c4ce057.md
M	MainProjects/Algebraic-Jacobian-Challenge-Rebuild/hgraph/nodes/b55e91c6bbe8.md
M	MainProjects/Algebraic-Jacobian-Challenge-Rebuild/hgraph/nodes/b55f0993382e.md
M	MainProjects/Algebraic-Jacobian-Challenge-Rebuild/hgraph/nodes/b56131a32bcc.md
M	MainProjects/Algebraic-Jacobian-Challenge-Rebuild/hgraph/nodes/b56d6adef9be.md
M	MainProjects/Algebraic-Jacobian-Challenge-Rebuild/hgraph/nodes/b572168e6c91.md
M	MainProjects/Algebraic-Jacobian-Challenge-Rebuild/hgraph/nodes/b5794c7c2d84.md
M	MainProjects/Algebraic-Jacobian-Challenge-Rebuild/hgraph/nodes/b5827be25189.md
M	MainProjects/Algebraic-Jacobian-Challenge-Rebuild/hgraph/nodes/b5829cec8510.md
M	MainProjects/Algebraic-Jacobian-Challenge-Rebuild/hgraph/nodes/b58681221290.md
M	MainProjects/Algebraic-Jacobian-Challenge-Rebuild/hgraph/nodes/b589f9291c7a.md
M	MainProjects/Algebraic-Jacobian-Challenge-Rebuild/hgraph/nodes/b58e7bc27bbd.md
M	MainProjects/Algebraic-Jacobian-Challenge-Rebuild/hgraph/nodes/b59fde1c5af1.md
M	MainProjects/Algebraic-Jacobian-Challenge-Rebuild/hgraph/nodes/b5a296a1e407.md
M	MainProjects/Algebraic-Jacobian-Challenge-Rebuild/hgraph/nodes/b5b69ca9c220.md
M	MainProjects/Algebraic-Jacobian-Challenge-Rebuild/hgraph/nodes/b5b9e3e7040c.md
M	MainProjects/Algebraic-Jacobian-Challenge-Rebuild/hgraph/nodes/b5bf34b3fa57.md
M	MainProjects/Algebraic-Jacobian-Challenge-Rebuild/hgraph/nodes/b5cc52df997b.md
M	MainProjects/Algebraic-Jacobian-Challenge-Rebuild/hgraph/nodes/b5cf63837e27.md
M	MainProjects/Algebraic-Jacobian-Challenge-Rebuild/hgraph/nodes/b5e618dd8b64.md
M	MainProjects/Algebraic-Jacobian-Challenge-Rebuild/hgraph/nodes/b5e97c495269.md
M	MainProjects/Algebraic-Jacobian-Challenge-Rebuild/hgraph/nodes/b5ec7a5bd63e.md
M	MainProjects/Algebraic-Jacobian-Challenge-Rebuild/hgraph/nodes/b5ed33ba03ee.md
M	MainProjects/Algebraic-Jacobian-Challenge-Rebuild/hgraph/nodes/b5f4a2bb7089.md
D	MainProjects/Algebraic-Jacobian-Challenge-Rebuild/hgraph/nodes/b5f8e9215e60.md
M	MainProjects/Algebraic-Jacobian-Challenge-Rebuild/hgraph/nodes/b6016bfd3500.md
M	MainProjects/Algebraic-Jacobian-Challenge-Rebuild/hgraph/nodes/b60287662beb.md
M	MainProjects/Algebraic-Jacobian-Challenge-Rebuild/hgraph/nodes/b60ad8b874d3.md
M	MainProjects/Algebraic-Jacobian-Challenge-Rebuild/hgraph/nodes/b61a96ad2a54.md
M	MainProjects/Algebraic-Jacobian-Challenge-Rebuild/hgraph/nodes/b61ce14a60ea.md
M	MainProjects/Algebraic-Jacobian-Challenge-Rebuild/hgraph/nodes/b62a9d8de019.md
M	MainProjects/Algebraic-Jacobian-Challenge-Rebuild/hgraph/nodes/b62b0f6661ad.md
M	MainProjects/Algebraic-Jacobian-Challenge-Rebuild/hgraph/nodes/b63303c63aea.md
M	MainProjects/Algebraic-Jacobian-Challenge-Rebuild/hgraph/nodes/b63b76751e10.md
M	MainProjects/Algebraic-Jacobian-Challenge-Rebuild/hgraph/nodes/b65b6129ac46.md
M	MainProjects/Algebraic-Jacobian-Challenge-Rebuild/hgraph/nodes/b66d3d5e5479.md
M	MainProjects/Algebraic-Jacobian-Challenge-Rebuild/hgraph/nodes/b6764a8b6ae8.md
M	MainProjects/Algebraic-Jacobian-Challenge-Rebuild/hgraph/nodes/b683ae0d70ae.md
M	MainProjects/Algebraic-Jacobian-Challenge-Rebuild/hgraph/nodes/b6914f4e1e5d.md
M	MainProjects/Algebraic-Jacobian-Challenge-Rebuild/hgraph/nodes/b6947464564e.md
M	MainProjects/Algebraic-Jacobian-Challenge-Rebuild/hgraph/nodes/b69475e09bce.md
M	MainProjects/Algebraic-Jacobian-Challenge-Rebuild/hgraph/nodes/b69b3da92be2.md
M	MainProjects/Algebraic-Jacobian-Challenge-Rebuild/hgraph/nodes/b69dc2bfc8ad.md
M	MainProjects/Algebraic-Jacobian-Challenge-Rebuild/hgraph/nodes/b6ab5135dddb.md
M	MainProjects/Algebraic-Jacobian-Challenge-Rebuild/hgraph/nodes/b6b968bc0c3a.md
M	MainProjects/Algebraic-Jacobian-Challenge-Rebuild/hgraph/nodes/b6bc00e462ee.md
M	MainProjects/Algebraic-Jacobian-Challenge-Rebuild/hgraph/nodes/b6d0bcc5e02e.md
M	MainProjects/Algebraic-Jacobian-Challenge-Rebuild/hgraph/nodes/b6d7a11cc4ea.md
M	MainProjects/Algebraic-Jacobian-Challenge-Rebuild/hgraph/nodes/b6dc28d75536.md
M	MainProjects/Algebraic-Jacobian-Challenge-Rebuild/hgraph/nodes/b6e0570857d9.md
M	MainProjects/Algebraic-Jacobian-Challenge-Rebuild/hgraph/nodes/b6e9e3cf1cb9.md
M	MainProjects/Algebraic-Jacobian-Challenge-Rebuild/hgraph/nodes/b6f3ccebe098.md
M	MainProjects/Algebraic-Jacobian-Challenge-Rebuild/hgraph/nodes/b7064805ba08.md
M	MainProjects/Algebraic-Jacobian-Challenge-Rebuild/hgraph/nodes/b723d50456ce.md
M	MainProjects/Algebraic-Jacobian-Challenge-Rebuild/hgraph/nodes/b728817aeacd.md
M	MainProjects/Algebraic-Jacobian-Challenge-Rebuild/hgraph/nodes/b73a4a246c45.md
M	MainProjects/Algebraic-Jacobian-Challenge-Rebuild/hgraph/nodes/b747e5bae32c.md
M	MainProjects/Algebraic-Jacobian-Challenge-Rebuild/hgraph/nodes/b754b370a350.md
M	MainProjects/Algebraic-Jacobian-Challenge-Rebuild/hgraph/nodes/b75cbe36d526.md
M	MainProjects/Algebraic-Jacobian-Challenge-Rebuild/hgraph/nodes/b75e133ec4d8.md
M	MainProjects/Algebraic-Jacobian-Challenge-Rebuild/hgraph/nodes/b76ad31e8d09.md
M	MainProjects/Algebraic-Jacobian-Challenge-Rebuild/hgraph/nodes/b76b6addc67f.md
M	MainProjects/Algebraic-Jacobian-Challenge-Rebuild/hgraph/nodes/b76d3b75b6be.md
M	MainProjects/Algebraic-Jacobian-Challenge-Rebuild/hgraph/nodes/b76e66a71de8.md
M	MainProjects/Algebraic-Jacobian-Challenge-Rebuild/hgraph/nodes/b77a17b19213.md
M	MainProjects/Algebraic-Jacobian-Challenge-Rebuild/hgraph/nodes/b77e832c8ad4.md
D	MainProjects/Algebraic-Jacobian-Challenge-Rebuild/hgraph/nodes/b7815878161c.md
M	MainProjects/Algebraic-Jacobian-Challenge-Rebuild/hgraph/nodes/b782eecedcff.md
M	MainProjects/Algebraic-Jacobian-Challenge-Rebuild/hgraph/nodes/b78990cb7858.md
M	MainProjects/Algebraic-Jacobian-Challenge-Rebuild/hgraph/nodes/b78a70d1e9ee.md
M	MainProjects/Algebraic-Jacobian-Challenge-Rebuild/hgraph/nodes/b78c1631470c.md
M	MainProjects/Algebraic-Jacobian-Challenge-Rebuild/hgraph/nodes/b78fd27478d5.md
M	MainProjects/Algebraic-Jacobian-Challenge-Rebuild/hgraph/nodes/b79fe032e3ac.md
M	MainProjects/Algebraic-Jacobian-Challenge-Rebuild/hgraph/nodes/b7a5f7d8561e.md
M	MainProjects/Algebraic-Jacobian-Challenge-Rebuild/hgraph/nodes/b7b302d1705b.md
M	MainProjects/Algebraic-Jacobian-Challenge-Rebuild/hgraph/nodes/b7be5bafc4d4.md
M	MainProjects/Algebraic-Jacobian-Challenge-Rebuild/hgraph/nodes/b7daac25277a.md
M	MainProjects/Algebraic-Jacobian-Challenge-Rebuild/hgraph/nodes/b7dac787a761.md
M	MainProjects/Algebraic-Jacobian-Challenge-Rebuild/hgraph/nodes/b7e4771c20fc.md
M	MainProjects/Algebraic-Jacobian-Challenge-Rebuild/hgraph/nodes/b7ec387796be.md
M	MainProjects/Algebraic-Jacobian-Challenge-Rebuild/hgraph/nodes/b7f66c1d4a4e.md
M	MainProjects/Algebraic-Jacobian-Challenge-Rebuild/hgraph/nodes/b802d5fba9ce.md
M	MainProjects/Algebraic-Jacobian-Challenge-Rebuild/hgraph/nodes/b802e7654b79.md
M	MainProjects/Algebraic-Jacobian-Challenge-Rebuild/hgraph/nodes/b80bdcda7e81.md
M	MainProjects/Algebraic-Jacobian-Challenge-Rebuild/hgraph/nodes/b81229adc2c2.md
M	MainProjects/Algebraic-Jacobian-Challenge-Rebuild/hgraph/nodes/b820302ea418.md
M	MainProjects/Algebraic-Jacobian-Challenge-Rebuild/hgraph/nodes/b83206279017.md
M	MainProjects/Algebraic-Jacobian-Challenge-Rebuild/hgraph/nodes/b8379e7594bc.md
M	MainProjects/Algebraic-Jacobian-Challenge-Rebuild/hgraph/nodes/b85b21779b19.md
M	MainProjects/Algebraic-Jacobian-Challenge-Rebuild/hgraph/nodes/b868b6fa195f.md
M	MainProjects/Algebraic-Jacobian-Challenge-Rebuild/hgraph/nodes/b86f7895eea5.md
M	MainProjects/Algebraic-Jacobian-Challenge-Rebuild/hgraph/nodes/b872771bb17f.md
M	MainProjects/Algebraic-Jacobian-Challenge-Rebuild/hgraph/nodes/b87366521640.md
M	MainProjects/Algebraic-Jacobian-Challenge-Rebuild/hgraph/nodes/b879e4bfae5c.md
M	MainProjects/Algebraic-Jacobian-Challenge-Rebuild/hgraph/nodes/b88711c74ac9.md
M	MainProjects/Algebraic-Jacobian-Challenge-Rebuild/hgraph/nodes/b88aa70b400b.md
M	MainProjects/Algebraic-Jacobian-Challenge-Rebuild/hgraph/nodes/b89a316f2aa9.md
M	MainProjects/Algebraic-Jacobian-Challenge-Rebuild/hgraph/nodes/b8a907bfef8c.md
M	MainProjects/Algebraic-Jacobian-Challenge-Rebuild/hgraph/nodes/b8ac134ed4c0.md
M	MainProjects/Algebraic-Jacobian-Challenge-Rebuild/hgraph/nodes/b8b47a593ae9.md
M	MainProjects/Algebraic-Jacobian-Challenge-Rebuild/hgraph/nodes/b8b881c79a3b.md
M	MainProjects/Algebraic-Jacobian-Challenge-Rebuild/hgraph/nodes/b8bbf19844b2.md
M	MainProjects/Algebraic-Jacobian-Challenge-Rebuild/hgraph/nodes/b8c63da2d1e9.md
M	MainProjects/Algebraic-Jacobian-Challenge-Rebuild/hgraph/nodes/b8c7d3148c72.md
M	MainProjects/Algebraic-Jacobian-Challenge-Rebuild/hgraph/nodes/b8c9760db872.md
M	MainProjects/Algebraic-Jacobian-Challenge-Rebuild/hgraph/nodes/b8cadce3f76f.md
D	MainProjects/Algebraic-Jacobian-Challenge-Rebuild/hgraph/nodes/b8cd51d5f73f.md
M	MainProjects/Algebraic-Jacobian-Challenge-Rebuild/hgraph/nodes/b8d15f355af6.md
M	MainProjects/Algebraic-Jacobian-Challenge-Rebuild/hgraph/nodes/b8d32c75fa42.md
M	MainProjects/Algebraic-Jacobian-Challenge-Rebuild/hgraph/nodes/b8d40ace989c.md
M	MainProjects/Algebraic-Jacobian-Challenge-Rebuild/hgraph/nodes/b8e3178b56c6.md
M	MainProjects/Algebraic-Jacobian-Challenge-Rebuild/hgraph/nodes/b8e428327f90.md
M	MainProjects/Algebraic-Jacobian-Challenge-Rebuild/hgraph/nodes/b8f26dd14c99.md
M	MainProjects/Algebraic-Jacobian-Challenge-Rebuild/hgraph/nodes/b903db2a4ead.md
M	MainProjects/Algebraic-Jacobian-Challenge-Rebuild/hgraph/nodes/b906d99f873c.md
M	MainProjects/Algebraic-Jacobian-Challenge-Rebuild/hgraph/nodes/b912a7c33184.md
M	MainProjects/Algebraic-Jacobian-Challenge-Rebuild/hgraph/nodes/b917f3aa2c24.md
M	MainProjects/Algebraic-Jacobian-Challenge-Rebuild/hgraph/nodes/b918ed738b9d.md
M	MainProjects/Algebraic-Jacobian-Challenge-Rebuild/hgraph/nodes/b92315a839be.md
M	MainProjects/Algebraic-Jacobian-Challenge-Rebuild/hgraph/nodes/b92634b4bdab.md
M	MainProjects/Algebraic-Jacobian-Challenge-Rebuild/hgraph/nodes/b948f944dd05.md
M	MainProjects/Algebraic-Jacobian-Challenge-Rebuild/hgraph/nodes/b94e5f23cbe3.md
M	MainProjects/Algebraic-Jacobian-Challenge-Rebuild/hgraph/nodes/b96795e47c9d.md
M	MainProjects/Algebraic-Jacobian-Challenge-Rebuild/hgraph/nodes/b96f5392b542.md
M	MainProjects/Algebraic-Jacobian-Challenge-Rebuild/hgraph/nodes/b9873f68972b.md
M	MainProjects/Algebraic-Jacobian-Challenge-Rebuild/hgraph/nodes/b9896a21ccab.md
M	MainProjects/Algebraic-Jacobian-Challenge-Rebuild/hgraph/nodes/b98df9fea305.md
M	MainProjects/Algebraic-Jacobian-Challenge-Rebuild/hgraph/nodes/b990b7bbae4e.md
M	MainProjects/Algebraic-Jacobian-Challenge-Rebuild/hgraph/nodes/b99dc205b4e8.md
M	MainProjects/Algebraic-Jacobian-Challenge-Rebuild/hgraph/nodes/b9a1ceae9c8d.md
M	MainProjects/Algebraic-Jacobian-Challenge-Rebuild/hgraph/nodes/b9ab472cbfa8.md
M	MainProjects/Algebraic-Jacobian-Challenge-Rebuild/hgraph/nodes/b9b109a6c8e0.md
M	MainProjects/Algebraic-Jacobian-Challenge-Rebuild/hgraph/nodes/b9bf9e09dbe8.md
M	MainProjects/Algebraic-Jacobian-Challenge-Rebuild/hgraph/nodes/b9c8409677cc.md
M	MainProjects/Algebraic-Jacobian-Challenge-Rebuild/hgraph/nodes/b9da5b0aff70.md
M	MainProjects/Algebraic-Jacobian-Challenge-Rebuild/hgraph/nodes/b9dcb2f18d31.md
M	MainProjects/Algebraic-Jacobian-Challenge-Rebuild/hgraph/nodes/b9e14d1ff1cd.md
M	MainProjects/Algebraic-Jacobian-Challenge-Rebuild/hgraph/nodes/b9e4ea1960e4.md
M	MainProjects/Algebraic-Jacobian-Challenge-Rebuild/hgraph/nodes/b9ff247cc0d6.md
M	MainProjects/Algebraic-Jacobian-Challenge-Rebuild/hgraph/nodes/ba0f6d4ad91e.md
M	MainProjects/Algebraic-Jacobian-Challenge-Rebuild/hgraph/nodes/ba2bb570e2f2.md
M	MainProjects/Algebraic-Jacobian-Challenge-Rebuild/hgraph/nodes/ba30abdaea8a.md
M	MainProjects/Algebraic-Jacobian-Challenge-Rebuild/hgraph/nodes/ba4d9739e606.md
M	MainProjects/Algebraic-Jacobian-Challenge-Rebuild/hgraph/nodes/ba58eb74d650.md
M	MainProjects/Algebraic-Jacobian-Challenge-Rebuild/hgraph/nodes/ba625bc0029e.md
M	MainProjects/Algebraic-Jacobian-Challenge-Rebuild/hgraph/nodes/ba65cb0b6b22.md
M	MainProjects/Algebraic-Jacobian-Challenge-Rebuild/hgraph/nodes/ba6dc3984428.md
M	MainProjects/Algebraic-Jacobian-Challenge-Rebuild/hgraph/nodes/ba7458ac23aa.md
M	MainProjects/Algebraic-Jacobian-Challenge-Rebuild/hgraph/nodes/ba788723dcf7.md
M	MainProjects/Algebraic-Jacobian-Challenge-Rebuild/hgraph/nodes/ba7d6578dac4.md
M	MainProjects/Algebraic-Jacobian-Challenge-Rebuild/hgraph/nodes/ba8ba2a029a7.md
M	MainProjects/Algebraic-Jacobian-Challenge-Rebuild/hgraph/nodes/ba8dc6ca5f69.md
M	MainProjects/Algebraic-Jacobian-Challenge-Rebuild/hgraph/nodes/ba98e97522b0.md
M	MainProjects/Algebraic-Jacobian-Challenge-Rebuild/hgraph/nodes/ba9eb630599b.md
M	MainProjects/Algebraic-Jacobian-Challenge-Rebuild/hgraph/nodes/baa4329fb697.md
M	MainProjects/Algebraic-Jacobian-Challenge-Rebuild/hgraph/nodes/baad01a5a6b4.md
M	MainProjects/Algebraic-Jacobian-Challenge-Rebuild/hgraph/nodes/bab2007d5747.md
M	MainProjects/Algebraic-Jacobian-Challenge-Rebuild/hgraph/nodes/bacfe2a4711f.md
M	MainProjects/Algebraic-Jacobian-Challenge-Rebuild/hgraph/nodes/bad05e6e8003.md
M	MainProjects/Algebraic-Jacobian-Challenge-Rebuild/hgraph/nodes/baeb42ea58af.md
M	MainProjects/Algebraic-Jacobian-Challenge-Rebuild/hgraph/nodes/baee289cd752.md
M	MainProjects/Algebraic-Jacobian-Challenge-Rebuild/hgraph/nodes/baf35e85e5e2.md
M	MainProjects/Algebraic-Jacobian-Challenge-Rebuild/hgraph/nodes/baf6ac6c0fb8.md
M	MainProjects/Algebraic-Jacobian-Challenge-Rebuild/hgraph/nodes/baf897cecd9a.md
M	MainProjects/Algebraic-Jacobian-Challenge-Rebuild/hgraph/nodes/bafa8c268768.md
M	MainProjects/Algebraic-Jacobian-Challenge-Rebuild/hgraph/nodes/bb03fe2517e2.md
M	MainProjects/Algebraic-Jacobian-Challenge-Rebuild/hgraph/nodes/bb0645d0ebc0.md
M	MainProjects/Algebraic-Jacobian-Challenge-Rebuild/hgraph/nodes/bb1c56bd7fb0.md
M	MainProjects/Algebraic-Jacobian-Challenge-Rebuild/hgraph/nodes/bb1d607179aa.md
M	MainProjects/Algebraic-Jacobian-Challenge-Rebuild/hgraph/nodes/bb24cec899f1.md
M	MainProjects/Algebraic-Jacobian-Challenge-Rebuild/hgraph/nodes/bb2641737f58.md
M	MainProjects/Algebraic-Jacobian-Challenge-Rebuild/hgraph/nodes/bb30716bb08b.md
M	MainProjects/Algebraic-Jacobian-Challenge-Rebuild/hgraph/nodes/bb3d95c3b3f4.md
M	MainProjects/Algebraic-Jacobian-Challenge-Rebuild/hgraph/nodes/bb4fc417c3ef.md
M	MainProjects/Algebraic-Jacobian-Challenge-Rebuild/hgraph/nodes/bb5924cf6b9f.md
M	MainProjects/Algebraic-Jacobian-Challenge-Rebuild/hgraph/nodes/bb5d555d1fab.md
M	MainProjects/Algebraic-Jacobian-Challenge-Rebuild/hgraph/nodes/bb61b9795067.md
M	MainProjects/Algebraic-Jacobian-Challenge-Rebuild/hgraph/nodes/bb70ae00a001.md
M	MainProjects/Algebraic-Jacobian-Challenge-Rebuild/hgraph/nodes/bb861ac9225f.md
M	MainProjects/Algebraic-Jacobian-Challenge-Rebuild/hgraph/nodes/bb93cbf7bcf6.md
M	MainProjects/Algebraic-Jacobian-Challenge-Rebuild/hgraph/nodes/bb951a8d12b4.md
M	MainProjects/Algebraic-Jacobian-Challenge-Rebuild/hgraph/nodes/bb97d4b4ba29.md
M	MainProjects/Algebraic-Jacobian-Challenge-Rebuild/hgraph/nodes/bb9dba85a736.md
M	MainProjects/Algebraic-Jacobian-Challenge-Rebuild/hgraph/nodes/bb9f049e2b09.md
M	MainProjects/Algebraic-Jacobian-Challenge-Rebuild/hgraph/nodes/bba13eea2e33.md
M	MainProjects/Algebraic-Jacobian-Challenge-Rebuild/hgraph/nodes/bba251d8b73c.md
M	MainProjects/Algebraic-Jacobian-Challenge-Rebuild/hgraph/nodes/bba6e5eeb36a.md
M	MainProjects/Algebraic-Jacobian-Challenge-Rebuild/hgraph/nodes/bba76e56d79a.md
M	MainProjects/Algebraic-Jacobian-Challenge-Rebuild/hgraph/nodes/bba90db7b1ff.md
M	MainProjects/Algebraic-Jacobian-Challenge-Rebuild/hgraph/nodes/bbae56ba74f1.md
M	MainProjects/Algebraic-Jacobian-Challenge-Rebuild/hgraph/nodes/bbae6dc9ded7.md
M	MainProjects/Algebraic-Jacobian-Challenge-Rebuild/hgraph/nodes/bbb791350474.md
M	MainProjects/Algebraic-Jacobian-Challenge-Rebuild/hgraph/nodes/bbb8ef41b6e7.md
M	MainProjects/Algebraic-Jacobian-Challenge-Rebuild/hgraph/nodes/bbc40787a637.md
M	MainProjects/Algebraic-Jacobian-Challenge-Rebuild/hgraph/nodes/bbc8b63228a9.md
M	MainProjects/Algebraic-Jacobian-Challenge-Rebuild/hgraph/nodes/bbdd9533da8d.md
M	MainProjects/Algebraic-Jacobian-Challenge-Rebuild/hgraph/nodes/bbe84176676b.md
M	MainProjects/Algebraic-Jacobian-Challenge-Rebuild/hgraph/nodes/bbea7d47c3e3.md
M	MainProjects/Algebraic-Jacobian-Challenge-Rebuild/hgraph/nodes/bbfdd47da028.md
M	MainProjects/Algebraic-Jacobian-Challenge-Rebuild/hgraph/nodes/bc1164bfcf81.md
D	MainProjects/Algebraic-Jacobian-Challenge-Rebuild/hgraph/nodes/bc12648f3a9a.md
M	MainProjects/Algebraic-Jacobian-Challenge-Rebuild/hgraph/nodes/bc248e088795.md
M	MainProjects/Algebraic-Jacobian-Challenge-Rebuild/hgraph/nodes/bc40eb8f9fb1.md
M	MainProjects/Algebraic-Jacobian-Challenge-Rebuild/hgraph/nodes/bc5074e52ac7.md
M	MainProjects/Algebraic-Jacobian-Challenge-Rebuild/hgraph/nodes/bc5cd51c678e.md
M	MainProjects/Algebraic-Jacobian-Challenge-Rebuild/hgraph/nodes/bc602f6bc65f.md
M	MainProjects/Algebraic-Jacobian-Challenge-Rebuild/hgraph/nodes/bc6176ec2d2f.md
M	MainProjects/Algebraic-Jacobian-Challenge-Rebuild/hgraph/nodes/bc6432cedf1b.md
M	MainProjects/Algebraic-Jacobian-Challenge-Rebuild/hgraph/nodes/bc6df974d3ee.md
M	MainProjects/Algebraic-Jacobian-Challenge-Rebuild/hgraph/nodes/bc6ed1051895.md
M	MainProjects/Algebraic-Jacobian-Challenge-Rebuild/hgraph/nodes/bc7a0eff144a.md
M	MainProjects/Algebraic-Jacobian-Challenge-Rebuild/hgraph/nodes/bc828a093c07.md
M	MainProjects/Algebraic-Jacobian-Challenge-Rebuild/hgraph/nodes/bc8f46424fbb.md
M	MainProjects/Algebraic-Jacobian-Challenge-Rebuild/hgraph/nodes/bc9891abf4d2.md
M	MainProjects/Algebraic-Jacobian-Challenge-Rebuild/hgraph/nodes/bcbec8fd7d5f.md
M	MainProjects/Algebraic-Jacobian-Challenge-Rebuild/hgraph/nodes/bcdd2044c0a7.md
M	MainProjects/Algebraic-Jacobian-Challenge-Rebuild/hgraph/nodes/bce727a445a9.md
M	MainProjects/Algebraic-Jacobian-Challenge-Rebuild/hgraph/nodes/bce753e2f7d1.md
M	MainProjects/Algebraic-Jacobian-Challenge-Rebuild/hgraph/nodes/bcee5215b247.md
M	MainProjects/Algebraic-Jacobian-Challenge-Rebuild/hgraph/nodes/bcf85966e4fd.md
M	MainProjects/Algebraic-Jacobian-Challenge-Rebuild/hgraph/nodes/bcf86176bc84.md
M	MainProjects/Algebraic-Jacobian-Challenge-Rebuild/hgraph/nodes/bcfe596000da.md
M	MainProjects/Algebraic-Jacobian-Challenge-Rebuild/hgraph/nodes/bcff30378efd.md
M	MainProjects/Algebraic-Jacobian-Challenge-Rebuild/hgraph/nodes/bd02a576bb0a.md
M	MainProjects/Algebraic-Jacobian-Challenge-Rebuild/hgraph/nodes/bd06761e0db9.md
M	MainProjects/Algebraic-Jacobian-Challenge-Rebuild/hgraph/nodes/bd10371f3deb.md
M	MainProjects/Algebraic-Jacobian-Challenge-Rebuild/hgraph/nodes/bd12944e7d5c.md
M	MainProjects/Algebraic-Jacobian-Challenge-Rebuild/hgraph/nodes/bd143c916a79.md
M	MainProjects/Algebraic-Jacobian-Challenge-Rebuild/hgraph/nodes/bd1b0bbd6c83.md
M	MainProjects/Algebraic-Jacobian-Challenge-Rebuild/hgraph/nodes/bd1e62fb0a8e.md
M	MainProjects/Algebraic-Jacobian-Challenge-Rebuild/hgraph/nodes/bd368f9baa12.md
M	MainProjects/Algebraic-Jacobian-Challenge-Rebuild/hgraph/nodes/bd3c35c25ff8.md
M	MainProjects/Algebraic-Jacobian-Challenge-Rebuild/hgraph/nodes/bd3c97370d04.md
M	MainProjects/Algebraic-Jacobian-Challenge-Rebuild/hgraph/nodes/bd4d2bbc6ee9.md
M	MainProjects/Algebraic-Jacobian-Challenge-Rebuild/hgraph/nodes/bd50d4f62deb.md
M	MainProjects/Algebraic-Jacobian-Challenge-Rebuild/hgraph/nodes/bd57d12b41a4.md
M	MainProjects/Algebraic-Jacobian-Challenge-Rebuild/hgraph/nodes/bd680137b8ef.md
M	MainProjects/Algebraic-Jacobian-Challenge-Rebuild/hgraph/nodes/bd744220608e.md
D	MainProjects/Algebraic-Jacobian-Challenge-Rebuild/hgraph/nodes/bd7c117f178c.md
M	MainProjects/Algebraic-Jacobian-Challenge-Rebuild/hgraph/nodes/bd7c93e135f8.md
M	MainProjects/Algebraic-Jacobian-Challenge-Rebuild/hgraph/nodes/bd816ff6e94d.md
M	MainProjects/Algebraic-Jacobian-Challenge-Rebuild/hgraph/nodes/bd8319be8ec4.md
M	MainProjects/Algebraic-Jacobian-Challenge-Rebuild/hgraph/nodes/bd89f7a7bc80.md
M	MainProjects/Algebraic-Jacobian-Challenge-Rebuild/hgraph/nodes/bd969a0ee6c1.md
M	MainProjects/Algebraic-Jacobian-Challenge-Rebuild/hgraph/nodes/bdb1ca520c2a.md
M	MainProjects/Algebraic-Jacobian-Challenge-Rebuild/hgraph/nodes/bdbf22b1f09c.md
M	MainProjects/Algebraic-Jacobian-Challenge-Rebuild/hgraph/nodes/bdc1f01aad79.md
M	MainProjects/Algebraic-Jacobian-Challenge-Rebuild/hgraph/nodes/bdcc7fa08957.md
M	MainProjects/Algebraic-Jacobian-Challenge-Rebuild/hgraph/nodes/bdd430176eae.md
M	MainProjects/Algebraic-Jacobian-Challenge-Rebuild/hgraph/nodes/bdd8a62f2f15.md
M	MainProjects/Algebraic-Jacobian-Challenge-Rebuild/hgraph/nodes/bde952ea3d6d.md
M	MainProjects/Algebraic-Jacobian-Challenge-Rebuild/hgraph/nodes/bdf158c26286.md
M	MainProjects/Algebraic-Jacobian-Challenge-Rebuild/hgraph/nodes/bdf4df6bfc02.md
M	MainProjects/Algebraic-Jacobian-Challenge-Rebuild/hgraph/nodes/be054683342d.md
M	MainProjects/Algebraic-Jacobian-Challenge-Rebuild/hgraph/nodes/be0917280c78.md
M	MainProjects/Algebraic-Jacobian-Challenge-Rebuild/hgraph/nodes/be1b8656aeeb.md
M	MainProjects/Algebraic-Jacobian-Challenge-Rebuild/hgraph/nodes/be20adb64e69.md
M	MainProjects/Algebraic-Jacobian-Challenge-Rebuild/hgraph/nodes/be2145d226c6.md
M	MainProjects/Algebraic-Jacobian-Challenge-Rebuild/hgraph/nodes/be223d8de18a.md
M	MainProjects/Algebraic-Jacobian-Challenge-Rebuild/hgraph/nodes/be2878ee1d6c.md
M	MainProjects/Algebraic-Jacobian-Challenge-Rebuild/hgraph/nodes/be3b0d6dad82.md
M	MainProjects/Algebraic-Jacobian-Challenge-Rebuild/hgraph/nodes/be5e5c08e85d.md
M	MainProjects/Algebraic-Jacobian-Challenge-Rebuild/hgraph/nodes/be662cd629bd.md
M	MainProjects/Algebraic-Jacobian-Challenge-Rebuild/hgraph/nodes/be6b0db74d0f.md
M	MainProjects/Algebraic-Jacobian-Challenge-Rebuild/hgraph/nodes/be7cd90dc458.md
M	MainProjects/Algebraic-Jacobian-Challenge-Rebuild/hgraph/nodes/be8a8cd0afda.md
M	MainProjects/Algebraic-Jacobian-Challenge-Rebuild/hgraph/nodes/be8c94154a75.md
M	MainProjects/Algebraic-Jacobian-Challenge-Rebuild/hgraph/nodes/be902a243f9e.md
M	MainProjects/Algebraic-Jacobian-Challenge-Rebuild/hgraph/nodes/be9a6b4b56ea.md
M	MainProjects/Algebraic-Jacobian-Challenge-Rebuild/hgraph/nodes/bea6ea7c9f52.md
M	MainProjects/Algebraic-Jacobian-Challenge-Rebuild/hgraph/nodes/beaa3a92c5bd.md
M	MainProjects/Algebraic-Jacobian-Challenge-Rebuild/hgraph/nodes/beb067d553c6.md
M	MainProjects/Algebraic-Jacobian-Challenge-Rebuild/hgraph/nodes/becf141793f7.md
M	MainProjects/Algebraic-Jacobian-Challenge-Rebuild/hgraph/nodes/bed8a1646cf9.md
M	MainProjects/Algebraic-Jacobian-Challenge-Rebuild/hgraph/nodes/beddff5b2cad.md
M	MainProjects/Algebraic-Jacobian-Challenge-Rebuild/hgraph/nodes/bedfd03cefe5.md
M	MainProjects/Algebraic-Jacobian-Challenge-Rebuild/hgraph/nodes/bee1872ae87d.md
M	MainProjects/Algebraic-Jacobian-Challenge-Rebuild/hgraph/nodes/bef47f777e04.md
M	MainProjects/Algebraic-Jacobian-Challenge-Rebuild/hgraph/nodes/befb14502eb7.md
M	MainProjects/Algebraic-Jacobian-Challenge-Rebuild/hgraph/nodes/beff1059b5d7.md
M	MainProjects/Algebraic-Jacobian-Challenge-Rebuild/hgraph/nodes/bf086ff7d456.md
M	MainProjects/Algebraic-Jacobian-Challenge-Rebuild/hgraph/nodes/bf0b4501a770.md
M	MainProjects/Algebraic-Jacobian-Challenge-Rebuild/hgraph/nodes/bf1778c40876.md
M	MainProjects/Algebraic-Jacobian-Challenge-Rebuild/hgraph/nodes/bf19312ee4e3.md
M	MainProjects/Algebraic-Jacobian-Challenge-Rebuild/hgraph/nodes/bf1edd2b5e6c.md
M	MainProjects/Algebraic-Jacobian-Challenge-Rebuild/hgraph/nodes/bf27291e85cb.md
M	MainProjects/Algebraic-Jacobian-Challenge-Rebuild/hgraph/nodes/bf3a085d9219.md
M	MainProjects/Algebraic-Jacobian-Challenge-Rebuild/hgraph/nodes/bf3e38b7dafe.md
M	MainProjects/Algebraic-Jacobian-Challenge-Rebuild/hgraph/nodes/bf40bc3bbbe3.md
M	MainProjects/Algebraic-Jacobian-Challenge-Rebuild/hgraph/nodes/bf4814747afb.md
M	MainProjects/Algebraic-Jacobian-Challenge-Rebuild/hgraph/nodes/bf4a03c12f25.md
M	MainProjects/Algebraic-Jacobian-Challenge-Rebuild/hgraph/nodes/bf686913f226.md
M	MainProjects/Algebraic-Jacobian-Challenge-Rebuild/hgraph/nodes/bf7043900422.md
M	MainProjects/Algebraic-Jacobian-Challenge-Rebuild/hgraph/nodes/bf76acae7304.md
M	MainProjects/Algebraic-Jacobian-Challenge-Rebuild/hgraph/nodes/bf85eac4bd13.md
M	MainProjects/Algebraic-Jacobian-Challenge-Rebuild/hgraph/nodes/bf861527f868.md
M	MainProjects/Algebraic-Jacobian-Challenge-Rebuild/hgraph/nodes/bf95565d13fc.md
M	MainProjects/Algebraic-Jacobian-Challenge-Rebuild/hgraph/nodes/bf9ccdcf7bd9.md
M	MainProjects/Algebraic-Jacobian-Challenge-Rebuild/hgraph/nodes/bfa15bd9c891.md
M	MainProjects/Algebraic-Jacobian-Challenge-Rebuild/hgraph/nodes/bfb1a71e1cca.md
M	MainProjects/Algebraic-Jacobian-Challenge-Rebuild/hgraph/nodes/bfb502719499.md
M	MainProjects/Algebraic-Jacobian-Challenge-Rebuild/hgraph/nodes/bfb514181031.md
M	MainProjects/Algebraic-Jacobian-Challenge-Rebuild/hgraph/nodes/bfc4662e5489.md
M	MainProjects/Algebraic-Jacobian-Challenge-Rebuild/hgraph/nodes/bfce650e489d.md
M	MainProjects/Algebraic-Jacobian-Challenge-Rebuild/hgraph/nodes/bfd2a3d9a1fc.md
M	MainProjects/Algebraic-Jacobian-Challenge-Rebuild/hgraph/nodes/bfdc43cbcb27.md
M	MainProjects/Algebraic-Jacobian-Challenge-Rebuild/hgraph/nodes/bfe50219e485.md
M	MainProjects/Algebraic-Jacobian-Challenge-Rebuild/hgraph/nodes/bffc0ae39205.md
M	MainProjects/Algebraic-Jacobian-Challenge-Rebuild/hgraph/nodes/c004c4254a1b.md
M	MainProjects/Algebraic-Jacobian-Challenge-Rebuild/hgraph/nodes/c005164149e5.md
M	MainProjects/Algebraic-Jacobian-Challenge-Rebuild/hgraph/nodes/c009990a91fd.md
M	MainProjects/Algebraic-Jacobian-Challenge-Rebuild/hgraph/nodes/c00a9b1464f8.md
M	MainProjects/Algebraic-Jacobian-Challenge-Rebuild/hgraph/nodes/c00e4b842baf.md
M	MainProjects/Algebraic-Jacobian-Challenge-Rebuild/hgraph/nodes/c0120281bd1c.md
M	MainProjects/Algebraic-Jacobian-Challenge-Rebuild/hgraph/nodes/c02edd27075c.md
M	MainProjects/Algebraic-Jacobian-Challenge-Rebuild/hgraph/nodes/c036dd84ff4e.md
M	MainProjects/Algebraic-Jacobian-Challenge-Rebuild/hgraph/nodes/c040551a9912.md
M	MainProjects/Algebraic-Jacobian-Challenge-Rebuild/hgraph/nodes/c04ba68b04ca.md
M	MainProjects/Algebraic-Jacobian-Challenge-Rebuild/hgraph/nodes/c04d1d58edff.md
M	MainProjects/Algebraic-Jacobian-Challenge-Rebuild/hgraph/nodes/c060f819e43b.md
M	MainProjects/Algebraic-Jacobian-Challenge-Rebuild/hgraph/nodes/c062ef7ec576.md
M	MainProjects/Algebraic-Jacobian-Challenge-Rebuild/hgraph/nodes/c0783007ff8b.md
M	MainProjects/Algebraic-Jacobian-Challenge-Rebuild/hgraph/nodes/c079c78a61e2.md
M	MainProjects/Algebraic-Jacobian-Challenge-Rebuild/hgraph/nodes/c083a6b38fa5.md
M	MainProjects/Algebraic-Jacobian-Challenge-Rebuild/hgraph/nodes/c089e8bbe900.md
M	MainProjects/Algebraic-Jacobian-Challenge-Rebuild/hgraph/nodes/c099959e1379.md
M	MainProjects/Algebraic-Jacobian-Challenge-Rebuild/hgraph/nodes/c09a33c2fd5d.md
M	MainProjects/Algebraic-Jacobian-Challenge-Rebuild/hgraph/nodes/c0a684d46c27.md
M	MainProjects/Algebraic-Jacobian-Challenge-Rebuild/hgraph/nodes/c0a6c032e18c.md
M	MainProjects/Algebraic-Jacobian-Challenge-Rebuild/hgraph/nodes/c0aab6b996a4.md
M	MainProjects/Algebraic-Jacobian-Challenge-Rebuild/hgraph/nodes/c0b4c220e2f3.md
M	MainProjects/Algebraic-Jacobian-Challenge-Rebuild/hgraph/nodes/c0c876fbfd65.md
M	MainProjects/Algebraic-Jacobian-Challenge-Rebuild/hgraph/nodes/c0c9c48f1325.md
M	MainProjects/Algebraic-Jacobian-Challenge-Rebuild/hgraph/nodes/c0d28cab3cca.md
M	MainProjects/Algebraic-Jacobian-Challenge-Rebuild/hgraph/nodes/c0dc6bf94a9e.md
M	MainProjects/Algebraic-Jacobian-Challenge-Rebuild/hgraph/nodes/c0e693da287e.md
M	MainProjects/Algebraic-Jacobian-Challenge-Rebuild/hgraph/nodes/c0e856e3ad4e.md
M	MainProjects/Algebraic-Jacobian-Challenge-Rebuild/hgraph/nodes/c0f08943c92c.md
M	MainProjects/Algebraic-Jacobian-Challenge-Rebuild/hgraph/nodes/c0f37fa79aea.md
M	MainProjects/Algebraic-Jacobian-Challenge-Rebuild/hgraph/nodes/c0fc561834da.md
M	MainProjects/Algebraic-Jacobian-Challenge-Rebuild/hgraph/nodes/c10ca0f23fc5.md
M	MainProjects/Algebraic-Jacobian-Challenge-Rebuild/hgraph/nodes/c10d3cc1f7f9.md
M	MainProjects/Algebraic-Jacobian-Challenge-Rebuild/hgraph/nodes/c1199d86cfa9.md
M	MainProjects/Algebraic-Jacobian-Challenge-Rebuild/hgraph/nodes/c11fb4a7ed80.md
M	MainProjects/Algebraic-Jacobian-Challenge-Rebuild/hgraph/nodes/c120ad1a2fa5.md
M	MainProjects/Algebraic-Jacobian-Challenge-Rebuild/hgraph/nodes/c124329ff14c.md
M	MainProjects/Algebraic-Jacobian-Challenge-Rebuild/hgraph/nodes/c131b7d63fc1.md
M	MainProjects/Algebraic-Jacobian-Challenge-Rebuild/hgraph/nodes/c13381ee5da8.md
M	MainProjects/Algebraic-Jacobian-Challenge-Rebuild/hgraph/nodes/c1350c896ac7.md
D	MainProjects/Algebraic-Jacobian-Challenge-Rebuild/hgraph/nodes/c139c87194f9.md
M	MainProjects/Algebraic-Jacobian-Challenge-Rebuild/hgraph/nodes/c14649206e84.md
M	MainProjects/Algebraic-Jacobian-Challenge-Rebuild/hgraph/nodes/c1536da47668.md
M	MainProjects/Algebraic-Jacobian-Challenge-Rebuild/hgraph/nodes/c15ad8cef85b.md
M	MainProjects/Algebraic-Jacobian-Challenge-Rebuild/hgraph/nodes/c15c0292c99b.md
M	MainProjects/Algebraic-Jacobian-Challenge-Rebuild/hgraph/nodes/c1611808060d.md
M	MainProjects/Algebraic-Jacobian-Challenge-Rebuild/hgraph/nodes/c16988b5b716.md
M	MainProjects/Algebraic-Jacobian-Challenge-Rebuild/hgraph/nodes/c16e0a40c936.md
M	MainProjects/Algebraic-Jacobian-Challenge-Rebuild/hgraph/nodes/c18672b7c913.md
M	MainProjects/Algebraic-Jacobian-Challenge-Rebuild/hgraph/nodes/c1888733080d.md
M	MainProjects/Algebraic-Jacobian-Challenge-Rebuild/hgraph/nodes/c18cb005efa3.md
M	MainProjects/Algebraic-Jacobian-Challenge-Rebuild/hgraph/nodes/c1938387e2a9.md
M	MainProjects/Algebraic-Jacobian-Challenge-Rebuild/hgraph/nodes/c1980c6f102c.md
M	MainProjects/Algebraic-Jacobian-Challenge-Rebuild/hgraph/nodes/c19d8a53984c.md
M	MainProjects/Algebraic-Jacobian-Challenge-Rebuild/hgraph/nodes/c1db95465508.md
M	MainProjects/Algebraic-Jacobian-Challenge-Rebuild/hgraph/nodes/c1ecf9f7fbff.md
M	MainProjects/Algebraic-Jacobian-Challenge-Rebuild/hgraph/nodes/c1fc39677258.md
M	MainProjects/Algebraic-Jacobian-Challenge-Rebuild/hgraph/nodes/c201c7d8890b.md
M	MainProjects/Algebraic-Jacobian-Challenge-Rebuild/hgraph/nodes/c20b0b6d0481.md
M	MainProjects/Algebraic-Jacobian-Challenge-Rebuild/hgraph/nodes/c218549735c6.md
M	MainProjects/Algebraic-Jacobian-Challenge-Rebuild/hgraph/nodes/c22e87b3f5ad.md
M	MainProjects/Algebraic-Jacobian-Challenge-Rebuild/hgraph/nodes/c23499e711ad.md
M	MainProjects/Algebraic-Jacobian-Challenge-Rebuild/hgraph/nodes/c2479a730e82.md
M	MainProjects/Algebraic-Jacobian-Challenge-Rebuild/hgraph/nodes/c24b70d05bd9.md
M	MainProjects/Algebraic-Jacobian-Challenge-Rebuild/hgraph/nodes/c2522f2d091f.md
M	MainProjects/Algebraic-Jacobian-Challenge-Rebuild/hgraph/nodes/c25780015387.md
M	MainProjects/Algebraic-Jacobian-Challenge-Rebuild/hgraph/nodes/c25c3f99b3e6.md
M	MainProjects/Algebraic-Jacobian-Challenge-Rebuild/hgraph/nodes/c25f4a382e82.md
M	MainProjects/Algebraic-Jacobian-Challenge-Rebuild/hgraph/nodes/c26d21629599.md
M	MainProjects/Algebraic-Jacobian-Challenge-Rebuild/hgraph/nodes/c26d6dd44a42.md
M	MainProjects/Algebraic-Jacobian-Challenge-Rebuild/hgraph/nodes/c284a3d2b84f.md
M	MainProjects/Algebraic-Jacobian-Challenge-Rebuild/hgraph/nodes/c29637252f27.md
M	MainProjects/Algebraic-Jacobian-Challenge-Rebuild/hgraph/nodes/c2963e9e6f3a.md
M	MainProjects/Algebraic-Jacobian-Challenge-Rebuild/hgraph/nodes/c29c24c9080f.md
M	MainProjects/Algebraic-Jacobian-Challenge-Rebuild/hgraph/nodes/c29fedf9f47b.md
M	MainProjects/Algebraic-Jacobian-Challenge-Rebuild/hgraph/nodes/c29ffe97526f.md
M	MainProjects/Algebraic-Jacobian-Challenge-Rebuild/hgraph/nodes/c2a23c5a57a1.md
M	MainProjects/Algebraic-Jacobian-Challenge-Rebuild/hgraph/nodes/c2a44459fd4f.md
M	MainProjects/Algebraic-Jacobian-Challenge-Rebuild/hgraph/nodes/c2a710bbe1b3.md
M	MainProjects/Algebraic-Jacobian-Challenge-Rebuild/hgraph/nodes/c2aabd6af7a8.md
M	MainProjects/Algebraic-Jacobian-Challenge-Rebuild/hgraph/nodes/c2acea4c9393.md
M	MainProjects/Algebraic-Jacobian-Challenge-Rebuild/hgraph/nodes/c2c4d8eda6c6.md
M	MainProjects/Algebraic-Jacobian-Challenge-Rebuild/hgraph/nodes/c2ca9ee08149.md
M	MainProjects/Algebraic-Jacobian-Challenge-Rebuild/hgraph/nodes/c2d34ffc36f3.md
M	MainProjects/Algebraic-Jacobian-Challenge-Rebuild/hgraph/nodes/c2d5d8b78eeb.md
M	MainProjects/Algebraic-Jacobian-Challenge-Rebuild/hgraph/nodes/c2eadabd6843.md
M	MainProjects/Algebraic-Jacobian-Challenge-Rebuild/hgraph/nodes/c2ee4f0594db.md
M	MainProjects/Algebraic-Jacobian-Challenge-Rebuild/hgraph/nodes/c2f1c706be92.md
M	MainProjects/Algebraic-Jacobian-Challenge-Rebuild/hgraph/nodes/c2f8d42be0df.md
M	MainProjects/Algebraic-Jacobian-Challenge-Rebuild/hgraph/nodes/c2fb5af7c48c.md
M	MainProjects/Algebraic-Jacobian-Challenge-Rebuild/hgraph/nodes/c304da5b6941.md
M	MainProjects/Algebraic-Jacobian-Challenge-Rebuild/hgraph/nodes/c3193216dd6a.md
M	MainProjects/Algebraic-Jacobian-Challenge-Rebuild/hgraph/nodes/c32127e1481d.md
M	MainProjects/Algebraic-Jacobian-Challenge-Rebuild/hgraph/nodes/c3230570403d.md
M	MainProjects/Algebraic-Jacobian-Challenge-Rebuild/hgraph/nodes/c323c7baaf6d.md
M	MainProjects/Algebraic-Jacobian-Challenge-Rebuild/hgraph/nodes/c32cd46a24e1.md
M	MainProjects/Algebraic-Jacobian-Challenge-Rebuild/hgraph/nodes/c3346057b206.md
M	MainProjects/Algebraic-Jacobian-Challenge-Rebuild/hgraph/nodes/c33eaa0947ac.md
M	MainProjects/Algebraic-Jacobian-Challenge-Rebuild/hgraph/nodes/c3429cd1d8f3.md
M	MainProjects/Algebraic-Jacobian-Challenge-Rebuild/hgraph/nodes/c34e7f7a237f.md
M	MainProjects/Algebraic-Jacobian-Challenge-Rebuild/hgraph/nodes/c352bf76f1bb.md
M	MainProjects/Algebraic-Jacobian-Challenge-Rebuild/hgraph/nodes/c3555a2b9faf.md
D	MainProjects/Algebraic-Jacobian-Challenge-Rebuild/hgraph/nodes/c36d9cb0baa9.md
M	MainProjects/Algebraic-Jacobian-Challenge-Rebuild/hgraph/nodes/c370692c06ef.md
M	MainProjects/Algebraic-Jacobian-Challenge-Rebuild/hgraph/nodes/c37d3ad33076.md
M	MainProjects/Algebraic-Jacobian-Challenge-Rebuild/hgraph/nodes/c37e5b3a4626.md
M	MainProjects/Algebraic-Jacobian-Challenge-Rebuild/hgraph/nodes/c37e8e634962.md
M	MainProjects/Algebraic-Jacobian-Challenge-Rebuild/hgraph/nodes/c38252cc4d4d.md
M	MainProjects/Algebraic-Jacobian-Challenge-Rebuild/hgraph/nodes/c388ea75314c.md
M	MainProjects/Algebraic-Jacobian-Challenge-Rebuild/hgraph/nodes/c38a1a5c0eff.md
M	MainProjects/Algebraic-Jacobian-Challenge-Rebuild/hgraph/nodes/c38b0ff9b789.md
M	MainProjects/Algebraic-Jacobian-Challenge-Rebuild/hgraph/nodes/c38e48193ba6.md
M	MainProjects/Algebraic-Jacobian-Challenge-Rebuild/hgraph/nodes/c391eb6cbe7b.md
M	MainProjects/Algebraic-Jacobian-Challenge-Rebuild/hgraph/nodes/c39408ba71a4.md
M	MainProjects/Algebraic-Jacobian-Challenge-Rebuild/hgraph/nodes/c3abbb1ca633.md
M	MainProjects/Algebraic-Jacobian-Challenge-Rebuild/hgraph/nodes/c3b1e19362cd.md
M	MainProjects/Algebraic-Jacobian-Challenge-Rebuild/hgraph/nodes/c3b9617a28d4.md
M	MainProjects/Algebraic-Jacobian-Challenge-Rebuild/hgraph/nodes/c3b9d27b9c55.md
M	MainProjects/Algebraic-Jacobian-Challenge-Rebuild/hgraph/nodes/c3bc02e388e7.md
M	MainProjects/Algebraic-Jacobian-Challenge-Rebuild/hgraph/nodes/c3c5aa77deda.md
D	MainProjects/Algebraic-Jacobian-Challenge-Rebuild/hgraph/nodes/c3c850ce608a.md
M	MainProjects/Algebraic-Jacobian-Challenge-Rebuild/hgraph/nodes/c3cb69b6334a.md
M	MainProjects/Algebraic-Jacobian-Challenge-Rebuild/hgraph/nodes/c3d607cfe807.md
M	MainProjects/Algebraic-Jacobian-Challenge-Rebuild/hgraph/nodes/c3da906a3b18.md
M	MainProjects/Algebraic-Jacobian-Challenge-Rebuild/hgraph/nodes/c3db2e373402.md
M	MainProjects/Algebraic-Jacobian-Challenge-Rebuild/hgraph/nodes/c3dd2c7cfbc6.md
M	MainProjects/Algebraic-Jacobian-Challenge-Rebuild/hgraph/nodes/c3de448ab063.md
M	MainProjects/Algebraic-Jacobian-Challenge-Rebuild/hgraph/nodes/c3e266a67d85.md
M	MainProjects/Algebraic-Jacobian-Challenge-Rebuild/hgraph/nodes/c3f736535b27.md
M	MainProjects/Algebraic-Jacobian-Challenge-Rebuild/hgraph/nodes/c3fc03fbda71.md
M	MainProjects/Algebraic-Jacobian-Challenge-Rebuild/hgraph/nodes/c40195b4dde8.md
M	MainProjects/Algebraic-Jacobian-Challenge-Rebuild/hgraph/nodes/c4073dcf5f21.md
M	MainProjects/Algebraic-Jacobian-Challenge-Rebuild/hgraph/nodes/c409b2dfb63d.md
M	MainProjects/Algebraic-Jacobian-Challenge-Rebuild/hgraph/nodes/c4106d786990.md
M	MainProjects/Algebraic-Jacobian-Challenge-Rebuild/hgraph/nodes/c411557b08d2.md
M	MainProjects/Algebraic-Jacobian-Challenge-Rebuild/hgraph/nodes/c41bd5981d0c.md
M	MainProjects/Algebraic-Jacobian-Challenge-Rebuild/hgraph/nodes/c421cc26b4ec.md
M	MainProjects/Algebraic-Jacobian-Challenge-Rebuild/hgraph/nodes/c4267764a722.md
M	MainProjects/Algebraic-Jacobian-Challenge-Rebuild/hgraph/nodes/c432ab3a7cec.md
M	MainProjects/Algebraic-Jacobian-Challenge-Rebuild/hgraph/nodes/c441b89fc6a7.md
M	MainProjects/Algebraic-Jacobian-Challenge-Rebuild/hgraph/nodes/c44793eb9c47.md
M	MainProjects/Algebraic-Jacobian-Challenge-Rebuild/hgraph/nodes/c44f1168e98c.md
M	MainProjects/Algebraic-Jacobian-Challenge-Rebuild/hgraph/nodes/c4557965e76c.md
M	MainProjects/Algebraic-Jacobian-Challenge-Rebuild/hgraph/nodes/c45d3492ab93.md
M	MainProjects/Algebraic-Jacobian-Challenge-Rebuild/hgraph/nodes/c45e00c70522.md
M	MainProjects/Algebraic-Jacobian-Challenge-Rebuild/hgraph/nodes/c4601136976d.md
M	MainProjects/Algebraic-Jacobian-Challenge-Rebuild/hgraph/nodes/c4681962c0ba.md
M	MainProjects/Algebraic-Jacobian-Challenge-Rebuild/hgraph/nodes/c47e363a00f0.md
M	MainProjects/Algebraic-Jacobian-Challenge-Rebuild/hgraph/nodes/c483977f199d.md
M	MainProjects/Algebraic-Jacobian-Challenge-Rebuild/hgraph/nodes/c485c71eef8d.md
M	MainProjects/Algebraic-Jacobian-Challenge-Rebuild/hgraph/nodes/c498ad794c2c.md
M	MainProjects/Algebraic-Jacobian-Challenge-Rebuild/hgraph/nodes/c498ffe231d7.md
M	MainProjects/Algebraic-Jacobian-Challenge-Rebuild/hgraph/nodes/c49e16e37a1d.md
M	MainProjects/Algebraic-Jacobian-Challenge-Rebuild/hgraph/nodes/c4afc56c0a92.md
M	MainProjects/Algebraic-Jacobian-Challenge-Rebuild/hgraph/nodes/c4c520006b27.md
D	MainProjects/Algebraic-Jacobian-Challenge-Rebuild/hgraph/nodes/c4cb0d0d5bae.md
M	MainProjects/Algebraic-Jacobian-Challenge-Rebuild/hgraph/nodes/c4ce0a882813.md
M	MainProjects/Algebraic-Jacobian-Challenge-Rebuild/hgraph/nodes/c4d4082ec717.md
M	MainProjects/Algebraic-Jacobian-Challenge-Rebuild/hgraph/nodes/c4d7ebc562dc.md
M	MainProjects/Algebraic-Jacobian-Challenge-Rebuild/hgraph/nodes/c4dafb3d4e66.md
M	MainProjects/Algebraic-Jacobian-Challenge-Rebuild/hgraph/nodes/c4dcab9e7f87.md
M	MainProjects/Algebraic-Jacobian-Challenge-Rebuild/hgraph/nodes/c4e0dae94348.md
M	MainProjects/Algebraic-Jacobian-Challenge-Rebuild/hgraph/nodes/c4e71e13ba2b.md
M	MainProjects/Algebraic-Jacobian-Challenge-Rebuild/hgraph/nodes/c4e9b73be9ef.md
M	MainProjects/Algebraic-Jacobian-Challenge-Rebuild/hgraph/nodes/c4e9fa8a902c.md
M	MainProjects/Algebraic-Jacobian-Challenge-Rebuild/hgraph/nodes/c4ef916c1a81.md
M	MainProjects/Algebraic-Jacobian-Challenge-Rebuild/hgraph/nodes/c50ca2e03bfd.md
M	MainProjects/Algebraic-Jacobian-Challenge-Rebuild/hgraph/nodes/c51b4b57f37e.md
M	MainProjects/Algebraic-Jacobian-Challenge-Rebuild/hgraph/nodes/c52de3792175.md
M	MainProjects/Algebraic-Jacobian-Challenge-Rebuild/hgraph/nodes/c530a2b561ea.md
M	MainProjects/Algebraic-Jacobian-Challenge-Rebuild/hgraph/nodes/c531a1d6c012.md
M	MainProjects/Algebraic-Jacobian-Challenge-Rebuild/hgraph/nodes/c532fccb08c6.md
M	MainProjects/Algebraic-Jacobian-Challenge-Rebuild/hgraph/nodes/c54698669f1d.md
M	MainProjects/Algebraic-Jacobian-Challenge-Rebuild/hgraph/nodes/c54b5a6e0320.md
M	MainProjects/Algebraic-Jacobian-Challenge-Rebuild/hgraph/nodes/c54fb84abbde.md
M	MainProjects/Algebraic-Jacobian-Challenge-Rebuild/hgraph/nodes/c561a4f8373d.md
M	MainProjects/Algebraic-Jacobian-Challenge-Rebuild/hgraph/nodes/c568e74fa6c4.md
M	MainProjects/Algebraic-Jacobian-Challenge-Rebuild/hgraph/nodes/c56c699a87f4.md
M	MainProjects/Algebraic-Jacobian-Challenge-Rebuild/hgraph/nodes/c571e4b746d6.md
M	MainProjects/Algebraic-Jacobian-Challenge-Rebuild/hgraph/nodes/c5781bf72252.md
M	MainProjects/Algebraic-Jacobian-Challenge-Rebuild/hgraph/nodes/c593f07c9a91.md
M	MainProjects/Algebraic-Jacobian-Challenge-Rebuild/hgraph/nodes/c59891d1f1bf.md
M	MainProjects/Algebraic-Jacobian-Challenge-Rebuild/hgraph/nodes/c5a5247650d7.md
M	MainProjects/Algebraic-Jacobian-Challenge-Rebuild/hgraph/nodes/c5ce40fe4e59.md
M	MainProjects/Algebraic-Jacobian-Challenge-Rebuild/hgraph/nodes/c5d598403578.md
M	MainProjects/Algebraic-Jacobian-Challenge-Rebuild/hgraph/nodes/c5d7ad287329.md
M	MainProjects/Algebraic-Jacobian-Challenge-Rebuild/hgraph/nodes/c5e50fbdfb46.md
M	MainProjects/Algebraic-Jacobian-Challenge-Rebuild/hgraph/nodes/c5f4370567c1.md
M	MainProjects/Algebraic-Jacobian-Challenge-Rebuild/hgraph/nodes/c6087b35f110.md
M	MainProjects/Algebraic-Jacobian-Challenge-Rebuild/hgraph/nodes/c60a1d371d60.md
M	MainProjects/Algebraic-Jacobian-Challenge-Rebuild/hgraph/nodes/c60fd27325df.md
M	MainProjects/Algebraic-Jacobian-Challenge-Rebuild/hgraph/nodes/c61a11e1b87b.md
M	MainProjects/Algebraic-Jacobian-Challenge-Rebuild/hgraph/nodes/c6220adfe91b.md
M	MainProjects/Algebraic-Jacobian-Challenge-Rebuild/hgraph/nodes/c62268e02628.md
M	MainProjects/Algebraic-Jacobian-Challenge-Rebuild/hgraph/nodes/c635d581d255.md
M	MainProjects/Algebraic-Jacobian-Challenge-Rebuild/hgraph/nodes/c6527b9ff5aa.md
M	MainProjects/Algebraic-Jacobian-Challenge-Rebuild/hgraph/nodes/c664aa9b8cf4.md
M	MainProjects/Algebraic-Jacobian-Challenge-Rebuild/hgraph/nodes/c66ac5808d1d.md
M	MainProjects/Algebraic-Jacobian-Challenge-Rebuild/hgraph/nodes/c674464e0727.md
M	MainProjects/Algebraic-Jacobian-Challenge-Rebuild/hgraph/nodes/c6789b32ac3e.md
M	MainProjects/Algebraic-Jacobian-Challenge-Rebuild/hgraph/nodes/c6856e952075.md
M	MainProjects/Algebraic-Jacobian-Challenge-Rebuild/hgraph/nodes/c68e208d16d7.md
M	MainProjects/Algebraic-Jacobian-Challenge-Rebuild/hgraph/nodes/c69461582c5f.md
M	MainProjects/Algebraic-Jacobian-Challenge-Rebuild/hgraph/nodes/c6a20b1622b6.md
M	MainProjects/Algebraic-Jacobian-Challenge-Rebuild/hgraph/nodes/c6c01b155a39.md
M	MainProjects/Algebraic-Jacobian-Challenge-Rebuild/hgraph/nodes/c6c1a22e8fde.md
M	MainProjects/Algebraic-Jacobian-Challenge-Rebuild/hgraph/nodes/c6c27d2d7f5e.md
M	MainProjects/Algebraic-Jacobian-Challenge-Rebuild/hgraph/nodes/c6cadb3864b0.md
M	MainProjects/Algebraic-Jacobian-Challenge-Rebuild/hgraph/nodes/c6cc5c13019b.md
M	MainProjects/Algebraic-Jacobian-Challenge-Rebuild/hgraph/nodes/c6d1d3923a53.md
M	MainProjects/Algebraic-Jacobian-Challenge-Rebuild/hgraph/nodes/c6d279798fc7.md
M	MainProjects/Algebraic-Jacobian-Challenge-Rebuild/hgraph/nodes/c6d4600938ba.md
M	MainProjects/Algebraic-Jacobian-Challenge-Rebuild/hgraph/nodes/c6dccfd3de1a.md
M	MainProjects/Algebraic-Jacobian-Challenge-Rebuild/hgraph/nodes/c6df20452823.md
M	MainProjects/Algebraic-Jacobian-Challenge-Rebuild/hgraph/nodes/c6e137563308.md
M	MainProjects/Algebraic-Jacobian-Challenge-Rebuild/hgraph/nodes/c6e3ec5a6e92.md
M	MainProjects/Algebraic-Jacobian-Challenge-Rebuild/hgraph/nodes/c6e6c867e5f7.md
M	MainProjects/Algebraic-Jacobian-Challenge-Rebuild/hgraph/nodes/c6e8f051bf5a.md
M	MainProjects/Algebraic-Jacobian-Challenge-Rebuild/hgraph/nodes/c6f1afb55409.md
M	MainProjects/Algebraic-Jacobian-Challenge-Rebuild/hgraph/nodes/c6f1e1bf4965.md
M	MainProjects/Algebraic-Jacobian-Challenge-Rebuild/hgraph/nodes/c6f84e37c163.md
M	MainProjects/Algebraic-Jacobian-Challenge-Rebuild/hgraph/nodes/c6f879a07049.md
M	MainProjects/Algebraic-Jacobian-Challenge-Rebuild/hgraph/nodes/c6f9bb8d9370.md
M	MainProjects/Algebraic-Jacobian-Challenge-Rebuild/hgraph/nodes/c6fea745a509.md
M	MainProjects/Algebraic-Jacobian-Challenge-Rebuild/hgraph/nodes/c7065a4ca724.md
M	MainProjects/Algebraic-Jacobian-Challenge-Rebuild/hgraph/nodes/c72c7937f76f.md
M	MainProjects/Algebraic-Jacobian-Challenge-Rebuild/hgraph/nodes/c72dff85d56b.md
M	MainProjects/Algebraic-Jacobian-Challenge-Rebuild/hgraph/nodes/c730955f8e9b.md
M	MainProjects/Algebraic-Jacobian-Challenge-Rebuild/hgraph/nodes/c73d2c0d0d28.md
M	MainProjects/Algebraic-Jacobian-Challenge-Rebuild/hgraph/nodes/c74ad07767bc.md
M	MainProjects/Algebraic-Jacobian-Challenge-Rebuild/hgraph/nodes/c758d1f8d49b.md
M	MainProjects/Algebraic-Jacobian-Challenge-Rebuild/hgraph/nodes/c75a36dca30b.md
M	MainProjects/Algebraic-Jacobian-Challenge-Rebuild/hgraph/nodes/c75a6b1cbf70.md
M	MainProjects/Algebraic-Jacobian-Challenge-Rebuild/hgraph/nodes/c75f7b66b3da.md
M	MainProjects/Algebraic-Jacobian-Challenge-Rebuild/hgraph/nodes/c767579fc5ef.md
M	MainProjects/Algebraic-Jacobian-Challenge-Rebuild/hgraph/nodes/c773fd357d74.md
M	MainProjects/Algebraic-Jacobian-Challenge-Rebuild/hgraph/nodes/c7760e7638f6.md
M	MainProjects/Algebraic-Jacobian-Challenge-Rebuild/hgraph/nodes/c77646af19be.md
M	MainProjects/Algebraic-Jacobian-Challenge-Rebuild/hgraph/nodes/c777ff9a8154.md
M	MainProjects/Algebraic-Jacobian-Challenge-Rebuild/hgraph/nodes/c7789b4410ed.md
M	MainProjects/Algebraic-Jacobian-Challenge-Rebuild/hgraph/nodes/c77bf5391357.md
M	MainProjects/Algebraic-Jacobian-Challenge-Rebuild/hgraph/nodes/c77c6a734309.md
M	MainProjects/Algebraic-Jacobian-Challenge-Rebuild/hgraph/nodes/c77db1e4f12e.md
M	MainProjects/Algebraic-Jacobian-Challenge-Rebuild/hgraph/nodes/c77f73ddf59d.md
M	MainProjects/Algebraic-Jacobian-Challenge-Rebuild/hgraph/nodes/c7847f52d143.md
M	MainProjects/Algebraic-Jacobian-Challenge-Rebuild/hgraph/nodes/c787197c8af2.md
M	MainProjects/Algebraic-Jacobian-Challenge-Rebuild/hgraph/nodes/c78b50d19896.md
M	MainProjects/Algebraic-Jacobian-Challenge-Rebuild/hgraph/nodes/c78ea3ce000d.md
M	MainProjects/Algebraic-Jacobian-Challenge-Rebuild/hgraph/nodes/c79422144032.md
M	MainProjects/Algebraic-Jacobian-Challenge-Rebuild/hgraph/nodes/c79b7341fc5f.md
M	MainProjects/Algebraic-Jacobian-Challenge-Rebuild/hgraph/nodes/c79d0a5b9299.md
M	MainProjects/Algebraic-Jacobian-Challenge-Rebuild/hgraph/nodes/c79e15f1d7dc.md
D	MainProjects/Algebraic-Jacobian-Challenge-Rebuild/hgraph/nodes/c7a9cbae0738.md
M	MainProjects/Algebraic-Jacobian-Challenge-Rebuild/hgraph/nodes/c7b3fd1311c1.md
M	MainProjects/Algebraic-Jacobian-Challenge-Rebuild/hgraph/nodes/c7b850964482.md
M	MainProjects/Algebraic-Jacobian-Challenge-Rebuild/hgraph/nodes/c7bdc4610b3d.md
M	MainProjects/Algebraic-Jacobian-Challenge-Rebuild/hgraph/nodes/c7c1581a127e.md
M	MainProjects/Algebraic-Jacobian-Challenge-Rebuild/hgraph/nodes/c7c3fc6f332b.md
M	MainProjects/Algebraic-Jacobian-Challenge-Rebuild/hgraph/nodes/c7c4ccd07dad.md
M	MainProjects/Algebraic-Jacobian-Challenge-Rebuild/hgraph/nodes/c7cc3968dee6.md
M	MainProjects/Algebraic-Jacobian-Challenge-Rebuild/hgraph/nodes/c7d100844777.md
M	MainProjects/Algebraic-Jacobian-Challenge-Rebuild/hgraph/nodes/c7d8b5390bd6.md
M	MainProjects/Algebraic-Jacobian-Challenge-Rebuild/hgraph/nodes/c7d8db172f4d.md
M	MainProjects/Algebraic-Jacobian-Challenge-Rebuild/hgraph/nodes/c7dd16a7d8f5.md
M	MainProjects/Algebraic-Jacobian-Challenge-Rebuild/hgraph/nodes/c7e224a426da.md
M	MainProjects/Algebraic-Jacobian-Challenge-Rebuild/hgraph/nodes/c7e2d5340c11.md
M	MainProjects/Algebraic-Jacobian-Challenge-Rebuild/hgraph/nodes/c7f98d588234.md
M	MainProjects/Algebraic-Jacobian-Challenge-Rebuild/hgraph/nodes/c7f9ab727260.md
M	MainProjects/Algebraic-Jacobian-Challenge-Rebuild/hgraph/nodes/c7fe4383bd90.md
M	MainProjects/Algebraic-Jacobian-Challenge-Rebuild/hgraph/nodes/c809fdaae217.md
M	MainProjects/Algebraic-Jacobian-Challenge-Rebuild/hgraph/nodes/c815ce28ab3d.md
M	MainProjects/Algebraic-Jacobian-Challenge-Rebuild/hgraph/nodes/c81a1968713f.md
M	MainProjects/Algebraic-Jacobian-Challenge-Rebuild/hgraph/nodes/c82759067fdb.md
M	MainProjects/Algebraic-Jacobian-Challenge-Rebuild/hgraph/nodes/c82e26f2a5f7.md
M	MainProjects/Algebraic-Jacobian-Challenge-Rebuild/hgraph/nodes/c837956a6362.md
M	MainProjects/Algebraic-Jacobian-Challenge-Rebuild/hgraph/nodes/c83e53bd86ac.md
M	MainProjects/Algebraic-Jacobian-Challenge-Rebuild/hgraph/nodes/c84455500bc0.md
M	MainProjects/Algebraic-Jacobian-Challenge-Rebuild/hgraph/nodes/c84affb43828.md
M	MainProjects/Algebraic-Jacobian-Challenge-Rebuild/hgraph/nodes/c852546814e8.md
M	MainProjects/Algebraic-Jacobian-Challenge-Rebuild/hgraph/nodes/c85334619b8b.md
M	MainProjects/Algebraic-Jacobian-Challenge-Rebuild/hgraph/nodes/c85bc647a952.md
M	MainProjects/Algebraic-Jacobian-Challenge-Rebuild/hgraph/nodes/c87171d66e32.md
M	MainProjects/Algebraic-Jacobian-Challenge-Rebuild/hgraph/nodes/c876ecfeea19.md
M	MainProjects/Algebraic-Jacobian-Challenge-Rebuild/hgraph/nodes/c87cdb7cb203.md
M	MainProjects/Algebraic-Jacobian-Challenge-Rebuild/hgraph/nodes/c87db03d57c4.md
M	MainProjects/Algebraic-Jacobian-Challenge-Rebuild/hgraph/nodes/c87fd5e76533.md
M	MainProjects/Algebraic-Jacobian-Challenge-Rebuild/hgraph/nodes/c8815a61bd15.md
M	MainProjects/Algebraic-Jacobian-Challenge-Rebuild/hgraph/nodes/c88237841ec5.md
M	MainProjects/Algebraic-Jacobian-Challenge-Rebuild/hgraph/nodes/c882b2870409.md
M	MainProjects/Algebraic-Jacobian-Challenge-Rebuild/hgraph/nodes/c887154f3ac0.md
M	MainProjects/Algebraic-Jacobian-Challenge-Rebuild/hgraph/nodes/c8b5fc883b8b.md
M	MainProjects/Algebraic-Jacobian-Challenge-Rebuild/hgraph/nodes/c8b8fa105085.md
M	MainProjects/Algebraic-Jacobian-Challenge-Rebuild/hgraph/nodes/c8c8f0a9349b.md
M	MainProjects/Algebraic-Jacobian-Challenge-Rebuild/hgraph/nodes/c8cd8a02ca0d.md
M	MainProjects/Algebraic-Jacobian-Challenge-Rebuild/hgraph/nodes/c8d3c123afc2.md
M	MainProjects/Algebraic-Jacobian-Challenge-Rebuild/hgraph/nodes/c8d9bfc50263.md
M	MainProjects/Algebraic-Jacobian-Challenge-Rebuild/hgraph/nodes/c8dbfe40f935.md
M	MainProjects/Algebraic-Jacobian-Challenge-Rebuild/hgraph/nodes/c8e20afac649.md
M	MainProjects/Algebraic-Jacobian-Challenge-Rebuild/hgraph/nodes/c8e2fbf542dc.md
M	MainProjects/Algebraic-Jacobian-Challenge-Rebuild/hgraph/nodes/c8e3bfaea20b.md
M	MainProjects/Algebraic-Jacobian-Challenge-Rebuild/hgraph/nodes/c8f1f90578d4.md
M	MainProjects/Algebraic-Jacobian-Challenge-Rebuild/hgraph/nodes/c8f586fd43d2.md
M	MainProjects/Algebraic-Jacobian-Challenge-Rebuild/hgraph/nodes/c8fe5c0a5c5e.md
M	MainProjects/Algebraic-Jacobian-Challenge-Rebuild/hgraph/nodes/c90ae838740c.md
M	MainProjects/Algebraic-Jacobian-Challenge-Rebuild/hgraph/nodes/c90facb3a186.md
M	MainProjects/Algebraic-Jacobian-Challenge-Rebuild/hgraph/nodes/c9264f8c7b55.md
M	MainProjects/Algebraic-Jacobian-Challenge-Rebuild/hgraph/nodes/c92a12876253.md
D	MainProjects/Algebraic-Jacobian-Challenge-Rebuild/hgraph/nodes/c92f49e5f64e.md
M	MainProjects/Algebraic-Jacobian-Challenge-Rebuild/hgraph/nodes/c92f8af070d7.md
M	MainProjects/Algebraic-Jacobian-Challenge-Rebuild/hgraph/nodes/c931a7942929.md
M	MainProjects/Algebraic-Jacobian-Challenge-Rebuild/hgraph/nodes/c9331c3b7410.md
M	MainProjects/Algebraic-Jacobian-Challenge-Rebuild/hgraph/nodes/c93a41d2b123.md
M	MainProjects/Algebraic-Jacobian-Challenge-Rebuild/hgraph/nodes/c94734e723b6.md
M	MainProjects/Algebraic-Jacobian-Challenge-Rebuild/hgraph/nodes/c9481e0e5ef4.md
M	MainProjects/Algebraic-Jacobian-Challenge-Rebuild/hgraph/nodes/c94da21e245d.md
M	MainProjects/Algebraic-Jacobian-Challenge-Rebuild/hgraph/nodes/c961ff7cc05e.md
M	MainProjects/Algebraic-Jacobian-Challenge-Rebuild/hgraph/nodes/c9679155319d.md
M	MainProjects/Algebraic-Jacobian-Challenge-Rebuild/hgraph/nodes/c96ec75e7137.md
M	MainProjects/Algebraic-Jacobian-Challenge-Rebuild/hgraph/nodes/c97977ccf72a.md
M	MainProjects/Algebraic-Jacobian-Challenge-Rebuild/hgraph/nodes/c979d17baea8.md
M	MainProjects/Algebraic-Jacobian-Challenge-Rebuild/hgraph/nodes/c97b3be811bf.md
M	MainProjects/Algebraic-Jacobian-Challenge-Rebuild/hgraph/nodes/c9813fe091ef.md
M	MainProjects/Algebraic-Jacobian-Challenge-Rebuild/hgraph/nodes/c9841305ed00.md
M	MainProjects/Algebraic-Jacobian-Challenge-Rebuild/hgraph/nodes/c98b82d22677.md
M	MainProjects/Algebraic-Jacobian-Challenge-Rebuild/hgraph/nodes/c9948b432e59.md
M	MainProjects/Algebraic-Jacobian-Challenge-Rebuild/hgraph/nodes/c99a795c3e69.md
M	MainProjects/Algebraic-Jacobian-Challenge-Rebuild/hgraph/nodes/c99b18c0e2d5.md
M	MainProjects/Algebraic-Jacobian-Challenge-Rebuild/hgraph/nodes/c99bb6b83781.md
M	MainProjects/Algebraic-Jacobian-Challenge-Rebuild/hgraph/nodes/c99c42fd21f6.md
M	MainProjects/Algebraic-Jacobian-Challenge-Rebuild/hgraph/nodes/c99d1c8870ed.md
M	MainProjects/Algebraic-Jacobian-Challenge-Rebuild/hgraph/nodes/c9a89c2b42b0.md
M	MainProjects/Algebraic-Jacobian-Challenge-Rebuild/hgraph/nodes/c9b1867eb886.md
M	MainProjects/Algebraic-Jacobian-Challenge-Rebuild/hgraph/nodes/c9b6abc1344c.md
M	MainProjects/Algebraic-Jacobian-Challenge-Rebuild/hgraph/nodes/c9be517914b9.md
M	MainProjects/Algebraic-Jacobian-Challenge-Rebuild/hgraph/nodes/c9c629f6b914.md
M	MainProjects/Algebraic-Jacobian-Challenge-Rebuild/hgraph/nodes/c9ccf9c5b4cb.md
M	MainProjects/Algebraic-Jacobian-Challenge-Rebuild/hgraph/nodes/c9d22946aecc.md
M	MainProjects/Algebraic-Jacobian-Challenge-Rebuild/hgraph/nodes/c9d383d40e52.md
M	MainProjects/Algebraic-Jacobian-Challenge-Rebuild/hgraph/nodes/c9f4a2e31255.md
D	MainProjects/Algebraic-Jacobian-Challenge-Rebuild/hgraph/nodes/c9f87e9b5567.md
M	MainProjects/Algebraic-Jacobian-Challenge-Rebuild/hgraph/nodes/ca01640e6e0e.md
M	MainProjects/Algebraic-Jacobian-Challenge-Rebuild/hgraph/nodes/ca0d29406003.md
M	MainProjects/Algebraic-Jacobian-Challenge-Rebuild/hgraph/nodes/ca1e516b37bc.md
M	MainProjects/Algebraic-Jacobian-Challenge-Rebuild/hgraph/nodes/ca1ff0048426.md
M	MainProjects/Algebraic-Jacobian-Challenge-Rebuild/hgraph/nodes/ca21c5b9f137.md
M	MainProjects/Algebraic-Jacobian-Challenge-Rebuild/hgraph/nodes/ca22d1fb1bfc.md
M	MainProjects/Algebraic-Jacobian-Challenge-Rebuild/hgraph/nodes/ca28f58937ab.md
M	MainProjects/Algebraic-Jacobian-Challenge-Rebuild/hgraph/nodes/ca3a8c92d6dd.md
M	MainProjects/Algebraic-Jacobian-Challenge-Rebuild/hgraph/nodes/ca400bf8b4a7.md
M	MainProjects/Algebraic-Jacobian-Challenge-Rebuild/hgraph/nodes/ca521c1f8ccc.md
M	MainProjects/Algebraic-Jacobian-Challenge-Rebuild/hgraph/nodes/ca5cc5c15905.md
M	MainProjects/Algebraic-Jacobian-Challenge-Rebuild/hgraph/nodes/ca82c3de56dc.md
M	MainProjects/Algebraic-Jacobian-Challenge-Rebuild/hgraph/nodes/ca8dc6bedd7c.md
M	MainProjects/Algebraic-Jacobian-Challenge-Rebuild/hgraph/nodes/ca91098cf5bd.md
M	MainProjects/Algebraic-Jacobian-Challenge-Rebuild/hgraph/nodes/ca9e76cc6cdb.md
M	MainProjects/Algebraic-Jacobian-Challenge-Rebuild/hgraph/nodes/caa51ae7d95d.md
M	MainProjects/Algebraic-Jacobian-Challenge-Rebuild/hgraph/nodes/cab246c25a73.md
M	MainProjects/Algebraic-Jacobian-Challenge-Rebuild/hgraph/nodes/cab2dac2a8f8.md
M	MainProjects/Algebraic-Jacobian-Challenge-Rebuild/hgraph/nodes/cac0a2fe43b4.md
M	MainProjects/Algebraic-Jacobian-Challenge-Rebuild/hgraph/nodes/cac3296e2010.md
M	MainProjects/Algebraic-Jacobian-Challenge-Rebuild/hgraph/nodes/cac82b62ad92.md
M	MainProjects/Algebraic-Jacobian-Challenge-Rebuild/hgraph/nodes/cad017ddea37.md
M	MainProjects/Algebraic-Jacobian-Challenge-Rebuild/hgraph/nodes/cad05cac10d4.md
M	MainProjects/Algebraic-Jacobian-Challenge-Rebuild/hgraph/nodes/cad828402e25.md
M	MainProjects/Algebraic-Jacobian-Challenge-Rebuild/hgraph/nodes/cad8e72030ea.md
M	MainProjects/Algebraic-Jacobian-Challenge-Rebuild/hgraph/nodes/cadb54861472.md
M	MainProjects/Algebraic-Jacobian-Challenge-Rebuild/hgraph/nodes/cae8f9ed22c7.md
M	MainProjects/Algebraic-Jacobian-Challenge-Rebuild/hgraph/nodes/cafa4335ed8c.md
M	MainProjects/Algebraic-Jacobian-Challenge-Rebuild/hgraph/nodes/cb09147a5925.md
M	MainProjects/Algebraic-Jacobian-Challenge-Rebuild/hgraph/nodes/cb0efddce000.md
M	MainProjects/Algebraic-Jacobian-Challenge-Rebuild/hgraph/nodes/cb138f672f73.md
M	MainProjects/Algebraic-Jacobian-Challenge-Rebuild/hgraph/nodes/cb22bdb556fe.md
M	MainProjects/Algebraic-Jacobian-Challenge-Rebuild/hgraph/nodes/cb342e116ccc.md
M	MainProjects/Algebraic-Jacobian-Challenge-Rebuild/hgraph/nodes/cb38ab2e5dd3.md
M	MainProjects/Algebraic-Jacobian-Challenge-Rebuild/hgraph/nodes/cb434489dacf.md
M	MainProjects/Algebraic-Jacobian-Challenge-Rebuild/hgraph/nodes/cb4bb72beef0.md
M	MainProjects/Algebraic-Jacobian-Challenge-Rebuild/hgraph/nodes/cb4ebbb75287.md
M	MainProjects/Algebraic-Jacobian-Challenge-Rebuild/hgraph/nodes/cb5b596aad65.md
M	MainProjects/Algebraic-Jacobian-Challenge-Rebuild/hgraph/nodes/cb62089ff522.md
M	MainProjects/Algebraic-Jacobian-Challenge-Rebuild/hgraph/nodes/cb68e71229b6.md
M	MainProjects/Algebraic-Jacobian-Challenge-Rebuild/hgraph/nodes/cb6cf3dbfd8f.md
M	MainProjects/Algebraic-Jacobian-Challenge-Rebuild/hgraph/nodes/cb7d3f379129.md
M	MainProjects/Algebraic-Jacobian-Challenge-Rebuild/hgraph/nodes/cb82c4196166.md
M	MainProjects/Algebraic-Jacobian-Challenge-Rebuild/hgraph/nodes/cb88849f85fc.md
M	MainProjects/Algebraic-Jacobian-Challenge-Rebuild/hgraph/nodes/cb8a6fc652ce.md
M	MainProjects/Algebraic-Jacobian-Challenge-Rebuild/hgraph/nodes/cb8e32235d94.md
M	MainProjects/Algebraic-Jacobian-Challenge-Rebuild/hgraph/nodes/cb9005f155cd.md
M	MainProjects/Algebraic-Jacobian-Challenge-Rebuild/hgraph/nodes/cba4656a4829.md
M	MainProjects/Algebraic-Jacobian-Challenge-Rebuild/hgraph/nodes/cbb35715c237.md
M	MainProjects/Algebraic-Jacobian-Challenge-Rebuild/hgraph/nodes/cbb6c5b4f94c.md
M	MainProjects/Algebraic-Jacobian-Challenge-Rebuild/hgraph/nodes/cbc4b6b98358.md
M	MainProjects/Algebraic-Jacobian-Challenge-Rebuild/hgraph/nodes/cbed864aa41f.md
M	MainProjects/Algebraic-Jacobian-Challenge-Rebuild/hgraph/nodes/cbef69b12ed7.md
M	MainProjects/Algebraic-Jacobian-Challenge-Rebuild/hgraph/nodes/cc000c126d32.md
M	MainProjects/Algebraic-Jacobian-Challenge-Rebuild/hgraph/nodes/cc0331663bd0.md
M	MainProjects/Algebraic-Jacobian-Challenge-Rebuild/hgraph/nodes/cc0f57c392a9.md
M	MainProjects/Algebraic-Jacobian-Challenge-Rebuild/hgraph/nodes/cc204a15d4ae.md
M	MainProjects/Algebraic-Jacobian-Challenge-Rebuild/hgraph/nodes/cc2406a8a681.md
M	MainProjects/Algebraic-Jacobian-Challenge-Rebuild/hgraph/nodes/cc29741b7a2f.md
M	MainProjects/Algebraic-Jacobian-Challenge-Rebuild/hgraph/nodes/cc2bdb0bf227.md
M	MainProjects/Algebraic-Jacobian-Challenge-Rebuild/hgraph/nodes/cc3539562b33.md
M	MainProjects/Algebraic-Jacobian-Challenge-Rebuild/hgraph/nodes/cc3665193646.md
M	MainProjects/Algebraic-Jacobian-Challenge-Rebuild/hgraph/nodes/cc47bd502f02.md
M	MainProjects/Algebraic-Jacobian-Challenge-Rebuild/hgraph/nodes/cc5bdeb0b84d.md
M	MainProjects/Algebraic-Jacobian-Challenge-Rebuild/hgraph/nodes/cc6d6ae4a4b6.md
D	MainProjects/Algebraic-Jacobian-Challenge-Rebuild/hgraph/nodes/cc708e8cf8b7.md
M	MainProjects/Algebraic-Jacobian-Challenge-Rebuild/hgraph/nodes/cc72e652b2fd.md
M	MainProjects/Algebraic-Jacobian-Challenge-Rebuild/hgraph/nodes/cc79a4005d17.md
M	MainProjects/Algebraic-Jacobian-Challenge-Rebuild/hgraph/nodes/cc885c6345eb.md
M	MainProjects/Algebraic-Jacobian-Challenge-Rebuild/hgraph/nodes/cc8d83404b30.md
M	MainProjects/Algebraic-Jacobian-Challenge-Rebuild/hgraph/nodes/cca071e3bb4c.md
M	MainProjects/Algebraic-Jacobian-Challenge-Rebuild/hgraph/nodes/ccab10040635.md
M	MainProjects/Algebraic-Jacobian-Challenge-Rebuild/hgraph/nodes/ccbfd23db14a.md
M	MainProjects/Algebraic-Jacobian-Challenge-Rebuild/hgraph/nodes/ccc85891efeb.md
M	MainProjects/Algebraic-Jacobian-Challenge-Rebuild/hgraph/nodes/cccdee0fbe5e.md
M	MainProjects/Algebraic-Jacobian-Challenge-Rebuild/hgraph/nodes/cccf8125e592.md
M	MainProjects/Algebraic-Jacobian-Challenge-Rebuild/hgraph/nodes/ccd93f78d9aa.md
M	MainProjects/Algebraic-Jacobian-Challenge-Rebuild/hgraph/nodes/ccddbbd6eca7.md
M	MainProjects/Algebraic-Jacobian-Challenge-Rebuild/hgraph/nodes/ccde81aa1832.md
M	MainProjects/Algebraic-Jacobian-Challenge-Rebuild/hgraph/nodes/cce8fc0d7f4d.md
M	MainProjects/Algebraic-Jacobian-Challenge-Rebuild/hgraph/nodes/ccee0616bf32.md
M	MainProjects/Algebraic-Jacobian-Challenge-Rebuild/hgraph/nodes/ccf4cb9f3730.md
M	MainProjects/Algebraic-Jacobian-Challenge-Rebuild/hgraph/nodes/ccf62394af55.md
M	MainProjects/Algebraic-Jacobian-Challenge-Rebuild/hgraph/nodes/ccfa0d1fab05.md
M	MainProjects/Algebraic-Jacobian-Challenge-Rebuild/hgraph/nodes/ccfcd7428545.md
M	MainProjects/Algebraic-Jacobian-Challenge-Rebuild/hgraph/nodes/cd063057cf7b.md
M	MainProjects/Algebraic-Jacobian-Challenge-Rebuild/hgraph/nodes/cd28a199a80f.md
M	MainProjects/Algebraic-Jacobian-Challenge-Rebuild/hgraph/nodes/cd2e9a1cefb3.md
M	MainProjects/Algebraic-Jacobian-Challenge-Rebuild/hgraph/nodes/cd2ea3412665.md
M	MainProjects/Algebraic-Jacobian-Challenge-Rebuild/hgraph/nodes/cd370eaee5a4.md
M	MainProjects/Algebraic-Jacobian-Challenge-Rebuild/hgraph/nodes/cd3af8dd83f5.md
M	MainProjects/Algebraic-Jacobian-Challenge-Rebuild/hgraph/nodes/cd40e2912ad8.md
M	MainProjects/Algebraic-Jacobian-Challenge-Rebuild/hgraph/nodes/cd415652ddcb.md
M	MainProjects/Algebraic-Jacobian-Challenge-Rebuild/hgraph/nodes/cd46de21819b.md
M	MainProjects/Algebraic-Jacobian-Challenge-Rebuild/hgraph/nodes/cd470e489f31.md
M	MainProjects/Algebraic-Jacobian-Challenge-Rebuild/hgraph/nodes/cd4c9d19ae6c.md
M	MainProjects/Algebraic-Jacobian-Challenge-Rebuild/hgraph/nodes/cd53f970c111.md
M	MainProjects/Algebraic-Jacobian-Challenge-Rebuild/hgraph/nodes/cd6d0635ff59.md
M	MainProjects/Algebraic-Jacobian-Challenge-Rebuild/hgraph/nodes/cd7f58339cfd.md
M	MainProjects/Algebraic-Jacobian-Challenge-Rebuild/hgraph/nodes/cd85c04eb212.md
M	MainProjects/Algebraic-Jacobian-Challenge-Rebuild/hgraph/nodes/cd8bc1866484.md
M	MainProjects/Algebraic-Jacobian-Challenge-Rebuild/hgraph/nodes/cd9be7941b49.md
M	MainProjects/Algebraic-Jacobian-Challenge-Rebuild/hgraph/nodes/cd9f1a910278.md
M	MainProjects/Algebraic-Jacobian-Challenge-Rebuild/hgraph/nodes/cda6fbcd5095.md
M	MainProjects/Algebraic-Jacobian-Challenge-Rebuild/hgraph/nodes/cda906ebaf0c.md
M	MainProjects/Algebraic-Jacobian-Challenge-Rebuild/hgraph/nodes/cda95794d751.md
M	MainProjects/Algebraic-Jacobian-Challenge-Rebuild/hgraph/nodes/cdad8e50269d.md
M	MainProjects/Algebraic-Jacobian-Challenge-Rebuild/hgraph/nodes/cdae7c4ff27c.md
M	MainProjects/Algebraic-Jacobian-Challenge-Rebuild/hgraph/nodes/cdbac4867af0.md
M	MainProjects/Algebraic-Jacobian-Challenge-Rebuild/hgraph/nodes/cdc6ea5cd5a9.md
M	MainProjects/Algebraic-Jacobian-Challenge-Rebuild/hgraph/nodes/cdd36594c438.md
M	MainProjects/Algebraic-Jacobian-Challenge-Rebuild/hgraph/nodes/cde595f1e214.md
M	MainProjects/Algebraic-Jacobian-Challenge-Rebuild/hgraph/nodes/cde722c3e476.md
M	MainProjects/Algebraic-Jacobian-Challenge-Rebuild/hgraph/nodes/cded3d23c884.md
M	MainProjects/Algebraic-Jacobian-Challenge-Rebuild/hgraph/nodes/cdef2cee15d2.md
M	MainProjects/Algebraic-Jacobian-Challenge-Rebuild/hgraph/nodes/cdf14bac16b3.md
M	MainProjects/Algebraic-Jacobian-Challenge-Rebuild/hgraph/nodes/cdf58891134c.md
M	MainProjects/Algebraic-Jacobian-Challenge-Rebuild/hgraph/nodes/cdfc06f34bc8.md
M	MainProjects/Algebraic-Jacobian-Challenge-Rebuild/hgraph/nodes/ce093c2d5832.md
M	MainProjects/Algebraic-Jacobian-Challenge-Rebuild/hgraph/nodes/ce0b26afa4b9.md
M	MainProjects/Algebraic-Jacobian-Challenge-Rebuild/hgraph/nodes/ce13513881ca.md
M	MainProjects/Algebraic-Jacobian-Challenge-Rebuild/hgraph/nodes/ce153ee41613.md
M	MainProjects/Algebraic-Jacobian-Challenge-Rebuild/hgraph/nodes/ce170b8e2672.md
M	MainProjects/Algebraic-Jacobian-Challenge-Rebuild/hgraph/nodes/ce1b55f4d62a.md
M	MainProjects/Algebraic-Jacobian-Challenge-Rebuild/hgraph/nodes/ce20ec76a108.md
M	MainProjects/Algebraic-Jacobian-Challenge-Rebuild/hgraph/nodes/ce27936c7ce4.md
M	MainProjects/Algebraic-Jacobian-Challenge-Rebuild/hgraph/nodes/ce2f1b577d7f.md
M	MainProjects/Algebraic-Jacobian-Challenge-Rebuild/hgraph/nodes/ce2f97f26d24.md
M	MainProjects/Algebraic-Jacobian-Challenge-Rebuild/hgraph/nodes/ce3b62a59908.md
M	MainProjects/Algebraic-Jacobian-Challenge-Rebuild/hgraph/nodes/ce3da7f20601.md
M	MainProjects/Algebraic-Jacobian-Challenge-Rebuild/hgraph/nodes/ce4ea5e47f9c.md
M	MainProjects/Algebraic-Jacobian-Challenge-Rebuild/hgraph/nodes/ce633e6820db.md
M	MainProjects/Algebraic-Jacobian-Challenge-Rebuild/hgraph/nodes/ce6e925d9d36.md
M	MainProjects/Algebraic-Jacobian-Challenge-Rebuild/hgraph/nodes/ce79fcbf0e50.md
M	MainProjects/Algebraic-Jacobian-Challenge-Rebuild/hgraph/nodes/ce8a56785c62.md
M	MainProjects/Algebraic-Jacobian-Challenge-Rebuild/hgraph/nodes/ce99d79a5900.md
M	MainProjects/Algebraic-Jacobian-Challenge-Rebuild/hgraph/nodes/ce9f9b28ad9c.md
M	MainProjects/Algebraic-Jacobian-Challenge-Rebuild/hgraph/nodes/cea052bea353.md
M	MainProjects/Algebraic-Jacobian-Challenge-Rebuild/hgraph/nodes/cea4af80a729.md
M	MainProjects/Algebraic-Jacobian-Challenge-Rebuild/hgraph/nodes/ceafb5df1668.md
M	MainProjects/Algebraic-Jacobian-Challenge-Rebuild/hgraph/nodes/ceb044cb2ecc.md
D	MainProjects/Algebraic-Jacobian-Challenge-Rebuild/hgraph/nodes/ceb4a7907ff2.md
M	MainProjects/Algebraic-Jacobian-Challenge-Rebuild/hgraph/nodes/cec36cd4c772.md
M	MainProjects/Algebraic-Jacobian-Challenge-Rebuild/hgraph/nodes/ceca24040f23.md
M	MainProjects/Algebraic-Jacobian-Challenge-Rebuild/hgraph/nodes/ced48fa099bd.md
M	MainProjects/Algebraic-Jacobian-Challenge-Rebuild/hgraph/nodes/cedb2b77c2d0.md
M	MainProjects/Algebraic-Jacobian-Challenge-Rebuild/hgraph/nodes/cee023278fd5.md
M	MainProjects/Algebraic-Jacobian-Challenge-Rebuild/hgraph/nodes/cee1e8aec43e.md
M	MainProjects/Algebraic-Jacobian-Challenge-Rebuild/hgraph/nodes/cee87e7f7027.md
M	MainProjects/Algebraic-Jacobian-Challenge-Rebuild/hgraph/nodes/ceeab9e367ca.md
M	MainProjects/Algebraic-Jacobian-Challenge-Rebuild/hgraph/nodes/cf0cb3e7ce02.md
M	MainProjects/Algebraic-Jacobian-Challenge-Rebuild/hgraph/nodes/cf200f604e8c.md
M	MainProjects/Algebraic-Jacobian-Challenge-Rebuild/hgraph/nodes/cf204a7303d8.md
M	MainProjects/Algebraic-Jacobian-Challenge-Rebuild/hgraph/nodes/cf204e4a1f4e.md
M	MainProjects/Algebraic-Jacobian-Challenge-Rebuild/hgraph/nodes/cf38759fd352.md
M	MainProjects/Algebraic-Jacobian-Challenge-Rebuild/hgraph/nodes/cf53dad8e07e.md
M	MainProjects/Algebraic-Jacobian-Challenge-Rebuild/hgraph/nodes/cf58839f985f.md
M	MainProjects/Algebraic-Jacobian-Challenge-Rebuild/hgraph/nodes/cf59413ce3d5.md
M	MainProjects/Algebraic-Jacobian-Challenge-Rebuild/hgraph/nodes/cf5c03455d3f.md
M	MainProjects/Algebraic-Jacobian-Challenge-Rebuild/hgraph/nodes/cf643db9f3c4.md
M	MainProjects/Algebraic-Jacobian-Challenge-Rebuild/hgraph/nodes/cf6b7155e807.md
M	MainProjects/Algebraic-Jacobian-Challenge-Rebuild/hgraph/nodes/cf805a75d0d6.md
M	MainProjects/Algebraic-Jacobian-Challenge-Rebuild/hgraph/nodes/cf905bad4cea.md
M	MainProjects/Algebraic-Jacobian-Challenge-Rebuild/hgraph/nodes/cfad7ce62d4d.md
M	MainProjects/Algebraic-Jacobian-Challenge-Rebuild/hgraph/nodes/cfaed4ace149.md
M	MainProjects/Algebraic-Jacobian-Challenge-Rebuild/hgraph/nodes/cfc06bda7e32.md
M	MainProjects/Algebraic-Jacobian-Challenge-Rebuild/hgraph/nodes/cfd0b4aa54f9.md
M	MainProjects/Algebraic-Jacobian-Challenge-Rebuild/hgraph/nodes/cfdb56c6ac7b.md
M	MainProjects/Algebraic-Jacobian-Challenge-Rebuild/hgraph/nodes/cfe1625bf50a.md
M	MainProjects/Algebraic-Jacobian-Challenge-Rebuild/hgraph/nodes/cfe1eef4654d.md
M	MainProjects/Algebraic-Jacobian-Challenge-Rebuild/hgraph/nodes/cfe2009e2b67.md
M	MainProjects/Algebraic-Jacobian-Challenge-Rebuild/hgraph/nodes/cfe6d691045e.md
M	MainProjects/Algebraic-Jacobian-Challenge-Rebuild/hgraph/nodes/cffd38cd829c.md
M	MainProjects/Algebraic-Jacobian-Challenge-Rebuild/hgraph/nodes/d002f972cc12.md
M	MainProjects/Algebraic-Jacobian-Challenge-Rebuild/hgraph/nodes/d00e72488295.md
M	MainProjects/Algebraic-Jacobian-Challenge-Rebuild/hgraph/nodes/d01be7324734.md
M	MainProjects/Algebraic-Jacobian-Challenge-Rebuild/hgraph/nodes/d021148d50dc.md
M	MainProjects/Algebraic-Jacobian-Challenge-Rebuild/hgraph/nodes/d02cf36fcaa7.md
M	MainProjects/Algebraic-Jacobian-Challenge-Rebuild/hgraph/nodes/d03184af047a.md
M	MainProjects/Algebraic-Jacobian-Challenge-Rebuild/hgraph/nodes/d031d9de5d68.md
M	MainProjects/Algebraic-Jacobian-Challenge-Rebuild/hgraph/nodes/d032c15eb018.md
M	MainProjects/Algebraic-Jacobian-Challenge-Rebuild/hgraph/nodes/d04c18ff99d4.md
M	MainProjects/Algebraic-Jacobian-Challenge-Rebuild/hgraph/nodes/d056d1d88da0.md
M	MainProjects/Algebraic-Jacobian-Challenge-Rebuild/hgraph/nodes/d05a48935a95.md
M	MainProjects/Algebraic-Jacobian-Challenge-Rebuild/hgraph/nodes/d05b6b4f47e7.md
M	MainProjects/Algebraic-Jacobian-Challenge-Rebuild/hgraph/nodes/d062813267b2.md
M	MainProjects/Algebraic-Jacobian-Challenge-Rebuild/hgraph/nodes/d06effd31338.md
M	MainProjects/Algebraic-Jacobian-Challenge-Rebuild/hgraph/nodes/d07aaa46cc75.md
M	MainProjects/Algebraic-Jacobian-Challenge-Rebuild/hgraph/nodes/d07ba2b122fa.md
M	MainProjects/Algebraic-Jacobian-Challenge-Rebuild/hgraph/nodes/d08587ee9e77.md
M	MainProjects/Algebraic-Jacobian-Challenge-Rebuild/hgraph/nodes/d08c29cfb423.md
M	MainProjects/Algebraic-Jacobian-Challenge-Rebuild/hgraph/nodes/d0988b831958.md
M	MainProjects/Algebraic-Jacobian-Challenge-Rebuild/hgraph/nodes/d0a0c5f2d01a.md
M	MainProjects/Algebraic-Jacobian-Challenge-Rebuild/hgraph/nodes/d0a7e077ab89.md
M	MainProjects/Algebraic-Jacobian-Challenge-Rebuild/hgraph/nodes/d0aba22196cf.md
M	MainProjects/Algebraic-Jacobian-Challenge-Rebuild/hgraph/nodes/d0ac28461d9b.md
M	MainProjects/Algebraic-Jacobian-Challenge-Rebuild/hgraph/nodes/d0b11f358ee9.md
M	MainProjects/Algebraic-Jacobian-Challenge-Rebuild/hgraph/nodes/d0b3433ca5e7.md
M	MainProjects/Algebraic-Jacobian-Challenge-Rebuild/hgraph/nodes/d0b8d2e56fa5.md
D	MainProjects/Algebraic-Jacobian-Challenge-Rebuild/hgraph/nodes/d0baf3ed7276.md
M	MainProjects/Algebraic-Jacobian-Challenge-Rebuild/hgraph/nodes/d0c445369014.md
M	MainProjects/Algebraic-Jacobian-Challenge-Rebuild/hgraph/nodes/d0c4f308dc91.md
M	MainProjects/Algebraic-Jacobian-Challenge-Rebuild/hgraph/nodes/d0c51f00b945.md
M	MainProjects/Algebraic-Jacobian-Challenge-Rebuild/hgraph/nodes/d0c5d0327ccc.md
M	MainProjects/Algebraic-Jacobian-Challenge-Rebuild/hgraph/nodes/d0cf9105f484.md
M	MainProjects/Algebraic-Jacobian-Challenge-Rebuild/hgraph/nodes/d0da10478309.md
M	MainProjects/Algebraic-Jacobian-Challenge-Rebuild/hgraph/nodes/d0de73f66f76.md
M	MainProjects/Algebraic-Jacobian-Challenge-Rebuild/hgraph/nodes/d0e152ea0789.md
M	MainProjects/Algebraic-Jacobian-Challenge-Rebuild/hgraph/nodes/d0e3ff4c9e33.md
M	MainProjects/Algebraic-Jacobian-Challenge-Rebuild/hgraph/nodes/d0e4ebd4c2de.md
D	MainProjects/Algebraic-Jacobian-Challenge-Rebuild/hgraph/nodes/d0e6d01dfacb.md
M	MainProjects/Algebraic-Jacobian-Challenge-Rebuild/hgraph/nodes/d0ed0fa4821b.md
M	MainProjects/Algebraic-Jacobian-Challenge-Rebuild/hgraph/nodes/d0efaf723c60.md
M	MainProjects/Algebraic-Jacobian-Challenge-Rebuild/hgraph/nodes/d0f010a51a88.md
M	MainProjects/Algebraic-Jacobian-Challenge-Rebuild/hgraph/nodes/d0f0ef59c02c.md
M	MainProjects/Algebraic-Jacobian-Challenge-Rebuild/hgraph/nodes/d0f6a8aafb9a.md
M	MainProjects/Algebraic-Jacobian-Challenge-Rebuild/hgraph/nodes/d0f9ba42fd72.md
M	MainProjects/Algebraic-Jacobian-Challenge-Rebuild/hgraph/nodes/d101a07a0fad.md
M	MainProjects/Algebraic-Jacobian-Challenge-Rebuild/hgraph/nodes/d1079cbcd7eb.md
M	MainProjects/Algebraic-Jacobian-Challenge-Rebuild/hgraph/nodes/d116503a7a0e.md
M	MainProjects/Algebraic-Jacobian-Challenge-Rebuild/hgraph/nodes/d11cd5594566.md
M	MainProjects/Algebraic-Jacobian-Challenge-Rebuild/hgraph/nodes/d11fd6f91cd5.md
M	MainProjects/Algebraic-Jacobian-Challenge-Rebuild/hgraph/nodes/d12511cd037b.md
M	MainProjects/Algebraic-Jacobian-Challenge-Rebuild/hgraph/nodes/d12a283a9de9.md
M	MainProjects/Algebraic-Jacobian-Challenge-Rebuild/hgraph/nodes/d137ec8ec256.md
M	MainProjects/Algebraic-Jacobian-Challenge-Rebuild/hgraph/nodes/d141344bccf4.md
M	MainProjects/Algebraic-Jacobian-Challenge-Rebuild/hgraph/nodes/d14d0e812d78.md
M	MainProjects/Algebraic-Jacobian-Challenge-Rebuild/hgraph/nodes/d14e7e57180b.md
M	MainProjects/Algebraic-Jacobian-Challenge-Rebuild/hgraph/nodes/d151548b0b0c.md
M	MainProjects/Algebraic-Jacobian-Challenge-Rebuild/hgraph/nodes/d1538d3cd207.md
M	MainProjects/Algebraic-Jacobian-Challenge-Rebuild/hgraph/nodes/d153c69dd3c8.md
M	MainProjects/Algebraic-Jacobian-Challenge-Rebuild/hgraph/nodes/d162580d8a81.md
M	MainProjects/Algebraic-Jacobian-Challenge-Rebuild/hgraph/nodes/d16320e134a8.md
M	MainProjects/Algebraic-Jacobian-Challenge-Rebuild/hgraph/nodes/d16838546171.md
M	MainProjects/Algebraic-Jacobian-Challenge-Rebuild/hgraph/nodes/d1690c5e0667.md
M	MainProjects/Algebraic-Jacobian-Challenge-Rebuild/hgraph/nodes/d172fbbd94a1.md
M	MainProjects/Algebraic-Jacobian-Challenge-Rebuild/hgraph/nodes/d186feed1584.md
M	MainProjects/Algebraic-Jacobian-Challenge-Rebuild/hgraph/nodes/d18e5b932aa0.md
D	MainProjects/Algebraic-Jacobian-Challenge-Rebuild/hgraph/nodes/d1982b08c767.md
M	MainProjects/Algebraic-Jacobian-Challenge-Rebuild/hgraph/nodes/d19a6490afff.md
M	MainProjects/Algebraic-Jacobian-Challenge-Rebuild/hgraph/nodes/d1a305b6900a.md
M	MainProjects/Algebraic-Jacobian-Challenge-Rebuild/hgraph/nodes/d1b0afc24274.md
M	MainProjects/Algebraic-Jacobian-Challenge-Rebuild/hgraph/nodes/d1be81150143.md
M	MainProjects/Algebraic-Jacobian-Challenge-Rebuild/hgraph/nodes/d1c0f4f97362.md
M	MainProjects/Algebraic-Jacobian-Challenge-Rebuild/hgraph/nodes/d1c2b725e75d.md
M	MainProjects/Algebraic-Jacobian-Challenge-Rebuild/hgraph/nodes/d1d6b0304072.md
M	MainProjects/Algebraic-Jacobian-Challenge-Rebuild/hgraph/nodes/d1dbff6e133f.md
M	MainProjects/Algebraic-Jacobian-Challenge-Rebuild/hgraph/nodes/d1e7f2e9ef80.md
M	MainProjects/Algebraic-Jacobian-Challenge-Rebuild/hgraph/nodes/d1e7f880198b.md
M	MainProjects/Algebraic-Jacobian-Challenge-Rebuild/hgraph/nodes/d1fa47909c59.md
M	MainProjects/Algebraic-Jacobian-Challenge-Rebuild/hgraph/nodes/d1fb6ab7da48.md
M	MainProjects/Algebraic-Jacobian-Challenge-Rebuild/hgraph/nodes/d1ff8baa7519.md
M	MainProjects/Algebraic-Jacobian-Challenge-Rebuild/hgraph/nodes/d2048922a841.md
M	MainProjects/Algebraic-Jacobian-Challenge-Rebuild/hgraph/nodes/d20f34c052d0.md
M	MainProjects/Algebraic-Jacobian-Challenge-Rebuild/hgraph/nodes/d210cbdaef69.md
M	MainProjects/Algebraic-Jacobian-Challenge-Rebuild/hgraph/nodes/d215a5c970f8.md
M	MainProjects/Algebraic-Jacobian-Challenge-Rebuild/hgraph/nodes/d2187ac91bcc.md
M	MainProjects/Algebraic-Jacobian-Challenge-Rebuild/hgraph/nodes/d21e5ff07666.md
M	MainProjects/Algebraic-Jacobian-Challenge-Rebuild/hgraph/nodes/d2243abb973c.md
M	MainProjects/Algebraic-Jacobian-Challenge-Rebuild/hgraph/nodes/d2293ac8b043.md
M	MainProjects/Algebraic-Jacobian-Challenge-Rebuild/hgraph/nodes/d245164285ab.md
M	MainProjects/Algebraic-Jacobian-Challenge-Rebuild/hgraph/nodes/d25f92770828.md
M	MainProjects/Algebraic-Jacobian-Challenge-Rebuild/hgraph/nodes/d25fc6b43c8c.md
M	MainProjects/Algebraic-Jacobian-Challenge-Rebuild/hgraph/nodes/d26b6a561bb6.md
M	MainProjects/Algebraic-Jacobian-Challenge-Rebuild/hgraph/nodes/d26ea9c783ab.md
M	MainProjects/Algebraic-Jacobian-Challenge-Rebuild/hgraph/nodes/d2795123a3d9.md
M	MainProjects/Algebraic-Jacobian-Challenge-Rebuild/hgraph/nodes/d284f30bf8c0.md
M	MainProjects/Algebraic-Jacobian-Challenge-Rebuild/hgraph/nodes/d289ba4ae946.md
M	MainProjects/Algebraic-Jacobian-Challenge-Rebuild/hgraph/nodes/d28efb63e1e3.md
M	MainProjects/Algebraic-Jacobian-Challenge-Rebuild/hgraph/nodes/d295f8e38c1b.md
M	MainProjects/Algebraic-Jacobian-Challenge-Rebuild/hgraph/nodes/d29cacd03507.md
M	MainProjects/Algebraic-Jacobian-Challenge-Rebuild/hgraph/nodes/d2a082b59c90.md
M	MainProjects/Algebraic-Jacobian-Challenge-Rebuild/hgraph/nodes/d2a6173433c5.md
M	MainProjects/Algebraic-Jacobian-Challenge-Rebuild/hgraph/nodes/d2b240707f36.md
M	MainProjects/Algebraic-Jacobian-Challenge-Rebuild/hgraph/nodes/d2b76770de81.md
M	MainProjects/Algebraic-Jacobian-Challenge-Rebuild/hgraph/nodes/d2c3fd6d85e8.md
M	MainProjects/Algebraic-Jacobian-Challenge-Rebuild/hgraph/nodes/d2cf18e468da.md
M	MainProjects/Algebraic-Jacobian-Challenge-Rebuild/hgraph/nodes/d2e0e09ed7b8.md
M	MainProjects/Algebraic-Jacobian-Challenge-Rebuild/hgraph/nodes/d2e2a2b6eff3.md
M	MainProjects/Algebraic-Jacobian-Challenge-Rebuild/hgraph/nodes/d2e724c48d93.md
M	MainProjects/Algebraic-Jacobian-Challenge-Rebuild/hgraph/nodes/d2e8b413fd2b.md
M	MainProjects/Algebraic-Jacobian-Challenge-Rebuild/hgraph/nodes/d2f688cfe99f.md
M	MainProjects/Algebraic-Jacobian-Challenge-Rebuild/hgraph/nodes/d2faf384e635.md
M	MainProjects/Algebraic-Jacobian-Challenge-Rebuild/hgraph/nodes/d3292ad6f3c6.md
M	MainProjects/Algebraic-Jacobian-Challenge-Rebuild/hgraph/nodes/d32b3cfaf3d9.md
M	MainProjects/Algebraic-Jacobian-Challenge-Rebuild/hgraph/nodes/d33a18fc005b.md
M	MainProjects/Algebraic-Jacobian-Challenge-Rebuild/hgraph/nodes/d33faa13c0fa.md
M	MainProjects/Algebraic-Jacobian-Challenge-Rebuild/hgraph/nodes/d341fa573dcd.md
M	MainProjects/Algebraic-Jacobian-Challenge-Rebuild/hgraph/nodes/d34358db5d8b.md
M	MainProjects/Algebraic-Jacobian-Challenge-Rebuild/hgraph/nodes/d34d678cb7ed.md
M	MainProjects/Algebraic-Jacobian-Challenge-Rebuild/hgraph/nodes/d34e86a69fec.md
M	MainProjects/Algebraic-Jacobian-Challenge-Rebuild/hgraph/nodes/d3645bab4eaf.md
M	MainProjects/Algebraic-Jacobian-Challenge-Rebuild/hgraph/nodes/d3689d53828e.md
M	MainProjects/Algebraic-Jacobian-Challenge-Rebuild/hgraph/nodes/d36a6b3ab3e0.md
M	MainProjects/Algebraic-Jacobian-Challenge-Rebuild/hgraph/nodes/d373bfeaeb22.md
M	MainProjects/Algebraic-Jacobian-Challenge-Rebuild/hgraph/nodes/d3745527447c.md
M	MainProjects/Algebraic-Jacobian-Challenge-Rebuild/hgraph/nodes/d3796227a6f8.md
M	MainProjects/Algebraic-Jacobian-Challenge-Rebuild/hgraph/nodes/d381ba554997.md
M	MainProjects/Algebraic-Jacobian-Challenge-Rebuild/hgraph/nodes/d38cda540d70.md
M	MainProjects/Algebraic-Jacobian-Challenge-Rebuild/hgraph/nodes/d39648b5da7b.md
M	MainProjects/Algebraic-Jacobian-Challenge-Rebuild/hgraph/nodes/d3a5603c8875.md
M	MainProjects/Algebraic-Jacobian-Challenge-Rebuild/hgraph/nodes/d3a5bc18b361.md
M	MainProjects/Algebraic-Jacobian-Challenge-Rebuild/hgraph/nodes/d3af95fd523c.md
M	MainProjects/Algebraic-Jacobian-Challenge-Rebuild/hgraph/nodes/d3b098f96ceb.md
M	MainProjects/Algebraic-Jacobian-Challenge-Rebuild/hgraph/nodes/d3b27455e844.md
M	MainProjects/Algebraic-Jacobian-Challenge-Rebuild/hgraph/nodes/d3b9db810aea.md
M	MainProjects/Algebraic-Jacobian-Challenge-Rebuild/hgraph/nodes/d3bfa90725c4.md
M	MainProjects/Algebraic-Jacobian-Challenge-Rebuild/hgraph/nodes/d3c853d91d66.md
M	MainProjects/Algebraic-Jacobian-Challenge-Rebuild/hgraph/nodes/d3cba5637a65.md
M	MainProjects/Algebraic-Jacobian-Challenge-Rebuild/hgraph/nodes/d3cc13a6528f.md
M	MainProjects/Algebraic-Jacobian-Challenge-Rebuild/hgraph/nodes/d3d53666d955.md
M	MainProjects/Algebraic-Jacobian-Challenge-Rebuild/hgraph/nodes/d3e369f1bea3.md
M	MainProjects/Algebraic-Jacobian-Challenge-Rebuild/hgraph/nodes/d3e3ff2cbc30.md
M	MainProjects/Algebraic-Jacobian-Challenge-Rebuild/hgraph/nodes/d3e42e811328.md
M	MainProjects/Algebraic-Jacobian-Challenge-Rebuild/hgraph/nodes/d3f1d053ea84.md
M	MainProjects/Algebraic-Jacobian-Challenge-Rebuild/hgraph/nodes/d3f5627689d9.md
M	MainProjects/Algebraic-Jacobian-Challenge-Rebuild/hgraph/nodes/d3f678514967.md
M	MainProjects/Algebraic-Jacobian-Challenge-Rebuild/hgraph/nodes/d3f783595f81.md
M	MainProjects/Algebraic-Jacobian-Challenge-Rebuild/hgraph/nodes/d3fed976075b.md
M	MainProjects/Algebraic-Jacobian-Challenge-Rebuild/hgraph/nodes/d3fefd7e6a04.md
M	MainProjects/Algebraic-Jacobian-Challenge-Rebuild/hgraph/nodes/d40022bac27e.md
M	MainProjects/Algebraic-Jacobian-Challenge-Rebuild/hgraph/nodes/d40148ce3371.md
M	MainProjects/Algebraic-Jacobian-Challenge-Rebuild/hgraph/nodes/d41148aa5c5b.md
M	MainProjects/Algebraic-Jacobian-Challenge-Rebuild/hgraph/nodes/d41351decabc.md
D	MainProjects/Algebraic-Jacobian-Challenge-Rebuild/hgraph/nodes/d42c5791080e.md
M	MainProjects/Algebraic-Jacobian-Challenge-Rebuild/hgraph/nodes/d433bc8e4601.md
M	MainProjects/Algebraic-Jacobian-Challenge-Rebuild/hgraph/nodes/d4562bab9779.md
M	MainProjects/Algebraic-Jacobian-Challenge-Rebuild/hgraph/nodes/d4564f0c6547.md
M	MainProjects/Algebraic-Jacobian-Challenge-Rebuild/hgraph/nodes/d4813da59de3.md
M	MainProjects/Algebraic-Jacobian-Challenge-Rebuild/hgraph/nodes/d4877411d02f.md
M	MainProjects/Algebraic-Jacobian-Challenge-Rebuild/hgraph/nodes/d4953e58c675.md
M	MainProjects/Algebraic-Jacobian-Challenge-Rebuild/hgraph/nodes/d498b0859aa4.md
M	MainProjects/Algebraic-Jacobian-Challenge-Rebuild/hgraph/nodes/d49cb951eb07.md
M	MainProjects/Algebraic-Jacobian-Challenge-Rebuild/hgraph/nodes/d49e7d041485.md
D	MainProjects/Algebraic-Jacobian-Challenge-Rebuild/hgraph/nodes/d4a7ad1a2117.md
M	MainProjects/Algebraic-Jacobian-Challenge-Rebuild/hgraph/nodes/d4b01be01fc8.md
M	MainProjects/Algebraic-Jacobian-Challenge-Rebuild/hgraph/nodes/d4c54e006bbc.md
M	MainProjects/Algebraic-Jacobian-Challenge-Rebuild/hgraph/nodes/d4c5f2e29bf7.md
M	MainProjects/Algebraic-Jacobian-Challenge-Rebuild/hgraph/nodes/d4c66c9fe077.md
M	MainProjects/Algebraic-Jacobian-Challenge-Rebuild/hgraph/nodes/d4d47572bfd9.md
M	MainProjects/Algebraic-Jacobian-Challenge-Rebuild/hgraph/nodes/d4d9599ec526.md
M	MainProjects/Algebraic-Jacobian-Challenge-Rebuild/hgraph/nodes/d4daa87b6f26.md
M	MainProjects/Algebraic-Jacobian-Challenge-Rebuild/hgraph/nodes/d4dce1ea1163.md
M	MainProjects/Algebraic-Jacobian-Challenge-Rebuild/hgraph/nodes/d4ddb8472f40.md
M	MainProjects/Algebraic-Jacobian-Challenge-Rebuild/hgraph/nodes/d4dfab78c535.md
M	MainProjects/Algebraic-Jacobian-Challenge-Rebuild/hgraph/nodes/d4e0486a7a0e.md
M	MainProjects/Algebraic-Jacobian-Challenge-Rebuild/hgraph/nodes/d4e624a8d6a1.md
M	MainProjects/Algebraic-Jacobian-Challenge-Rebuild/hgraph/nodes/d4e788123df8.md
M	MainProjects/Algebraic-Jacobian-Challenge-Rebuild/hgraph/nodes/d4ebfdf7fa32.md
M	MainProjects/Algebraic-Jacobian-Challenge-Rebuild/hgraph/nodes/d4f370b537b7.md
M	MainProjects/Algebraic-Jacobian-Challenge-Rebuild/hgraph/nodes/d4fb0dcd2655.md
M	MainProjects/Algebraic-Jacobian-Challenge-Rebuild/hgraph/nodes/d503a4731c6a.md
M	MainProjects/Algebraic-Jacobian-Challenge-Rebuild/hgraph/nodes/d505c1ebacc4.md
M	MainProjects/Algebraic-Jacobian-Challenge-Rebuild/hgraph/nodes/d519b5b13fc4.md
M	MainProjects/Algebraic-Jacobian-Challenge-Rebuild/hgraph/nodes/d52238a18e90.md
M	MainProjects/Algebraic-Jacobian-Challenge-Rebuild/hgraph/nodes/d526dc0800ae.md
M	MainProjects/Algebraic-Jacobian-Challenge-Rebuild/hgraph/nodes/d53765766a7b.md
M	MainProjects/Algebraic-Jacobian-Challenge-Rebuild/hgraph/nodes/d53cceb85331.md
M	MainProjects/Algebraic-Jacobian-Challenge-Rebuild/hgraph/nodes/d565acc13d01.md
M	MainProjects/Algebraic-Jacobian-Challenge-Rebuild/hgraph/nodes/d5674943dd1e.md
M	MainProjects/Algebraic-Jacobian-Challenge-Rebuild/hgraph/nodes/d57a40b30691.md
M	MainProjects/Algebraic-Jacobian-Challenge-Rebuild/hgraph/nodes/d57ceedcfc62.md
M	MainProjects/Algebraic-Jacobian-Challenge-Rebuild/hgraph/nodes/d5a4e81ec6d7.md
M	MainProjects/Algebraic-Jacobian-Challenge-Rebuild/hgraph/nodes/d5a4f44c09cc.md
M	MainProjects/Algebraic-Jacobian-Challenge-Rebuild/hgraph/nodes/d5adeac638b2.md
M	MainProjects/Algebraic-Jacobian-Challenge-Rebuild/hgraph/nodes/d5af79806b59.md
M	MainProjects/Algebraic-Jacobian-Challenge-Rebuild/hgraph/nodes/d5af7e900a62.md
M	MainProjects/Algebraic-Jacobian-Challenge-Rebuild/hgraph/nodes/d5b89a34f4a3.md
M	MainProjects/Algebraic-Jacobian-Challenge-Rebuild/hgraph/nodes/d5ba4e372fbb.md
M	MainProjects/Algebraic-Jacobian-Challenge-Rebuild/hgraph/nodes/d5ccbdf76247.md
M	MainProjects/Algebraic-Jacobian-Challenge-Rebuild/hgraph/nodes/d5d3dbdca0a5.md
M	MainProjects/Algebraic-Jacobian-Challenge-Rebuild/hgraph/nodes/d5d8070d1dd4.md
M	MainProjects/Algebraic-Jacobian-Challenge-Rebuild/hgraph/nodes/d5e121f7b9fc.md
M	MainProjects/Algebraic-Jacobian-Challenge-Rebuild/hgraph/nodes/d5e57cab5984.md
M	MainProjects/Algebraic-Jacobian-Challenge-Rebuild/hgraph/nodes/d5e58d534904.md
M	MainProjects/Algebraic-Jacobian-Challenge-Rebuild/hgraph/nodes/d5e63d7798a2.md
M	MainProjects/Algebraic-Jacobian-Challenge-Rebuild/hgraph/nodes/d5f074c22fce.md
M	MainProjects/Algebraic-Jacobian-Challenge-Rebuild/hgraph/nodes/d5f46f7c0615.md
M	MainProjects/Algebraic-Jacobian-Challenge-Rebuild/hgraph/nodes/d60620826d9e.md
M	MainProjects/Algebraic-Jacobian-Challenge-Rebuild/hgraph/nodes/d60bccc79a50.md
M	MainProjects/Algebraic-Jacobian-Challenge-Rebuild/hgraph/nodes/d60e0164a676.md
M	MainProjects/Algebraic-Jacobian-Challenge-Rebuild/hgraph/nodes/d60f903423a6.md
M	MainProjects/Algebraic-Jacobian-Challenge-Rebuild/hgraph/nodes/d6128a09ac55.md
M	MainProjects/Algebraic-Jacobian-Challenge-Rebuild/hgraph/nodes/d6318996e6ee.md
M	MainProjects/Algebraic-Jacobian-Challenge-Rebuild/hgraph/nodes/d63218cc582a.md
M	MainProjects/Algebraic-Jacobian-Challenge-Rebuild/hgraph/nodes/d63476ede088.md
M	MainProjects/Algebraic-Jacobian-Challenge-Rebuild/hgraph/nodes/d63eec3bffd7.md
M	MainProjects/Algebraic-Jacobian-Challenge-Rebuild/hgraph/nodes/d648d1d77e38.md
M	MainProjects/Algebraic-Jacobian-Challenge-Rebuild/hgraph/nodes/d658125f1cb4.md
M	MainProjects/Algebraic-Jacobian-Challenge-Rebuild/hgraph/nodes/d66551cb666c.md
M	MainProjects/Algebraic-Jacobian-Challenge-Rebuild/hgraph/nodes/d6667f0815fc.md
M	MainProjects/Algebraic-Jacobian-Challenge-Rebuild/hgraph/nodes/d66a6b9de9a0.md
M	MainProjects/Algebraic-Jacobian-Challenge-Rebuild/hgraph/nodes/d670e83671e7.md
M	MainProjects/Algebraic-Jacobian-Challenge-Rebuild/hgraph/nodes/d67101d51260.md
M	MainProjects/Algebraic-Jacobian-Challenge-Rebuild/hgraph/nodes/d6778718a122.md
M	MainProjects/Algebraic-Jacobian-Challenge-Rebuild/hgraph/nodes/d67a1ecabea7.md
M	MainProjects/Algebraic-Jacobian-Challenge-Rebuild/hgraph/nodes/d67ab4d35728.md
M	MainProjects/Algebraic-Jacobian-Challenge-Rebuild/hgraph/nodes/d67ad4ae9cdb.md
M	MainProjects/Algebraic-Jacobian-Challenge-Rebuild/hgraph/nodes/d6865d82f8e0.md
M	MainProjects/Algebraic-Jacobian-Challenge-Rebuild/hgraph/nodes/d68f03f08506.md
M	MainProjects/Algebraic-Jacobian-Challenge-Rebuild/hgraph/nodes/d690ecb58113.md
M	MainProjects/Algebraic-Jacobian-Challenge-Rebuild/hgraph/nodes/d69383d358cc.md
M	MainProjects/Algebraic-Jacobian-Challenge-Rebuild/hgraph/nodes/d699b28acd38.md
M	MainProjects/Algebraic-Jacobian-Challenge-Rebuild/hgraph/nodes/d69cf18ee9fd.md
M	MainProjects/Algebraic-Jacobian-Challenge-Rebuild/hgraph/nodes/d6a56d6ab18d.md
M	MainProjects/Algebraic-Jacobian-Challenge-Rebuild/hgraph/nodes/d6b4b54968ff.md
M	MainProjects/Algebraic-Jacobian-Challenge-Rebuild/hgraph/nodes/d6c06a20ea15.md
M	MainProjects/Algebraic-Jacobian-Challenge-Rebuild/hgraph/nodes/d6cae89dadc7.md
M	MainProjects/Algebraic-Jacobian-Challenge-Rebuild/hgraph/nodes/d6d5316f0cb9.md
M	MainProjects/Algebraic-Jacobian-Challenge-Rebuild/hgraph/nodes/d6daf892c87f.md
D	MainProjects/Algebraic-Jacobian-Challenge-Rebuild/hgraph/nodes/d6dba07b7dae.md
M	MainProjects/Algebraic-Jacobian-Challenge-Rebuild/hgraph/nodes/d6e06972ab42.md
M	MainProjects/Algebraic-Jacobian-Challenge-Rebuild/hgraph/nodes/d6e942208a13.md
M	MainProjects/Algebraic-Jacobian-Challenge-Rebuild/hgraph/nodes/d6ec39ae9446.md
M	MainProjects/Algebraic-Jacobian-Challenge-Rebuild/hgraph/nodes/d6ff476fa614.md
D	MainProjects/Algebraic-Jacobian-Challenge-Rebuild/hgraph/nodes/d703a65c69c3.md
M	MainProjects/Algebraic-Jacobian-Challenge-Rebuild/hgraph/nodes/d71887c0f89b.md
M	MainProjects/Algebraic-Jacobian-Challenge-Rebuild/hgraph/nodes/d72237c4abf5.md
D	MainProjects/Algebraic-Jacobian-Challenge-Rebuild/hgraph/nodes/d725ce8359a2.md
M	MainProjects/Algebraic-Jacobian-Challenge-Rebuild/hgraph/nodes/d72b6e59f705.md
M	MainProjects/Algebraic-Jacobian-Challenge-Rebuild/hgraph/nodes/d734929ecaa9.md
M	MainProjects/Algebraic-Jacobian-Challenge-Rebuild/hgraph/nodes/d75e512b8694.md
M	MainProjects/Algebraic-Jacobian-Challenge-Rebuild/hgraph/nodes/d7604398d93f.md
M	MainProjects/Algebraic-Jacobian-Challenge-Rebuild/hgraph/nodes/d76644408f1a.md
M	MainProjects/Algebraic-Jacobian-Challenge-Rebuild/hgraph/nodes/d767b079bfdf.md
M	MainProjects/Algebraic-Jacobian-Challenge-Rebuild/hgraph/nodes/d76e1d2f361f.md
M	MainProjects/Algebraic-Jacobian-Challenge-Rebuild/hgraph/nodes/d77df00616d3.md
M	MainProjects/Algebraic-Jacobian-Challenge-Rebuild/hgraph/nodes/d77e8c9e8333.md
M	MainProjects/Algebraic-Jacobian-Challenge-Rebuild/hgraph/nodes/d78507ad8ccb.md
M	MainProjects/Algebraic-Jacobian-Challenge-Rebuild/hgraph/nodes/d791251f0f35.md
M	MainProjects/Algebraic-Jacobian-Challenge-Rebuild/hgraph/nodes/d7959d45a5a6.md
M	MainProjects/Algebraic-Jacobian-Challenge-Rebuild/hgraph/nodes/d7a0bdf60cbf.md
M	MainProjects/Algebraic-Jacobian-Challenge-Rebuild/hgraph/nodes/d7af8ce3592b.md
M	MainProjects/Algebraic-Jacobian-Challenge-Rebuild/hgraph/nodes/d7beb9f11bcb.md
M	MainProjects/Algebraic-Jacobian-Challenge-Rebuild/hgraph/nodes/d7c09619a476.md
M	MainProjects/Algebraic-Jacobian-Challenge-Rebuild/hgraph/nodes/d7d34a1a3320.md
M	MainProjects/Algebraic-Jacobian-Challenge-Rebuild/hgraph/nodes/d7db47a17c64.md
M	MainProjects/Algebraic-Jacobian-Challenge-Rebuild/hgraph/nodes/d7dbd7ab307e.md
M	MainProjects/Algebraic-Jacobian-Challenge-Rebuild/hgraph/nodes/d7dbf77b442b.md
M	MainProjects/Algebraic-Jacobian-Challenge-Rebuild/hgraph/nodes/d7df5fbfb324.md
M	MainProjects/Algebraic-Jacobian-Challenge-Rebuild/hgraph/nodes/d7df921fa414.md
M	MainProjects/Algebraic-Jacobian-Challenge-Rebuild/hgraph/nodes/d7e15e4561d8.md
M	MainProjects/Algebraic-Jacobian-Challenge-Rebuild/hgraph/nodes/d7eb4993ee57.md
M	MainProjects/Algebraic-Jacobian-Challenge-Rebuild/hgraph/nodes/d7ebbf9ef849.md
M	MainProjects/Algebraic-Jacobian-Challenge-Rebuild/hgraph/nodes/d7eed851d82b.md
M	MainProjects/Algebraic-Jacobian-Challenge-Rebuild/hgraph/nodes/d7f7909b9e3b.md
M	MainProjects/Algebraic-Jacobian-Challenge-Rebuild/hgraph/nodes/d80422280f19.md
M	MainProjects/Algebraic-Jacobian-Challenge-Rebuild/hgraph/nodes/d80781671af6.md
M	MainProjects/Algebraic-Jacobian-Challenge-Rebuild/hgraph/nodes/d80cec62e6da.md
M	MainProjects/Algebraic-Jacobian-Challenge-Rebuild/hgraph/nodes/d80e62517ccd.md
M	MainProjects/Algebraic-Jacobian-Challenge-Rebuild/hgraph/nodes/d8109f36f3c8.md
M	MainProjects/Algebraic-Jacobian-Challenge-Rebuild/hgraph/nodes/d813fdd55d7e.md
M	MainProjects/Algebraic-Jacobian-Challenge-Rebuild/hgraph/nodes/d81ac7afb6f4.md
M	MainProjects/Algebraic-Jacobian-Challenge-Rebuild/hgraph/nodes/d81ad990028e.md
M	MainProjects/Algebraic-Jacobian-Challenge-Rebuild/hgraph/nodes/d81e646daed0.md
M	MainProjects/Algebraic-Jacobian-Challenge-Rebuild/hgraph/nodes/d823301ceee1.md
M	MainProjects/Algebraic-Jacobian-Challenge-Rebuild/hgraph/nodes/d823c640fbd7.md
M	MainProjects/Algebraic-Jacobian-Challenge-Rebuild/hgraph/nodes/d82906b14b72.md
M	MainProjects/Algebraic-Jacobian-Challenge-Rebuild/hgraph/nodes/d82cf9273931.md
M	MainProjects/Algebraic-Jacobian-Challenge-Rebuild/hgraph/nodes/d8419c92fc64.md
D	MainProjects/Algebraic-Jacobian-Challenge-Rebuild/hgraph/nodes/d851adf70031.md
D	MainProjects/Algebraic-Jacobian-Challenge-Rebuild/hgraph/nodes/d85208ce7784.md
M	MainProjects/Algebraic-Jacobian-Challenge-Rebuild/hgraph/nodes/d85a224de56d.md
M	MainProjects/Algebraic-Jacobian-Challenge-Rebuild/hgraph/nodes/d85a329bd8d5.md
M	MainProjects/Algebraic-Jacobian-Challenge-Rebuild/hgraph/nodes/d874c6a137f3.md
M	MainProjects/Algebraic-Jacobian-Challenge-Rebuild/hgraph/nodes/d874eb240786.md
M	MainProjects/Algebraic-Jacobian-Challenge-Rebuild/hgraph/nodes/d87ea568c185.md
M	MainProjects/Algebraic-Jacobian-Challenge-Rebuild/hgraph/nodes/d88cf0cb812e.md
M	MainProjects/Algebraic-Jacobian-Challenge-Rebuild/hgraph/nodes/d8991f73325b.md
M	MainProjects/Algebraic-Jacobian-Challenge-Rebuild/hgraph/nodes/d89b92fe7580.md
M	MainProjects/Algebraic-Jacobian-Challenge-Rebuild/hgraph/nodes/d8a80cd6062b.md
M	MainProjects/Algebraic-Jacobian-Challenge-Rebuild/hgraph/nodes/d8ac88f7f52b.md
M	MainProjects/Algebraic-Jacobian-Challenge-Rebuild/hgraph/nodes/d8b2dd30b9a2.md
M	MainProjects/Algebraic-Jacobian-Challenge-Rebuild/hgraph/nodes/d8b593f3c8f2.md
M	MainProjects/Algebraic-Jacobian-Challenge-Rebuild/hgraph/nodes/d8c16650970a.md
M	MainProjects/Algebraic-Jacobian-Challenge-Rebuild/hgraph/nodes/d8c9017efb37.md
M	MainProjects/Algebraic-Jacobian-Challenge-Rebuild/hgraph/nodes/d8cace4a2db4.md
M	MainProjects/Algebraic-Jacobian-Challenge-Rebuild/hgraph/nodes/d8cafbab2f60.md
M	MainProjects/Algebraic-Jacobian-Challenge-Rebuild/hgraph/nodes/d8d7308ddb3d.md
M	MainProjects/Algebraic-Jacobian-Challenge-Rebuild/hgraph/nodes/d8d8a135556c.md
M	MainProjects/Algebraic-Jacobian-Challenge-Rebuild/hgraph/nodes/d8e0b741a790.md
M	MainProjects/Algebraic-Jacobian-Challenge-Rebuild/hgraph/nodes/d8e929406413.md
M	MainProjects/Algebraic-Jacobian-Challenge-Rebuild/hgraph/nodes/d8f064cc3bf2.md
M	MainProjects/Algebraic-Jacobian-Challenge-Rebuild/hgraph/nodes/d8f4a0824623.md
M	MainProjects/Algebraic-Jacobian-Challenge-Rebuild/hgraph/nodes/d91af4a38557.md
M	MainProjects/Algebraic-Jacobian-Challenge-Rebuild/hgraph/nodes/d924b62b342d.md
M	MainProjects/Algebraic-Jacobian-Challenge-Rebuild/hgraph/nodes/d92c06dcfce0.md
D	MainProjects/Algebraic-Jacobian-Challenge-Rebuild/hgraph/nodes/d92ca9e4ce5c.md
M	MainProjects/Algebraic-Jacobian-Challenge-Rebuild/hgraph/nodes/d92dad52c12f.md
M	MainProjects/Algebraic-Jacobian-Challenge-Rebuild/hgraph/nodes/d934bba6a330.md
M	MainProjects/Algebraic-Jacobian-Challenge-Rebuild/hgraph/nodes/d948d98951d1.md
M	MainProjects/Algebraic-Jacobian-Challenge-Rebuild/hgraph/nodes/d94f2ade4fb2.md
M	MainProjects/Algebraic-Jacobian-Challenge-Rebuild/hgraph/nodes/d95ce2f5bcaf.md
M	MainProjects/Algebraic-Jacobian-Challenge-Rebuild/hgraph/nodes/d964e9b4d3ec.md
M	MainProjects/Algebraic-Jacobian-Challenge-Rebuild/hgraph/nodes/d9734ec20faf.md
M	MainProjects/Algebraic-Jacobian-Challenge-Rebuild/hgraph/nodes/d973883da799.md
M	MainProjects/Algebraic-Jacobian-Challenge-Rebuild/hgraph/nodes/d98119e1d33b.md
M	MainProjects/Algebraic-Jacobian-Challenge-Rebuild/hgraph/nodes/d982dea5ddf6.md
M	MainProjects/Algebraic-Jacobian-Challenge-Rebuild/hgraph/nodes/d98530cd5bb3.md
M	MainProjects/Algebraic-Jacobian-Challenge-Rebuild/hgraph/nodes/d986191d4992.md
M	MainProjects/Algebraic-Jacobian-Challenge-Rebuild/hgraph/nodes/d99cc92fd927.md
M	MainProjects/Algebraic-Jacobian-Challenge-Rebuild/hgraph/nodes/d9a79d405f9d.md
M	MainProjects/Algebraic-Jacobian-Challenge-Rebuild/hgraph/nodes/d9b504711628.md
M	MainProjects/Algebraic-Jacobian-Challenge-Rebuild/hgraph/nodes/d9b8e69f5cb2.md
M	MainProjects/Algebraic-Jacobian-Challenge-Rebuild/hgraph/nodes/d9bd0ab28f81.md
M	MainProjects/Algebraic-Jacobian-Challenge-Rebuild/hgraph/nodes/d9d0ff3ad8c2.md
M	MainProjects/Algebraic-Jacobian-Challenge-Rebuild/hgraph/nodes/d9d3bc652815.md
M	MainProjects/Algebraic-Jacobian-Challenge-Rebuild/hgraph/nodes/d9d41aeb4f69.md
M	MainProjects/Algebraic-Jacobian-Challenge-Rebuild/hgraph/nodes/d9d7b8d24961.md
M	MainProjects/Algebraic-Jacobian-Challenge-Rebuild/hgraph/nodes/d9d869c47130.md
M	MainProjects/Algebraic-Jacobian-Challenge-Rebuild/hgraph/nodes/d9da0c2ad1cb.md
M	MainProjects/Algebraic-Jacobian-Challenge-Rebuild/hgraph/nodes/d9e2c3832894.md
M	MainProjects/Algebraic-Jacobian-Challenge-Rebuild/hgraph/nodes/d9e7e74bb730.md
M	MainProjects/Algebraic-Jacobian-Challenge-Rebuild/hgraph/nodes/d9ee51eab934.md
M	MainProjects/Algebraic-Jacobian-Challenge-Rebuild/hgraph/nodes/d9ef26e7aff4.md
M	MainProjects/Algebraic-Jacobian-Challenge-Rebuild/hgraph/nodes/da0647c58c12.md
M	MainProjects/Algebraic-Jacobian-Challenge-Rebuild/hgraph/nodes/da0c1382fa85.md
M	MainProjects/Algebraic-Jacobian-Challenge-Rebuild/hgraph/nodes/da0f6bc174a5.md
M	MainProjects/Algebraic-Jacobian-Challenge-Rebuild/hgraph/nodes/da113a067807.md
M	MainProjects/Algebraic-Jacobian-Challenge-Rebuild/hgraph/nodes/da23e6bf0bea.md
M	MainProjects/Algebraic-Jacobian-Challenge-Rebuild/hgraph/nodes/da3500595c79.md
M	MainProjects/Algebraic-Jacobian-Challenge-Rebuild/hgraph/nodes/da36bffb8161.md
M	MainProjects/Algebraic-Jacobian-Challenge-Rebuild/hgraph/nodes/da39a13143d8.md
M	MainProjects/Algebraic-Jacobian-Challenge-Rebuild/hgraph/nodes/da39d7dab7df.md
M	MainProjects/Algebraic-Jacobian-Challenge-Rebuild/hgraph/nodes/da528390884f.md
M	MainProjects/Algebraic-Jacobian-Challenge-Rebuild/hgraph/nodes/da5291ba7f21.md
M	MainProjects/Algebraic-Jacobian-Challenge-Rebuild/hgraph/nodes/da536ffbba7a.md
M	MainProjects/Algebraic-Jacobian-Challenge-Rebuild/hgraph/nodes/da5386982b29.md
M	MainProjects/Algebraic-Jacobian-Challenge-Rebuild/hgraph/nodes/da550df78e52.md
M	MainProjects/Algebraic-Jacobian-Challenge-Rebuild/hgraph/nodes/da55439dd068.md
M	MainProjects/Algebraic-Jacobian-Challenge-Rebuild/hgraph/nodes/da5911a7573b.md
M	MainProjects/Algebraic-Jacobian-Challenge-Rebuild/hgraph/nodes/da59d3b08de6.md
M	MainProjects/Algebraic-Jacobian-Challenge-Rebuild/hgraph/nodes/da74835b2b06.md
M	MainProjects/Algebraic-Jacobian-Challenge-Rebuild/hgraph/nodes/da7781d853d5.md
M	MainProjects/Algebraic-Jacobian-Challenge-Rebuild/hgraph/nodes/da80d4ba461a.md
M	MainProjects/Algebraic-Jacobian-Challenge-Rebuild/hgraph/nodes/da81dd61e030.md
M	MainProjects/Algebraic-Jacobian-Challenge-Rebuild/hgraph/nodes/da8847c0835c.md
M	MainProjects/Algebraic-Jacobian-Challenge-Rebuild/hgraph/nodes/da8c4ca332de.md
M	MainProjects/Algebraic-Jacobian-Challenge-Rebuild/hgraph/nodes/da95b60adc33.md
M	MainProjects/Algebraic-Jacobian-Challenge-Rebuild/hgraph/nodes/da9ec52c4bf3.md
M	MainProjects/Algebraic-Jacobian-Challenge-Rebuild/hgraph/nodes/daa28c76541e.md
M	MainProjects/Algebraic-Jacobian-Challenge-Rebuild/hgraph/nodes/daa73d854636.md
M	MainProjects/Algebraic-Jacobian-Challenge-Rebuild/hgraph/nodes/dab36d0a69ea.md
M	MainProjects/Algebraic-Jacobian-Challenge-Rebuild/hgraph/nodes/dabd8a906bea.md
M	MainProjects/Algebraic-Jacobian-Challenge-Rebuild/hgraph/nodes/dacab443aa9f.md
M	MainProjects/Algebraic-Jacobian-Challenge-Rebuild/hgraph/nodes/dad7f6dd6c1c.md
M	MainProjects/Algebraic-Jacobian-Challenge-Rebuild/hgraph/nodes/dae1b8d6e64a.md
M	MainProjects/Algebraic-Jacobian-Challenge-Rebuild/hgraph/nodes/dae27e1a0b4f.md
M	MainProjects/Algebraic-Jacobian-Challenge-Rebuild/hgraph/nodes/dae8aea4f46a.md
M	MainProjects/Algebraic-Jacobian-Challenge-Rebuild/hgraph/nodes/daeafeac4441.md
M	MainProjects/Algebraic-Jacobian-Challenge-Rebuild/hgraph/nodes/daeb04e037a5.md
M	MainProjects/Algebraic-Jacobian-Challenge-Rebuild/hgraph/nodes/db01f2b63e02.md
M	MainProjects/Algebraic-Jacobian-Challenge-Rebuild/hgraph/nodes/db1be5e0046c.md
M	MainProjects/Algebraic-Jacobian-Challenge-Rebuild/hgraph/nodes/db30e28b5593.md
M	MainProjects/Algebraic-Jacobian-Challenge-Rebuild/hgraph/nodes/db321852d327.md
M	MainProjects/Algebraic-Jacobian-Challenge-Rebuild/hgraph/nodes/db37023200d5.md
D	MainProjects/Algebraic-Jacobian-Challenge-Rebuild/hgraph/nodes/db43b5b81ef3.md
M	MainProjects/Algebraic-Jacobian-Challenge-Rebuild/hgraph/nodes/db4824c4bd73.md
M	MainProjects/Algebraic-Jacobian-Challenge-Rebuild/hgraph/nodes/db4b7985ad0a.md
M	MainProjects/Algebraic-Jacobian-Challenge-Rebuild/hgraph/nodes/db50e51ae16d.md
M	MainProjects/Algebraic-Jacobian-Challenge-Rebuild/hgraph/nodes/db52c41b31cc.md
M	MainProjects/Algebraic-Jacobian-Challenge-Rebuild/hgraph/nodes/db7457e2f040.md
M	MainProjects/Algebraic-Jacobian-Challenge-Rebuild/hgraph/nodes/db778edd1633.md
M	MainProjects/Algebraic-Jacobian-Challenge-Rebuild/hgraph/nodes/db7cdb803feb.md
M	MainProjects/Algebraic-Jacobian-Challenge-Rebuild/hgraph/nodes/db8b7f83c982.md
M	MainProjects/Algebraic-Jacobian-Challenge-Rebuild/hgraph/nodes/db91777d3858.md
M	MainProjects/Algebraic-Jacobian-Challenge-Rebuild/hgraph/nodes/db941c23dbae.md
M	MainProjects/Algebraic-Jacobian-Challenge-Rebuild/hgraph/nodes/db9b3c47508a.md
M	MainProjects/Algebraic-Jacobian-Challenge-Rebuild/hgraph/nodes/db9eea22ef4d.md
M	MainProjects/Algebraic-Jacobian-Challenge-Rebuild/hgraph/nodes/dba264271b4d.md
M	MainProjects/Algebraic-Jacobian-Challenge-Rebuild/hgraph/nodes/dba54f68bc4a.md
M	MainProjects/Algebraic-Jacobian-Challenge-Rebuild/hgraph/nodes/dbb779704bda.md
M	MainProjects/Algebraic-Jacobian-Challenge-Rebuild/hgraph/nodes/dbb7a94ad243.md
M	MainProjects/Algebraic-Jacobian-Challenge-Rebuild/hgraph/nodes/dbb892e48d1f.md
M	MainProjects/Algebraic-Jacobian-Challenge-Rebuild/hgraph/nodes/dbb9611f23d1.md
M	MainProjects/Algebraic-Jacobian-Challenge-Rebuild/hgraph/nodes/dbc113b1c9b1.md
M	MainProjects/Algebraic-Jacobian-Challenge-Rebuild/hgraph/nodes/dbcd39f22d8d.md
M	MainProjects/Algebraic-Jacobian-Challenge-Rebuild/hgraph/nodes/dbd8e90332f6.md
M	MainProjects/Algebraic-Jacobian-Challenge-Rebuild/hgraph/nodes/dbdafcbc264d.md
M	MainProjects/Algebraic-Jacobian-Challenge-Rebuild/hgraph/nodes/dbdc65cd05a3.md
M	MainProjects/Algebraic-Jacobian-Challenge-Rebuild/hgraph/nodes/dbe22f2c3e02.md
M	MainProjects/Algebraic-Jacobian-Challenge-Rebuild/hgraph/nodes/dc002d54554d.md
M	MainProjects/Algebraic-Jacobian-Challenge-Rebuild/hgraph/nodes/dc00f601c5cc.md
M	MainProjects/Algebraic-Jacobian-Challenge-Rebuild/hgraph/nodes/dc0da7f677df.md
M	MainProjects/Algebraic-Jacobian-Challenge-Rebuild/hgraph/nodes/dc1bf3a4c4fa.md
M	MainProjects/Algebraic-Jacobian-Challenge-Rebuild/hgraph/nodes/dc25dcd58a77.md
M	MainProjects/Algebraic-Jacobian-Challenge-Rebuild/hgraph/nodes/dc353bf77233.md
M	MainProjects/Algebraic-Jacobian-Challenge-Rebuild/hgraph/nodes/dc376d5153c0.md
M	MainProjects/Algebraic-Jacobian-Challenge-Rebuild/hgraph/nodes/dc39880c9802.md
M	MainProjects/Algebraic-Jacobian-Challenge-Rebuild/hgraph/nodes/dc3f27c0795f.md
M	MainProjects/Algebraic-Jacobian-Challenge-Rebuild/hgraph/nodes/dc40be093bab.md
M	MainProjects/Algebraic-Jacobian-Challenge-Rebuild/hgraph/nodes/dc4178c88cbb.md
M	MainProjects/Algebraic-Jacobian-Challenge-Rebuild/hgraph/nodes/dc42c0f81423.md
D	MainProjects/Algebraic-Jacobian-Challenge-Rebuild/hgraph/nodes/dc5394215fc9.md
M	MainProjects/Algebraic-Jacobian-Challenge-Rebuild/hgraph/nodes/dc6e0fde8185.md
M	MainProjects/Algebraic-Jacobian-Challenge-Rebuild/hgraph/nodes/dc74c6f634f1.md
M	MainProjects/Algebraic-Jacobian-Challenge-Rebuild/hgraph/nodes/dc84e4c45bd9.md
M	MainProjects/Algebraic-Jacobian-Challenge-Rebuild/hgraph/nodes/dc9327ba5d7b.md
M	MainProjects/Algebraic-Jacobian-Challenge-Rebuild/hgraph/nodes/dc97b8e78505.md
M	MainProjects/Algebraic-Jacobian-Challenge-Rebuild/hgraph/nodes/dca05d3e5bf1.md
M	MainProjects/Algebraic-Jacobian-Challenge-Rebuild/hgraph/nodes/dcaf705d1de4.md
M	MainProjects/Algebraic-Jacobian-Challenge-Rebuild/hgraph/nodes/dcb344f9720b.md
M	MainProjects/Algebraic-Jacobian-Challenge-Rebuild/hgraph/nodes/dcb8a79c12a1.md
M	MainProjects/Algebraic-Jacobian-Challenge-Rebuild/hgraph/nodes/dcbe6be48bc3.md
M	MainProjects/Algebraic-Jacobian-Challenge-Rebuild/hgraph/nodes/dcc3cd913aa2.md
M	MainProjects/Algebraic-Jacobian-Challenge-Rebuild/hgraph/nodes/dccfb8ebf6c5.md
M	MainProjects/Algebraic-Jacobian-Challenge-Rebuild/hgraph/nodes/dcd15234e5e2.md
M	MainProjects/Algebraic-Jacobian-Challenge-Rebuild/hgraph/nodes/dcd2a4461e1e.md
M	MainProjects/Algebraic-Jacobian-Challenge-Rebuild/hgraph/nodes/dcd35196e144.md
M	MainProjects/Algebraic-Jacobian-Challenge-Rebuild/hgraph/nodes/dce1801c574e.md
M	MainProjects/Algebraic-Jacobian-Challenge-Rebuild/hgraph/nodes/dce6588b8910.md
M	MainProjects/Algebraic-Jacobian-Challenge-Rebuild/hgraph/nodes/dcebfb672044.md
D	MainProjects/Algebraic-Jacobian-Challenge-Rebuild/hgraph/nodes/dcef6fc3fd0f.md
M	MainProjects/Algebraic-Jacobian-Challenge-Rebuild/hgraph/nodes/dcfa4d82d6bf.md
M	MainProjects/Algebraic-Jacobian-Challenge-Rebuild/hgraph/nodes/dcff58abce28.md
M	MainProjects/Algebraic-Jacobian-Challenge-Rebuild/hgraph/nodes/dd01f257796f.md
M	MainProjects/Algebraic-Jacobian-Challenge-Rebuild/hgraph/nodes/dd0f5473328b.md
M	MainProjects/Algebraic-Jacobian-Challenge-Rebuild/hgraph/nodes/dd102c84d391.md
M	MainProjects/Algebraic-Jacobian-Challenge-Rebuild/hgraph/nodes/dd1916123f34.md
M	MainProjects/Algebraic-Jacobian-Challenge-Rebuild/hgraph/nodes/dd1fb9dcb0e9.md
M	MainProjects/Algebraic-Jacobian-Challenge-Rebuild/hgraph/nodes/dd31df712809.md
M	MainProjects/Algebraic-Jacobian-Challenge-Rebuild/hgraph/nodes/dd40754808b0.md
M	MainProjects/Algebraic-Jacobian-Challenge-Rebuild/hgraph/nodes/dd469d132ef2.md
M	MainProjects/Algebraic-Jacobian-Challenge-Rebuild/hgraph/nodes/dd570ffa4be7.md
M	MainProjects/Algebraic-Jacobian-Challenge-Rebuild/hgraph/nodes/dd835c16a0c9.md
M	MainProjects/Algebraic-Jacobian-Challenge-Rebuild/hgraph/nodes/dd895e5128d4.md
M	MainProjects/Algebraic-Jacobian-Challenge-Rebuild/hgraph/nodes/dd9294690644.md
M	MainProjects/Algebraic-Jacobian-Challenge-Rebuild/hgraph/nodes/dd93a4a74bf0.md
M	MainProjects/Algebraic-Jacobian-Challenge-Rebuild/hgraph/nodes/dd96e1c56b2d.md
M	MainProjects/Algebraic-Jacobian-Challenge-Rebuild/hgraph/nodes/dd9b5fac86cc.md
M	MainProjects/Algebraic-Jacobian-Challenge-Rebuild/hgraph/nodes/dd9f5c9286a1.md
M	MainProjects/Algebraic-Jacobian-Challenge-Rebuild/hgraph/nodes/dd9f91e0e0d5.md
M	MainProjects/Algebraic-Jacobian-Challenge-Rebuild/hgraph/nodes/dda507512462.md
M	MainProjects/Algebraic-Jacobian-Challenge-Rebuild/hgraph/nodes/dda92fb7c1b1.md
M	MainProjects/Algebraic-Jacobian-Challenge-Rebuild/hgraph/nodes/ddb292f654a0.md
M	MainProjects/Algebraic-Jacobian-Challenge-Rebuild/hgraph/nodes/ddcb598c21ec.md
M	MainProjects/Algebraic-Jacobian-Challenge-Rebuild/hgraph/nodes/ddcef1b1d4ac.md
M	MainProjects/Algebraic-Jacobian-Challenge-Rebuild/hgraph/nodes/dddc81e032da.md
M	MainProjects/Algebraic-Jacobian-Challenge-Rebuild/hgraph/nodes/ddef92aa1e73.md
M	MainProjects/Algebraic-Jacobian-Challenge-Rebuild/hgraph/nodes/ddf7b81ad4c7.md
M	MainProjects/Algebraic-Jacobian-Challenge-Rebuild/hgraph/nodes/ddfcc06c14cc.md
M	MainProjects/Algebraic-Jacobian-Challenge-Rebuild/hgraph/nodes/ddfd31840078.md
M	MainProjects/Algebraic-Jacobian-Challenge-Rebuild/hgraph/nodes/de020cc5d77d.md
M	MainProjects/Algebraic-Jacobian-Challenge-Rebuild/hgraph/nodes/de12bc4875cf.md
M	MainProjects/Algebraic-Jacobian-Challenge-Rebuild/hgraph/nodes/de17ec0ec323.md
M	MainProjects/Algebraic-Jacobian-Challenge-Rebuild/hgraph/nodes/de208cb3eaa5.md
M	MainProjects/Algebraic-Jacobian-Challenge-Rebuild/hgraph/nodes/de27bef1c9c8.md
M	MainProjects/Algebraic-Jacobian-Challenge-Rebuild/hgraph/nodes/de2bba5674f6.md
M	MainProjects/Algebraic-Jacobian-Challenge-Rebuild/hgraph/nodes/de2c844dc823.md
M	MainProjects/Algebraic-Jacobian-Challenge-Rebuild/hgraph/nodes/de3625ff0cc3.md
M	MainProjects/Algebraic-Jacobian-Challenge-Rebuild/hgraph/nodes/de38cb6cb611.md
M	MainProjects/Algebraic-Jacobian-Challenge-Rebuild/hgraph/nodes/de3d5588fcab.md
M	MainProjects/Algebraic-Jacobian-Challenge-Rebuild/hgraph/nodes/de423518a627.md
M	MainProjects/Algebraic-Jacobian-Challenge-Rebuild/hgraph/nodes/de4ef53d508e.md
M	MainProjects/Algebraic-Jacobian-Challenge-Rebuild/hgraph/nodes/de5d0fe24241.md
M	MainProjects/Algebraic-Jacobian-Challenge-Rebuild/hgraph/nodes/de7120add4f0.md
M	MainProjects/Algebraic-Jacobian-Challenge-Rebuild/hgraph/nodes/de71225924ea.md
M	MainProjects/Algebraic-Jacobian-Challenge-Rebuild/hgraph/nodes/de72aa25247e.md
M	MainProjects/Algebraic-Jacobian-Challenge-Rebuild/hgraph/nodes/de7442fe0682.md
M	MainProjects/Algebraic-Jacobian-Challenge-Rebuild/hgraph/nodes/de7869e67da9.md
M	MainProjects/Algebraic-Jacobian-Challenge-Rebuild/hgraph/nodes/de78ce667eb2.md
M	MainProjects/Algebraic-Jacobian-Challenge-Rebuild/hgraph/nodes/de82799954bd.md
M	MainProjects/Algebraic-Jacobian-Challenge-Rebuild/hgraph/nodes/de846ddd3c89.md
M	MainProjects/Algebraic-Jacobian-Challenge-Rebuild/hgraph/nodes/de87e61d60c2.md
M	MainProjects/Algebraic-Jacobian-Challenge-Rebuild/hgraph/nodes/de8bac00bab2.md
M	MainProjects/Algebraic-Jacobian-Challenge-Rebuild/hgraph/nodes/deaccfe338ed.md
M	MainProjects/Algebraic-Jacobian-Challenge-Rebuild/hgraph/nodes/dedd3801b6b0.md
M	MainProjects/Algebraic-Jacobian-Challenge-Rebuild/hgraph/nodes/dee004d337c7.md
M	MainProjects/Algebraic-Jacobian-Challenge-Rebuild/hgraph/nodes/dee68c745cea.md
M	MainProjects/Algebraic-Jacobian-Challenge-Rebuild/hgraph/nodes/deee0b42bd31.md
M	MainProjects/Algebraic-Jacobian-Challenge-Rebuild/hgraph/nodes/def012e7cfc8.md
M	MainProjects/Algebraic-Jacobian-Challenge-Rebuild/hgraph/nodes/defe34ce98ef.md
M	MainProjects/Algebraic-Jacobian-Challenge-Rebuild/hgraph/nodes/df04d0301d00.md
M	MainProjects/Algebraic-Jacobian-Challenge-Rebuild/hgraph/nodes/df13d40fae79.md
M	MainProjects/Algebraic-Jacobian-Challenge-Rebuild/hgraph/nodes/df174d20adfc.md
M	MainProjects/Algebraic-Jacobian-Challenge-Rebuild/hgraph/nodes/df17f77fa1c7.md
M	MainProjects/Algebraic-Jacobian-Challenge-Rebuild/hgraph/nodes/df18a5e4c982.md
M	MainProjects/Algebraic-Jacobian-Challenge-Rebuild/hgraph/nodes/df227b473131.md
M	MainProjects/Algebraic-Jacobian-Challenge-Rebuild/hgraph/nodes/df28a5d7e783.md
M	MainProjects/Algebraic-Jacobian-Challenge-Rebuild/hgraph/nodes/df297dfc8486.md
M	MainProjects/Algebraic-Jacobian-Challenge-Rebuild/hgraph/nodes/df29bccdbc02.md
M	MainProjects/Algebraic-Jacobian-Challenge-Rebuild/hgraph/nodes/df33be4eedb0.md
M	MainProjects/Algebraic-Jacobian-Challenge-Rebuild/hgraph/nodes/df363e989fb4.md
M	MainProjects/Algebraic-Jacobian-Challenge-Rebuild/hgraph/nodes/df3c7f284c4c.md
M	MainProjects/Algebraic-Jacobian-Challenge-Rebuild/hgraph/nodes/df41bc7d21c7.md
M	MainProjects/Algebraic-Jacobian-Challenge-Rebuild/hgraph/nodes/df4b9710698a.md
M	MainProjects/Algebraic-Jacobian-Challenge-Rebuild/hgraph/nodes/df58e67066d7.md
M	MainProjects/Algebraic-Jacobian-Challenge-Rebuild/hgraph/nodes/df5ff47ccef3.md
M	MainProjects/Algebraic-Jacobian-Challenge-Rebuild/hgraph/nodes/df6b65a15926.md
M	MainProjects/Algebraic-Jacobian-Challenge-Rebuild/hgraph/nodes/df6b7950f997.md
M	MainProjects/Algebraic-Jacobian-Challenge-Rebuild/hgraph/nodes/df6ca5c7c67f.md
M	MainProjects/Algebraic-Jacobian-Challenge-Rebuild/hgraph/nodes/df70fa562223.md
M	MainProjects/Algebraic-Jacobian-Challenge-Rebuild/hgraph/nodes/df77b8898881.md
M	MainProjects/Algebraic-Jacobian-Challenge-Rebuild/hgraph/nodes/df79b7cad340.md
M	MainProjects/Algebraic-Jacobian-Challenge-Rebuild/hgraph/nodes/df79c029ddfd.md
M	MainProjects/Algebraic-Jacobian-Challenge-Rebuild/hgraph/nodes/df7b6c67f76b.md
M	MainProjects/Algebraic-Jacobian-Challenge-Rebuild/hgraph/nodes/df8c9ea7c051.md
M	MainProjects/Algebraic-Jacobian-Challenge-Rebuild/hgraph/nodes/df94070e3c12.md
M	MainProjects/Algebraic-Jacobian-Challenge-Rebuild/hgraph/nodes/df98a7647940.md
M	MainProjects/Algebraic-Jacobian-Challenge-Rebuild/hgraph/nodes/dfa0e44e56e8.md
M	MainProjects/Algebraic-Jacobian-Challenge-Rebuild/hgraph/nodes/dfae666937a6.md
M	MainProjects/Algebraic-Jacobian-Challenge-Rebuild/hgraph/nodes/dfb5b12a50ab.md
M	MainProjects/Algebraic-Jacobian-Challenge-Rebuild/hgraph/nodes/dfb6cfcc67fe.md
M	MainProjects/Algebraic-Jacobian-Challenge-Rebuild/hgraph/nodes/dfbc554ab626.md
M	MainProjects/Algebraic-Jacobian-Challenge-Rebuild/hgraph/nodes/dfc5c4e4c106.md
M	MainProjects/Algebraic-Jacobian-Challenge-Rebuild/hgraph/nodes/dfcbfb873767.md
M	MainProjects/Algebraic-Jacobian-Challenge-Rebuild/hgraph/nodes/dfd099979447.md
M	MainProjects/Algebraic-Jacobian-Challenge-Rebuild/hgraph/nodes/dfd25134607e.md
M	MainProjects/Algebraic-Jacobian-Challenge-Rebuild/hgraph/nodes/dfdb49b4081b.md
M	MainProjects/Algebraic-Jacobian-Challenge-Rebuild/hgraph/nodes/dfebe763319f.md
M	MainProjects/Algebraic-Jacobian-Challenge-Rebuild/hgraph/nodes/dfff73a9d761.md
M	MainProjects/Algebraic-Jacobian-Challenge-Rebuild/hgraph/nodes/e00b28538864.md
M	MainProjects/Algebraic-Jacobian-Challenge-Rebuild/hgraph/nodes/e00cbc5de535.md
M	MainProjects/Algebraic-Jacobian-Challenge-Rebuild/hgraph/nodes/e01139f5d188.md
M	MainProjects/Algebraic-Jacobian-Challenge-Rebuild/hgraph/nodes/e018cdf416c4.md
M	MainProjects/Algebraic-Jacobian-Challenge-Rebuild/hgraph/nodes/e01e1346db4d.md
M	MainProjects/Algebraic-Jacobian-Challenge-Rebuild/hgraph/nodes/e0203637970a.md
M	MainProjects/Algebraic-Jacobian-Challenge-Rebuild/hgraph/nodes/e0277ed9c42f.md
M	MainProjects/Algebraic-Jacobian-Challenge-Rebuild/hgraph/nodes/e0299474763f.md
M	MainProjects/Algebraic-Jacobian-Challenge-Rebuild/hgraph/nodes/e02b16358dff.md
M	MainProjects/Algebraic-Jacobian-Challenge-Rebuild/hgraph/nodes/e02cd407034b.md
M	MainProjects/Algebraic-Jacobian-Challenge-Rebuild/hgraph/nodes/e0446a97b6a8.md
M	MainProjects/Algebraic-Jacobian-Challenge-Rebuild/hgraph/nodes/e04656f51161.md
M	MainProjects/Algebraic-Jacobian-Challenge-Rebuild/hgraph/nodes/e0467dc00e3f.md
M	MainProjects/Algebraic-Jacobian-Challenge-Rebuild/hgraph/nodes/e04cf0610627.md
M	MainProjects/Algebraic-Jacobian-Challenge-Rebuild/hgraph/nodes/e057973a4fd6.md
D	MainProjects/Algebraic-Jacobian-Challenge-Rebuild/hgraph/nodes/e05ef23198fb.md
M	MainProjects/Algebraic-Jacobian-Challenge-Rebuild/hgraph/nodes/e0624835b021.md
M	MainProjects/Algebraic-Jacobian-Challenge-Rebuild/hgraph/nodes/e06a09a1e4f2.md
M	MainProjects/Algebraic-Jacobian-Challenge-Rebuild/hgraph/nodes/e077e528c911.md
M	MainProjects/Algebraic-Jacobian-Challenge-Rebuild/hgraph/nodes/e078078d3913.md
M	MainProjects/Algebraic-Jacobian-Challenge-Rebuild/hgraph/nodes/e079c7fcbbe7.md
M	MainProjects/Algebraic-Jacobian-Challenge-Rebuild/hgraph/nodes/e07b4107c869.md
M	MainProjects/Algebraic-Jacobian-Challenge-Rebuild/hgraph/nodes/e08003723f21.md
M	MainProjects/Algebraic-Jacobian-Challenge-Rebuild/hgraph/nodes/e080c41e1f73.md
M	MainProjects/Algebraic-Jacobian-Challenge-Rebuild/hgraph/nodes/e090ccf7892e.md
M	MainProjects/Algebraic-Jacobian-Challenge-Rebuild/hgraph/nodes/e091a24163f2.md
M	MainProjects/Algebraic-Jacobian-Challenge-Rebuild/hgraph/nodes/e09324654dbd.md
M	MainProjects/Algebraic-Jacobian-Challenge-Rebuild/hgraph/nodes/e095c16ec36c.md
M	MainProjects/Algebraic-Jacobian-Challenge-Rebuild/hgraph/nodes/e09f528e99dc.md
M	MainProjects/Algebraic-Jacobian-Challenge-Rebuild/hgraph/nodes/e0b43f683efa.md
M	MainProjects/Algebraic-Jacobian-Challenge-Rebuild/hgraph/nodes/e0b62d02c935.md
M	MainProjects/Algebraic-Jacobian-Challenge-Rebuild/hgraph/nodes/e0bd1742bc8d.md
M	MainProjects/Algebraic-Jacobian-Challenge-Rebuild/hgraph/nodes/e0c34ec9b2ad.md
M	MainProjects/Algebraic-Jacobian-Challenge-Rebuild/hgraph/nodes/e0c503d22bbb.md
M	MainProjects/Algebraic-Jacobian-Challenge-Rebuild/hgraph/nodes/e0c5c61106b0.md
M	MainProjects/Algebraic-Jacobian-Challenge-Rebuild/hgraph/nodes/e0c82cdf5f73.md
M	MainProjects/Algebraic-Jacobian-Challenge-Rebuild/hgraph/nodes/e0d986723562.md
M	MainProjects/Algebraic-Jacobian-Challenge-Rebuild/hgraph/nodes/e0e0edda7e18.md
M	MainProjects/Algebraic-Jacobian-Challenge-Rebuild/hgraph/nodes/e0e7b9fd6c10.md
M	MainProjects/Algebraic-Jacobian-Challenge-Rebuild/hgraph/nodes/e0e984bbf30e.md
M	MainProjects/Algebraic-Jacobian-Challenge-Rebuild/hgraph/nodes/e0ed6f377a08.md
M	MainProjects/Algebraic-Jacobian-Challenge-Rebuild/hgraph/nodes/e0f2c55c572d.md
D	MainProjects/Algebraic-Jacobian-Challenge-Rebuild/hgraph/nodes/e0f4704af5d9.md
M	MainProjects/Algebraic-Jacobian-Challenge-Rebuild/hgraph/nodes/e10126f3612b.md
M	MainProjects/Algebraic-Jacobian-Challenge-Rebuild/hgraph/nodes/e10f8e30976b.md
M	MainProjects/Algebraic-Jacobian-Challenge-Rebuild/hgraph/nodes/e11094218c8f.md
M	MainProjects/Algebraic-Jacobian-Challenge-Rebuild/hgraph/nodes/e11629bd47bd.md
M	MainProjects/Algebraic-Jacobian-Challenge-Rebuild/hgraph/nodes/e118296f98a9.md
M	MainProjects/Algebraic-Jacobian-Challenge-Rebuild/hgraph/nodes/e1183ecc1866.md
M	MainProjects/Algebraic-Jacobian-Challenge-Rebuild/hgraph/nodes/e11a0c19d650.md
M	MainProjects/Algebraic-Jacobian-Challenge-Rebuild/hgraph/nodes/e121c040111c.md
M	MainProjects/Algebraic-Jacobian-Challenge-Rebuild/hgraph/nodes/e121f28dccbe.md
M	MainProjects/Algebraic-Jacobian-Challenge-Rebuild/hgraph/nodes/e12e20c7d246.md
M	MainProjects/Algebraic-Jacobian-Challenge-Rebuild/hgraph/nodes/e13c8f50cded.md
M	MainProjects/Algebraic-Jacobian-Challenge-Rebuild/hgraph/nodes/e13e0e57eab5.md
M	MainProjects/Algebraic-Jacobian-Challenge-Rebuild/hgraph/nodes/e15013507736.md
M	MainProjects/Algebraic-Jacobian-Challenge-Rebuild/hgraph/nodes/e15112734bcb.md
M	MainProjects/Algebraic-Jacobian-Challenge-Rebuild/hgraph/nodes/e15447b10c88.md
M	MainProjects/Algebraic-Jacobian-Challenge-Rebuild/hgraph/nodes/e15dbef58b67.md
M	MainProjects/Algebraic-Jacobian-Challenge-Rebuild/hgraph/nodes/e162e83f479f.md
M	MainProjects/Algebraic-Jacobian-Challenge-Rebuild/hgraph/nodes/e16cad3dc559.md
M	MainProjects/Algebraic-Jacobian-Challenge-Rebuild/hgraph/nodes/e172154a5207.md
M	MainProjects/Algebraic-Jacobian-Challenge-Rebuild/hgraph/nodes/e174fe73f119.md
M	MainProjects/Algebraic-Jacobian-Challenge-Rebuild/hgraph/nodes/e178a6c74e5f.md
M	MainProjects/Algebraic-Jacobian-Challenge-Rebuild/hgraph/nodes/e17fb38ffa9c.md
M	MainProjects/Algebraic-Jacobian-Challenge-Rebuild/hgraph/nodes/e180fb818ffd.md
M	MainProjects/Algebraic-Jacobian-Challenge-Rebuild/hgraph/nodes/e185bc8df315.md
M	MainProjects/Algebraic-Jacobian-Challenge-Rebuild/hgraph/nodes/e1987ad37a29.md
M	MainProjects/Algebraic-Jacobian-Challenge-Rebuild/hgraph/nodes/e199ec89d05a.md
M	MainProjects/Algebraic-Jacobian-Challenge-Rebuild/hgraph/nodes/e19c72bde4a9.md
M	MainProjects/Algebraic-Jacobian-Challenge-Rebuild/hgraph/nodes/e1a58f9dc91b.md
M	MainProjects/Algebraic-Jacobian-Challenge-Rebuild/hgraph/nodes/e1a7daecf9dd.md
D	MainProjects/Algebraic-Jacobian-Challenge-Rebuild/hgraph/nodes/e1ad897e4423.md
M	MainProjects/Algebraic-Jacobian-Challenge-Rebuild/hgraph/nodes/e1c5c9f2a40a.md
M	MainProjects/Algebraic-Jacobian-Challenge-Rebuild/hgraph/nodes/e1c83ab14378.md
M	MainProjects/Algebraic-Jacobian-Challenge-Rebuild/hgraph/nodes/e1e8743672b5.md
M	MainProjects/Algebraic-Jacobian-Challenge-Rebuild/hgraph/nodes/e1ec5d80c0d5.md
M	MainProjects/Algebraic-Jacobian-Challenge-Rebuild/hgraph/nodes/e1eff2e4afa3.md
M	MainProjects/Algebraic-Jacobian-Challenge-Rebuild/hgraph/nodes/e1f7acfa4e1b.md
M	MainProjects/Algebraic-Jacobian-Challenge-Rebuild/hgraph/nodes/e1f9726a4718.md
M	MainProjects/Algebraic-Jacobian-Challenge-Rebuild/hgraph/nodes/e209401912d5.md
M	MainProjects/Algebraic-Jacobian-Challenge-Rebuild/hgraph/nodes/e21d9da7f7f5.md
M	MainProjects/Algebraic-Jacobian-Challenge-Rebuild/hgraph/nodes/e2296cda2c23.md
M	MainProjects/Algebraic-Jacobian-Challenge-Rebuild/hgraph/nodes/e234f0eb6f84.md
M	MainProjects/Algebraic-Jacobian-Challenge-Rebuild/hgraph/nodes/e239f5bd42b0.md
M	MainProjects/Algebraic-Jacobian-Challenge-Rebuild/hgraph/nodes/e240a7d1cbb9.md
M	MainProjects/Algebraic-Jacobian-Challenge-Rebuild/hgraph/nodes/e24b015854ce.md
M	MainProjects/Algebraic-Jacobian-Challenge-Rebuild/hgraph/nodes/e24da5b990de.md
M	MainProjects/Algebraic-Jacobian-Challenge-Rebuild/hgraph/nodes/e25ac840fe56.md
M	MainProjects/Algebraic-Jacobian-Challenge-Rebuild/hgraph/nodes/e25bd705afd6.md
M	MainProjects/Algebraic-Jacobian-Challenge-Rebuild/hgraph/nodes/e26361ef1c6c.md
M	MainProjects/Algebraic-Jacobian-Challenge-Rebuild/hgraph/nodes/e2726348095a.md
M	MainProjects/Algebraic-Jacobian-Challenge-Rebuild/hgraph/nodes/e278a8acefa4.md
M	MainProjects/Algebraic-Jacobian-Challenge-Rebuild/hgraph/nodes/e288cf9ccaa4.md
M	MainProjects/Algebraic-Jacobian-Challenge-Rebuild/hgraph/nodes/e29a537c7fa1.md
M	MainProjects/Algebraic-Jacobian-Challenge-Rebuild/hgraph/nodes/e2a6d5a401f2.md
M	MainProjects/Algebraic-Jacobian-Challenge-Rebuild/hgraph/nodes/e2aa554f9cdf.md
M	MainProjects/Algebraic-Jacobian-Challenge-Rebuild/hgraph/nodes/e2ab248b805a.md
M	MainProjects/Algebraic-Jacobian-Challenge-Rebuild/hgraph/nodes/e2ac64400e36.md
M	MainProjects/Algebraic-Jacobian-Challenge-Rebuild/hgraph/nodes/e2ae7020b819.md
M	MainProjects/Algebraic-Jacobian-Challenge-Rebuild/hgraph/nodes/e2c067550f68.md
M	MainProjects/Algebraic-Jacobian-Challenge-Rebuild/hgraph/nodes/e2c1a2e70aa8.md
M	MainProjects/Algebraic-Jacobian-Challenge-Rebuild/hgraph/nodes/e2d974d04ee5.md
M	MainProjects/Algebraic-Jacobian-Challenge-Rebuild/hgraph/nodes/e2df5e8373e4.md
M	MainProjects/Algebraic-Jacobian-Challenge-Rebuild/hgraph/nodes/e3007687c669.md
M	MainProjects/Algebraic-Jacobian-Challenge-Rebuild/hgraph/nodes/e319d371177c.md
M	MainProjects/Algebraic-Jacobian-Challenge-Rebuild/hgraph/nodes/e31a5ed18e96.md
M	MainProjects/Algebraic-Jacobian-Challenge-Rebuild/hgraph/nodes/e31e5a1a4236.md
M	MainProjects/Algebraic-Jacobian-Challenge-Rebuild/hgraph/nodes/e34396a68297.md
M	MainProjects/Algebraic-Jacobian-Challenge-Rebuild/hgraph/nodes/e34e2c5c73f1.md
M	MainProjects/Algebraic-Jacobian-Challenge-Rebuild/hgraph/nodes/e35531059836.md
M	MainProjects/Algebraic-Jacobian-Challenge-Rebuild/hgraph/nodes/e35aa6cfaabf.md
M	MainProjects/Algebraic-Jacobian-Challenge-Rebuild/hgraph/nodes/e370e7618797.md
M	MainProjects/Algebraic-Jacobian-Challenge-Rebuild/hgraph/nodes/e3733b944e9f.md
M	MainProjects/Algebraic-Jacobian-Challenge-Rebuild/hgraph/nodes/e3807f2cb199.md
M	MainProjects/Algebraic-Jacobian-Challenge-Rebuild/hgraph/nodes/e381d52443e3.md
D	MainProjects/Algebraic-Jacobian-Challenge-Rebuild/hgraph/nodes/e38a0d63490b.md
M	MainProjects/Algebraic-Jacobian-Challenge-Rebuild/hgraph/nodes/e38cdc47bf9e.md
M	MainProjects/Algebraic-Jacobian-Challenge-Rebuild/hgraph/nodes/e390dbc6d311.md
M	MainProjects/Algebraic-Jacobian-Challenge-Rebuild/hgraph/nodes/e3974c2ca723.md
M	MainProjects/Algebraic-Jacobian-Challenge-Rebuild/hgraph/nodes/e397ca95d8b0.md
M	MainProjects/Algebraic-Jacobian-Challenge-Rebuild/hgraph/nodes/e39c1f2e8822.md
M	MainProjects/Algebraic-Jacobian-Challenge-Rebuild/hgraph/nodes/e3a206364a81.md
M	MainProjects/Algebraic-Jacobian-Challenge-Rebuild/hgraph/nodes/e3a85a4299af.md
M	MainProjects/Algebraic-Jacobian-Challenge-Rebuild/hgraph/nodes/e3a8bedbf2d2.md
M	MainProjects/Algebraic-Jacobian-Challenge-Rebuild/hgraph/nodes/e3ad1ca61d02.md
M	MainProjects/Algebraic-Jacobian-Challenge-Rebuild/hgraph/nodes/e3c3544e5593.md
M	MainProjects/Algebraic-Jacobian-Challenge-Rebuild/hgraph/nodes/e3c3578696fd.md
M	MainProjects/Algebraic-Jacobian-Challenge-Rebuild/hgraph/nodes/e3c439a25777.md
M	MainProjects/Algebraic-Jacobian-Challenge-Rebuild/hgraph/nodes/e3c5230f8d4a.md
M	MainProjects/Algebraic-Jacobian-Challenge-Rebuild/hgraph/nodes/e3cdfa664f9a.md
M	MainProjects/Algebraic-Jacobian-Challenge-Rebuild/hgraph/nodes/e3db34f12fa0.md
M	MainProjects/Algebraic-Jacobian-Challenge-Rebuild/hgraph/nodes/e3e04a5cd1c1.md
M	MainProjects/Algebraic-Jacobian-Challenge-Rebuild/hgraph/nodes/e3e7a977e7bc.md
M	MainProjects/Algebraic-Jacobian-Challenge-Rebuild/hgraph/nodes/e3eb147d7e73.md
M	MainProjects/Algebraic-Jacobian-Challenge-Rebuild/hgraph/nodes/e3ee7db452b4.md
M	MainProjects/Algebraic-Jacobian-Challenge-Rebuild/hgraph/nodes/e3f35ecff01d.md
M	MainProjects/Algebraic-Jacobian-Challenge-Rebuild/hgraph/nodes/e3f73c8a51ab.md
M	MainProjects/Algebraic-Jacobian-Challenge-Rebuild/hgraph/nodes/e3f7d59632e9.md
M	MainProjects/Algebraic-Jacobian-Challenge-Rebuild/hgraph/nodes/e3f96bf394d6.md
M	MainProjects/Algebraic-Jacobian-Challenge-Rebuild/hgraph/nodes/e40b3896a982.md
M	MainProjects/Algebraic-Jacobian-Challenge-Rebuild/hgraph/nodes/e40b69ffc9fe.md
M	MainProjects/Algebraic-Jacobian-Challenge-Rebuild/hgraph/nodes/e40d8464a763.md
M	MainProjects/Algebraic-Jacobian-Challenge-Rebuild/hgraph/nodes/e413a55cd138.md
M	MainProjects/Algebraic-Jacobian-Challenge-Rebuild/hgraph/nodes/e414dafa794a.md
M	MainProjects/Algebraic-Jacobian-Challenge-Rebuild/hgraph/nodes/e4237ed50368.md
M	MainProjects/Algebraic-Jacobian-Challenge-Rebuild/hgraph/nodes/e42f7aa6b875.md
D	MainProjects/Algebraic-Jacobian-Challenge-Rebuild/hgraph/nodes/e431b5971b37.md
M	MainProjects/Algebraic-Jacobian-Challenge-Rebuild/hgraph/nodes/e43ddcd6d433.md
M	MainProjects/Algebraic-Jacobian-Challenge-Rebuild/hgraph/nodes/e44654a454f2.md
M	MainProjects/Algebraic-Jacobian-Challenge-Rebuild/hgraph/nodes/e44b48355f94.md
M	MainProjects/Algebraic-Jacobian-Challenge-Rebuild/hgraph/nodes/e44b90887375.md
M	MainProjects/Algebraic-Jacobian-Challenge-Rebuild/hgraph/nodes/e4556869a4c0.md
M	MainProjects/Algebraic-Jacobian-Challenge-Rebuild/hgraph/nodes/e4685fd20754.md
M	MainProjects/Algebraic-Jacobian-Challenge-Rebuild/hgraph/nodes/e4762e4acd88.md
M	MainProjects/Algebraic-Jacobian-Challenge-Rebuild/hgraph/nodes/e485eb86882b.md
M	MainProjects/Algebraic-Jacobian-Challenge-Rebuild/hgraph/nodes/e49c97ca4eb4.md
M	MainProjects/Algebraic-Jacobian-Challenge-Rebuild/hgraph/nodes/e4aafc70ad21.md
M	MainProjects/Algebraic-Jacobian-Challenge-Rebuild/hgraph/nodes/e4ac5f92e4c8.md
M	MainProjects/Algebraic-Jacobian-Challenge-Rebuild/hgraph/nodes/e4ba676b4930.md
M	MainProjects/Algebraic-Jacobian-Challenge-Rebuild/hgraph/nodes/e4c467784f46.md
M	MainProjects/Algebraic-Jacobian-Challenge-Rebuild/hgraph/nodes/e4c5879da91b.md
M	MainProjects/Algebraic-Jacobian-Challenge-Rebuild/hgraph/nodes/e4d34dc0aee4.md
M	MainProjects/Algebraic-Jacobian-Challenge-Rebuild/hgraph/nodes/e4daaa26f9e8.md
M	MainProjects/Algebraic-Jacobian-Challenge-Rebuild/hgraph/nodes/e4fa1f4b11bd.md
M	MainProjects/Algebraic-Jacobian-Challenge-Rebuild/hgraph/nodes/e50186335adb.md
M	MainProjects/Algebraic-Jacobian-Challenge-Rebuild/hgraph/nodes/e5149544a1d3.md
M	MainProjects/Algebraic-Jacobian-Challenge-Rebuild/hgraph/nodes/e5159db5330f.md
M	MainProjects/Algebraic-Jacobian-Challenge-Rebuild/hgraph/nodes/e519236cd5a0.md
M	MainProjects/Algebraic-Jacobian-Challenge-Rebuild/hgraph/nodes/e529707b90f5.md
M	MainProjects/Algebraic-Jacobian-Challenge-Rebuild/hgraph/nodes/e53677353565.md
M	MainProjects/Algebraic-Jacobian-Challenge-Rebuild/hgraph/nodes/e543bd370697.md
M	MainProjects/Algebraic-Jacobian-Challenge-Rebuild/hgraph/nodes/e5527ee6158a.md
M	MainProjects/Algebraic-Jacobian-Challenge-Rebuild/hgraph/nodes/e557b2efd512.md
M	MainProjects/Algebraic-Jacobian-Challenge-Rebuild/hgraph/nodes/e55b79b4bd25.md
M	MainProjects/Algebraic-Jacobian-Challenge-Rebuild/hgraph/nodes/e561e086a548.md
M	MainProjects/Algebraic-Jacobian-Challenge-Rebuild/hgraph/nodes/e5620eed2ebd.md
M	MainProjects/Algebraic-Jacobian-Challenge-Rebuild/hgraph/nodes/e565068417d7.md
M	MainProjects/Algebraic-Jacobian-Challenge-Rebuild/hgraph/nodes/e5668a95a2b5.md
M	MainProjects/Algebraic-Jacobian-Challenge-Rebuild/hgraph/nodes/e56b81d92b9b.md
M	MainProjects/Algebraic-Jacobian-Challenge-Rebuild/hgraph/nodes/e575eb61bdd5.md
M	MainProjects/Algebraic-Jacobian-Challenge-Rebuild/hgraph/nodes/e58b1bb83d19.md
M	MainProjects/Algebraic-Jacobian-Challenge-Rebuild/hgraph/nodes/e58def6b7419.md
M	MainProjects/Algebraic-Jacobian-Challenge-Rebuild/hgraph/nodes/e5946ee1fef4.md
M	MainProjects/Algebraic-Jacobian-Challenge-Rebuild/hgraph/nodes/e598b471605e.md
M	MainProjects/Algebraic-Jacobian-Challenge-Rebuild/hgraph/nodes/e59c484dc7bd.md
M	MainProjects/Algebraic-Jacobian-Challenge-Rebuild/hgraph/nodes/e5a161211c76.md
M	MainProjects/Algebraic-Jacobian-Challenge-Rebuild/hgraph/nodes/e5a49e0de98d.md
M	MainProjects/Algebraic-Jacobian-Challenge-Rebuild/hgraph/nodes/e5ac501f37ec.md
M	MainProjects/Algebraic-Jacobian-Challenge-Rebuild/hgraph/nodes/e5b232de0428.md
M	MainProjects/Algebraic-Jacobian-Challenge-Rebuild/hgraph/nodes/e5ba7f5104e0.md
M	MainProjects/Algebraic-Jacobian-Challenge-Rebuild/hgraph/nodes/e5bbafe07345.md
M	MainProjects/Algebraic-Jacobian-Challenge-Rebuild/hgraph/nodes/e5c05ad58b93.md
M	MainProjects/Algebraic-Jacobian-Challenge-Rebuild/hgraph/nodes/e5cca641fe56.md
M	MainProjects/Algebraic-Jacobian-Challenge-Rebuild/hgraph/nodes/e5d34969a347.md
M	MainProjects/Algebraic-Jacobian-Challenge-Rebuild/hgraph/nodes/e5d35f51569d.md
M	MainProjects/Algebraic-Jacobian-Challenge-Rebuild/hgraph/nodes/e5de43ccbdef.md
M	MainProjects/Algebraic-Jacobian-Challenge-Rebuild/hgraph/nodes/e5f371ace693.md
M	MainProjects/Algebraic-Jacobian-Challenge-Rebuild/hgraph/nodes/e5f602e1bcfd.md
M	MainProjects/Algebraic-Jacobian-Challenge-Rebuild/hgraph/nodes/e5f7aa9ebe6a.md
M	MainProjects/Algebraic-Jacobian-Challenge-Rebuild/hgraph/nodes/e5fab3098e6f.md
M	MainProjects/Algebraic-Jacobian-Challenge-Rebuild/hgraph/nodes/e609dd416f5a.md
M	MainProjects/Algebraic-Jacobian-Challenge-Rebuild/hgraph/nodes/e61f0496007f.md
M	MainProjects/Algebraic-Jacobian-Challenge-Rebuild/hgraph/nodes/e627ce1781c5.md
M	MainProjects/Algebraic-Jacobian-Challenge-Rebuild/hgraph/nodes/e6288e197d66.md
M	MainProjects/Algebraic-Jacobian-Challenge-Rebuild/hgraph/nodes/e628df6d2739.md
M	MainProjects/Algebraic-Jacobian-Challenge-Rebuild/hgraph/nodes/e62d5d4c1107.md
D	MainProjects/Algebraic-Jacobian-Challenge-Rebuild/hgraph/nodes/e63e94670b04.md
M	MainProjects/Algebraic-Jacobian-Challenge-Rebuild/hgraph/nodes/e64ad541d188.md
M	MainProjects/Algebraic-Jacobian-Challenge-Rebuild/hgraph/nodes/e64b3b62b390.md
M	MainProjects/Algebraic-Jacobian-Challenge-Rebuild/hgraph/nodes/e64bdc509ad6.md
M	MainProjects/Algebraic-Jacobian-Challenge-Rebuild/hgraph/nodes/e6529d21c3fa.md
M	MainProjects/Algebraic-Jacobian-Challenge-Rebuild/hgraph/nodes/e655313b26b4.md
M	MainProjects/Algebraic-Jacobian-Challenge-Rebuild/hgraph/nodes/e655e351aaa4.md
M	MainProjects/Algebraic-Jacobian-Challenge-Rebuild/hgraph/nodes/e6585b89daf3.md
M	MainProjects/Algebraic-Jacobian-Challenge-Rebuild/hgraph/nodes/e66499bfdae6.md
M	MainProjects/Algebraic-Jacobian-Challenge-Rebuild/hgraph/nodes/e66c27c234bb.md
M	MainProjects/Algebraic-Jacobian-Challenge-Rebuild/hgraph/nodes/e670fa50f94c.md
M	MainProjects/Algebraic-Jacobian-Challenge-Rebuild/hgraph/nodes/e67d0669036c.md
M	MainProjects/Algebraic-Jacobian-Challenge-Rebuild/hgraph/nodes/e67e951b78a6.md
M	MainProjects/Algebraic-Jacobian-Challenge-Rebuild/hgraph/nodes/e67fa238bd50.md
M	MainProjects/Algebraic-Jacobian-Challenge-Rebuild/hgraph/nodes/e682b5b5e3f4.md
M	MainProjects/Algebraic-Jacobian-Challenge-Rebuild/hgraph/nodes/e685610c8bf0.md
M	MainProjects/Algebraic-Jacobian-Challenge-Rebuild/hgraph/nodes/e68653bb7137.md
M	MainProjects/Algebraic-Jacobian-Challenge-Rebuild/hgraph/nodes/e68b8d6d0e4b.md
M	MainProjects/Algebraic-Jacobian-Challenge-Rebuild/hgraph/nodes/e690eabcba94.md
M	MainProjects/Algebraic-Jacobian-Challenge-Rebuild/hgraph/nodes/e6930a6a1c0e.md
M	MainProjects/Algebraic-Jacobian-Challenge-Rebuild/hgraph/nodes/e6948c458994.md
M	MainProjects/Algebraic-Jacobian-Challenge-Rebuild/hgraph/nodes/e6a89833e50b.md
M	MainProjects/Algebraic-Jacobian-Challenge-Rebuild/hgraph/nodes/e6b1d643f72b.md
M	MainProjects/Algebraic-Jacobian-Challenge-Rebuild/hgraph/nodes/e6bd1abaca24.md
M	MainProjects/Algebraic-Jacobian-Challenge-Rebuild/hgraph/nodes/e6bd6dd74b3f.md
M	MainProjects/Algebraic-Jacobian-Challenge-Rebuild/hgraph/nodes/e6be4f789e05.md
M	MainProjects/Algebraic-Jacobian-Challenge-Rebuild/hgraph/nodes/e6c1c5c137a4.md
M	MainProjects/Algebraic-Jacobian-Challenge-Rebuild/hgraph/nodes/e6c45f595acf.md
M	MainProjects/Algebraic-Jacobian-Challenge-Rebuild/hgraph/nodes/e6c47f9234ff.md
M	MainProjects/Algebraic-Jacobian-Challenge-Rebuild/hgraph/nodes/e6c59aec7f0a.md
M	MainProjects/Algebraic-Jacobian-Challenge-Rebuild/hgraph/nodes/e6c600c86051.md
M	MainProjects/Algebraic-Jacobian-Challenge-Rebuild/hgraph/nodes/e6c78da0adef.md
M	MainProjects/Algebraic-Jacobian-Challenge-Rebuild/hgraph/nodes/e6d325d6e6e5.md
M	MainProjects/Algebraic-Jacobian-Challenge-Rebuild/hgraph/nodes/e6d6ebb8a686.md
M	MainProjects/Algebraic-Jacobian-Challenge-Rebuild/hgraph/nodes/e6d884eb67e3.md
M	MainProjects/Algebraic-Jacobian-Challenge-Rebuild/hgraph/nodes/e6ddd819d3cb.md
M	MainProjects/Algebraic-Jacobian-Challenge-Rebuild/hgraph/nodes/e6eec36f8310.md
M	MainProjects/Algebraic-Jacobian-Challenge-Rebuild/hgraph/nodes/e6ef4cde5c24.md
D	MainProjects/Algebraic-Jacobian-Challenge-Rebuild/hgraph/nodes/e6f31efdb652.md
M	MainProjects/Algebraic-Jacobian-Challenge-Rebuild/hgraph/nodes/e6f3dc87d16d.md
M	MainProjects/Algebraic-Jacobian-Challenge-Rebuild/hgraph/nodes/e6f4a62575ee.md
M	MainProjects/Algebraic-Jacobian-Challenge-Rebuild/hgraph/nodes/e6f86b6e5c79.md
M	MainProjects/Algebraic-Jacobian-Challenge-Rebuild/hgraph/nodes/e71171012bc9.md
M	MainProjects/Algebraic-Jacobian-Challenge-Rebuild/hgraph/nodes/e71c4dd0242d.md
M	MainProjects/Algebraic-Jacobian-Challenge-Rebuild/hgraph/nodes/e7209e788175.md
M	MainProjects/Algebraic-Jacobian-Challenge-Rebuild/hgraph/nodes/e72bc8d03327.md
M	MainProjects/Algebraic-Jacobian-Challenge-Rebuild/hgraph/nodes/e73aa657e26e.md
M	MainProjects/Algebraic-Jacobian-Challenge-Rebuild/hgraph/nodes/e73b2a4f1899.md
M	MainProjects/Algebraic-Jacobian-Challenge-Rebuild/hgraph/nodes/e73bfb4a0d52.md
M	MainProjects/Algebraic-Jacobian-Challenge-Rebuild/hgraph/nodes/e757c703e097.md
M	MainProjects/Algebraic-Jacobian-Challenge-Rebuild/hgraph/nodes/e764632abcad.md
M	MainProjects/Algebraic-Jacobian-Challenge-Rebuild/hgraph/nodes/e7742e1b4171.md
M	MainProjects/Algebraic-Jacobian-Challenge-Rebuild/hgraph/nodes/e77e5f715f61.md
M	MainProjects/Algebraic-Jacobian-Challenge-Rebuild/hgraph/nodes/e78523a2099d.md
M	MainProjects/Algebraic-Jacobian-Challenge-Rebuild/hgraph/nodes/e78577667098.md
M	MainProjects/Algebraic-Jacobian-Challenge-Rebuild/hgraph/nodes/e78775f26331.md
M	MainProjects/Algebraic-Jacobian-Challenge-Rebuild/hgraph/nodes/e792898427c2.md
M	MainProjects/Algebraic-Jacobian-Challenge-Rebuild/hgraph/nodes/e795871e0bec.md
M	MainProjects/Algebraic-Jacobian-Challenge-Rebuild/hgraph/nodes/e7981e595426.md
M	MainProjects/Algebraic-Jacobian-Challenge-Rebuild/hgraph/nodes/e7a06cabda92.md
M	MainProjects/Algebraic-Jacobian-Challenge-Rebuild/hgraph/nodes/e7a8cacf9fe7.md
M	MainProjects/Algebraic-Jacobian-Challenge-Rebuild/hgraph/nodes/e7aadbd45f3f.md
M	MainProjects/Algebraic-Jacobian-Challenge-Rebuild/hgraph/nodes/e7adc96a0353.md
M	MainProjects/Algebraic-Jacobian-Challenge-Rebuild/hgraph/nodes/e7af768e09a6.md
M	MainProjects/Algebraic-Jacobian-Challenge-Rebuild/hgraph/nodes/e7c3e43694fb.md
M	MainProjects/Algebraic-Jacobian-Challenge-Rebuild/hgraph/nodes/e7c54d50faa3.md
M	MainProjects/Algebraic-Jacobian-Challenge-Rebuild/hgraph/nodes/e7c8a1cc5aac.md
M	MainProjects/Algebraic-Jacobian-Challenge-Rebuild/hgraph/nodes/e7d683f6c962.md
M	MainProjects/Algebraic-Jacobian-Challenge-Rebuild/hgraph/nodes/e7d6ee42c6bd.md
M	MainProjects/Algebraic-Jacobian-Challenge-Rebuild/hgraph/nodes/e7d9094745d4.md
M	MainProjects/Algebraic-Jacobian-Challenge-Rebuild/hgraph/nodes/e7d9355db4ee.md
M	MainProjects/Algebraic-Jacobian-Challenge-Rebuild/hgraph/nodes/e7e1bbd5db41.md
M	MainProjects/Algebraic-Jacobian-Challenge-Rebuild/hgraph/nodes/e7e894da984d.md
M	MainProjects/Algebraic-Jacobian-Challenge-Rebuild/hgraph/nodes/e7ef51e5b15a.md
M	MainProjects/Algebraic-Jacobian-Challenge-Rebuild/hgraph/nodes/e803bc930b13.md
M	MainProjects/Algebraic-Jacobian-Challenge-Rebuild/hgraph/nodes/e814315be4d0.md
M	MainProjects/Algebraic-Jacobian-Challenge-Rebuild/hgraph/nodes/e81519d39fe3.md
M	MainProjects/Algebraic-Jacobian-Challenge-Rebuild/hgraph/nodes/e8177b1c1cff.md
M	MainProjects/Algebraic-Jacobian-Challenge-Rebuild/hgraph/nodes/e81b40237d90.md
M	MainProjects/Algebraic-Jacobian-Challenge-Rebuild/hgraph/nodes/e828ab532b51.md
M	MainProjects/Algebraic-Jacobian-Challenge-Rebuild/hgraph/nodes/e8353517f38a.md
M	MainProjects/Algebraic-Jacobian-Challenge-Rebuild/hgraph/nodes/e841e5ceebe6.md
M	MainProjects/Algebraic-Jacobian-Challenge-Rebuild/hgraph/nodes/e843faf79380.md
M	MainProjects/Algebraic-Jacobian-Challenge-Rebuild/hgraph/nodes/e846478531c7.md
M	MainProjects/Algebraic-Jacobian-Challenge-Rebuild/hgraph/nodes/e84c6ebea700.md
M	MainProjects/Algebraic-Jacobian-Challenge-Rebuild/hgraph/nodes/e850d5d5e23f.md
M	MainProjects/Algebraic-Jacobian-Challenge-Rebuild/hgraph/nodes/e85161e1d3e5.md
M	MainProjects/Algebraic-Jacobian-Challenge-Rebuild/hgraph/nodes/e854799910df.md
M	MainProjects/Algebraic-Jacobian-Challenge-Rebuild/hgraph/nodes/e859cf6519eb.md
M	MainProjects/Algebraic-Jacobian-Challenge-Rebuild/hgraph/nodes/e8611db53696.md
M	MainProjects/Algebraic-Jacobian-Challenge-Rebuild/hgraph/nodes/e861807c3f95.md
M	MainProjects/Algebraic-Jacobian-Challenge-Rebuild/hgraph/nodes/e8644797d5dd.md
M	MainProjects/Algebraic-Jacobian-Challenge-Rebuild/hgraph/nodes/e8902be941ba.md
M	MainProjects/Algebraic-Jacobian-Challenge-Rebuild/hgraph/nodes/e8998a25e5d1.md
M	MainProjects/Algebraic-Jacobian-Challenge-Rebuild/hgraph/nodes/e89c1bdc76bf.md
M	MainProjects/Algebraic-Jacobian-Challenge-Rebuild/hgraph/nodes/e8c2236900c5.md
M	MainProjects/Algebraic-Jacobian-Challenge-Rebuild/hgraph/nodes/e8d6f98aee1a.md
M	MainProjects/Algebraic-Jacobian-Challenge-Rebuild/hgraph/nodes/e8e6046c3cd1.md
M	MainProjects/Algebraic-Jacobian-Challenge-Rebuild/hgraph/nodes/e8f069aac142.md
M	MainProjects/Algebraic-Jacobian-Challenge-Rebuild/hgraph/nodes/e8f9138b5a3e.md
M	MainProjects/Algebraic-Jacobian-Challenge-Rebuild/hgraph/nodes/e918009b48ec.md
M	MainProjects/Algebraic-Jacobian-Challenge-Rebuild/hgraph/nodes/e91dd97bdf8c.md
M	MainProjects/Algebraic-Jacobian-Challenge-Rebuild/hgraph/nodes/e920788f87e1.md
M	MainProjects/Algebraic-Jacobian-Challenge-Rebuild/hgraph/nodes/e924d20666ca.md
M	MainProjects/Algebraic-Jacobian-Challenge-Rebuild/hgraph/nodes/e926103f7ae9.md
M	MainProjects/Algebraic-Jacobian-Challenge-Rebuild/hgraph/nodes/e926d97e8489.md
M	MainProjects/Algebraic-Jacobian-Challenge-Rebuild/hgraph/nodes/e927eea87296.md
M	MainProjects/Algebraic-Jacobian-Challenge-Rebuild/hgraph/nodes/e92880583f33.md
M	MainProjects/Algebraic-Jacobian-Challenge-Rebuild/hgraph/nodes/e9386fb83857.md
M	MainProjects/Algebraic-Jacobian-Challenge-Rebuild/hgraph/nodes/e94af0c47a82.md
M	MainProjects/Algebraic-Jacobian-Challenge-Rebuild/hgraph/nodes/e95bee20d36f.md
M	MainProjects/Algebraic-Jacobian-Challenge-Rebuild/hgraph/nodes/e95bfe3d13d0.md
M	MainProjects/Algebraic-Jacobian-Challenge-Rebuild/hgraph/nodes/e966cb01bb31.md
M	MainProjects/Algebraic-Jacobian-Challenge-Rebuild/hgraph/nodes/e96c846d70ba.md
M	MainProjects/Algebraic-Jacobian-Challenge-Rebuild/hgraph/nodes/e96cb933cdd5.md
M	MainProjects/Algebraic-Jacobian-Challenge-Rebuild/hgraph/nodes/e96f6980cc3b.md
M	MainProjects/Algebraic-Jacobian-Challenge-Rebuild/hgraph/nodes/e979ccadddbc.md
D	MainProjects/Algebraic-Jacobian-Challenge-Rebuild/hgraph/nodes/e97ff25a1ead.md
M	MainProjects/Algebraic-Jacobian-Challenge-Rebuild/hgraph/nodes/e980b7e2712b.md
M	MainProjects/Algebraic-Jacobian-Challenge-Rebuild/hgraph/nodes/e9858f2f3277.md
M	MainProjects/Algebraic-Jacobian-Challenge-Rebuild/hgraph/nodes/e9888233a731.md
M	MainProjects/Algebraic-Jacobian-Challenge-Rebuild/hgraph/nodes/e992f77a6cd5.md
M	MainProjects/Algebraic-Jacobian-Challenge-Rebuild/hgraph/nodes/e993a96fdd96.md
M	MainProjects/Algebraic-Jacobian-Challenge-Rebuild/hgraph/nodes/e9994ba6f647.md
M	MainProjects/Algebraic-Jacobian-Challenge-Rebuild/hgraph/nodes/e9a02d2315f9.md
M	MainProjects/Algebraic-Jacobian-Challenge-Rebuild/hgraph/nodes/e9a89971b321.md
M	MainProjects/Algebraic-Jacobian-Challenge-Rebuild/hgraph/nodes/e9b5fe58a1c6.md
M	MainProjects/Algebraic-Jacobian-Challenge-Rebuild/hgraph/nodes/e9ba64a70c0f.md
M	MainProjects/Algebraic-Jacobian-Challenge-Rebuild/hgraph/nodes/e9bec25038c9.md
M	MainProjects/Algebraic-Jacobian-Challenge-Rebuild/hgraph/nodes/e9cd1bab3f37.md
M	MainProjects/Algebraic-Jacobian-Challenge-Rebuild/hgraph/nodes/e9cf70bb5ed8.md
M	MainProjects/Algebraic-Jacobian-Challenge-Rebuild/hgraph/nodes/e9d48f05a7d5.md
M	MainProjects/Algebraic-Jacobian-Challenge-Rebuild/hgraph/nodes/e9def92704a1.md
M	MainProjects/Algebraic-Jacobian-Challenge-Rebuild/hgraph/nodes/e9dfb53306e7.md
M	MainProjects/Algebraic-Jacobian-Challenge-Rebuild/hgraph/nodes/e9e2fec6fbf5.md
M	MainProjects/Algebraic-Jacobian-Challenge-Rebuild/hgraph/nodes/e9f5b62a52fd.md
M	MainProjects/Algebraic-Jacobian-Challenge-Rebuild/hgraph/nodes/e9fa33cdd375.md
M	MainProjects/Algebraic-Jacobian-Challenge-Rebuild/hgraph/nodes/e9ff3340d54d.md
M	MainProjects/Algebraic-Jacobian-Challenge-Rebuild/hgraph/nodes/ea036f189e03.md
M	MainProjects/Algebraic-Jacobian-Challenge-Rebuild/hgraph/nodes/ea0f84e6adee.md
D	MainProjects/Algebraic-Jacobian-Challenge-Rebuild/hgraph/nodes/ea11aa66911a.md
M	MainProjects/Algebraic-Jacobian-Challenge-Rebuild/hgraph/nodes/ea18d41654a6.md
M	MainProjects/Algebraic-Jacobian-Challenge-Rebuild/hgraph/nodes/ea314237d5fd.md
M	MainProjects/Algebraic-Jacobian-Challenge-Rebuild/hgraph/nodes/ea5532ee4694.md
M	MainProjects/Algebraic-Jacobian-Challenge-Rebuild/hgraph/nodes/ea6a0e6e19df.md
M	MainProjects/Algebraic-Jacobian-Challenge-Rebuild/hgraph/nodes/ea78ea8de46b.md
M	MainProjects/Algebraic-Jacobian-Challenge-Rebuild/hgraph/nodes/ea860caa684c.md
M	MainProjects/Algebraic-Jacobian-Challenge-Rebuild/hgraph/nodes/ea8be53f1574.md
M	MainProjects/Algebraic-Jacobian-Challenge-Rebuild/hgraph/nodes/ea8df7a198fc.md
M	MainProjects/Algebraic-Jacobian-Challenge-Rebuild/hgraph/nodes/ea8f2ca594cc.md
M	MainProjects/Algebraic-Jacobian-Challenge-Rebuild/hgraph/nodes/ea94920177f4.md
M	MainProjects/Algebraic-Jacobian-Challenge-Rebuild/hgraph/nodes/eaaf654afbc3.md
M	MainProjects/Algebraic-Jacobian-Challenge-Rebuild/hgraph/nodes/eaba2cd85065.md
M	MainProjects/Algebraic-Jacobian-Challenge-Rebuild/hgraph/nodes/ead3c35a9d02.md
M	MainProjects/Algebraic-Jacobian-Challenge-Rebuild/hgraph/nodes/ead81f57071b.md
M	MainProjects/Algebraic-Jacobian-Challenge-Rebuild/hgraph/nodes/eadf78f70d35.md
M	MainProjects/Algebraic-Jacobian-Challenge-Rebuild/hgraph/nodes/eaece8a18350.md
M	MainProjects/Algebraic-Jacobian-Challenge-Rebuild/hgraph/nodes/eaef668d1db7.md
M	MainProjects/Algebraic-Jacobian-Challenge-Rebuild/hgraph/nodes/eaf3d16b13fc.md
M	MainProjects/Algebraic-Jacobian-Challenge-Rebuild/hgraph/nodes/eafa0e156fc8.md
M	MainProjects/Algebraic-Jacobian-Challenge-Rebuild/hgraph/nodes/eb02399de6af.md
M	MainProjects/Algebraic-Jacobian-Challenge-Rebuild/hgraph/nodes/eb0332bb407e.md
M	MainProjects/Algebraic-Jacobian-Challenge-Rebuild/hgraph/nodes/eb04459189b0.md
M	MainProjects/Algebraic-Jacobian-Challenge-Rebuild/hgraph/nodes/eb11d71cf486.md
M	MainProjects/Algebraic-Jacobian-Challenge-Rebuild/hgraph/nodes/eb1865fc0c0a.md
M	MainProjects/Algebraic-Jacobian-Challenge-Rebuild/hgraph/nodes/eb202ef7b28d.md
M	MainProjects/Algebraic-Jacobian-Challenge-Rebuild/hgraph/nodes/eb217d33f8a8.md
M	MainProjects/Algebraic-Jacobian-Challenge-Rebuild/hgraph/nodes/eb252b1df3a6.md
M	MainProjects/Algebraic-Jacobian-Challenge-Rebuild/hgraph/nodes/eb29dfecaf13.md
M	MainProjects/Algebraic-Jacobian-Challenge-Rebuild/hgraph/nodes/eb2b7a92b5cb.md
M	MainProjects/Algebraic-Jacobian-Challenge-Rebuild/hgraph/nodes/eb2ea3f7e38a.md
M	MainProjects/Algebraic-Jacobian-Challenge-Rebuild/hgraph/nodes/eb30f47431f2.md
M	MainProjects/Algebraic-Jacobian-Challenge-Rebuild/hgraph/nodes/eb3578e3c64f.md
M	MainProjects/Algebraic-Jacobian-Challenge-Rebuild/hgraph/nodes/eb35c970891d.md
M	MainProjects/Algebraic-Jacobian-Challenge-Rebuild/hgraph/nodes/eb371e866dae.md
M	MainProjects/Algebraic-Jacobian-Challenge-Rebuild/hgraph/nodes/eb3747cf85b4.md
M	MainProjects/Algebraic-Jacobian-Challenge-Rebuild/hgraph/nodes/eb43d658c2a1.md
M	MainProjects/Algebraic-Jacobian-Challenge-Rebuild/hgraph/nodes/eb453cfc28bb.md
M	MainProjects/Algebraic-Jacobian-Challenge-Rebuild/hgraph/nodes/eb67114e70ee.md
M	MainProjects/Algebraic-Jacobian-Challenge-Rebuild/hgraph/nodes/eb7224c3e87a.md
D	MainProjects/Algebraic-Jacobian-Challenge-Rebuild/hgraph/nodes/eb74bcee4583.md
M	MainProjects/Algebraic-Jacobian-Challenge-Rebuild/hgraph/nodes/eb79d8642385.md
M	MainProjects/Algebraic-Jacobian-Challenge-Rebuild/hgraph/nodes/eb7bc6063b47.md
M	MainProjects/Algebraic-Jacobian-Challenge-Rebuild/hgraph/nodes/eb7feb7969aa.md
M	MainProjects/Algebraic-Jacobian-Challenge-Rebuild/hgraph/nodes/eb8b46dd3aef.md
M	MainProjects/Algebraic-Jacobian-Challenge-Rebuild/hgraph/nodes/eba67ff3d00e.md
M	MainProjects/Algebraic-Jacobian-Challenge-Rebuild/hgraph/nodes/eba6d6bd90b2.md
D	MainProjects/Algebraic-Jacobian-Challenge-Rebuild/hgraph/nodes/ebb19d42ccc1.md
M	MainProjects/Algebraic-Jacobian-Challenge-Rebuild/hgraph/nodes/ebba9d7e0f84.md
M	MainProjects/Algebraic-Jacobian-Challenge-Rebuild/hgraph/nodes/ebc2e5630694.md
M	MainProjects/Algebraic-Jacobian-Challenge-Rebuild/hgraph/nodes/ebc4d98b8fdb.md
M	MainProjects/Algebraic-Jacobian-Challenge-Rebuild/hgraph/nodes/ebc9389dc364.md
M	MainProjects/Algebraic-Jacobian-Challenge-Rebuild/hgraph/nodes/ebcf15df04e5.md
M	MainProjects/Algebraic-Jacobian-Challenge-Rebuild/hgraph/nodes/ebdf43ec5b0a.md
M	MainProjects/Algebraic-Jacobian-Challenge-Rebuild/hgraph/nodes/ebf1caafd03b.md
M	MainProjects/Algebraic-Jacobian-Challenge-Rebuild/hgraph/nodes/ebf56d9a1857.md
M	MainProjects/Algebraic-Jacobian-Challenge-Rebuild/hgraph/nodes/ec009fb6a9f0.md
M	MainProjects/Algebraic-Jacobian-Challenge-Rebuild/hgraph/nodes/ec06d3867256.md
M	MainProjects/Algebraic-Jacobian-Challenge-Rebuild/hgraph/nodes/ec11ec443ab9.md
M	MainProjects/Algebraic-Jacobian-Challenge-Rebuild/hgraph/nodes/ec16cec51baa.md
M	MainProjects/Algebraic-Jacobian-Challenge-Rebuild/hgraph/nodes/ec188c48ce73.md
M	MainProjects/Algebraic-Jacobian-Challenge-Rebuild/hgraph/nodes/ec1df1d40783.md
M	MainProjects/Algebraic-Jacobian-Challenge-Rebuild/hgraph/nodes/ec1f145088cc.md
M	MainProjects/Algebraic-Jacobian-Challenge-Rebuild/hgraph/nodes/ec2944c3b2a2.md
M	MainProjects/Algebraic-Jacobian-Challenge-Rebuild/hgraph/nodes/ec2d7019ffb3.md
M	MainProjects/Algebraic-Jacobian-Challenge-Rebuild/hgraph/nodes/ec380d6d04e3.md
M	MainProjects/Algebraic-Jacobian-Challenge-Rebuild/hgraph/nodes/ec405c2ca3a9.md
M	MainProjects/Algebraic-Jacobian-Challenge-Rebuild/hgraph/nodes/ec4576d4e862.md
M	MainProjects/Algebraic-Jacobian-Challenge-Rebuild/hgraph/nodes/ec45b96c904d.md
M	MainProjects/Algebraic-Jacobian-Challenge-Rebuild/hgraph/nodes/ec597908e0a6.md
M	MainProjects/Algebraic-Jacobian-Challenge-Rebuild/hgraph/nodes/ec67896e1b82.md
M	MainProjects/Algebraic-Jacobian-Challenge-Rebuild/hgraph/nodes/ec6e0ae5d6fa.md
M	MainProjects/Algebraic-Jacobian-Challenge-Rebuild/hgraph/nodes/ec88d2dbe68e.md
M	MainProjects/Algebraic-Jacobian-Challenge-Rebuild/hgraph/nodes/ec99a2d9d1cd.md
M	MainProjects/Algebraic-Jacobian-Challenge-Rebuild/hgraph/nodes/eca273fc7488.md
M	MainProjects/Algebraic-Jacobian-Challenge-Rebuild/hgraph/nodes/ecb1c1bd51fd.md
M	MainProjects/Algebraic-Jacobian-Challenge-Rebuild/hgraph/nodes/ecb71f72f42b.md
M	MainProjects/Algebraic-Jacobian-Challenge-Rebuild/hgraph/nodes/ecb7827c6655.md
M	MainProjects/Algebraic-Jacobian-Challenge-Rebuild/hgraph/nodes/ecbee98a3c1e.md
M	MainProjects/Algebraic-Jacobian-Challenge-Rebuild/hgraph/nodes/ecc28fcf4eb0.md
M	MainProjects/Algebraic-Jacobian-Challenge-Rebuild/hgraph/nodes/ecc3f8216345.md
M	MainProjects/Algebraic-Jacobian-Challenge-Rebuild/hgraph/nodes/eccd3a0c775d.md
M	MainProjects/Algebraic-Jacobian-Challenge-Rebuild/hgraph/nodes/ecd378c7455d.md
M	MainProjects/Algebraic-Jacobian-Challenge-Rebuild/hgraph/nodes/ecd92b6cee67.md
M	MainProjects/Algebraic-Jacobian-Challenge-Rebuild/hgraph/nodes/ecec1209120c.md
M	MainProjects/Algebraic-Jacobian-Challenge-Rebuild/hgraph/nodes/ecfc697a76d2.md
M	MainProjects/Algebraic-Jacobian-Challenge-Rebuild/hgraph/nodes/ecff24246fdc.md
M	MainProjects/Algebraic-Jacobian-Challenge-Rebuild/hgraph/nodes/ed05282e4280.md
M	MainProjects/Algebraic-Jacobian-Challenge-Rebuild/hgraph/nodes/ed0eda48be58.md
M	MainProjects/Algebraic-Jacobian-Challenge-Rebuild/hgraph/nodes/ed0f1554f388.md
M	MainProjects/Algebraic-Jacobian-Challenge-Rebuild/hgraph/nodes/ed1219053edd.md
M	MainProjects/Algebraic-Jacobian-Challenge-Rebuild/hgraph/nodes/ed360dbef5d5.md
M	MainProjects/Algebraic-Jacobian-Challenge-Rebuild/hgraph/nodes/ed37f16561f6.md
M	MainProjects/Algebraic-Jacobian-Challenge-Rebuild/hgraph/nodes/ed3a130eb2ed.md
M	MainProjects/Algebraic-Jacobian-Challenge-Rebuild/hgraph/nodes/ed40cc3ee112.md
M	MainProjects/Algebraic-Jacobian-Challenge-Rebuild/hgraph/nodes/ed40e56fb283.md
M	MainProjects/Algebraic-Jacobian-Challenge-Rebuild/hgraph/nodes/ed43369b5b20.md
M	MainProjects/Algebraic-Jacobian-Challenge-Rebuild/hgraph/nodes/ed4a4bb9c564.md
M	MainProjects/Algebraic-Jacobian-Challenge-Rebuild/hgraph/nodes/ed53d4efd46d.md
M	MainProjects/Algebraic-Jacobian-Challenge-Rebuild/hgraph/nodes/ed540d81e3fe.md
M	MainProjects/Algebraic-Jacobian-Challenge-Rebuild/hgraph/nodes/ed55f6d86786.md
M	MainProjects/Algebraic-Jacobian-Challenge-Rebuild/hgraph/nodes/ed56beda58c6.md
M	MainProjects/Algebraic-Jacobian-Challenge-Rebuild/hgraph/nodes/ed5cfe20fde3.md
M	MainProjects/Algebraic-Jacobian-Challenge-Rebuild/hgraph/nodes/ed6cbd9c510f.md
M	MainProjects/Algebraic-Jacobian-Challenge-Rebuild/hgraph/nodes/ed6fe3135200.md
D	MainProjects/Algebraic-Jacobian-Challenge-Rebuild/hgraph/nodes/ed7ea538bea1.md
M	MainProjects/Algebraic-Jacobian-Challenge-Rebuild/hgraph/nodes/ed8504df02fe.md
M	MainProjects/Algebraic-Jacobian-Challenge-Rebuild/hgraph/nodes/ed86c1ab2535.md
M	MainProjects/Algebraic-Jacobian-Challenge-Rebuild/hgraph/nodes/ed8d2649f731.md
M	MainProjects/Algebraic-Jacobian-Challenge-Rebuild/hgraph/nodes/ed9239a36359.md
M	MainProjects/Algebraic-Jacobian-Challenge-Rebuild/hgraph/nodes/ed937c433b7b.md
M	MainProjects/Algebraic-Jacobian-Challenge-Rebuild/hgraph/nodes/ed9819d52077.md
M	MainProjects/Algebraic-Jacobian-Challenge-Rebuild/hgraph/nodes/edabe16cf69a.md
M	MainProjects/Algebraic-Jacobian-Challenge-Rebuild/hgraph/nodes/edc5db37ea32.md
M	MainProjects/Algebraic-Jacobian-Challenge-Rebuild/hgraph/nodes/edd1dbdbf88f.md
M	MainProjects/Algebraic-Jacobian-Challenge-Rebuild/hgraph/nodes/eddca54bbeb7.md
M	MainProjects/Algebraic-Jacobian-Challenge-Rebuild/hgraph/nodes/ee01d0f5ea53.md
M	MainProjects/Algebraic-Jacobian-Challenge-Rebuild/hgraph/nodes/ee06c86bb85c.md
M	MainProjects/Algebraic-Jacobian-Challenge-Rebuild/hgraph/nodes/ee0e8112803f.md
M	MainProjects/Algebraic-Jacobian-Challenge-Rebuild/hgraph/nodes/ee179ab08052.md
M	MainProjects/Algebraic-Jacobian-Challenge-Rebuild/hgraph/nodes/ee2947469a7a.md
M	MainProjects/Algebraic-Jacobian-Challenge-Rebuild/hgraph/nodes/ee416cb3994b.md
M	MainProjects/Algebraic-Jacobian-Challenge-Rebuild/hgraph/nodes/ee423e1561f9.md
M	MainProjects/Algebraic-Jacobian-Challenge-Rebuild/hgraph/nodes/ee4765426020.md
D	MainProjects/Algebraic-Jacobian-Challenge-Rebuild/hgraph/nodes/ee5960e9c7a7.md
M	MainProjects/Algebraic-Jacobian-Challenge-Rebuild/hgraph/nodes/ee5d7d98883d.md
M	MainProjects/Algebraic-Jacobian-Challenge-Rebuild/hgraph/nodes/ee5ef26bbe16.md
M	MainProjects/Algebraic-Jacobian-Challenge-Rebuild/hgraph/nodes/ee680ae998c8.md
M	MainProjects/Algebraic-Jacobian-Challenge-Rebuild/hgraph/nodes/ee6da558f1e9.md
M	MainProjects/Algebraic-Jacobian-Challenge-Rebuild/hgraph/nodes/ee77659f4526.md
M	MainProjects/Algebraic-Jacobian-Challenge-Rebuild/hgraph/nodes/ee8444a5736b.md
M	MainProjects/Algebraic-Jacobian-Challenge-Rebuild/hgraph/nodes/ee86d56bd2c7.md
M	MainProjects/Algebraic-Jacobian-Challenge-Rebuild/hgraph/nodes/ee87ef7eeed5.md
M	MainProjects/Algebraic-Jacobian-Challenge-Rebuild/hgraph/nodes/ee88391f9c2e.md
M	MainProjects/Algebraic-Jacobian-Challenge-Rebuild/hgraph/nodes/ee88d9086fee.md
M	MainProjects/Algebraic-Jacobian-Challenge-Rebuild/hgraph/nodes/ee8e576c5c02.md
M	MainProjects/Algebraic-Jacobian-Challenge-Rebuild/hgraph/nodes/eeaedebf4f95.md
M	MainProjects/Algebraic-Jacobian-Challenge-Rebuild/hgraph/nodes/eeb5788c7530.md
M	MainProjects/Algebraic-Jacobian-Challenge-Rebuild/hgraph/nodes/eeb8098b1e34.md
M	MainProjects/Algebraic-Jacobian-Challenge-Rebuild/hgraph/nodes/eeb91c69a8c4.md
M	MainProjects/Algebraic-Jacobian-Challenge-Rebuild/hgraph/nodes/eebd4d29db46.md
M	MainProjects/Algebraic-Jacobian-Challenge-Rebuild/hgraph/nodes/eec3fd1244ec.md
M	MainProjects/Algebraic-Jacobian-Challenge-Rebuild/hgraph/nodes/eed0a8cae13d.md
M	MainProjects/Algebraic-Jacobian-Challenge-Rebuild/hgraph/nodes/eeda963e76fc.md
M	MainProjects/Algebraic-Jacobian-Challenge-Rebuild/hgraph/nodes/eee530b24ed8.md
M	MainProjects/Algebraic-Jacobian-Challenge-Rebuild/hgraph/nodes/eef411fddb03.md
M	MainProjects/Algebraic-Jacobian-Challenge-Rebuild/hgraph/nodes/eef9c5a48572.md
M	MainProjects/Algebraic-Jacobian-Challenge-Rebuild/hgraph/nodes/ef061cce5cbf.md
M	MainProjects/Algebraic-Jacobian-Challenge-Rebuild/hgraph/nodes/ef2a30cc2bc3.md
M	MainProjects/Algebraic-Jacobian-Challenge-Rebuild/hgraph/nodes/ef2e6c6636b6.md
M	MainProjects/Algebraic-Jacobian-Challenge-Rebuild/hgraph/nodes/ef343dfde432.md
D	MainProjects/Algebraic-Jacobian-Challenge-Rebuild/hgraph/nodes/ef3458824bdc.md
M	MainProjects/Algebraic-Jacobian-Challenge-Rebuild/hgraph/nodes/ef38d4adfcc5.md
M	MainProjects/Algebraic-Jacobian-Challenge-Rebuild/hgraph/nodes/ef3c8b927154.md
M	MainProjects/Algebraic-Jacobian-Challenge-Rebuild/hgraph/nodes/ef43f28d7de6.md
M	MainProjects/Algebraic-Jacobian-Challenge-Rebuild/hgraph/nodes/ef4bbf8157b1.md
M	MainProjects/Algebraic-Jacobian-Challenge-Rebuild/hgraph/nodes/ef513fd3fe6b.md
M	MainProjects/Algebraic-Jacobian-Challenge-Rebuild/hgraph/nodes/ef52ef9ea391.md
M	MainProjects/Algebraic-Jacobian-Challenge-Rebuild/hgraph/nodes/ef5ab112a412.md
M	MainProjects/Algebraic-Jacobian-Challenge-Rebuild/hgraph/nodes/ef619ec74145.md
M	MainProjects/Algebraic-Jacobian-Challenge-Rebuild/hgraph/nodes/ef625c6e383a.md
M	MainProjects/Algebraic-Jacobian-Challenge-Rebuild/hgraph/nodes/ef66c5d0401e.md
M	MainProjects/Algebraic-Jacobian-Challenge-Rebuild/hgraph/nodes/ef6bf4c526cb.md
M	MainProjects/Algebraic-Jacobian-Challenge-Rebuild/hgraph/nodes/ef7a51d27be0.md
M	MainProjects/Algebraic-Jacobian-Challenge-Rebuild/hgraph/nodes/ef91178864e1.md
M	MainProjects/Algebraic-Jacobian-Challenge-Rebuild/hgraph/nodes/efa3c14b78a3.md
M	MainProjects/Algebraic-Jacobian-Challenge-Rebuild/hgraph/nodes/efb32e7659fa.md
M	MainProjects/Algebraic-Jacobian-Challenge-Rebuild/hgraph/nodes/efb49cfeec93.md
M	MainProjects/Algebraic-Jacobian-Challenge-Rebuild/hgraph/nodes/efcf7da78513.md
M	MainProjects/Algebraic-Jacobian-Challenge-Rebuild/hgraph/nodes/efdeff56c0e9.md
M	MainProjects/Algebraic-Jacobian-Challenge-Rebuild/hgraph/nodes/efe7cc604e47.md
M	MainProjects/Algebraic-Jacobian-Challenge-Rebuild/hgraph/nodes/eff8a96b4694.md
M	MainProjects/Algebraic-Jacobian-Challenge-Rebuild/hgraph/nodes/effa321dbcd9.md
M	MainProjects/Algebraic-Jacobian-Challenge-Rebuild/hgraph/nodes/f005cc5a9666.md
M	MainProjects/Algebraic-Jacobian-Challenge-Rebuild/hgraph/nodes/f00870486c16.md
M	MainProjects/Algebraic-Jacobian-Challenge-Rebuild/hgraph/nodes/f00d30512723.md
M	MainProjects/Algebraic-Jacobian-Challenge-Rebuild/hgraph/nodes/f01002cb648c.md
M	MainProjects/Algebraic-Jacobian-Challenge-Rebuild/hgraph/nodes/f0135234130f.md
M	MainProjects/Algebraic-Jacobian-Challenge-Rebuild/hgraph/nodes/f016d3baf588.md
M	MainProjects/Algebraic-Jacobian-Challenge-Rebuild/hgraph/nodes/f01c27d04327.md
M	MainProjects/Algebraic-Jacobian-Challenge-Rebuild/hgraph/nodes/f01f2b6e7de2.md
M	MainProjects/Algebraic-Jacobian-Challenge-Rebuild/hgraph/nodes/f0224aab48f5.md
M	MainProjects/Algebraic-Jacobian-Challenge-Rebuild/hgraph/nodes/f0260acb6f92.md
M	MainProjects/Algebraic-Jacobian-Challenge-Rebuild/hgraph/nodes/f02e33cda1b4.md
M	MainProjects/Algebraic-Jacobian-Challenge-Rebuild/hgraph/nodes/f02ef8e7bb8f.md
M	MainProjects/Algebraic-Jacobian-Challenge-Rebuild/hgraph/nodes/f039e726277b.md
M	MainProjects/Algebraic-Jacobian-Challenge-Rebuild/hgraph/nodes/f03e3bcaf2f4.md
M	MainProjects/Algebraic-Jacobian-Challenge-Rebuild/hgraph/nodes/f040424abaf7.md
M	MainProjects/Algebraic-Jacobian-Challenge-Rebuild/hgraph/nodes/f0464d920613.md
M	MainProjects/Algebraic-Jacobian-Challenge-Rebuild/hgraph/nodes/f0493ed8829e.md
M	MainProjects/Algebraic-Jacobian-Challenge-Rebuild/hgraph/nodes/f049ae617869.md
M	MainProjects/Algebraic-Jacobian-Challenge-Rebuild/hgraph/nodes/f054e6e702e1.md
M	MainProjects/Algebraic-Jacobian-Challenge-Rebuild/hgraph/nodes/f059ab91e37a.md
M	MainProjects/Algebraic-Jacobian-Challenge-Rebuild/hgraph/nodes/f05c337d80f7.md
M	MainProjects/Algebraic-Jacobian-Challenge-Rebuild/hgraph/nodes/f0660d1c643e.md
M	MainProjects/Algebraic-Jacobian-Challenge-Rebuild/hgraph/nodes/f06b8b818912.md
M	MainProjects/Algebraic-Jacobian-Challenge-Rebuild/hgraph/nodes/f0749e16d51c.md
M	MainProjects/Algebraic-Jacobian-Challenge-Rebuild/hgraph/nodes/f07f5732ba28.md
M	MainProjects/Algebraic-Jacobian-Challenge-Rebuild/hgraph/nodes/f08c7801ff10.md
M	MainProjects/Algebraic-Jacobian-Challenge-Rebuild/hgraph/nodes/f0a008919793.md
M	MainProjects/Algebraic-Jacobian-Challenge-Rebuild/hgraph/nodes/f0c1506d3be1.md
M	MainProjects/Algebraic-Jacobian-Challenge-Rebuild/hgraph/nodes/f0cf8a4979a8.md
M	MainProjects/Algebraic-Jacobian-Challenge-Rebuild/hgraph/nodes/f0da40cdc18a.md
M	MainProjects/Algebraic-Jacobian-Challenge-Rebuild/hgraph/nodes/f0dc98b65471.md
M	MainProjects/Algebraic-Jacobian-Challenge-Rebuild/hgraph/nodes/f0e01fe33469.md
M	MainProjects/Algebraic-Jacobian-Challenge-Rebuild/hgraph/nodes/f0e883e5f571.md
M	MainProjects/Algebraic-Jacobian-Challenge-Rebuild/hgraph/nodes/f0f0db993041.md
M	MainProjects/Algebraic-Jacobian-Challenge-Rebuild/hgraph/nodes/f102cdbe11a5.md
M	MainProjects/Algebraic-Jacobian-Challenge-Rebuild/hgraph/nodes/f10bf44c1157.md
M	MainProjects/Algebraic-Jacobian-Challenge-Rebuild/hgraph/nodes/f123303b8de8.md
M	MainProjects/Algebraic-Jacobian-Challenge-Rebuild/hgraph/nodes/f134b57473ec.md
M	MainProjects/Algebraic-Jacobian-Challenge-Rebuild/hgraph/nodes/f13fd36c5ac2.md
M	MainProjects/Algebraic-Jacobian-Challenge-Rebuild/hgraph/nodes/f1435183b6b6.md
M	MainProjects/Algebraic-Jacobian-Challenge-Rebuild/hgraph/nodes/f14638aff076.md
M	MainProjects/Algebraic-Jacobian-Challenge-Rebuild/hgraph/nodes/f148d4189c27.md
M	MainProjects/Algebraic-Jacobian-Challenge-Rebuild/hgraph/nodes/f156e1d1ee17.md
M	MainProjects/Algebraic-Jacobian-Challenge-Rebuild/hgraph/nodes/f15ac68ce6f6.md
M	MainProjects/Algebraic-Jacobian-Challenge-Rebuild/hgraph/nodes/f1711c1ac42d.md
M	MainProjects/Algebraic-Jacobian-Challenge-Rebuild/hgraph/nodes/f175259a89f4.md
M	MainProjects/Algebraic-Jacobian-Challenge-Rebuild/hgraph/nodes/f1785423ad4a.md
M	MainProjects/Algebraic-Jacobian-Challenge-Rebuild/hgraph/nodes/f17a6ad25a63.md
M	MainProjects/Algebraic-Jacobian-Challenge-Rebuild/hgraph/nodes/f181903f64a2.md
M	MainProjects/Algebraic-Jacobian-Challenge-Rebuild/hgraph/nodes/f18834e2c71d.md
M	MainProjects/Algebraic-Jacobian-Challenge-Rebuild/hgraph/nodes/f194ad2c93fa.md
M	MainProjects/Algebraic-Jacobian-Challenge-Rebuild/hgraph/nodes/f19780af2c42.md
M	MainProjects/Algebraic-Jacobian-Challenge-Rebuild/hgraph/nodes/f19b606c33da.md
M	MainProjects/Algebraic-Jacobian-Challenge-Rebuild/hgraph/nodes/f1aa83425a6e.md
M	MainProjects/Algebraic-Jacobian-Challenge-Rebuild/hgraph/nodes/f1b4fc632360.md
M	MainProjects/Algebraic-Jacobian-Challenge-Rebuild/hgraph/nodes/f1c17f4da781.md
M	MainProjects/Algebraic-Jacobian-Challenge-Rebuild/hgraph/nodes/f1c6b39e1374.md
M	MainProjects/Algebraic-Jacobian-Challenge-Rebuild/hgraph/nodes/f1cc19d22f13.md
M	MainProjects/Algebraic-Jacobian-Challenge-Rebuild/hgraph/nodes/f1db9446c6b9.md
M	MainProjects/Algebraic-Jacobian-Challenge-Rebuild/hgraph/nodes/f1dc5b96c2a5.md
M	MainProjects/Algebraic-Jacobian-Challenge-Rebuild/hgraph/nodes/f1de62048299.md
M	MainProjects/Algebraic-Jacobian-Challenge-Rebuild/hgraph/nodes/f1e0e8e49237.md
M	MainProjects/Algebraic-Jacobian-Challenge-Rebuild/hgraph/nodes/f1e9a3a078ea.md
M	MainProjects/Algebraic-Jacobian-Challenge-Rebuild/hgraph/nodes/f1fd7f1198c5.md
M	MainProjects/Algebraic-Jacobian-Challenge-Rebuild/hgraph/nodes/f1ffae04409a.md
M	MainProjects/Algebraic-Jacobian-Challenge-Rebuild/hgraph/nodes/f2034e97c1e1.md
M	MainProjects/Algebraic-Jacobian-Challenge-Rebuild/hgraph/nodes/f208ad13121a.md
M	MainProjects/Algebraic-Jacobian-Challenge-Rebuild/hgraph/nodes/f20ad5b08db9.md
M	MainProjects/Algebraic-Jacobian-Challenge-Rebuild/hgraph/nodes/f20df197105f.md
M	MainProjects/Algebraic-Jacobian-Challenge-Rebuild/hgraph/nodes/f21562789d34.md
M	MainProjects/Algebraic-Jacobian-Challenge-Rebuild/hgraph/nodes/f21db45f8e05.md
M	MainProjects/Algebraic-Jacobian-Challenge-Rebuild/hgraph/nodes/f2320cf736d9.md
M	MainProjects/Algebraic-Jacobian-Challenge-Rebuild/hgraph/nodes/f234983ede18.md
M	MainProjects/Algebraic-Jacobian-Challenge-Rebuild/hgraph/nodes/f23dcf5875b4.md
M	MainProjects/Algebraic-Jacobian-Challenge-Rebuild/hgraph/nodes/f2400a4a8c3e.md
M	MainProjects/Algebraic-Jacobian-Challenge-Rebuild/hgraph/nodes/f2438f94a001.md
M	MainProjects/Algebraic-Jacobian-Challenge-Rebuild/hgraph/nodes/f245d829cc5b.md
M	MainProjects/Algebraic-Jacobian-Challenge-Rebuild/hgraph/nodes/f24e53f8382c.md
M	MainProjects/Algebraic-Jacobian-Challenge-Rebuild/hgraph/nodes/f255bc38305b.md
M	MainProjects/Algebraic-Jacobian-Challenge-Rebuild/hgraph/nodes/f2666d24587f.md
M	MainProjects/Algebraic-Jacobian-Challenge-Rebuild/hgraph/nodes/f26c88dbc018.md
M	MainProjects/Algebraic-Jacobian-Challenge-Rebuild/hgraph/nodes/f2848356afb9.md
M	MainProjects/Algebraic-Jacobian-Challenge-Rebuild/hgraph/nodes/f28c4841d1c8.md
M	MainProjects/Algebraic-Jacobian-Challenge-Rebuild/hgraph/nodes/f29455f90130.md
M	MainProjects/Algebraic-Jacobian-Challenge-Rebuild/hgraph/nodes/f298a6165231.md
M	MainProjects/Algebraic-Jacobian-Challenge-Rebuild/hgraph/nodes/f299c7a3d94d.md
M	MainProjects/Algebraic-Jacobian-Challenge-Rebuild/hgraph/nodes/f29ab92eea07.md
M	MainProjects/Algebraic-Jacobian-Challenge-Rebuild/hgraph/nodes/f2a0e53d0476.md
M	MainProjects/Algebraic-Jacobian-Challenge-Rebuild/hgraph/nodes/f2a25939b186.md
M	MainProjects/Algebraic-Jacobian-Challenge-Rebuild/hgraph/nodes/f2b5946ce80e.md
M	MainProjects/Algebraic-Jacobian-Challenge-Rebuild/hgraph/nodes/f2bfe674e482.md
D	MainProjects/Algebraic-Jacobian-Challenge-Rebuild/hgraph/nodes/f2c3daa03d08.md
M	MainProjects/Algebraic-Jacobian-Challenge-Rebuild/hgraph/nodes/f2c68a2402a1.md
M	MainProjects/Algebraic-Jacobian-Challenge-Rebuild/hgraph/nodes/f2c6af6a0af2.md
M	MainProjects/Algebraic-Jacobian-Challenge-Rebuild/hgraph/nodes/f2d3e5e9652b.md
M	MainProjects/Algebraic-Jacobian-Challenge-Rebuild/hgraph/nodes/f2e594d1b5e6.md
M	MainProjects/Algebraic-Jacobian-Challenge-Rebuild/hgraph/nodes/f2e7071b67d2.md
M	MainProjects/Algebraic-Jacobian-Challenge-Rebuild/hgraph/nodes/f2f7af7055a4.md
M	MainProjects/Algebraic-Jacobian-Challenge-Rebuild/hgraph/nodes/f2f9aa1e4193.md
M	MainProjects/Algebraic-Jacobian-Challenge-Rebuild/hgraph/nodes/f2f9ce714756.md
M	MainProjects/Algebraic-Jacobian-Challenge-Rebuild/hgraph/nodes/f2f9f1ff45f6.md
M	MainProjects/Algebraic-Jacobian-Challenge-Rebuild/hgraph/nodes/f2fb5470e395.md
M	MainProjects/Algebraic-Jacobian-Challenge-Rebuild/hgraph/nodes/f31068aa0fe2.md
M	MainProjects/Algebraic-Jacobian-Challenge-Rebuild/hgraph/nodes/f31afa54b6dc.md
M	MainProjects/Algebraic-Jacobian-Challenge-Rebuild/hgraph/nodes/f32054199cb0.md
M	MainProjects/Algebraic-Jacobian-Challenge-Rebuild/hgraph/nodes/f32aedb1b2a5.md
M	MainProjects/Algebraic-Jacobian-Challenge-Rebuild/hgraph/nodes/f32d07193456.md
M	MainProjects/Algebraic-Jacobian-Challenge-Rebuild/hgraph/nodes/f3366ec8dc5c.md
M	MainProjects/Algebraic-Jacobian-Challenge-Rebuild/hgraph/nodes/f33b0ccd5eaf.md
M	MainProjects/Algebraic-Jacobian-Challenge-Rebuild/hgraph/nodes/f348773ca1a5.md
M	MainProjects/Algebraic-Jacobian-Challenge-Rebuild/hgraph/nodes/f348fb0f2a37.md
M	MainProjects/Algebraic-Jacobian-Challenge-Rebuild/hgraph/nodes/f34972720706.md
M	MainProjects/Algebraic-Jacobian-Challenge-Rebuild/hgraph/nodes/f35147734632.md
M	MainProjects/Algebraic-Jacobian-Challenge-Rebuild/hgraph/nodes/f3591039f3a3.md
M	MainProjects/Algebraic-Jacobian-Challenge-Rebuild/hgraph/nodes/f38007f5ecbb.md
M	MainProjects/Algebraic-Jacobian-Challenge-Rebuild/hgraph/nodes/f38c03391727.md
M	MainProjects/Algebraic-Jacobian-Challenge-Rebuild/hgraph/nodes/f38c3db9c7f1.md
M	MainProjects/Algebraic-Jacobian-Challenge-Rebuild/hgraph/nodes/f39320b74c93.md
M	MainProjects/Algebraic-Jacobian-Challenge-Rebuild/hgraph/nodes/f395252e5fd6.md
M	MainProjects/Algebraic-Jacobian-Challenge-Rebuild/hgraph/nodes/f3a105069c9c.md
M	MainProjects/Algebraic-Jacobian-Challenge-Rebuild/hgraph/nodes/f3a262f4ce8c.md
M	MainProjects/Algebraic-Jacobian-Challenge-Rebuild/hgraph/nodes/f3a9e28fe7e4.md
M	MainProjects/Algebraic-Jacobian-Challenge-Rebuild/hgraph/nodes/f3ad7d6744f0.md
M	MainProjects/Algebraic-Jacobian-Challenge-Rebuild/hgraph/nodes/f3b49dd0d826.md
M	MainProjects/Algebraic-Jacobian-Challenge-Rebuild/hgraph/nodes/f3b56fdd10f0.md
M	MainProjects/Algebraic-Jacobian-Challenge-Rebuild/hgraph/nodes/f3b628c87c6f.md
M	MainProjects/Algebraic-Jacobian-Challenge-Rebuild/hgraph/nodes/f3b8fa2b50a0.md
M	MainProjects/Algebraic-Jacobian-Challenge-Rebuild/hgraph/nodes/f3bbbebfd5a0.md
M	MainProjects/Algebraic-Jacobian-Challenge-Rebuild/hgraph/nodes/f3bf7aa709fc.md
M	MainProjects/Algebraic-Jacobian-Challenge-Rebuild/hgraph/nodes/f3c02f559a31.md
M	MainProjects/Algebraic-Jacobian-Challenge-Rebuild/hgraph/nodes/f3c12942d6cb.md
M	MainProjects/Algebraic-Jacobian-Challenge-Rebuild/hgraph/nodes/f3d57ef2f4d4.md
M	MainProjects/Algebraic-Jacobian-Challenge-Rebuild/hgraph/nodes/f3d7fff8ad8d.md
M	MainProjects/Algebraic-Jacobian-Challenge-Rebuild/hgraph/nodes/f3dcce0b6f25.md
M	MainProjects/Algebraic-Jacobian-Challenge-Rebuild/hgraph/nodes/f3df052863cf.md
M	MainProjects/Algebraic-Jacobian-Challenge-Rebuild/hgraph/nodes/f3e048712476.md
M	MainProjects/Algebraic-Jacobian-Challenge-Rebuild/hgraph/nodes/f3e60b6e3355.md
M	MainProjects/Algebraic-Jacobian-Challenge-Rebuild/hgraph/nodes/f3e9347cab50.md
M	MainProjects/Algebraic-Jacobian-Challenge-Rebuild/hgraph/nodes/f3e941ede3d7.md
M	MainProjects/Algebraic-Jacobian-Challenge-Rebuild/hgraph/nodes/f3ee6ad15198.md
D	MainProjects/Algebraic-Jacobian-Challenge-Rebuild/hgraph/nodes/f3ef30ff6be8.md
M	MainProjects/Algebraic-Jacobian-Challenge-Rebuild/hgraph/nodes/f40211057667.md
M	MainProjects/Algebraic-Jacobian-Challenge-Rebuild/hgraph/nodes/f4098244733d.md
M	MainProjects/Algebraic-Jacobian-Challenge-Rebuild/hgraph/nodes/f4140e1edc16.md
M	MainProjects/Algebraic-Jacobian-Challenge-Rebuild/hgraph/nodes/f425f77917b9.md
M	MainProjects/Algebraic-Jacobian-Challenge-Rebuild/hgraph/nodes/f42d09c98eee.md
M	MainProjects/Algebraic-Jacobian-Challenge-Rebuild/hgraph/nodes/f430410e175b.md
M	MainProjects/Algebraic-Jacobian-Challenge-Rebuild/hgraph/nodes/f43dcf9a306f.md
M	MainProjects/Algebraic-Jacobian-Challenge-Rebuild/hgraph/nodes/f43efbcdf1e9.md
M	MainProjects/Algebraic-Jacobian-Challenge-Rebuild/hgraph/nodes/f44f71869677.md
M	MainProjects/Algebraic-Jacobian-Challenge-Rebuild/hgraph/nodes/f45d0f97584d.md
M	MainProjects/Algebraic-Jacobian-Challenge-Rebuild/hgraph/nodes/f45e381023d4.md
M	MainProjects/Algebraic-Jacobian-Challenge-Rebuild/hgraph/nodes/f4608c6f3940.md
M	MainProjects/Algebraic-Jacobian-Challenge-Rebuild/hgraph/nodes/f4741cbfe468.md
M	MainProjects/Algebraic-Jacobian-Challenge-Rebuild/hgraph/nodes/f47aba4d92ec.md
M	MainProjects/Algebraic-Jacobian-Challenge-Rebuild/hgraph/nodes/f47d0e19efb0.md
M	MainProjects/Algebraic-Jacobian-Challenge-Rebuild/hgraph/nodes/f47f9f2962a0.md
M	MainProjects/Algebraic-Jacobian-Challenge-Rebuild/hgraph/nodes/f484f94e4a35.md
M	MainProjects/Algebraic-Jacobian-Challenge-Rebuild/hgraph/nodes/f486a861df60.md
M	MainProjects/Algebraic-Jacobian-Challenge-Rebuild/hgraph/nodes/f48cb65a9549.md
M	MainProjects/Algebraic-Jacobian-Challenge-Rebuild/hgraph/nodes/f48e0a447d85.md
M	MainProjects/Algebraic-Jacobian-Challenge-Rebuild/hgraph/nodes/f49d32adc956.md
M	MainProjects/Algebraic-Jacobian-Challenge-Rebuild/hgraph/nodes/f49dd0f0ecd6.md
M	MainProjects/Algebraic-Jacobian-Challenge-Rebuild/hgraph/nodes/f4ac55c03523.md
M	MainProjects/Algebraic-Jacobian-Challenge-Rebuild/hgraph/nodes/f4c714a3df3c.md
M	MainProjects/Algebraic-Jacobian-Challenge-Rebuild/hgraph/nodes/f4ca11eeaaf7.md
M	MainProjects/Algebraic-Jacobian-Challenge-Rebuild/hgraph/nodes/f4cc14d8e138.md
M	MainProjects/Algebraic-Jacobian-Challenge-Rebuild/hgraph/nodes/f4cd4f7fef43.md
M	MainProjects/Algebraic-Jacobian-Challenge-Rebuild/hgraph/nodes/f4dfb8059f3e.md
M	MainProjects/Algebraic-Jacobian-Challenge-Rebuild/hgraph/nodes/f4e5cf375d68.md
M	MainProjects/Algebraic-Jacobian-Challenge-Rebuild/hgraph/nodes/f4eabd841186.md
M	MainProjects/Algebraic-Jacobian-Challenge-Rebuild/hgraph/nodes/f4ee376970b4.md
M	MainProjects/Algebraic-Jacobian-Challenge-Rebuild/hgraph/nodes/f4f4fae48fef.md
M	MainProjects/Algebraic-Jacobian-Challenge-Rebuild/hgraph/nodes/f504d957941e.md
D	MainProjects/Algebraic-Jacobian-Challenge-Rebuild/hgraph/nodes/f50674386e75.md
M	MainProjects/Algebraic-Jacobian-Challenge-Rebuild/hgraph/nodes/f516e067963e.md
M	MainProjects/Algebraic-Jacobian-Challenge-Rebuild/hgraph/nodes/f5180862c1c7.md
M	MainProjects/Algebraic-Jacobian-Challenge-Rebuild/hgraph/nodes/f51d9d4a50f3.md
M	MainProjects/Algebraic-Jacobian-Challenge-Rebuild/hgraph/nodes/f5208b32c295.md
M	MainProjects/Algebraic-Jacobian-Challenge-Rebuild/hgraph/nodes/f5248c1817b3.md
M	MainProjects/Algebraic-Jacobian-Challenge-Rebuild/hgraph/nodes/f53c7fd3f702.md
M	MainProjects/Algebraic-Jacobian-Challenge-Rebuild/hgraph/nodes/f54104a7cdc6.md
M	MainProjects/Algebraic-Jacobian-Challenge-Rebuild/hgraph/nodes/f54891ae541f.md
M	MainProjects/Algebraic-Jacobian-Challenge-Rebuild/hgraph/nodes/f54901cea2fc.md
M	MainProjects/Algebraic-Jacobian-Challenge-Rebuild/hgraph/nodes/f55b29f3e9eb.md
M	MainProjects/Algebraic-Jacobian-Challenge-Rebuild/hgraph/nodes/f55dc5530022.md
M	MainProjects/Algebraic-Jacobian-Challenge-Rebuild/hgraph/nodes/f565bf27f55d.md
M	MainProjects/Algebraic-Jacobian-Challenge-Rebuild/hgraph/nodes/f567cc86be43.md
M	MainProjects/Algebraic-Jacobian-Challenge-Rebuild/hgraph/nodes/f56e41706611.md
M	MainProjects/Algebraic-Jacobian-Challenge-Rebuild/hgraph/nodes/f575efafcc27.md
M	MainProjects/Algebraic-Jacobian-Challenge-Rebuild/hgraph/nodes/f577bf7e7c7b.md
M	MainProjects/Algebraic-Jacobian-Challenge-Rebuild/hgraph/nodes/f57915efb200.md
M	MainProjects/Algebraic-Jacobian-Challenge-Rebuild/hgraph/nodes/f579d3b474ca.md
M	MainProjects/Algebraic-Jacobian-Challenge-Rebuild/hgraph/nodes/f58fecb703ee.md
M	MainProjects/Algebraic-Jacobian-Challenge-Rebuild/hgraph/nodes/f59a4898a9e5.md
M	MainProjects/Algebraic-Jacobian-Challenge-Rebuild/hgraph/nodes/f59a8e563be0.md
M	MainProjects/Algebraic-Jacobian-Challenge-Rebuild/hgraph/nodes/f59c68b1d38a.md
M	MainProjects/Algebraic-Jacobian-Challenge-Rebuild/hgraph/nodes/f5a35e6a2644.md
M	MainProjects/Algebraic-Jacobian-Challenge-Rebuild/hgraph/nodes/f5a3ed67ead5.md
M	MainProjects/Algebraic-Jacobian-Challenge-Rebuild/hgraph/nodes/f5a63147c591.md
M	MainProjects/Algebraic-Jacobian-Challenge-Rebuild/hgraph/nodes/f5b84f101133.md
M	MainProjects/Algebraic-Jacobian-Challenge-Rebuild/hgraph/nodes/f5bda6408efa.md
M	MainProjects/Algebraic-Jacobian-Challenge-Rebuild/hgraph/nodes/f5bf4b859abb.md
M	MainProjects/Algebraic-Jacobian-Challenge-Rebuild/hgraph/nodes/f5c9988e6ef1.md
M	MainProjects/Algebraic-Jacobian-Challenge-Rebuild/hgraph/nodes/f5d6e0ac9909.md
M	MainProjects/Algebraic-Jacobian-Challenge-Rebuild/hgraph/nodes/f5dd6adb34ba.md
D	MainProjects/Algebraic-Jacobian-Challenge-Rebuild/hgraph/nodes/f5e1c93ba91a.md
M	MainProjects/Algebraic-Jacobian-Challenge-Rebuild/hgraph/nodes/f5e9a035d35b.md
M	MainProjects/Algebraic-Jacobian-Challenge-Rebuild/hgraph/nodes/f5ed1d923c36.md
M	MainProjects/Algebraic-Jacobian-Challenge-Rebuild/hgraph/nodes/f5f0b777659b.md
M	MainProjects/Algebraic-Jacobian-Challenge-Rebuild/hgraph/nodes/f607757f0b03.md
M	MainProjects/Algebraic-Jacobian-Challenge-Rebuild/hgraph/nodes/f6085ba1ff99.md
M	MainProjects/Algebraic-Jacobian-Challenge-Rebuild/hgraph/nodes/f60e225bcfbe.md
M	MainProjects/Algebraic-Jacobian-Challenge-Rebuild/hgraph/nodes/f618c66ecb5d.md
M	MainProjects/Algebraic-Jacobian-Challenge-Rebuild/hgraph/nodes/f630169a8164.md
M	MainProjects/Algebraic-Jacobian-Challenge-Rebuild/hgraph/nodes/f6305e3cbbc5.md
M	MainProjects/Algebraic-Jacobian-Challenge-Rebuild/hgraph/nodes/f63b306ac3af.md
M	MainProjects/Algebraic-Jacobian-Challenge-Rebuild/hgraph/nodes/f63f73069e7e.md
M	MainProjects/Algebraic-Jacobian-Challenge-Rebuild/hgraph/nodes/f646811902bd.md
M	MainProjects/Algebraic-Jacobian-Challenge-Rebuild/hgraph/nodes/f64c8ad18a8d.md
M	MainProjects/Algebraic-Jacobian-Challenge-Rebuild/hgraph/nodes/f65728bd3177.md
M	MainProjects/Algebraic-Jacobian-Challenge-Rebuild/hgraph/nodes/f672e11e3504.md
M	MainProjects/Algebraic-Jacobian-Challenge-Rebuild/hgraph/nodes/f67791b4ac4c.md
M	MainProjects/Algebraic-Jacobian-Challenge-Rebuild/hgraph/nodes/f67a2810b304.md
M	MainProjects/Algebraic-Jacobian-Challenge-Rebuild/hgraph/nodes/f686328b3cb6.md
M	MainProjects/Algebraic-Jacobian-Challenge-Rebuild/hgraph/nodes/f6a567f4102d.md
M	MainProjects/Algebraic-Jacobian-Challenge-Rebuild/hgraph/nodes/f6b42ed94d73.md
M	MainProjects/Algebraic-Jacobian-Challenge-Rebuild/hgraph/nodes/f6b800fdcb1a.md
M	MainProjects/Algebraic-Jacobian-Challenge-Rebuild/hgraph/nodes/f6c240341524.md
M	MainProjects/Algebraic-Jacobian-Challenge-Rebuild/hgraph/nodes/f6c8144ff785.md
M	MainProjects/Algebraic-Jacobian-Challenge-Rebuild/hgraph/nodes/f6cd7bafb979.md
M	MainProjects/Algebraic-Jacobian-Challenge-Rebuild/hgraph/nodes/f6d063eb7491.md
M	MainProjects/Algebraic-Jacobian-Challenge-Rebuild/hgraph/nodes/f6d539a4288a.md
M	MainProjects/Algebraic-Jacobian-Challenge-Rebuild/hgraph/nodes/f6dbba8316b8.md
M	MainProjects/Algebraic-Jacobian-Challenge-Rebuild/hgraph/nodes/f6e85d14e8a0.md
M	MainProjects/Algebraic-Jacobian-Challenge-Rebuild/hgraph/nodes/f6ec1c76152f.md
M	MainProjects/Algebraic-Jacobian-Challenge-Rebuild/hgraph/nodes/f6f48ba332bf.md
M	MainProjects/Algebraic-Jacobian-Challenge-Rebuild/hgraph/nodes/f6f5a4d38efa.md
M	MainProjects/Algebraic-Jacobian-Challenge-Rebuild/hgraph/nodes/f6f61a0afacf.md
M	MainProjects/Algebraic-Jacobian-Challenge-Rebuild/hgraph/nodes/f6f721a8e64d.md
M	MainProjects/Algebraic-Jacobian-Challenge-Rebuild/hgraph/nodes/f6ff1d726b7e.md
M	MainProjects/Algebraic-Jacobian-Challenge-Rebuild/hgraph/nodes/f7034b5df071.md
M	MainProjects/Algebraic-Jacobian-Challenge-Rebuild/hgraph/nodes/f70de6164aba.md
M	MainProjects/Algebraic-Jacobian-Challenge-Rebuild/hgraph/nodes/f711ed226f47.md
M	MainProjects/Algebraic-Jacobian-Challenge-Rebuild/hgraph/nodes/f72686d1d84e.md
M	MainProjects/Algebraic-Jacobian-Challenge-Rebuild/hgraph/nodes/f7364f1f2848.md
M	MainProjects/Algebraic-Jacobian-Challenge-Rebuild/hgraph/nodes/f7419d357c0b.md
D	MainProjects/Algebraic-Jacobian-Challenge-Rebuild/hgraph/nodes/f74513698081.md
M	MainProjects/Algebraic-Jacobian-Challenge-Rebuild/hgraph/nodes/f74c8b59d7c2.md
M	MainProjects/Algebraic-Jacobian-Challenge-Rebuild/hgraph/nodes/f74e8455a400.md
M	MainProjects/Algebraic-Jacobian-Challenge-Rebuild/hgraph/nodes/f7530ebeb62f.md
M	MainProjects/Algebraic-Jacobian-Challenge-Rebuild/hgraph/nodes/f75b1df173c9.md
M	MainProjects/Algebraic-Jacobian-Challenge-Rebuild/hgraph/nodes/f7757f73ff0f.md
M	MainProjects/Algebraic-Jacobian-Challenge-Rebuild/hgraph/nodes/f7829938f195.md
M	MainProjects/Algebraic-Jacobian-Challenge-Rebuild/hgraph/nodes/f78f7a4c85e5.md
M	MainProjects/Algebraic-Jacobian-Challenge-Rebuild/hgraph/nodes/f79240f93d4e.md
M	MainProjects/Algebraic-Jacobian-Challenge-Rebuild/hgraph/nodes/f793c345b10a.md
M	MainProjects/Algebraic-Jacobian-Challenge-Rebuild/hgraph/nodes/f79dc046b79e.md
M	MainProjects/Algebraic-Jacobian-Challenge-Rebuild/hgraph/nodes/f79df7343e91.md
M	MainProjects/Algebraic-Jacobian-Challenge-Rebuild/hgraph/nodes/f7ac719ee133.md
M	MainProjects/Algebraic-Jacobian-Challenge-Rebuild/hgraph/nodes/f7b30e688b49.md
M	MainProjects/Algebraic-Jacobian-Challenge-Rebuild/hgraph/nodes/f7b86fbbc2d5.md
M	MainProjects/Algebraic-Jacobian-Challenge-Rebuild/hgraph/nodes/f7cdff4d38d7.md
M	MainProjects/Algebraic-Jacobian-Challenge-Rebuild/hgraph/nodes/f7d2c373bde8.md
M	MainProjects/Algebraic-Jacobian-Challenge-Rebuild/hgraph/nodes/f7db1970b245.md
M	MainProjects/Algebraic-Jacobian-Challenge-Rebuild/hgraph/nodes/f7e8df982805.md
M	MainProjects/Algebraic-Jacobian-Challenge-Rebuild/hgraph/nodes/f7f1fcaeb37e.md
M	MainProjects/Algebraic-Jacobian-Challenge-Rebuild/hgraph/nodes/f7f631a350ea.md
M	MainProjects/Algebraic-Jacobian-Challenge-Rebuild/hgraph/nodes/f8041a259486.md
M	MainProjects/Algebraic-Jacobian-Challenge-Rebuild/hgraph/nodes/f81299fb14bc.md
M	MainProjects/Algebraic-Jacobian-Challenge-Rebuild/hgraph/nodes/f82041968258.md
M	MainProjects/Algebraic-Jacobian-Challenge-Rebuild/hgraph/nodes/f827f75a8152.md
M	MainProjects/Algebraic-Jacobian-Challenge-Rebuild/hgraph/nodes/f82f6fdbe301.md
M	MainProjects/Algebraic-Jacobian-Challenge-Rebuild/hgraph/nodes/f847a0a29d1a.md
M	MainProjects/Algebraic-Jacobian-Challenge-Rebuild/hgraph/nodes/f850e7c579e4.md
M	MainProjects/Algebraic-Jacobian-Challenge-Rebuild/hgraph/nodes/f85d6c86aaf3.md
M	MainProjects/Algebraic-Jacobian-Challenge-Rebuild/hgraph/nodes/f861e58db8b8.md
M	MainProjects/Algebraic-Jacobian-Challenge-Rebuild/hgraph/nodes/f870e42ae091.md
M	MainProjects/Algebraic-Jacobian-Challenge-Rebuild/hgraph/nodes/f87fcbd5b647.md
M	MainProjects/Algebraic-Jacobian-Challenge-Rebuild/hgraph/nodes/f88870bda741.md
M	MainProjects/Algebraic-Jacobian-Challenge-Rebuild/hgraph/nodes/f8999293e54a.md
M	MainProjects/Algebraic-Jacobian-Challenge-Rebuild/hgraph/nodes/f8999a8b041c.md
M	MainProjects/Algebraic-Jacobian-Challenge-Rebuild/hgraph/nodes/f89d90cfd359.md
M	MainProjects/Algebraic-Jacobian-Challenge-Rebuild/hgraph/nodes/f8a4128249d5.md
M	MainProjects/Algebraic-Jacobian-Challenge-Rebuild/hgraph/nodes/f8b0613a9e08.md
M	MainProjects/Algebraic-Jacobian-Challenge-Rebuild/hgraph/nodes/f8b4a62a856a.md
M	MainProjects/Algebraic-Jacobian-Challenge-Rebuild/hgraph/nodes/f8b4d2892950.md
M	MainProjects/Algebraic-Jacobian-Challenge-Rebuild/hgraph/nodes/f8c15fdc50a2.md
M	MainProjects/Algebraic-Jacobian-Challenge-Rebuild/hgraph/nodes/f8c7f26c8c94.md
M	MainProjects/Algebraic-Jacobian-Challenge-Rebuild/hgraph/nodes/f8db3275f19c.md
M	MainProjects/Algebraic-Jacobian-Challenge-Rebuild/hgraph/nodes/f8e47ebb5c41.md
M	MainProjects/Algebraic-Jacobian-Challenge-Rebuild/hgraph/nodes/f8f49272ad27.md
M	MainProjects/Algebraic-Jacobian-Challenge-Rebuild/hgraph/nodes/f8fcaa68c8ab.md
M	MainProjects/Algebraic-Jacobian-Challenge-Rebuild/hgraph/nodes/f9097c58aa2c.md
M	MainProjects/Algebraic-Jacobian-Challenge-Rebuild/hgraph/nodes/f90e9c9b6718.md
M	MainProjects/Algebraic-Jacobian-Challenge-Rebuild/hgraph/nodes/f915dbe8c6a6.md
M	MainProjects/Algebraic-Jacobian-Challenge-Rebuild/hgraph/nodes/f91e16dd4f3e.md
M	MainProjects/Algebraic-Jacobian-Challenge-Rebuild/hgraph/nodes/f936142ed4a9.md
M	MainProjects/Algebraic-Jacobian-Challenge-Rebuild/hgraph/nodes/f938d9024483.md
M	MainProjects/Algebraic-Jacobian-Challenge-Rebuild/hgraph/nodes/f93cddd98f0a.md
M	MainProjects/Algebraic-Jacobian-Challenge-Rebuild/hgraph/nodes/f940b365bad1.md
M	MainProjects/Algebraic-Jacobian-Challenge-Rebuild/hgraph/nodes/f955db368740.md
M	MainProjects/Algebraic-Jacobian-Challenge-Rebuild/hgraph/nodes/f95799fee0a1.md
M	MainProjects/Algebraic-Jacobian-Challenge-Rebuild/hgraph/nodes/f957e02c31c0.md
M	MainProjects/Algebraic-Jacobian-Challenge-Rebuild/hgraph/nodes/f960ef16e6b6.md
M	MainProjects/Algebraic-Jacobian-Challenge-Rebuild/hgraph/nodes/f9641de3c353.md
M	MainProjects/Algebraic-Jacobian-Challenge-Rebuild/hgraph/nodes/f9718b6275da.md
M	MainProjects/Algebraic-Jacobian-Challenge-Rebuild/hgraph/nodes/f978b35d2fb1.md
M	MainProjects/Algebraic-Jacobian-Challenge-Rebuild/hgraph/nodes/f97cfc6ac97e.md
M	MainProjects/Algebraic-Jacobian-Challenge-Rebuild/hgraph/nodes/f97f839760b9.md
M	MainProjects/Algebraic-Jacobian-Challenge-Rebuild/hgraph/nodes/f985b3fafb15.md
M	MainProjects/Algebraic-Jacobian-Challenge-Rebuild/hgraph/nodes/f98e725bb3bc.md
M	MainProjects/Algebraic-Jacobian-Challenge-Rebuild/hgraph/nodes/f99a6e49598c.md
M	MainProjects/Algebraic-Jacobian-Challenge-Rebuild/hgraph/nodes/f99d3aaf1a97.md
M	MainProjects/Algebraic-Jacobian-Challenge-Rebuild/hgraph/nodes/f9a00b4ad0ce.md
M	MainProjects/Algebraic-Jacobian-Challenge-Rebuild/hgraph/nodes/f9a012879c51.md
M	MainProjects/Algebraic-Jacobian-Challenge-Rebuild/hgraph/nodes/f9a27a327fe8.md
M	MainProjects/Algebraic-Jacobian-Challenge-Rebuild/hgraph/nodes/f9a42f15a946.md
M	MainProjects/Algebraic-Jacobian-Challenge-Rebuild/hgraph/nodes/f9a6cbebe5b0.md
M	MainProjects/Algebraic-Jacobian-Challenge-Rebuild/hgraph/nodes/f9a94ad271ac.md
M	MainProjects/Algebraic-Jacobian-Challenge-Rebuild/hgraph/nodes/f9afc464c086.md
M	MainProjects/Algebraic-Jacobian-Challenge-Rebuild/hgraph/nodes/f9b21c6a4d50.md
M	MainProjects/Algebraic-Jacobian-Challenge-Rebuild/hgraph/nodes/f9b8925dad32.md
M	MainProjects/Algebraic-Jacobian-Challenge-Rebuild/hgraph/nodes/f9bcdb0b291e.md
D	MainProjects/Algebraic-Jacobian-Challenge-Rebuild/hgraph/nodes/f9c7ecc5ccb4.md
M	MainProjects/Algebraic-Jacobian-Challenge-Rebuild/hgraph/nodes/f9d1e2665f95.md
M	MainProjects/Algebraic-Jacobian-Challenge-Rebuild/hgraph/nodes/f9d5c4e58247.md
M	MainProjects/Algebraic-Jacobian-Challenge-Rebuild/hgraph/nodes/f9d7702e72cc.md
M	MainProjects/Algebraic-Jacobian-Challenge-Rebuild/hgraph/nodes/f9f0873e9172.md
M	MainProjects/Algebraic-Jacobian-Challenge-Rebuild/hgraph/nodes/f9fd9f816e28.md
M	MainProjects/Algebraic-Jacobian-Challenge-Rebuild/hgraph/nodes/fa062e21fee9.md
M	MainProjects/Algebraic-Jacobian-Challenge-Rebuild/hgraph/nodes/fa1ed661162d.md
M	MainProjects/Algebraic-Jacobian-Challenge-Rebuild/hgraph/nodes/fa2355c800cf.md
D	MainProjects/Algebraic-Jacobian-Challenge-Rebuild/hgraph/nodes/fa35bbf258a6.md
M	MainProjects/Algebraic-Jacobian-Challenge-Rebuild/hgraph/nodes/fa36e5ac96da.md
M	MainProjects/Algebraic-Jacobian-Challenge-Rebuild/hgraph/nodes/fa3def418355.md
M	MainProjects/Algebraic-Jacobian-Challenge-Rebuild/hgraph/nodes/fa4017def354.md
M	MainProjects/Algebraic-Jacobian-Challenge-Rebuild/hgraph/nodes/fa4edbb715cd.md
M	MainProjects/Algebraic-Jacobian-Challenge-Rebuild/hgraph/nodes/fa5ae5d7fc56.md
M	MainProjects/Algebraic-Jacobian-Challenge-Rebuild/hgraph/nodes/fa676c6fd777.md
M	MainProjects/Algebraic-Jacobian-Challenge-Rebuild/hgraph/nodes/fa74ba8abbf6.md
M	MainProjects/Algebraic-Jacobian-Challenge-Rebuild/hgraph/nodes/fa82b05e836e.md
M	MainProjects/Algebraic-Jacobian-Challenge-Rebuild/hgraph/nodes/fa875c143fb6.md
M	MainProjects/Algebraic-Jacobian-Challenge-Rebuild/hgraph/nodes/fa9ad2217347.md
M	MainProjects/Algebraic-Jacobian-Challenge-Rebuild/hgraph/nodes/fa9d8fb2d1da.md
M	MainProjects/Algebraic-Jacobian-Challenge-Rebuild/hgraph/nodes/fa9f11e81df5.md
M	MainProjects/Algebraic-Jacobian-Challenge-Rebuild/hgraph/nodes/faa26d6205bf.md
M	MainProjects/Algebraic-Jacobian-Challenge-Rebuild/hgraph/nodes/faa78f3b1fc6.md
M	MainProjects/Algebraic-Jacobian-Challenge-Rebuild/hgraph/nodes/faabb6896282.md
M	MainProjects/Algebraic-Jacobian-Challenge-Rebuild/hgraph/nodes/fab2f3da7448.md
M	MainProjects/Algebraic-Jacobian-Challenge-Rebuild/hgraph/nodes/fabca5fff4ed.md
M	MainProjects/Algebraic-Jacobian-Challenge-Rebuild/hgraph/nodes/fac15d59ea64.md
M	MainProjects/Algebraic-Jacobian-Challenge-Rebuild/hgraph/nodes/fac403c98997.md
M	MainProjects/Algebraic-Jacobian-Challenge-Rebuild/hgraph/nodes/fac9e206c282.md
M	MainProjects/Algebraic-Jacobian-Challenge-Rebuild/hgraph/nodes/facc217233df.md
M	MainProjects/Algebraic-Jacobian-Challenge-Rebuild/hgraph/nodes/facc3e3f35b2.md
M	MainProjects/Algebraic-Jacobian-Challenge-Rebuild/hgraph/nodes/facf3400ffc8.md
M	MainProjects/Algebraic-Jacobian-Challenge-Rebuild/hgraph/nodes/facff15b46f0.md
M	MainProjects/Algebraic-Jacobian-Challenge-Rebuild/hgraph/nodes/fad3d425e782.md
M	MainProjects/Algebraic-Jacobian-Challenge-Rebuild/hgraph/nodes/fad686af668b.md
M	MainProjects/Algebraic-Jacobian-Challenge-Rebuild/hgraph/nodes/fae53f5df167.md
M	MainProjects/Algebraic-Jacobian-Challenge-Rebuild/hgraph/nodes/faf75bb6d0a3.md
M	MainProjects/Algebraic-Jacobian-Challenge-Rebuild/hgraph/nodes/fafdd3a63d99.md
M	MainProjects/Algebraic-Jacobian-Challenge-Rebuild/hgraph/nodes/fb0c69cb317f.md
M	MainProjects/Algebraic-Jacobian-Challenge-Rebuild/hgraph/nodes/fb1db6516b58.md
M	MainProjects/Algebraic-Jacobian-Challenge-Rebuild/hgraph/nodes/fb2cf0d4c66e.md
M	MainProjects/Algebraic-Jacobian-Challenge-Rebuild/hgraph/nodes/fb488c7a5580.md
M	MainProjects/Algebraic-Jacobian-Challenge-Rebuild/hgraph/nodes/fb51556ca59d.md
M	MainProjects/Algebraic-Jacobian-Challenge-Rebuild/hgraph/nodes/fb53bd31786d.md
M	MainProjects/Algebraic-Jacobian-Challenge-Rebuild/hgraph/nodes/fb5c58b3236f.md
M	MainProjects/Algebraic-Jacobian-Challenge-Rebuild/hgraph/nodes/fb5e2ef53b46.md
M	MainProjects/Algebraic-Jacobian-Challenge-Rebuild/hgraph/nodes/fb930720358e.md
M	MainProjects/Algebraic-Jacobian-Challenge-Rebuild/hgraph/nodes/fb9414a4cd51.md
M	MainProjects/Algebraic-Jacobian-Challenge-Rebuild/hgraph/nodes/fb960f057afb.md
M	MainProjects/Algebraic-Jacobian-Challenge-Rebuild/hgraph/nodes/fba3449f6a51.md
M	MainProjects/Algebraic-Jacobian-Challenge-Rebuild/hgraph/nodes/fba3b7b1ec74.md
M	MainProjects/Algebraic-Jacobian-Challenge-Rebuild/hgraph/nodes/fba5366db5f1.md
M	MainProjects/Algebraic-Jacobian-Challenge-Rebuild/hgraph/nodes/fbb66021755f.md
M	MainProjects/Algebraic-Jacobian-Challenge-Rebuild/hgraph/nodes/fbc0d01d9781.md
M	MainProjects/Algebraic-Jacobian-Challenge-Rebuild/hgraph/nodes/fbc7c814f3cc.md
M	MainProjects/Algebraic-Jacobian-Challenge-Rebuild/hgraph/nodes/fbd0858b844a.md
M	MainProjects/Algebraic-Jacobian-Challenge-Rebuild/hgraph/nodes/fbe2f938417f.md
M	MainProjects/Algebraic-Jacobian-Challenge-Rebuild/hgraph/nodes/fbe94fc42934.md
M	MainProjects/Algebraic-Jacobian-Challenge-Rebuild/hgraph/nodes/fbeb0d181532.md
M	MainProjects/Algebraic-Jacobian-Challenge-Rebuild/hgraph/nodes/fbf1d0c34269.md
M	MainProjects/Algebraic-Jacobian-Challenge-Rebuild/hgraph/nodes/fbf3f0017b2e.md
M	MainProjects/Algebraic-Jacobian-Challenge-Rebuild/hgraph/nodes/fbf9b527eb64.md
M	MainProjects/Algebraic-Jacobian-Challenge-Rebuild/hgraph/nodes/fc01e0e7afa7.md
M	MainProjects/Algebraic-Jacobian-Challenge-Rebuild/hgraph/nodes/fc06ac0b9c96.md
M	MainProjects/Algebraic-Jacobian-Challenge-Rebuild/hgraph/nodes/fc0c4a539a49.md
M	MainProjects/Algebraic-Jacobian-Challenge-Rebuild/hgraph/nodes/fc0f69195ae8.md
M	MainProjects/Algebraic-Jacobian-Challenge-Rebuild/hgraph/nodes/fc20c85980d0.md
M	MainProjects/Algebraic-Jacobian-Challenge-Rebuild/hgraph/nodes/fc2561d8474e.md
M	MainProjects/Algebraic-Jacobian-Challenge-Rebuild/hgraph/nodes/fc263d5abf39.md
M	MainProjects/Algebraic-Jacobian-Challenge-Rebuild/hgraph/nodes/fc2ef557a295.md
M	MainProjects/Algebraic-Jacobian-Challenge-Rebuild/hgraph/nodes/fc326e3ff4db.md
M	MainProjects/Algebraic-Jacobian-Challenge-Rebuild/hgraph/nodes/fc34b4e7e327.md
M	MainProjects/Algebraic-Jacobian-Challenge-Rebuild/hgraph/nodes/fc38d3b8f69d.md
M	MainProjects/Algebraic-Jacobian-Challenge-Rebuild/hgraph/nodes/fc3e97ac6489.md
M	MainProjects/Algebraic-Jacobian-Challenge-Rebuild/hgraph/nodes/fc4a5a7c68a5.md
M	MainProjects/Algebraic-Jacobian-Challenge-Rebuild/hgraph/nodes/fc50084bd756.md
M	MainProjects/Algebraic-Jacobian-Challenge-Rebuild/hgraph/nodes/fc57d0c6ccc4.md
M	MainProjects/Algebraic-Jacobian-Challenge-Rebuild/hgraph/nodes/fc6e430158e6.md
M	MainProjects/Algebraic-Jacobian-Challenge-Rebuild/hgraph/nodes/fc6f2369d99e.md
M	MainProjects/Algebraic-Jacobian-Challenge-Rebuild/hgraph/nodes/fc84b33bf1c0.md
M	MainProjects/Algebraic-Jacobian-Challenge-Rebuild/hgraph/nodes/fc89a3551620.md
M	MainProjects/Algebraic-Jacobian-Challenge-Rebuild/hgraph/nodes/fc97c44c1e33.md
M	MainProjects/Algebraic-Jacobian-Challenge-Rebuild/hgraph/nodes/fc995641d88d.md
M	MainProjects/Algebraic-Jacobian-Challenge-Rebuild/hgraph/nodes/fcb4f06d9f30.md
M	MainProjects/Algebraic-Jacobian-Challenge-Rebuild/hgraph/nodes/fcb9ba13c4b9.md
M	MainProjects/Algebraic-Jacobian-Challenge-Rebuild/hgraph/nodes/fcbbaca053c9.md
M	MainProjects/Algebraic-Jacobian-Challenge-Rebuild/hgraph/nodes/fcbc8317733b.md
M	MainProjects/Algebraic-Jacobian-Challenge-Rebuild/hgraph/nodes/fcbc8e02d6da.md
M	MainProjects/Algebraic-Jacobian-Challenge-Rebuild/hgraph/nodes/fcc0e4a2433c.md
M	MainProjects/Algebraic-Jacobian-Challenge-Rebuild/hgraph/nodes/fcc253c563c3.md
D	MainProjects/Algebraic-Jacobian-Challenge-Rebuild/hgraph/nodes/fcc4ee74c685.md
M	MainProjects/Algebraic-Jacobian-Challenge-Rebuild/hgraph/nodes/fcc8bfdcf668.md
M	MainProjects/Algebraic-Jacobian-Challenge-Rebuild/hgraph/nodes/fccc39b4f49a.md
M	MainProjects/Algebraic-Jacobian-Challenge-Rebuild/hgraph/nodes/fcce59b63e42.md
M	MainProjects/Algebraic-Jacobian-Challenge-Rebuild/hgraph/nodes/fccf0904a4b5.md
M	MainProjects/Algebraic-Jacobian-Challenge-Rebuild/hgraph/nodes/fcd7d7492a75.md
M	MainProjects/Algebraic-Jacobian-Challenge-Rebuild/hgraph/nodes/fce587071781.md
M	MainProjects/Algebraic-Jacobian-Challenge-Rebuild/hgraph/nodes/fcefeb2e52ef.md
M	MainProjects/Algebraic-Jacobian-Challenge-Rebuild/hgraph/nodes/fcf491d8c455.md
M	MainProjects/Algebraic-Jacobian-Challenge-Rebuild/hgraph/nodes/fd075b30d186.md
M	MainProjects/Algebraic-Jacobian-Challenge-Rebuild/hgraph/nodes/fd08ad68ede2.md
M	MainProjects/Algebraic-Jacobian-Challenge-Rebuild/hgraph/nodes/fd0d781fa9cc.md
M	MainProjects/Algebraic-Jacobian-Challenge-Rebuild/hgraph/nodes/fd175efe63fe.md
M	MainProjects/Algebraic-Jacobian-Challenge-Rebuild/hgraph/nodes/fd18d1d73dd7.md
M	MainProjects/Algebraic-Jacobian-Challenge-Rebuild/hgraph/nodes/fd1a1fdce854.md
M	MainProjects/Algebraic-Jacobian-Challenge-Rebuild/hgraph/nodes/fd223597cb43.md
M	MainProjects/Algebraic-Jacobian-Challenge-Rebuild/hgraph/nodes/fd2f713a4db7.md
M	MainProjects/Algebraic-Jacobian-Challenge-Rebuild/hgraph/nodes/fd31d8ab3b1a.md
M	MainProjects/Algebraic-Jacobian-Challenge-Rebuild/hgraph/nodes/fd455aa2c13c.md
M	MainProjects/Algebraic-Jacobian-Challenge-Rebuild/hgraph/nodes/fd4fe37e9414.md
M	MainProjects/Algebraic-Jacobian-Challenge-Rebuild/hgraph/nodes/fd534e02361c.md
M	MainProjects/Algebraic-Jacobian-Challenge-Rebuild/hgraph/nodes/fd5f739dcde7.md
M	MainProjects/Algebraic-Jacobian-Challenge-Rebuild/hgraph/nodes/fd62cb46fba0.md
M	MainProjects/Algebraic-Jacobian-Challenge-Rebuild/hgraph/nodes/fd69c59a6d3a.md
M	MainProjects/Algebraic-Jacobian-Challenge-Rebuild/hgraph/nodes/fd6f1df8138a.md
M	MainProjects/Algebraic-Jacobian-Challenge-Rebuild/hgraph/nodes/fd899086af45.md
M	MainProjects/Algebraic-Jacobian-Challenge-Rebuild/hgraph/nodes/fd9181671584.md
D	MainProjects/Algebraic-Jacobian-Challenge-Rebuild/hgraph/nodes/fd930a7d72db.md
M	MainProjects/Algebraic-Jacobian-Challenge-Rebuild/hgraph/nodes/fd943dc8636c.md
M	MainProjects/Algebraic-Jacobian-Challenge-Rebuild/hgraph/nodes/fd97fbb39f21.md
M	MainProjects/Algebraic-Jacobian-Challenge-Rebuild/hgraph/nodes/fd983897bf64.md
M	MainProjects/Algebraic-Jacobian-Challenge-Rebuild/hgraph/nodes/fd9c7f321ab7.md
M	MainProjects/Algebraic-Jacobian-Challenge-Rebuild/hgraph/nodes/fda1bf692a51.md
M	MainProjects/Algebraic-Jacobian-Challenge-Rebuild/hgraph/nodes/fda880277873.md
M	MainProjects/Algebraic-Jacobian-Challenge-Rebuild/hgraph/nodes/fda8e332be0e.md
M	MainProjects/Algebraic-Jacobian-Challenge-Rebuild/hgraph/nodes/fdaaa4f90ab3.md
M	MainProjects/Algebraic-Jacobian-Challenge-Rebuild/hgraph/nodes/fdab5444d960.md
M	MainProjects/Algebraic-Jacobian-Challenge-Rebuild/hgraph/nodes/fdaf5c8602cd.md
M	MainProjects/Algebraic-Jacobian-Challenge-Rebuild/hgraph/nodes/fdb9e55af76e.md
M	MainProjects/Algebraic-Jacobian-Challenge-Rebuild/hgraph/nodes/fdc205a8afed.md
M	MainProjects/Algebraic-Jacobian-Challenge-Rebuild/hgraph/nodes/fdd254566f51.md
M	MainProjects/Algebraic-Jacobian-Challenge-Rebuild/hgraph/nodes/fdf6c8ba6a1a.md
M	MainProjects/Algebraic-Jacobian-Challenge-Rebuild/hgraph/nodes/fe01bc3fea8a.md
M	MainProjects/Algebraic-Jacobian-Challenge-Rebuild/hgraph/nodes/fe165decbbea.md
M	MainProjects/Algebraic-Jacobian-Challenge-Rebuild/hgraph/nodes/fe1ef1528946.md
M	MainProjects/Algebraic-Jacobian-Challenge-Rebuild/hgraph/nodes/fe21420abd72.md
M	MainProjects/Algebraic-Jacobian-Challenge-Rebuild/hgraph/nodes/fe21d826de16.md
M	MainProjects/Algebraic-Jacobian-Challenge-Rebuild/hgraph/nodes/fe24ca5810a7.md
M	MainProjects/Algebraic-Jacobian-Challenge-Rebuild/hgraph/nodes/fe29478224f8.md
M	MainProjects/Algebraic-Jacobian-Challenge-Rebuild/hgraph/nodes/fe44cfb6e8ea.md
M	MainProjects/Algebraic-Jacobian-Challenge-Rebuild/hgraph/nodes/fe51a716c571.md
M	MainProjects/Algebraic-Jacobian-Challenge-Rebuild/hgraph/nodes/fe5bd02c304f.md
M	MainProjects/Algebraic-Jacobian-Challenge-Rebuild/hgraph/nodes/fe5c02bdc6d7.md
M	MainProjects/Algebraic-Jacobian-Challenge-Rebuild/hgraph/nodes/fe723d6d912b.md
M	MainProjects/Algebraic-Jacobian-Challenge-Rebuild/hgraph/nodes/fe7b356e098a.md
M	MainProjects/Algebraic-Jacobian-Challenge-Rebuild/hgraph/nodes/fe7f43c2af8b.md
M	MainProjects/Algebraic-Jacobian-Challenge-Rebuild/hgraph/nodes/fe8ae00e66ce.md
M	MainProjects/Algebraic-Jacobian-Challenge-Rebuild/hgraph/nodes/fe979309df8e.md
M	MainProjects/Algebraic-Jacobian-Challenge-Rebuild/hgraph/nodes/fe9879e6d52d.md
M	MainProjects/Algebraic-Jacobian-Challenge-Rebuild/hgraph/nodes/fe9f98d81b6c.md
M	MainProjects/Algebraic-Jacobian-Challenge-Rebuild/hgraph/nodes/fea5b560a655.md
M	MainProjects/Algebraic-Jacobian-Challenge-Rebuild/hgraph/nodes/feb13d01169e.md
M	MainProjects/Algebraic-Jacobian-Challenge-Rebuild/hgraph/nodes/feba9b2f5418.md
M	MainProjects/Algebraic-Jacobian-Challenge-Rebuild/hgraph/nodes/fecba5038847.md
M	MainProjects/Algebraic-Jacobian-Challenge-Rebuild/hgraph/nodes/fecc76f33f93.md
M	MainProjects/Algebraic-Jacobian-Challenge-Rebuild/hgraph/nodes/fecfe387d1d1.md
M	MainProjects/Algebraic-Jacobian-Challenge-Rebuild/hgraph/nodes/fed242425761.md
M	MainProjects/Algebraic-Jacobian-Challenge-Rebuild/hgraph/nodes/fed609220ede.md
M	MainProjects/Algebraic-Jacobian-Challenge-Rebuild/hgraph/nodes/fedf920a2958.md
M	MainProjects/Algebraic-Jacobian-Challenge-Rebuild/hgraph/nodes/fee106d1d46c.md
M	MainProjects/Algebraic-Jacobian-Challenge-Rebuild/hgraph/nodes/feeb4350a203.md
M	MainProjects/Algebraic-Jacobian-Challenge-Rebuild/hgraph/nodes/fef3fe1a401d.md
M	MainProjects/Algebraic-Jacobian-Challenge-Rebuild/hgraph/nodes/fef83fe2f34b.md
M	MainProjects/Algebraic-Jacobian-Challenge-Rebuild/hgraph/nodes/ff029c2eeddf.md
M	MainProjects/Algebraic-Jacobian-Challenge-Rebuild/hgraph/nodes/ff06ddd77a62.md
M	MainProjects/Algebraic-Jacobian-Challenge-Rebuild/hgraph/nodes/ff148c309760.md
M	MainProjects/Algebraic-Jacobian-Challenge-Rebuild/hgraph/nodes/ff187296fe07.md
M	MainProjects/Algebraic-Jacobian-Challenge-Rebuild/hgraph/nodes/ff2668cd573c.md
M	MainProjects/Algebraic-Jacobian-Challenge-Rebuild/hgraph/nodes/ff29a471cb0c.md
M	MainProjects/Algebraic-Jacobian-Challenge-Rebuild/hgraph/nodes/ff2e5db4eb7d.md
M	MainProjects/Algebraic-Jacobian-Challenge-Rebuild/hgraph/nodes/ff2f12564841.md
M	MainProjects/Algebraic-Jacobian-Challenge-Rebuild/hgraph/nodes/ff33d093bcc0.md
M	MainProjects/Algebraic-Jacobian-Challenge-Rebuild/hgraph/nodes/ff3d7b7393cd.md
M	MainProjects/Algebraic-Jacobian-Challenge-Rebuild/hgraph/nodes/ff3ff0e34d31.md
M	MainProjects/Algebraic-Jacobian-Challenge-Rebuild/hgraph/nodes/ff4f5ca53dd8.md
M	MainProjects/Algebraic-Jacobian-Challenge-Rebuild/hgraph/nodes/ff54fb6dee81.md
M	MainProjects/Algebraic-Jacobian-Challenge-Rebuild/hgraph/nodes/ff5af45f45f3.md
M	MainProjects/Algebraic-Jacobian-Challenge-Rebuild/hgraph/nodes/ff5be04a85f0.md
M	MainProjects/Algebraic-Jacobian-Challenge-Rebuild/hgraph/nodes/ff5c3cc894f7.md
M	MainProjects/Algebraic-Jacobian-Challenge-Rebuild/hgraph/nodes/ff5db7fade93.md
M	MainProjects/Algebraic-Jacobian-Challenge-Rebuild/hgraph/nodes/ff6ddb703f76.md
M	MainProjects/Algebraic-Jacobian-Challenge-Rebuild/hgraph/nodes/ff7e2b01798b.md
M	MainProjects/Algebraic-Jacobian-Challenge-Rebuild/hgraph/nodes/ff7ef61723b2.md
M	MainProjects/Algebraic-Jacobian-Challenge-Rebuild/hgraph/nodes/ff80f9f3a80d.md
M	MainProjects/Algebraic-Jacobian-Challenge-Rebuild/hgraph/nodes/ff814614b20f.md
M	MainProjects/Algebraic-Jacobian-Challenge-Rebuild/hgraph/nodes/ff8a1984dc5a.md
M	MainProjects/Algebraic-Jacobian-Challenge-Rebuild/hgraph/nodes/ffbc36a71b84.md
M	MainProjects/Algebraic-Jacobian-Challenge-Rebuild/hgraph/nodes/ffbc80d5e888.md
D	MainProjects/Algebraic-Jacobian-Challenge-Rebuild/hgraph/nodes/ffc03f8fbd74.md
M	MainProjects/Algebraic-Jacobian-Challenge-Rebuild/hgraph/nodes/ffc4ea0c57c3.md
M	MainProjects/Algebraic-Jacobian-Challenge-Rebuild/hgraph/nodes/ffc6af15250e.md
M	MainProjects/Algebraic-Jacobian-Challenge-Rebuild/hgraph/nodes/ffc6fa1a4527.md
M	MainProjects/Algebraic-Jacobian-Challenge-Rebuild/hgraph/nodes/ffc99bf0bd7d.md
M	MainProjects/Algebraic-Jacobian-Challenge-Rebuild/hgraph/nodes/ffd4ec5f324e.md
M	MainProjects/Algebraic-Jacobian-Challenge-Rebuild/hgraph/nodes/ffdfce07a4b0.md
M	MainProjects/Algebraic-Jacobian-Challenge-Rebuild/hgraph/nodes/ffe5f17b3e81.md
M	MainProjects/Algebraic-Jacobian-Challenge-Rebuild/hgraph/nodes/ffee62acb3b7.md
M	MainProjects/Algebraic-Jacobian-Challenge-Rebuild/hgraph/nodes/fff4538eaf8e.md
M	MainProjects/Algebraic-Jacobian-Challenge/AlgebraicJacobian.lean
D	MainProjects/Algebraic-Jacobian-Challenge/AlgebraicJacobian/Picard/DivFamilyZero.lean
D	MainProjects/Algebraic-Jacobian-Challenge/AlgebraicJacobian/Picard/DivFamilyZeroAbel.lean
M	MainProjects/Algebraic-Jacobian-Challenge/AlgebraicJacobian/Picard/FGAPicRepresentability.lean
D	MainProjects/Algebraic-Jacobian-Challenge/AlgebraicJacobian/Picard/FiniteMapLaurentGenerators.lean
D	MainProjects/Algebraic-Jacobian-Challenge/AlgebraicJacobian/Picard/FiniteMorphismEmbedding.lean
D	MainProjects/Algebraic-Jacobian-Challenge/AlgebraicJacobian/Picard/GaloisDescent/InvariantQuotientOpen.lean
M	MainProjects/Algebraic-Jacobian-Challenge/AlgebraicJacobian/Picard/GaloisDescent/PicEtGaloisAction.lean
M	MainProjects/Algebraic-Jacobian-Challenge/AlgebraicJacobian/Picard/GaloisDescent/PicEtGaloisBridge.lean
D	MainProjects/Algebraic-Jacobian-Challenge/AlgebraicJacobian/Picard/GaloisDescent/PicEtGaloisCover.lean
M	MainProjects/Algebraic-Jacobian-Challenge/AlgebraicJacobian/Picard/GaloisQuotientGlue.lean
D	MainProjects/Algebraic-Jacobian-Challenge/AlgebraicJacobian/Picard/H0SemicontinuityInstance.lean
M	MainProjects/Algebraic-Jacobian-Challenge/AlgebraicJacobian/Picard/P1SectionsFinite.lean
D	MainProjects/Algebraic-Jacobian-Challenge/AlgebraicJacobian/Picard/PicEtDescentGoal.lean
M	MainProjects/Algebraic-Jacobian-Challenge/AlgebraicJacobian/Picard/PicEtDescentRepresentability.lean
D	MainProjects/Algebraic-Jacobian-Challenge/AlgebraicJacobian/Picard/ProjectiveCoordinateChart.lean
M	MainProjects/Algebraic-Jacobian-Challenge/AlgebraicJacobian/Picard/ProjectiveMorphism.lean
D	MainProjects/Algebraic-Jacobian-Challenge/AlgebraicJacobian/Picard/ProjectiveMorphismBasic.lean
D	MainProjects/Algebraic-Jacobian-Challenge/AlgebraicJacobian/Picard/ProjectiveSpaceAffineChart.lean
D	MainProjects/Algebraic-Jacobian-Challenge/AlgebraicJacobian/Picard/ProjectiveSpaceAffineChartIso.lean
D	MainProjects/Algebraic-Jacobian-Challenge/AlgebraicJacobian/Picard/ProjectiveSpaceAffineChartRing.lean
D	MainProjects/Algebraic-Jacobian-Challenge/AlgebraicJacobian/Picard/TwistedProjectiveCoordinates.lean
M	MainProjects/Algebraic-Jacobian-Challenge/blueprint/src/chapters/Picard_FlatteningStratification.tex
M	MainProjects/Algebraic-Jacobian-Challenge/blueprint/src/chapters/Picard_QuotScheme.tex
D	MainProjects/Algebraic-Jacobian-Challenge/hgraph/edges/bd383d5ae312__f272c113b7e0.md
D	MainProjects/Algebraic-Jacobian-Challenge/hgraph/edges/d6a3583815a7__1430791d2677.md
D	MainProjects/Algebraic-Jacobian-Challenge/hgraph/edges/d6a3583815a7__ae65620e4f7b.md
D	MainProjects/Algebraic-Jacobian-Challenge/hgraph/edges/d6a3583815a7__f272c113b7e0.md
D	MainProjects/Algebraic-Jacobian-Challenge/hgraph/edges/f272c113b7e0__60455cc9d456.md
D	MainProjects/Algebraic-Jacobian-Challenge/hgraph/edges/f272c113b7e0__728cd81c9cd4.md
M	MainProjects/Algebraic-Jacobian-Challenge/hgraph/nodes/00ef18a1a0d9.md
M	MainProjects/Algebraic-Jacobian-Challenge/hgraph/nodes/01154dca044c.md
M	MainProjects/Algebraic-Jacobian-Challenge/hgraph/nodes/0142319d4a6d.md
M	MainProjects/Algebraic-Jacobian-Challenge/hgraph/nodes/017481da3c44.md
M	MainProjects/Algebraic-Jacobian-Challenge/hgraph/nodes/0197e22004f0.md
D	MainProjects/Algebraic-Jacobian-Challenge/hgraph/nodes/01ba2e6780c5.md
M	MainProjects/Algebraic-Jacobian-Challenge/hgraph/nodes/01bb858e8e10.md
M	MainProjects/Algebraic-Jacobian-Challenge/hgraph/nodes/01d68f3fc67b.md
M	MainProjects/Algebraic-Jacobian-Challenge/hgraph/nodes/0265d4e15f14.md
M	MainProjects/Algebraic-Jacobian-Challenge/hgraph/nodes/02cc925c010f.md
M	MainProjects/Algebraic-Jacobian-Challenge/hgraph/nodes/036c90e97663.md
M	MainProjects/Algebraic-Jacobian-Challenge/hgraph/nodes/03ccc83e89b1.md
M	MainProjects/Algebraic-Jacobian-Challenge/hgraph/nodes/03d8650bd571.md
M	MainProjects/Algebraic-Jacobian-Challenge/hgraph/nodes/03dbfa45498b.md
M	MainProjects/Algebraic-Jacobian-Challenge/hgraph/nodes/03e1f9e6fa17.md
M	MainProjects/Algebraic-Jacobian-Challenge/hgraph/nodes/03fbea00ebba.md
M	MainProjects/Algebraic-Jacobian-Challenge/hgraph/nodes/047c24d20492.md
M	MainProjects/Algebraic-Jacobian-Challenge/hgraph/nodes/04e9f1e182eb.md
M	MainProjects/Algebraic-Jacobian-Challenge/hgraph/nodes/0505fcb2544f.md
D	MainProjects/Algebraic-Jacobian-Challenge/hgraph/nodes/0527cf29da59.md
M	MainProjects/Algebraic-Jacobian-Challenge/hgraph/nodes/056ba28b82b8.md
M	MainProjects/Algebraic-Jacobian-Challenge/hgraph/nodes/0600b744e6fc.md
M	MainProjects/Algebraic-Jacobian-Challenge/hgraph/nodes/064395d4a2ec.md
D	MainProjects/Algebraic-Jacobian-Challenge/hgraph/nodes/06a4914d0bd8.md
M	MainProjects/Algebraic-Jacobian-Challenge/hgraph/nodes/06df84013868.md
M	MainProjects/Algebraic-Jacobian-Challenge/hgraph/nodes/06fca6cc373a.md
M	MainProjects/Algebraic-Jacobian-Challenge/hgraph/nodes/06ff2826aa29.md
M	MainProjects/Algebraic-Jacobian-Challenge/hgraph/nodes/072338c407f2.md
M	MainProjects/Algebraic-Jacobian-Challenge/hgraph/nodes/075b1f61ec88.md
M	MainProjects/Algebraic-Jacobian-Challenge/hgraph/nodes/0777347d672c.md
M	MainProjects/Algebraic-Jacobian-Challenge/hgraph/nodes/07b06907cdd8.md
D	MainProjects/Algebraic-Jacobian-Challenge/hgraph/nodes/07fdd6362bde.md
M	MainProjects/Algebraic-Jacobian-Challenge/hgraph/nodes/0848e3412fe7.md
M	MainProjects/Algebraic-Jacobian-Challenge/hgraph/nodes/0869b8286d2d.md
M	MainProjects/Algebraic-Jacobian-Challenge/hgraph/nodes/0883a6c9741f.md
M	MainProjects/Algebraic-Jacobian-Challenge/hgraph/nodes/089e59f4bb30.md
M	MainProjects/Algebraic-Jacobian-Challenge/hgraph/nodes/08b87a7be622.md
M	MainProjects/Algebraic-Jacobian-Challenge/hgraph/nodes/08ceae04ae26.md
D	MainProjects/Algebraic-Jacobian-Challenge/hgraph/nodes/08d4bd1221ef.md
M	MainProjects/Algebraic-Jacobian-Challenge/hgraph/nodes/08e2c7faa250.md
M	MainProjects/Algebraic-Jacobian-Challenge/hgraph/nodes/09d2a509f7e5.md
M	MainProjects/Algebraic-Jacobian-Challenge/hgraph/nodes/09d88bcd17f3.md
M	MainProjects/Algebraic-Jacobian-Challenge/hgraph/nodes/09f13f6021d7.md
D	MainProjects/Algebraic-Jacobian-Challenge/hgraph/nodes/09f77acd28d4.md
M	MainProjects/Algebraic-Jacobian-Challenge/hgraph/nodes/0a708fa0d4d4.md
M	MainProjects/Algebraic-Jacobian-Challenge/hgraph/nodes/0a8999fca17e.md
M	MainProjects/Algebraic-Jacobian-Challenge/hgraph/nodes/0b5753b0c61d.md
M	MainProjects/Algebraic-Jacobian-Challenge/hgraph/nodes/0b5dfe262d05.md
M	MainProjects/Algebraic-Jacobian-Challenge/hgraph/nodes/0b8c82899919.md
M	MainProjects/Algebraic-Jacobian-Challenge/hgraph/nodes/0bf2006a513f.md
M	MainProjects/Algebraic-Jacobian-Challenge/hgraph/nodes/0c52e99530a8.md
M	MainProjects/Algebraic-Jacobian-Challenge/hgraph/nodes/0c591f836c56.md
M	MainProjects/Algebraic-Jacobian-Challenge/hgraph/nodes/0c648a80e60b.md
M	MainProjects/Algebraic-Jacobian-Challenge/hgraph/nodes/0c96e8bf14dd.md
M	MainProjects/Algebraic-Jacobian-Challenge/hgraph/nodes/0d0fd95c847a.md
M	MainProjects/Algebraic-Jacobian-Challenge/hgraph/nodes/0d39b550b729.md
M	MainProjects/Algebraic-Jacobian-Challenge/hgraph/nodes/0d7794a9bf65.md
M	MainProjects/Algebraic-Jacobian-Challenge/hgraph/nodes/0d7c272c158e.md
M	MainProjects/Algebraic-Jacobian-Challenge/hgraph/nodes/0e0ae10332b7.md
M	MainProjects/Algebraic-Jacobian-Challenge/hgraph/nodes/0e1085408abd.md
M	MainProjects/Algebraic-Jacobian-Challenge/hgraph/nodes/0e194e781810.md
M	MainProjects/Algebraic-Jacobian-Challenge/hgraph/nodes/0e20029ea373.md
M	MainProjects/Algebraic-Jacobian-Challenge/hgraph/nodes/0e8fa6d92b8e.md
M	MainProjects/Algebraic-Jacobian-Challenge/hgraph/nodes/0e9a8dc02539.md
M	MainProjects/Algebraic-Jacobian-Challenge/hgraph/nodes/0eaf4f69d740.md
M	MainProjects/Algebraic-Jacobian-Challenge/hgraph/nodes/0ed474c0a696.md
M	MainProjects/Algebraic-Jacobian-Challenge/hgraph/nodes/0f28ccfe4fbb.md
M	MainProjects/Algebraic-Jacobian-Challenge/hgraph/nodes/0f38e450aa6a.md
M	MainProjects/Algebraic-Jacobian-Challenge/hgraph/nodes/0fa0336f6287.md
M	MainProjects/Algebraic-Jacobian-Challenge/hgraph/nodes/0fab3dbe787c.md
M	MainProjects/Algebraic-Jacobian-Challenge/hgraph/nodes/10038c0c1e9a.md
M	MainProjects/Algebraic-Jacobian-Challenge/hgraph/nodes/100c961ba9ce.md
M	MainProjects/Algebraic-Jacobian-Challenge/hgraph/nodes/10313efe8b30.md
M	MainProjects/Algebraic-Jacobian-Challenge/hgraph/nodes/1094da543132.md
M	MainProjects/Algebraic-Jacobian-Challenge/hgraph/nodes/10abfa22b132.md
M	MainProjects/Algebraic-Jacobian-Challenge/hgraph/nodes/10bd100af416.md
D	MainProjects/Algebraic-Jacobian-Challenge/hgraph/nodes/110baa14760a.md
M	MainProjects/Algebraic-Jacobian-Challenge/hgraph/nodes/116ceb059dc7.md
M	MainProjects/Algebraic-Jacobian-Challenge/hgraph/nodes/11784e809029.md
M	MainProjects/Algebraic-Jacobian-Challenge/hgraph/nodes/11a6f9b2c031.md
M	MainProjects/Algebraic-Jacobian-Challenge/hgraph/nodes/11d4c8d57276.md
M	MainProjects/Algebraic-Jacobian-Challenge/hgraph/nodes/11ed13f86719.md
M	MainProjects/Algebraic-Jacobian-Challenge/hgraph/nodes/1211f675af64.md
D	MainProjects/Algebraic-Jacobian-Challenge/hgraph/nodes/124bac531692.md
M	MainProjects/Algebraic-Jacobian-Challenge/hgraph/nodes/126bf48092a8.md
M	MainProjects/Algebraic-Jacobian-Challenge/hgraph/nodes/12c4a179a67e.md
M	MainProjects/Algebraic-Jacobian-Challenge/hgraph/nodes/1391eb2a1379.md
M	MainProjects/Algebraic-Jacobian-Challenge/hgraph/nodes/139bc96139e0.md
M	MainProjects/Algebraic-Jacobian-Challenge/hgraph/nodes/13f2f9efbb60.md
D	MainProjects/Algebraic-Jacobian-Challenge/hgraph/nodes/1430791d2677.md
M	MainProjects/Algebraic-Jacobian-Challenge/hgraph/nodes/14458981dfef.md
M	MainProjects/Algebraic-Jacobian-Challenge/hgraph/nodes/146bbf8c7bb2.md
D	MainProjects/Algebraic-Jacobian-Challenge/hgraph/nodes/14aee503fc18.md
M	MainProjects/Algebraic-Jacobian-Challenge/hgraph/nodes/14b00215038f.md
M	MainProjects/Algebraic-Jacobian-Challenge/hgraph/nodes/14e347e43230.md
M	MainProjects/Algebraic-Jacobian-Challenge/hgraph/nodes/150e6008b23b.md
M	MainProjects/Algebraic-Jacobian-Challenge/hgraph/nodes/1513f63158cb.md
M	MainProjects/Algebraic-Jacobian-Challenge/hgraph/nodes/157036295dc9.md
M	MainProjects/Algebraic-Jacobian-Challenge/hgraph/nodes/157fd36cfeae.md
M	MainProjects/Algebraic-Jacobian-Challenge/hgraph/nodes/15f6bb11a372.md
M	MainProjects/Algebraic-Jacobian-Challenge/hgraph/nodes/16a79e5ec82b.md
M	MainProjects/Algebraic-Jacobian-Challenge/hgraph/nodes/16bf7dee5b63.md
M	MainProjects/Algebraic-Jacobian-Challenge/hgraph/nodes/16c0b7623de5.md
M	MainProjects/Algebraic-Jacobian-Challenge/hgraph/nodes/170f5286be66.md
M	MainProjects/Algebraic-Jacobian-Challenge/hgraph/nodes/17a505b8d703.md
M	MainProjects/Algebraic-Jacobian-Challenge/hgraph/nodes/17f5ba40ffed.md
M	MainProjects/Algebraic-Jacobian-Challenge/hgraph/nodes/187195ad2b63.md
M	MainProjects/Algebraic-Jacobian-Challenge/hgraph/nodes/187c86aa2e0d.md
M	MainProjects/Algebraic-Jacobian-Challenge/hgraph/nodes/18d09c2013c0.md
M	MainProjects/Algebraic-Jacobian-Challenge/hgraph/nodes/18f27128ce67.md
M	MainProjects/Algebraic-Jacobian-Challenge/hgraph/nodes/18f29f4bb921.md
M	MainProjects/Algebraic-Jacobian-Challenge/hgraph/nodes/19104edd0615.md
M	MainProjects/Algebraic-Jacobian-Challenge/hgraph/nodes/19bec8a37aac.md
M	MainProjects/Algebraic-Jacobian-Challenge/hgraph/nodes/1a015e777187.md
M	MainProjects/Algebraic-Jacobian-Challenge/hgraph/nodes/1a0f6faaafc5.md
M	MainProjects/Algebraic-Jacobian-Challenge/hgraph/nodes/1a3262339c65.md
D	MainProjects/Algebraic-Jacobian-Challenge/hgraph/nodes/1a3a3efdf215.md
M	MainProjects/Algebraic-Jacobian-Challenge/hgraph/nodes/1a5eca0ada83.md
D	MainProjects/Algebraic-Jacobian-Challenge/hgraph/nodes/1a669586dec8.md
M	MainProjects/Algebraic-Jacobian-Challenge/hgraph/nodes/1a9116d0c869.md
M	MainProjects/Algebraic-Jacobian-Challenge/hgraph/nodes/1ab4b98a7788.md
D	MainProjects/Algebraic-Jacobian-Challenge/hgraph/nodes/1acc58f28cb8.md
D	MainProjects/Algebraic-Jacobian-Challenge/hgraph/nodes/1b0494f657f3.md
M	MainProjects/Algebraic-Jacobian-Challenge/hgraph/nodes/1b596e41996f.md
D	MainProjects/Algebraic-Jacobian-Challenge/hgraph/nodes/1b5ca8dcff35.md
D	MainProjects/Algebraic-Jacobian-Challenge/hgraph/nodes/1b9a43def702.md
M	MainProjects/Algebraic-Jacobian-Challenge/hgraph/nodes/1ba1c602da3e.md
M	MainProjects/Algebraic-Jacobian-Challenge/hgraph/nodes/1bde79e8f9a3.md
D	MainProjects/Algebraic-Jacobian-Challenge/hgraph/nodes/1be425cfb80f.md
M	MainProjects/Algebraic-Jacobian-Challenge/hgraph/nodes/1c0d6977c279.md
M	MainProjects/Algebraic-Jacobian-Challenge/hgraph/nodes/1c331a8ef523.md
M	MainProjects/Algebraic-Jacobian-Challenge/hgraph/nodes/1c699d460f4b.md
M	MainProjects/Algebraic-Jacobian-Challenge/hgraph/nodes/1c6bc4480f85.md
M	MainProjects/Algebraic-Jacobian-Challenge/hgraph/nodes/1cca113775c1.md
M	MainProjects/Algebraic-Jacobian-Challenge/hgraph/nodes/1cdba8f83a2e.md
M	MainProjects/Algebraic-Jacobian-Challenge/hgraph/nodes/1d1fdf4b5933.md
M	MainProjects/Algebraic-Jacobian-Challenge/hgraph/nodes/1d4c282c7da3.md
M	MainProjects/Algebraic-Jacobian-Challenge/hgraph/nodes/1dc5f3ee03c4.md
M	MainProjects/Algebraic-Jacobian-Challenge/hgraph/nodes/1df0fdf2d7b7.md
M	MainProjects/Algebraic-Jacobian-Challenge/hgraph/nodes/1df72928fc73.md
M	MainProjects/Algebraic-Jacobian-Challenge/hgraph/nodes/1e3845eb5b17.md
D	MainProjects/Algebraic-Jacobian-Challenge/hgraph/nodes/1e3d2377203a.md
M	MainProjects/Algebraic-Jacobian-Challenge/hgraph/nodes/1efd99e8576a.md
D	MainProjects/Algebraic-Jacobian-Challenge/hgraph/nodes/1f8ae45af2c1.md
M	MainProjects/Algebraic-Jacobian-Challenge/hgraph/nodes/1f9b38ad0671.md
M	MainProjects/Algebraic-Jacobian-Challenge/hgraph/nodes/1ffbb0b2983e.md
M	MainProjects/Algebraic-Jacobian-Challenge/hgraph/nodes/2015ae3acd6d.md
M	MainProjects/Algebraic-Jacobian-Challenge/hgraph/nodes/20f1065d7093.md
M	MainProjects/Algebraic-Jacobian-Challenge/hgraph/nodes/2171ff91f582.md
M	MainProjects/Algebraic-Jacobian-Challenge/hgraph/nodes/2193616e4f7d.md
M	MainProjects/Algebraic-Jacobian-Challenge/hgraph/nodes/21d19f580320.md
M	MainProjects/Algebraic-Jacobian-Challenge/hgraph/nodes/21d5dde8d393.md
D	MainProjects/Algebraic-Jacobian-Challenge/hgraph/nodes/22d5ff3c27a6.md
D	MainProjects/Algebraic-Jacobian-Challenge/hgraph/nodes/238e35699705.md
M	MainProjects/Algebraic-Jacobian-Challenge/hgraph/nodes/247e495e5a34.md
M	MainProjects/Algebraic-Jacobian-Challenge/hgraph/nodes/24aea6c85e75.md
M	MainProjects/Algebraic-Jacobian-Challenge/hgraph/nodes/24fbdad7c480.md
M	MainProjects/Algebraic-Jacobian-Challenge/hgraph/nodes/24fbed94bbc6.md
D	MainProjects/Algebraic-Jacobian-Challenge/hgraph/nodes/257577c12f8b.md
M	MainProjects/Algebraic-Jacobian-Challenge/hgraph/nodes/25fa394edb19.md
M	MainProjects/Algebraic-Jacobian-Challenge/hgraph/nodes/2622051dbd39.md
M	MainProjects/Algebraic-Jacobian-Challenge/hgraph/nodes/262710305d3d.md
M	MainProjects/Algebraic-Jacobian-Challenge/hgraph/nodes/26296dd2ed55.md
M	MainProjects/Algebraic-Jacobian-Challenge/hgraph/nodes/263d51ebeda0.md
M	MainProjects/Algebraic-Jacobian-Challenge/hgraph/nodes/269ce6eb6357.md
M	MainProjects/Algebraic-Jacobian-Challenge/hgraph/nodes/26a3d527431b.md
M	MainProjects/Algebraic-Jacobian-Challenge/hgraph/nodes/2706733fdcbb.md
M	MainProjects/Algebraic-Jacobian-Challenge/hgraph/nodes/2719a67ce3e9.md
M	MainProjects/Algebraic-Jacobian-Challenge/hgraph/nodes/275737b4290d.md
M	MainProjects/Algebraic-Jacobian-Challenge/hgraph/nodes/278c091344c3.md
M	MainProjects/Algebraic-Jacobian-Challenge/hgraph/nodes/27cae774b523.md
M	MainProjects/Algebraic-Jacobian-Challenge/hgraph/nodes/285e781492a2.md
D	MainProjects/Algebraic-Jacobian-Challenge/hgraph/nodes/288aa2f79246.md
M	MainProjects/Algebraic-Jacobian-Challenge/hgraph/nodes/29179add9177.md
M	MainProjects/Algebraic-Jacobian-Challenge/hgraph/nodes/29458ade1d6a.md
M	MainProjects/Algebraic-Jacobian-Challenge/hgraph/nodes/296c324e38cb.md
M	MainProjects/Algebraic-Jacobian-Challenge/hgraph/nodes/297c2347c772.md
M	MainProjects/Algebraic-Jacobian-Challenge/hgraph/nodes/29cd4e8f1c23.md
M	MainProjects/Algebraic-Jacobian-Challenge/hgraph/nodes/29ec5a9dfb81.md
M	MainProjects/Algebraic-Jacobian-Challenge/hgraph/nodes/2a289fe60211.md
D	MainProjects/Algebraic-Jacobian-Challenge/hgraph/nodes/2a38940c5340.md
D	MainProjects/Algebraic-Jacobian-Challenge/hgraph/nodes/2a96f7531a66.md
M	MainProjects/Algebraic-Jacobian-Challenge/hgraph/nodes/2ab021bc6697.md
M	MainProjects/Algebraic-Jacobian-Challenge/hgraph/nodes/2aca47d2e2f3.md
M	MainProjects/Algebraic-Jacobian-Challenge/hgraph/nodes/2af1f2e86ad6.md
M	MainProjects/Algebraic-Jacobian-Challenge/hgraph/nodes/2b0caabe9c7f.md
D	MainProjects/Algebraic-Jacobian-Challenge/hgraph/nodes/2b9045652d47.md
M	MainProjects/Algebraic-Jacobian-Challenge/hgraph/nodes/2bc7ef291038.md
M	MainProjects/Algebraic-Jacobian-Challenge/hgraph/nodes/2c3d0edb176d.md
M	MainProjects/Algebraic-Jacobian-Challenge/hgraph/nodes/2cac465c18be.md
M	MainProjects/Algebraic-Jacobian-Challenge/hgraph/nodes/2cb755f8b2c4.md
M	MainProjects/Algebraic-Jacobian-Challenge/hgraph/nodes/2cd8497929ca.md
M	MainProjects/Algebraic-Jacobian-Challenge/hgraph/nodes/2ceb6e3e5a86.md
D	MainProjects/Algebraic-Jacobian-Challenge/hgraph/nodes/2d413e819f42.md
M	MainProjects/Algebraic-Jacobian-Challenge/hgraph/nodes/2d57d405fd94.md
M	MainProjects/Algebraic-Jacobian-Challenge/hgraph/nodes/2d8e22e15a15.md
M	MainProjects/Algebraic-Jacobian-Challenge/hgraph/nodes/2d94d52f6cdb.md
M	MainProjects/Algebraic-Jacobian-Challenge/hgraph/nodes/2d996d42c2ee.md
M	MainProjects/Algebraic-Jacobian-Challenge/hgraph/nodes/2decf00aa3bc.md
M	MainProjects/Algebraic-Jacobian-Challenge/hgraph/nodes/2e0f64ea01df.md
M	MainProjects/Algebraic-Jacobian-Challenge/hgraph/nodes/2e827a05a59f.md
M	MainProjects/Algebraic-Jacobian-Challenge/hgraph/nodes/2e9459a54dc0.md
M	MainProjects/Algebraic-Jacobian-Challenge/hgraph/nodes/2ee0846e49f6.md
M	MainProjects/Algebraic-Jacobian-Challenge/hgraph/nodes/2f79e13d94a7.md
M	MainProjects/Algebraic-Jacobian-Challenge/hgraph/nodes/2f8aa46437c3.md
M	MainProjects/Algebraic-Jacobian-Challenge/hgraph/nodes/30011cd1f6a3.md
M	MainProjects/Algebraic-Jacobian-Challenge/hgraph/nodes/301132d52fb3.md
M	MainProjects/Algebraic-Jacobian-Challenge/hgraph/nodes/3031fee8dc2c.md
M	MainProjects/Algebraic-Jacobian-Challenge/hgraph/nodes/30a3e20989f3.md
M	MainProjects/Algebraic-Jacobian-Challenge/hgraph/nodes/30cffa5e038e.md
M	MainProjects/Algebraic-Jacobian-Challenge/hgraph/nodes/316f5be06187.md
M	MainProjects/Algebraic-Jacobian-Challenge/hgraph/nodes/317a567cc768.md
M	MainProjects/Algebraic-Jacobian-Challenge/hgraph/nodes/323d2af033e3.md
M	MainProjects/Algebraic-Jacobian-Challenge/hgraph/nodes/325597e86351.md
M	MainProjects/Algebraic-Jacobian-Challenge/hgraph/nodes/325ab44664c3.md
M	MainProjects/Algebraic-Jacobian-Challenge/hgraph/nodes/32e13066ed40.md
M	MainProjects/Algebraic-Jacobian-Challenge/hgraph/nodes/32eae614733d.md
M	MainProjects/Algebraic-Jacobian-Challenge/hgraph/nodes/32f78e7172e1.md
D	MainProjects/Algebraic-Jacobian-Challenge/hgraph/nodes/3379573bc6c2.md
M	MainProjects/Algebraic-Jacobian-Challenge/hgraph/nodes/3380371a60e8.md
D	MainProjects/Algebraic-Jacobian-Challenge/hgraph/nodes/33a5c3347649.md
M	MainProjects/Algebraic-Jacobian-Challenge/hgraph/nodes/33a791801781.md
D	MainProjects/Algebraic-Jacobian-Challenge/hgraph/nodes/345557ece908.md
M	MainProjects/Algebraic-Jacobian-Challenge/hgraph/nodes/3471092a66cf.md
M	MainProjects/Algebraic-Jacobian-Challenge/hgraph/nodes/3481f1ee7367.md
M	MainProjects/Algebraic-Jacobian-Challenge/hgraph/nodes/35071fea28e8.md
M	MainProjects/Algebraic-Jacobian-Challenge/hgraph/nodes/358d1b0dbff5.md
D	MainProjects/Algebraic-Jacobian-Challenge/hgraph/nodes/3591ea558be8.md
M	MainProjects/Algebraic-Jacobian-Challenge/hgraph/nodes/35d9e9b7bd5c.md
M	MainProjects/Algebraic-Jacobian-Challenge/hgraph/nodes/360ab573dc91.md
M	MainProjects/Algebraic-Jacobian-Challenge/hgraph/nodes/365b9267d482.md
M	MainProjects/Algebraic-Jacobian-Challenge/hgraph/nodes/36944a990337.md
D	MainProjects/Algebraic-Jacobian-Challenge/hgraph/nodes/36dd7f09925e.md
M	MainProjects/Algebraic-Jacobian-Challenge/hgraph/nodes/3705c96c67a4.md
D	MainProjects/Algebraic-Jacobian-Challenge/hgraph/nodes/371ada65522a.md
D	MainProjects/Algebraic-Jacobian-Challenge/hgraph/nodes/3786a2f58630.md
M	MainProjects/Algebraic-Jacobian-Challenge/hgraph/nodes/3802bab2ee27.md
M	MainProjects/Algebraic-Jacobian-Challenge/hgraph/nodes/381fa130524e.md
D	MainProjects/Algebraic-Jacobian-Challenge/hgraph/nodes/3824d31cefe1.md
M	MainProjects/Algebraic-Jacobian-Challenge/hgraph/nodes/3883ba7d42b8.md
D	MainProjects/Algebraic-Jacobian-Challenge/hgraph/nodes/38ce51c5d747.md
D	MainProjects/Algebraic-Jacobian-Challenge/hgraph/nodes/3907d1a4bcad.md
M	MainProjects/Algebraic-Jacobian-Challenge/hgraph/nodes/3915feb90fa9.md
M	MainProjects/Algebraic-Jacobian-Challenge/hgraph/nodes/3937ff9a5dbf.md
M	MainProjects/Algebraic-Jacobian-Challenge/hgraph/nodes/39434f84e38c.md
M	MainProjects/Algebraic-Jacobian-Challenge/hgraph/nodes/39581328925c.md
D	MainProjects/Algebraic-Jacobian-Challenge/hgraph/nodes/39c30f1e3e12.md
M	MainProjects/Algebraic-Jacobian-Challenge/hgraph/nodes/39e869f6a1db.md
D	MainProjects/Algebraic-Jacobian-Challenge/hgraph/nodes/3a15965fbddc.md
M	MainProjects/Algebraic-Jacobian-Challenge/hgraph/nodes/3a2b2f413e2d.md
M	MainProjects/Algebraic-Jacobian-Challenge/hgraph/nodes/3ac5089b560b.md
M	MainProjects/Algebraic-Jacobian-Challenge/hgraph/nodes/3aede2c725f2.md
M	MainProjects/Algebraic-Jacobian-Challenge/hgraph/nodes/3b59ae27f454.md
M	MainProjects/Algebraic-Jacobian-Challenge/hgraph/nodes/3ba8fa6d745c.md
M	MainProjects/Algebraic-Jacobian-Challenge/hgraph/nodes/3c36b6759af5.md
M	MainProjects/Algebraic-Jacobian-Challenge/hgraph/nodes/3ca35b5f41a7.md
M	MainProjects/Algebraic-Jacobian-Challenge/hgraph/nodes/3cd357e0f6a6.md
D	MainProjects/Algebraic-Jacobian-Challenge/hgraph/nodes/3ce933e71fdb.md
M	MainProjects/Algebraic-Jacobian-Challenge/hgraph/nodes/3d2f92347e64.md
M	MainProjects/Algebraic-Jacobian-Challenge/hgraph/nodes/3d4986a33aa0.md
M	MainProjects/Algebraic-Jacobian-Challenge/hgraph/nodes/3d6ee746e424.md
M	MainProjects/Algebraic-Jacobian-Challenge/hgraph/nodes/3dc5f4d8bf6c.md
M	MainProjects/Algebraic-Jacobian-Challenge/hgraph/nodes/3de1eb14a369.md
M	MainProjects/Algebraic-Jacobian-Challenge/hgraph/nodes/3e80934c1419.md
M	MainProjects/Algebraic-Jacobian-Challenge/hgraph/nodes/3e9a7d072c64.md
M	MainProjects/Algebraic-Jacobian-Challenge/hgraph/nodes/3f5ec76fbfb8.md
M	MainProjects/Algebraic-Jacobian-Challenge/hgraph/nodes/40290413fae7.md
M	MainProjects/Algebraic-Jacobian-Challenge/hgraph/nodes/403b7dc21cce.md
D	MainProjects/Algebraic-Jacobian-Challenge/hgraph/nodes/40681d8f5302.md
M	MainProjects/Algebraic-Jacobian-Challenge/hgraph/nodes/40919ba176b5.md
M	MainProjects/Algebraic-Jacobian-Challenge/hgraph/nodes/4099d67d68c2.md
M	MainProjects/Algebraic-Jacobian-Challenge/hgraph/nodes/40a0e60dde64.md
D	MainProjects/Algebraic-Jacobian-Challenge/hgraph/nodes/40b906cc62cd.md
M	MainProjects/Algebraic-Jacobian-Challenge/hgraph/nodes/40eefb39310f.md
M	MainProjects/Algebraic-Jacobian-Challenge/hgraph/nodes/40fa12c39aa6.md
M	MainProjects/Algebraic-Jacobian-Challenge/hgraph/nodes/40ff612de691.md
D	MainProjects/Algebraic-Jacobian-Challenge/hgraph/nodes/411e5c9eb174.md
M	MainProjects/Algebraic-Jacobian-Challenge/hgraph/nodes/41a4048fdb76.md
D	MainProjects/Algebraic-Jacobian-Challenge/hgraph/nodes/41a41fdfbeaf.md
M	MainProjects/Algebraic-Jacobian-Challenge/hgraph/nodes/41c7b987ab44.md
M	MainProjects/Algebraic-Jacobian-Challenge/hgraph/nodes/41d9f14ea155.md
M	MainProjects/Algebraic-Jacobian-Challenge/hgraph/nodes/4245df4ed2b9.md
D	MainProjects/Algebraic-Jacobian-Challenge/hgraph/nodes/42543b386893.md
M	MainProjects/Algebraic-Jacobian-Challenge/hgraph/nodes/425a5e5ce5db.md
M	MainProjects/Algebraic-Jacobian-Challenge/hgraph/nodes/42dc29bd5529.md
M	MainProjects/Algebraic-Jacobian-Challenge/hgraph/nodes/438973e33f18.md
M	MainProjects/Algebraic-Jacobian-Challenge/hgraph/nodes/43928cd9f3f0.md
M	MainProjects/Algebraic-Jacobian-Challenge/hgraph/nodes/43a2f30d9a4a.md
M	MainProjects/Algebraic-Jacobian-Challenge/hgraph/nodes/43c6325fea93.md
M	MainProjects/Algebraic-Jacobian-Challenge/hgraph/nodes/43eabcd0bde8.md
M	MainProjects/Algebraic-Jacobian-Challenge/hgraph/nodes/43ffc994ec26.md
M	MainProjects/Algebraic-Jacobian-Challenge/hgraph/nodes/44133107d5a8.md
M	MainProjects/Algebraic-Jacobian-Challenge/hgraph/nodes/4456713c2a97.md
M	MainProjects/Algebraic-Jacobian-Challenge/hgraph/nodes/44971010a006.md
M	MainProjects/Algebraic-Jacobian-Challenge/hgraph/nodes/44a4c9996e8e.md
M	MainProjects/Algebraic-Jacobian-Challenge/hgraph/nodes/44b10879e076.md
M	MainProjects/Algebraic-Jacobian-Challenge/hgraph/nodes/44e1f8b6414e.md
M	MainProjects/Algebraic-Jacobian-Challenge/hgraph/nodes/4542202404e5.md
M	MainProjects/Algebraic-Jacobian-Challenge/hgraph/nodes/4590b35805ad.md
D	MainProjects/Algebraic-Jacobian-Challenge/hgraph/nodes/4597ed8cc012.md
M	MainProjects/Algebraic-Jacobian-Challenge/hgraph/nodes/45a30e3278f8.md
D	MainProjects/Algebraic-Jacobian-Challenge/hgraph/nodes/45b191bbe169.md
M	MainProjects/Algebraic-Jacobian-Challenge/hgraph/nodes/45c7808cd80a.md
M	MainProjects/Algebraic-Jacobian-Challenge/hgraph/nodes/4684b5c76d95.md
M	MainProjects/Algebraic-Jacobian-Challenge/hgraph/nodes/468f973386cc.md
M	MainProjects/Algebraic-Jacobian-Challenge/hgraph/nodes/46c887f15da4.md
M	MainProjects/Algebraic-Jacobian-Challenge/hgraph/nodes/46dba4b3f96a.md
M	MainProjects/Algebraic-Jacobian-Challenge/hgraph/nodes/46e0e8558a16.md
M	MainProjects/Algebraic-Jacobian-Challenge/hgraph/nodes/46fed93ebb1b.md
M	MainProjects/Algebraic-Jacobian-Challenge/hgraph/nodes/47057f8cea7c.md
M	MainProjects/Algebraic-Jacobian-Challenge/hgraph/nodes/471bff8ddbc5.md
M	MainProjects/Algebraic-Jacobian-Challenge/hgraph/nodes/473a269eaf7e.md
M	MainProjects/Algebraic-Jacobian-Challenge/hgraph/nodes/47d7a4a94690.md
M	MainProjects/Algebraic-Jacobian-Challenge/hgraph/nodes/48444e37861d.md
M	MainProjects/Algebraic-Jacobian-Challenge/hgraph/nodes/485d57c2b906.md
M	MainProjects/Algebraic-Jacobian-Challenge/hgraph/nodes/486825580a3b.md
M	MainProjects/Algebraic-Jacobian-Challenge/hgraph/nodes/4895f1df6704.md
M	MainProjects/Algebraic-Jacobian-Challenge/hgraph/nodes/48bf55e5bec4.md
M	MainProjects/Algebraic-Jacobian-Challenge/hgraph/nodes/492549560391.md
M	MainProjects/Algebraic-Jacobian-Challenge/hgraph/nodes/4953018cfa2a.md
M	MainProjects/Algebraic-Jacobian-Challenge/hgraph/nodes/4966ab064a47.md
M	MainProjects/Algebraic-Jacobian-Challenge/hgraph/nodes/49bec1ec717b.md
M	MainProjects/Algebraic-Jacobian-Challenge/hgraph/nodes/4a254262b05b.md
M	MainProjects/Algebraic-Jacobian-Challenge/hgraph/nodes/4b55af8e98d4.md
D	MainProjects/Algebraic-Jacobian-Challenge/hgraph/nodes/4b5b297c359c.md
M	MainProjects/Algebraic-Jacobian-Challenge/hgraph/nodes/4bab9beac298.md
M	MainProjects/Algebraic-Jacobian-Challenge/hgraph/nodes/4bb19b2a4944.md
M	MainProjects/Algebraic-Jacobian-Challenge/hgraph/nodes/4bc7b8528193.md
M	MainProjects/Algebraic-Jacobian-Challenge/hgraph/nodes/4c05092ecce9.md
M	MainProjects/Algebraic-Jacobian-Challenge/hgraph/nodes/4c156bce07aa.md
M	MainProjects/Algebraic-Jacobian-Challenge/hgraph/nodes/4c7de6b4d92f.md
M	MainProjects/Algebraic-Jacobian-Challenge/hgraph/nodes/4dc507255579.md
M	MainProjects/Algebraic-Jacobian-Challenge/hgraph/nodes/4e42254c2080.md
D	MainProjects/Algebraic-Jacobian-Challenge/hgraph/nodes/4e91143d8971.md
M	MainProjects/Algebraic-Jacobian-Challenge/hgraph/nodes/4ebb52d3ebfb.md
D	MainProjects/Algebraic-Jacobian-Challenge/hgraph/nodes/4ec64bff806c.md
D	MainProjects/Algebraic-Jacobian-Challenge/hgraph/nodes/4f1278de978e.md
M	MainProjects/Algebraic-Jacobian-Challenge/hgraph/nodes/4f82e8dbcece.md
M	MainProjects/Algebraic-Jacobian-Challenge/hgraph/nodes/4fb29ae10ed4.md
M	MainProjects/Algebraic-Jacobian-Challenge/hgraph/nodes/501235e34d53.md
M	MainProjects/Algebraic-Jacobian-Challenge/hgraph/nodes/501f04101068.md
D	MainProjects/Algebraic-Jacobian-Challenge/hgraph/nodes/503f6168ad90.md
M	MainProjects/Algebraic-Jacobian-Challenge/hgraph/nodes/5069b16a1302.md
D	MainProjects/Algebraic-Jacobian-Challenge/hgraph/nodes/50f265158c6c.md
M	MainProjects/Algebraic-Jacobian-Challenge/hgraph/nodes/5116a1dc057c.md
M	MainProjects/Algebraic-Jacobian-Challenge/hgraph/nodes/511f5c71de1c.md
M	MainProjects/Algebraic-Jacobian-Challenge/hgraph/nodes/512a7b86c0b0.md
M	MainProjects/Algebraic-Jacobian-Challenge/hgraph/nodes/514878545c66.md
M	MainProjects/Algebraic-Jacobian-Challenge/hgraph/nodes/5155dbbe7524.md
M	MainProjects/Algebraic-Jacobian-Challenge/hgraph/nodes/515ad7816137.md
M	MainProjects/Algebraic-Jacobian-Challenge/hgraph/nodes/5189ffef9284.md
M	MainProjects/Algebraic-Jacobian-Challenge/hgraph/nodes/520d62987dce.md
M	MainProjects/Algebraic-Jacobian-Challenge/hgraph/nodes/52ecf21eb54c.md
M	MainProjects/Algebraic-Jacobian-Challenge/hgraph/nodes/53119bc58688.md
M	MainProjects/Algebraic-Jacobian-Challenge/hgraph/nodes/532f20abc6fb.md
M	MainProjects/Algebraic-Jacobian-Challenge/hgraph/nodes/533201c3221d.md
M	MainProjects/Algebraic-Jacobian-Challenge/hgraph/nodes/53577421ca15.md
M	MainProjects/Algebraic-Jacobian-Challenge/hgraph/nodes/537df130c201.md
M	MainProjects/Algebraic-Jacobian-Challenge/hgraph/nodes/53a3809ea6b6.md
M	MainProjects/Algebraic-Jacobian-Challenge/hgraph/nodes/53c070553bf7.md
M	MainProjects/Algebraic-Jacobian-Challenge/hgraph/nodes/54115ab2f14d.md
M	MainProjects/Algebraic-Jacobian-Challenge/hgraph/nodes/541753ece32d.md
M	MainProjects/Algebraic-Jacobian-Challenge/hgraph/nodes/543b76cf1a1c.md
M	MainProjects/Algebraic-Jacobian-Challenge/hgraph/nodes/5447a7112126.md
M	MainProjects/Algebraic-Jacobian-Challenge/hgraph/nodes/546a42b0a1e4.md
M	MainProjects/Algebraic-Jacobian-Challenge/hgraph/nodes/54a12d8487d6.md
M	MainProjects/Algebraic-Jacobian-Challenge/hgraph/nodes/55103e67893a.md
M	MainProjects/Algebraic-Jacobian-Challenge/hgraph/nodes/556618198b3d.md
M	MainProjects/Algebraic-Jacobian-Challenge/hgraph/nodes/563f0efe1d06.md
M	MainProjects/Algebraic-Jacobian-Challenge/hgraph/nodes/565e737a59c8.md
M	MainProjects/Algebraic-Jacobian-Challenge/hgraph/nodes/56d1a94bd467.md
M	MainProjects/Algebraic-Jacobian-Challenge/hgraph/nodes/576c3ffb353d.md
D	MainProjects/Algebraic-Jacobian-Challenge/hgraph/nodes/5791bc8e48d1.md
M	MainProjects/Algebraic-Jacobian-Challenge/hgraph/nodes/582fd84263b0.md
M	MainProjects/Algebraic-Jacobian-Challenge/hgraph/nodes/583ab37d0b8d.md
M	MainProjects/Algebraic-Jacobian-Challenge/hgraph/nodes/58618c5cf4f0.md
M	MainProjects/Algebraic-Jacobian-Challenge/hgraph/nodes/588fb26ba187.md
M	MainProjects/Algebraic-Jacobian-Challenge/hgraph/nodes/58936964647d.md
M	MainProjects/Algebraic-Jacobian-Challenge/hgraph/nodes/5895f0cc87dd.md
M	MainProjects/Algebraic-Jacobian-Challenge/hgraph/nodes/58d2def972d9.md
M	MainProjects/Algebraic-Jacobian-Challenge/hgraph/nodes/58e44ea99d13.md
M	MainProjects/Algebraic-Jacobian-Challenge/hgraph/nodes/591c922e51b0.md
M	MainProjects/Algebraic-Jacobian-Challenge/hgraph/nodes/5954a26ea9a4.md
M	MainProjects/Algebraic-Jacobian-Challenge/hgraph/nodes/597b4af2d5f6.md
D	MainProjects/Algebraic-Jacobian-Challenge/hgraph/nodes/5a21e864aeee.md
M	MainProjects/Algebraic-Jacobian-Challenge/hgraph/nodes/5a3804afa350.md
M	MainProjects/Algebraic-Jacobian-Challenge/hgraph/nodes/5a45d3201e19.md
M	MainProjects/Algebraic-Jacobian-Challenge/hgraph/nodes/5a45e25974ff.md
M	MainProjects/Algebraic-Jacobian-Challenge/hgraph/nodes/5a54b21cb298.md
M	MainProjects/Algebraic-Jacobian-Challenge/hgraph/nodes/5a5888c3693e.md
M	MainProjects/Algebraic-Jacobian-Challenge/hgraph/nodes/5a5dede1d8ec.md
D	MainProjects/Algebraic-Jacobian-Challenge/hgraph/nodes/5aa2496b9e4e.md
M	MainProjects/Algebraic-Jacobian-Challenge/hgraph/nodes/5ab675d41b84.md
M	MainProjects/Algebraic-Jacobian-Challenge/hgraph/nodes/5ad2e3d44727.md
M	MainProjects/Algebraic-Jacobian-Challenge/hgraph/nodes/5afb6a1a0eff.md
M	MainProjects/Algebraic-Jacobian-Challenge/hgraph/nodes/5afbc51be6b2.md
M	MainProjects/Algebraic-Jacobian-Challenge/hgraph/nodes/5b3ab71e2a5e.md
M	MainProjects/Algebraic-Jacobian-Challenge/hgraph/nodes/5b55bec17f86.md
M	MainProjects/Algebraic-Jacobian-Challenge/hgraph/nodes/5bc50df31c42.md
M	MainProjects/Algebraic-Jacobian-Challenge/hgraph/nodes/5bf1bdbe8dd2.md
M	MainProjects/Algebraic-Jacobian-Challenge/hgraph/nodes/5c1081e83b2f.md
M	MainProjects/Algebraic-Jacobian-Challenge/hgraph/nodes/5c55cd1f63a9.md
M	MainProjects/Algebraic-Jacobian-Challenge/hgraph/nodes/5c56a88a4d4c.md
M	MainProjects/Algebraic-Jacobian-Challenge/hgraph/nodes/5c697c1cb90d.md
M	MainProjects/Algebraic-Jacobian-Challenge/hgraph/nodes/5c937fb1f60c.md
M	MainProjects/Algebraic-Jacobian-Challenge/hgraph/nodes/5ce3497faf9e.md
M	MainProjects/Algebraic-Jacobian-Challenge/hgraph/nodes/5ce7abe78b2b.md
M	MainProjects/Algebraic-Jacobian-Challenge/hgraph/nodes/5d4a8a82346e.md
M	MainProjects/Algebraic-Jacobian-Challenge/hgraph/nodes/5d65e9b03446.md
M	MainProjects/Algebraic-Jacobian-Challenge/hgraph/nodes/5d75828ed3bc.md
M	MainProjects/Algebraic-Jacobian-Challenge/hgraph/nodes/5d9e9abd70c3.md
M	MainProjects/Algebraic-Jacobian-Challenge/hgraph/nodes/5dae29c54498.md
M	MainProjects/Algebraic-Jacobian-Challenge/hgraph/nodes/5e78ede550a0.md
D	MainProjects/Algebraic-Jacobian-Challenge/hgraph/nodes/5e819c4e993b.md
D	MainProjects/Algebraic-Jacobian-Challenge/hgraph/nodes/5e97c20a592a.md
M	MainProjects/Algebraic-Jacobian-Challenge/hgraph/nodes/5ea63a00926f.md
M	MainProjects/Algebraic-Jacobian-Challenge/hgraph/nodes/5eb86321a7f3.md
M	MainProjects/Algebraic-Jacobian-Challenge/hgraph/nodes/5ee54760d96e.md
M	MainProjects/Algebraic-Jacobian-Challenge/hgraph/nodes/5eec586cf0db.md
M	MainProjects/Algebraic-Jacobian-Challenge/hgraph/nodes/5f0b55a329ff.md
M	MainProjects/Algebraic-Jacobian-Challenge/hgraph/nodes/5f4776931c70.md
M	MainProjects/Algebraic-Jacobian-Challenge/hgraph/nodes/6029c4c880db.md
M	MainProjects/Algebraic-Jacobian-Challenge/hgraph/nodes/603dd292103a.md
M	MainProjects/Algebraic-Jacobian-Challenge/hgraph/nodes/6064925a6c06.md
D	MainProjects/Algebraic-Jacobian-Challenge/hgraph/nodes/6097479db836.md
D	MainProjects/Algebraic-Jacobian-Challenge/hgraph/nodes/60a07cd90421.md
M	MainProjects/Algebraic-Jacobian-Challenge/hgraph/nodes/60a927481aa3.md
M	MainProjects/Algebraic-Jacobian-Challenge/hgraph/nodes/60daaf99d687.md
M	MainProjects/Algebraic-Jacobian-Challenge/hgraph/nodes/61e35e692492.md
D	MainProjects/Algebraic-Jacobian-Challenge/hgraph/nodes/621b5144cd05.md
M	MainProjects/Algebraic-Jacobian-Challenge/hgraph/nodes/62363576d4a9.md
M	MainProjects/Algebraic-Jacobian-Challenge/hgraph/nodes/624906f55073.md
M	MainProjects/Algebraic-Jacobian-Challenge/hgraph/nodes/629e3bf71c73.md
M	MainProjects/Algebraic-Jacobian-Challenge/hgraph/nodes/62b5488ac867.md
M	MainProjects/Algebraic-Jacobian-Challenge/hgraph/nodes/62cc2ff5b5aa.md
M	MainProjects/Algebraic-Jacobian-Challenge/hgraph/nodes/62d5ce08becb.md
M	MainProjects/Algebraic-Jacobian-Challenge/hgraph/nodes/636fa8cf4501.md
M	MainProjects/Algebraic-Jacobian-Challenge/hgraph/nodes/6380e7161041.md
M	MainProjects/Algebraic-Jacobian-Challenge/hgraph/nodes/63d69f936ce2.md
M	MainProjects/Algebraic-Jacobian-Challenge/hgraph/nodes/63d7dd0b409e.md
M	MainProjects/Algebraic-Jacobian-Challenge/hgraph/nodes/6403c6312fc5.md
D	MainProjects/Algebraic-Jacobian-Challenge/hgraph/nodes/643608dfe6bf.md
M	MainProjects/Algebraic-Jacobian-Challenge/hgraph/nodes/648bd4709664.md
M	MainProjects/Algebraic-Jacobian-Challenge/hgraph/nodes/64aa2049fa04.md
M	MainProjects/Algebraic-Jacobian-Challenge/hgraph/nodes/65434635e130.md
M	MainProjects/Algebraic-Jacobian-Challenge/hgraph/nodes/655eaa531094.md
D	MainProjects/Algebraic-Jacobian-Challenge/hgraph/nodes/65caaab0a874.md
M	MainProjects/Algebraic-Jacobian-Challenge/hgraph/nodes/666ea2c20287.md
M	MainProjects/Algebraic-Jacobian-Challenge/hgraph/nodes/6698b23dc6f9.md
M	MainProjects/Algebraic-Jacobian-Challenge/hgraph/nodes/66b843fb341f.md
M	MainProjects/Algebraic-Jacobian-Challenge/hgraph/nodes/6700ecb7b872.md
M	MainProjects/Algebraic-Jacobian-Challenge/hgraph/nodes/673521f3e150.md
M	MainProjects/Algebraic-Jacobian-Challenge/hgraph/nodes/67a55af5457b.md
M	MainProjects/Algebraic-Jacobian-Challenge/hgraph/nodes/67d79652c59e.md
M	MainProjects/Algebraic-Jacobian-Challenge/hgraph/nodes/67ebd40bc484.md
M	MainProjects/Algebraic-Jacobian-Challenge/hgraph/nodes/67ef3d5c731e.md
M	MainProjects/Algebraic-Jacobian-Challenge/hgraph/nodes/67f127489eb1.md
M	MainProjects/Algebraic-Jacobian-Challenge/hgraph/nodes/683277058b15.md
M	MainProjects/Algebraic-Jacobian-Challenge/hgraph/nodes/68f800444356.md
M	MainProjects/Algebraic-Jacobian-Challenge/hgraph/nodes/69bfa2a5225b.md
M	MainProjects/Algebraic-Jacobian-Challenge/hgraph/nodes/69e488649f04.md
M	MainProjects/Algebraic-Jacobian-Challenge/hgraph/nodes/69e939ea0ad9.md
M	MainProjects/Algebraic-Jacobian-Challenge/hgraph/nodes/69ef8329153b.md
M	MainProjects/Algebraic-Jacobian-Challenge/hgraph/nodes/6a60f2cba617.md
M	MainProjects/Algebraic-Jacobian-Challenge/hgraph/nodes/6a819f297858.md
M	MainProjects/Algebraic-Jacobian-Challenge/hgraph/nodes/6b2aa7340961.md
M	MainProjects/Algebraic-Jacobian-Challenge/hgraph/nodes/6b5a406caf72.md
M	MainProjects/Algebraic-Jacobian-Challenge/hgraph/nodes/6b5bcefd13a0.md
M	MainProjects/Algebraic-Jacobian-Challenge/hgraph/nodes/6c13b6b44491.md
M	MainProjects/Algebraic-Jacobian-Challenge/hgraph/nodes/6c9e47c1dde4.md
M	MainProjects/Algebraic-Jacobian-Challenge/hgraph/nodes/6cb0c9c7af07.md
M	MainProjects/Algebraic-Jacobian-Challenge/hgraph/nodes/6d17af0e736b.md
M	MainProjects/Algebraic-Jacobian-Challenge/hgraph/nodes/6d1c4f4a29db.md
M	MainProjects/Algebraic-Jacobian-Challenge/hgraph/nodes/6d277eb835ec.md
M	MainProjects/Algebraic-Jacobian-Challenge/hgraph/nodes/6d38da8f0a57.md
M	MainProjects/Algebraic-Jacobian-Challenge/hgraph/nodes/6d6a3d5dbcf0.md
M	MainProjects/Algebraic-Jacobian-Challenge/hgraph/nodes/6dad21e09826.md
M	MainProjects/Algebraic-Jacobian-Challenge/hgraph/nodes/6e529174a239.md
M	MainProjects/Algebraic-Jacobian-Challenge/hgraph/nodes/6e5c5cab4493.md
M	MainProjects/Algebraic-Jacobian-Challenge/hgraph/nodes/6ea29163abbe.md
M	MainProjects/Algebraic-Jacobian-Challenge/hgraph/nodes/6f35d0fab34c.md
M	MainProjects/Algebraic-Jacobian-Challenge/hgraph/nodes/6f3edc89db67.md
D	MainProjects/Algebraic-Jacobian-Challenge/hgraph/nodes/6f4680d1ccd1.md
D	MainProjects/Algebraic-Jacobian-Challenge/hgraph/nodes/6f5a9c790460.md
M	MainProjects/Algebraic-Jacobian-Challenge/hgraph/nodes/6f6b422f29bf.md
M	MainProjects/Algebraic-Jacobian-Challenge/hgraph/nodes/6f94770a32d5.md
M	MainProjects/Algebraic-Jacobian-Challenge/hgraph/nodes/6f993d7f4169.md
M	MainProjects/Algebraic-Jacobian-Challenge/hgraph/nodes/6fae25f1361c.md
M	MainProjects/Algebraic-Jacobian-Challenge/hgraph/nodes/6ff963947015.md
M	MainProjects/Algebraic-Jacobian-Challenge/hgraph/nodes/70437f6b9b5e.md
M	MainProjects/Algebraic-Jacobian-Challenge/hgraph/nodes/7052d5f29b28.md
M	MainProjects/Algebraic-Jacobian-Challenge/hgraph/nodes/7055ef51f643.md
M	MainProjects/Algebraic-Jacobian-Challenge/hgraph/nodes/70a10465ce3e.md
M	MainProjects/Algebraic-Jacobian-Challenge/hgraph/nodes/711fb92e44b1.md
D	MainProjects/Algebraic-Jacobian-Challenge/hgraph/nodes/71408ad3cb6d.md
M	MainProjects/Algebraic-Jacobian-Challenge/hgraph/nodes/7187eb35f641.md
M	MainProjects/Algebraic-Jacobian-Challenge/hgraph/nodes/7198f944c278.md
D	MainProjects/Algebraic-Jacobian-Challenge/hgraph/nodes/71a0e687acbb.md
M	MainProjects/Algebraic-Jacobian-Challenge/hgraph/nodes/71f34dae6fc4.md
M	MainProjects/Algebraic-Jacobian-Challenge/hgraph/nodes/722700916931.md
M	MainProjects/Algebraic-Jacobian-Challenge/hgraph/nodes/7285ac9015fa.md
D	MainProjects/Algebraic-Jacobian-Challenge/hgraph/nodes/728cd81c9cd4.md
D	MainProjects/Algebraic-Jacobian-Challenge/hgraph/nodes/736515fd7ccb.md
M	MainProjects/Algebraic-Jacobian-Challenge/hgraph/nodes/737695c384b3.md
M	MainProjects/Algebraic-Jacobian-Challenge/hgraph/nodes/73e1346442fd.md
D	MainProjects/Algebraic-Jacobian-Challenge/hgraph/nodes/740778583db7.md
D	MainProjects/Algebraic-Jacobian-Challenge/hgraph/nodes/741fd48e2b04.md
M	MainProjects/Algebraic-Jacobian-Challenge/hgraph/nodes/7437467f5e17.md
M	MainProjects/Algebraic-Jacobian-Challenge/hgraph/nodes/743a3f03a664.md
M	MainProjects/Algebraic-Jacobian-Challenge/hgraph/nodes/7458557232fb.md
D	MainProjects/Algebraic-Jacobian-Challenge/hgraph/nodes/74625eeb1c8d.md
M	MainProjects/Algebraic-Jacobian-Challenge/hgraph/nodes/74c77a8875b3.md
M	MainProjects/Algebraic-Jacobian-Challenge/hgraph/nodes/74e520f3de66.md
M	MainProjects/Algebraic-Jacobian-Challenge/hgraph/nodes/75069ff8749a.md
M	MainProjects/Algebraic-Jacobian-Challenge/hgraph/nodes/7585491f1195.md
M	MainProjects/Algebraic-Jacobian-Challenge/hgraph/nodes/758a8546a11b.md
M	MainProjects/Algebraic-Jacobian-Challenge/hgraph/nodes/75c3ad1cea01.md
M	MainProjects/Algebraic-Jacobian-Challenge/hgraph/nodes/76fd3187013f.md
M	MainProjects/Algebraic-Jacobian-Challenge/hgraph/nodes/774f3f64e1f7.md
M	MainProjects/Algebraic-Jacobian-Challenge/hgraph/nodes/776b182f0f66.md
M	MainProjects/Algebraic-Jacobian-Challenge/hgraph/nodes/7786d53336c3.md
D	MainProjects/Algebraic-Jacobian-Challenge/hgraph/nodes/77da91e370ec.md
M	MainProjects/Algebraic-Jacobian-Challenge/hgraph/nodes/7845ff7267c9.md
M	MainProjects/Algebraic-Jacobian-Challenge/hgraph/nodes/78c6b7797b45.md
D	MainProjects/Algebraic-Jacobian-Challenge/hgraph/nodes/790c62794e08.md
D	MainProjects/Algebraic-Jacobian-Challenge/hgraph/nodes/796305511df4.md
M	MainProjects/Algebraic-Jacobian-Challenge/hgraph/nodes/79e5c57c700f.md
M	MainProjects/Algebraic-Jacobian-Challenge/hgraph/nodes/7a1387ec9e9a.md
M	MainProjects/Algebraic-Jacobian-Challenge/hgraph/nodes/7a18956bb821.md
M	MainProjects/Algebraic-Jacobian-Challenge/hgraph/nodes/7a30892016ea.md
M	MainProjects/Algebraic-Jacobian-Challenge/hgraph/nodes/7a93208719a7.md
M	MainProjects/Algebraic-Jacobian-Challenge/hgraph/nodes/7ab2c75fc3c8.md
M	MainProjects/Algebraic-Jacobian-Challenge/hgraph/nodes/7af63d7ff23c.md
M	MainProjects/Algebraic-Jacobian-Challenge/hgraph/nodes/7b78598bcece.md
M	MainProjects/Algebraic-Jacobian-Challenge/hgraph/nodes/7b8fcff7a217.md
M	MainProjects/Algebraic-Jacobian-Challenge/hgraph/nodes/7b91eff4f7b0.md
M	MainProjects/Algebraic-Jacobian-Challenge/hgraph/nodes/7b922eb29e0d.md
M	MainProjects/Algebraic-Jacobian-Challenge/hgraph/nodes/7bcf7e18c8e9.md
M	MainProjects/Algebraic-Jacobian-Challenge/hgraph/nodes/7bde50eed5ce.md
M	MainProjects/Algebraic-Jacobian-Challenge/hgraph/nodes/7c14f68ffd5d.md
M	MainProjects/Algebraic-Jacobian-Challenge/hgraph/nodes/7c54b607338b.md
D	MainProjects/Algebraic-Jacobian-Challenge/hgraph/nodes/7c8dafb0676f.md
D	MainProjects/Algebraic-Jacobian-Challenge/hgraph/nodes/7c95650e593c.md
M	MainProjects/Algebraic-Jacobian-Challenge/hgraph/nodes/7cd3620b9360.md
M	MainProjects/Algebraic-Jacobian-Challenge/hgraph/nodes/7ceb0c29f7dd.md
M	MainProjects/Algebraic-Jacobian-Challenge/hgraph/nodes/7d0203bd969f.md
M	MainProjects/Algebraic-Jacobian-Challenge/hgraph/nodes/7d4661c7aede.md
M	MainProjects/Algebraic-Jacobian-Challenge/hgraph/nodes/7dac405a71dd.md
M	MainProjects/Algebraic-Jacobian-Challenge/hgraph/nodes/7dd4cca31a7a.md
M	MainProjects/Algebraic-Jacobian-Challenge/hgraph/nodes/7e2b695d0177.md
D	MainProjects/Algebraic-Jacobian-Challenge/hgraph/nodes/7e3fd816f9be.md
M	MainProjects/Algebraic-Jacobian-Challenge/hgraph/nodes/7ea9aa4b13dc.md
M	MainProjects/Algebraic-Jacobian-Challenge/hgraph/nodes/7ef4e7b5dec5.md
M	MainProjects/Algebraic-Jacobian-Challenge/hgraph/nodes/7ef969415798.md
M	MainProjects/Algebraic-Jacobian-Challenge/hgraph/nodes/7f4e24e52350.md
M	MainProjects/Algebraic-Jacobian-Challenge/hgraph/nodes/7f89260d29e0.md
D	MainProjects/Algebraic-Jacobian-Challenge/hgraph/nodes/8069f2033d7f.md
M	MainProjects/Algebraic-Jacobian-Challenge/hgraph/nodes/806a1b73b47f.md
M	MainProjects/Algebraic-Jacobian-Challenge/hgraph/nodes/80bd993d45c3.md
M	MainProjects/Algebraic-Jacobian-Challenge/hgraph/nodes/80fc4bc06d19.md
D	MainProjects/Algebraic-Jacobian-Challenge/hgraph/nodes/81060fec218b.md
M	MainProjects/Algebraic-Jacobian-Challenge/hgraph/nodes/815644374416.md
D	MainProjects/Algebraic-Jacobian-Challenge/hgraph/nodes/815d686f2256.md
M	MainProjects/Algebraic-Jacobian-Challenge/hgraph/nodes/81a4f7528277.md
D	MainProjects/Algebraic-Jacobian-Challenge/hgraph/nodes/81c992f50dd2.md
D	MainProjects/Algebraic-Jacobian-Challenge/hgraph/nodes/81ca596f814a.md
M	MainProjects/Algebraic-Jacobian-Challenge/hgraph/nodes/821bdb5dbfbf.md
M	MainProjects/Algebraic-Jacobian-Challenge/hgraph/nodes/8223c113aec4.md
M	MainProjects/Algebraic-Jacobian-Challenge/hgraph/nodes/822ebd225876.md
M	MainProjects/Algebraic-Jacobian-Challenge/hgraph/nodes/825d4559b7c6.md
M	MainProjects/Algebraic-Jacobian-Challenge/hgraph/nodes/8290349aac22.md
M	MainProjects/Algebraic-Jacobian-Challenge/hgraph/nodes/82ed0dd39cab.md
M	MainProjects/Algebraic-Jacobian-Challenge/hgraph/nodes/82f2adfd7a85.md
M	MainProjects/Algebraic-Jacobian-Challenge/hgraph/nodes/82fca4699763.md
M	MainProjects/Algebraic-Jacobian-Challenge/hgraph/nodes/8397ecc4a024.md
M	MainProjects/Algebraic-Jacobian-Challenge/hgraph/nodes/83fbba6166f3.md
M	MainProjects/Algebraic-Jacobian-Challenge/hgraph/nodes/840fd0a50b89.md
M	MainProjects/Algebraic-Jacobian-Challenge/hgraph/nodes/841414915bd7.md
M	MainProjects/Algebraic-Jacobian-Challenge/hgraph/nodes/8437c8ee16d0.md
D	MainProjects/Algebraic-Jacobian-Challenge/hgraph/nodes/843ea1c6b7fe.md
M	MainProjects/Algebraic-Jacobian-Challenge/hgraph/nodes/844854c0fd32.md
M	MainProjects/Algebraic-Jacobian-Challenge/hgraph/nodes/84527adee34e.md
M	MainProjects/Algebraic-Jacobian-Challenge/hgraph/nodes/84a76308b390.md
M	MainProjects/Algebraic-Jacobian-Challenge/hgraph/nodes/84b85f9e60b4.md
M	MainProjects/Algebraic-Jacobian-Challenge/hgraph/nodes/85192d565668.md
M	MainProjects/Algebraic-Jacobian-Challenge/hgraph/nodes/857ad24bc856.md
D	MainProjects/Algebraic-Jacobian-Challenge/hgraph/nodes/85e1a07fe34c.md
D	MainProjects/Algebraic-Jacobian-Challenge/hgraph/nodes/85e3e1408d53.md
M	MainProjects/Algebraic-Jacobian-Challenge/hgraph/nodes/8688f0bbb0d0.md
M	MainProjects/Algebraic-Jacobian-Challenge/hgraph/nodes/8756033dfcbd.md
M	MainProjects/Algebraic-Jacobian-Challenge/hgraph/nodes/8763196383ba.md
M	MainProjects/Algebraic-Jacobian-Challenge/hgraph/nodes/878a307c4fc4.md
M	MainProjects/Algebraic-Jacobian-Challenge/hgraph/nodes/87cb5f03a33e.md
M	MainProjects/Algebraic-Jacobian-Challenge/hgraph/nodes/87fe4b3dea90.md
M	MainProjects/Algebraic-Jacobian-Challenge/hgraph/nodes/881679d16462.md
M	MainProjects/Algebraic-Jacobian-Challenge/hgraph/nodes/882908f9e7a8.md
M	MainProjects/Algebraic-Jacobian-Challenge/hgraph/nodes/88990a7c253c.md
D	MainProjects/Algebraic-Jacobian-Challenge/hgraph/nodes/889fd69ec0ef.md
M	MainProjects/Algebraic-Jacobian-Challenge/hgraph/nodes/88ece3c5432e.md
M	MainProjects/Algebraic-Jacobian-Challenge/hgraph/nodes/88ed1fcc6934.md
M	MainProjects/Algebraic-Jacobian-Challenge/hgraph/nodes/89192dbdd4b3.md
M	MainProjects/Algebraic-Jacobian-Challenge/hgraph/nodes/8969ffab0de2.md
M	MainProjects/Algebraic-Jacobian-Challenge/hgraph/nodes/89932f55960b.md
M	MainProjects/Algebraic-Jacobian-Challenge/hgraph/nodes/8a245e31cf7e.md
M	MainProjects/Algebraic-Jacobian-Challenge/hgraph/nodes/8a47b4aece46.md
M	MainProjects/Algebraic-Jacobian-Challenge/hgraph/nodes/8a491e6f62b4.md
M	MainProjects/Algebraic-Jacobian-Challenge/hgraph/nodes/8abc949dbab3.md
M	MainProjects/Algebraic-Jacobian-Challenge/hgraph/nodes/8af243489f75.md
M	MainProjects/Algebraic-Jacobian-Challenge/hgraph/nodes/8b2be64463b6.md
D	MainProjects/Algebraic-Jacobian-Challenge/hgraph/nodes/8b5295fb102a.md
M	MainProjects/Algebraic-Jacobian-Challenge/hgraph/nodes/8b530006eb32.md
M	MainProjects/Algebraic-Jacobian-Challenge/hgraph/nodes/8b813504ab42.md
M	MainProjects/Algebraic-Jacobian-Challenge/hgraph/nodes/8b867a62e84b.md
M	MainProjects/Algebraic-Jacobian-Challenge/hgraph/nodes/8bd97ae1ddce.md
M	MainProjects/Algebraic-Jacobian-Challenge/hgraph/nodes/8be3993a0c9c.md
M	MainProjects/Algebraic-Jacobian-Challenge/hgraph/nodes/8c0166e79446.md
M	MainProjects/Algebraic-Jacobian-Challenge/hgraph/nodes/8ca82850f72d.md
M	MainProjects/Algebraic-Jacobian-Challenge/hgraph/nodes/8cc4f0de7e47.md
M	MainProjects/Algebraic-Jacobian-Challenge/hgraph/nodes/8cda528f1c0b.md
M	MainProjects/Algebraic-Jacobian-Challenge/hgraph/nodes/8d1eed6ce203.md
M	MainProjects/Algebraic-Jacobian-Challenge/hgraph/nodes/8d27844b96f9.md
M	MainProjects/Algebraic-Jacobian-Challenge/hgraph/nodes/8dcd9077512e.md
M	MainProjects/Algebraic-Jacobian-Challenge/hgraph/nodes/8e2c81a5b123.md
M	MainProjects/Algebraic-Jacobian-Challenge/hgraph/nodes/8e470519b11b.md
M	MainProjects/Algebraic-Jacobian-Challenge/hgraph/nodes/8e6efbe3e15b.md
M	MainProjects/Algebraic-Jacobian-Challenge/hgraph/nodes/8e70c46816db.md
M	MainProjects/Algebraic-Jacobian-Challenge/hgraph/nodes/8ed8b7139ecd.md
M	MainProjects/Algebraic-Jacobian-Challenge/hgraph/nodes/8f5791fa7501.md
M	MainProjects/Algebraic-Jacobian-Challenge/hgraph/nodes/8f6dde1190dc.md
M	MainProjects/Algebraic-Jacobian-Challenge/hgraph/nodes/8f7287dd918a.md
D	MainProjects/Algebraic-Jacobian-Challenge/hgraph/nodes/8f99fca3b7cc.md
M	MainProjects/Algebraic-Jacobian-Challenge/hgraph/nodes/8fccdabe6736.md
M	MainProjects/Algebraic-Jacobian-Challenge/hgraph/nodes/90f33200d009.md
M	MainProjects/Algebraic-Jacobian-Challenge/hgraph/nodes/91122c891716.md
M	MainProjects/Algebraic-Jacobian-Challenge/hgraph/nodes/912704054745.md
M	MainProjects/Algebraic-Jacobian-Challenge/hgraph/nodes/918d391db497.md
D	MainProjects/Algebraic-Jacobian-Challenge/hgraph/nodes/91ddda7736c7.md
M	MainProjects/Algebraic-Jacobian-Challenge/hgraph/nodes/922126dada1c.md
M	MainProjects/Algebraic-Jacobian-Challenge/hgraph/nodes/9236c87fa2d2.md
M	MainProjects/Algebraic-Jacobian-Challenge/hgraph/nodes/92906a09ce22.md
M	MainProjects/Algebraic-Jacobian-Challenge/hgraph/nodes/92a50e3bf6cc.md
M	MainProjects/Algebraic-Jacobian-Challenge/hgraph/nodes/92acca159d77.md
M	MainProjects/Algebraic-Jacobian-Challenge/hgraph/nodes/9331ff338011.md
M	MainProjects/Algebraic-Jacobian-Challenge/hgraph/nodes/934082d7bbc9.md
M	MainProjects/Algebraic-Jacobian-Challenge/hgraph/nodes/936fe0a7e20f.md
D	MainProjects/Algebraic-Jacobian-Challenge/hgraph/nodes/93cf7bec64a3.md
M	MainProjects/Algebraic-Jacobian-Challenge/hgraph/nodes/93f7babdf0f4.md
M	MainProjects/Algebraic-Jacobian-Challenge/hgraph/nodes/944478e54c48.md
M	MainProjects/Algebraic-Jacobian-Challenge/hgraph/nodes/94d3da08aff6.md
D	MainProjects/Algebraic-Jacobian-Challenge/hgraph/nodes/94fcb538464c.md
M	MainProjects/Algebraic-Jacobian-Challenge/hgraph/nodes/952cea3c3174.md
M	MainProjects/Algebraic-Jacobian-Challenge/hgraph/nodes/953175ed081a.md
D	MainProjects/Algebraic-Jacobian-Challenge/hgraph/nodes/9565331d77f1.md
M	MainProjects/Algebraic-Jacobian-Challenge/hgraph/nodes/95752db875fb.md
M	MainProjects/Algebraic-Jacobian-Challenge/hgraph/nodes/958d67a121f7.md
M	MainProjects/Algebraic-Jacobian-Challenge/hgraph/nodes/95d428143a59.md
M	MainProjects/Algebraic-Jacobian-Challenge/hgraph/nodes/964321aa4520.md
M	MainProjects/Algebraic-Jacobian-Challenge/hgraph/nodes/966472d963b2.md
M	MainProjects/Algebraic-Jacobian-Challenge/hgraph/nodes/96ae88eb7d5c.md
M	MainProjects/Algebraic-Jacobian-Challenge/hgraph/nodes/96c905084c57.md
M	MainProjects/Algebraic-Jacobian-Challenge/hgraph/nodes/96fcbfd259ec.md
D	MainProjects/Algebraic-Jacobian-Challenge/hgraph/nodes/9704bcf5ab8b.md
M	MainProjects/Algebraic-Jacobian-Challenge/hgraph/nodes/970c5bc832ef.md
M	MainProjects/Algebraic-Jacobian-Challenge/hgraph/nodes/972660812bd1.md
M	MainProjects/Algebraic-Jacobian-Challenge/hgraph/nodes/97482fd8be03.md
M	MainProjects/Algebraic-Jacobian-Challenge/hgraph/nodes/978ae6a4ddb6.md
M	MainProjects/Algebraic-Jacobian-Challenge/hgraph/nodes/97a42b1c001c.md
M	MainProjects/Algebraic-Jacobian-Challenge/hgraph/nodes/97cec923ab65.md
D	MainProjects/Algebraic-Jacobian-Challenge/hgraph/nodes/981bb96ef936.md
M	MainProjects/Algebraic-Jacobian-Challenge/hgraph/nodes/982511d7fec3.md
M	MainProjects/Algebraic-Jacobian-Challenge/hgraph/nodes/983665248fc7.md
M	MainProjects/Algebraic-Jacobian-Challenge/hgraph/nodes/983952e8148b.md
M	MainProjects/Algebraic-Jacobian-Challenge/hgraph/nodes/9861544e4fc7.md
M	MainProjects/Algebraic-Jacobian-Challenge/hgraph/nodes/98f9493a5952.md
M	MainProjects/Algebraic-Jacobian-Challenge/hgraph/nodes/99999c95b4af.md
M	MainProjects/Algebraic-Jacobian-Challenge/hgraph/nodes/99e6760ab3da.md
M	MainProjects/Algebraic-Jacobian-Challenge/hgraph/nodes/99f1557a1970.md
M	MainProjects/Algebraic-Jacobian-Challenge/hgraph/nodes/9a308f323517.md
M	MainProjects/Algebraic-Jacobian-Challenge/hgraph/nodes/9a3291a7e602.md
M	MainProjects/Algebraic-Jacobian-Challenge/hgraph/nodes/9a67761d1d1b.md
M	MainProjects/Algebraic-Jacobian-Challenge/hgraph/nodes/9b0098b15d2b.md
M	MainProjects/Algebraic-Jacobian-Challenge/hgraph/nodes/9b177a58b516.md
M	MainProjects/Algebraic-Jacobian-Challenge/hgraph/nodes/9b1cd3f67765.md
M	MainProjects/Algebraic-Jacobian-Challenge/hgraph/nodes/9b4d3ac362f3.md
M	MainProjects/Algebraic-Jacobian-Challenge/hgraph/nodes/9bad4e0e303a.md
M	MainProjects/Algebraic-Jacobian-Challenge/hgraph/nodes/9c2251d907d7.md
M	MainProjects/Algebraic-Jacobian-Challenge/hgraph/nodes/9c5f0996f817.md
M	MainProjects/Algebraic-Jacobian-Challenge/hgraph/nodes/9ce65d4979ef.md
M	MainProjects/Algebraic-Jacobian-Challenge/hgraph/nodes/9d361d141fab.md
M	MainProjects/Algebraic-Jacobian-Challenge/hgraph/nodes/9d397a6d530c.md
M	MainProjects/Algebraic-Jacobian-Challenge/hgraph/nodes/9d474a8184bc.md
M	MainProjects/Algebraic-Jacobian-Challenge/hgraph/nodes/9d839f06b377.md
M	MainProjects/Algebraic-Jacobian-Challenge/hgraph/nodes/9df89d7b27bd.md
M	MainProjects/Algebraic-Jacobian-Challenge/hgraph/nodes/9e039b634c9b.md
M	MainProjects/Algebraic-Jacobian-Challenge/hgraph/nodes/9e3e0ee8d85e.md
M	MainProjects/Algebraic-Jacobian-Challenge/hgraph/nodes/9e5f5730089a.md
D	MainProjects/Algebraic-Jacobian-Challenge/hgraph/nodes/9e7f832efa8a.md
M	MainProjects/Algebraic-Jacobian-Challenge/hgraph/nodes/9ed9087c811a.md
M	MainProjects/Algebraic-Jacobian-Challenge/hgraph/nodes/9ede8354f71d.md
M	MainProjects/Algebraic-Jacobian-Challenge/hgraph/nodes/9fe4e839d7a3.md
M	MainProjects/Algebraic-Jacobian-Challenge/hgraph/nodes/a03123e30e62.md
M	MainProjects/Algebraic-Jacobian-Challenge/hgraph/nodes/a051449cb5ca.md
M	MainProjects/Algebraic-Jacobian-Challenge/hgraph/nodes/a05d0b5b17a4.md
M	MainProjects/Algebraic-Jacobian-Challenge/hgraph/nodes/a07c74fe433f.md
M	MainProjects/Algebraic-Jacobian-Challenge/hgraph/nodes/a190c632a3e7.md
D	MainProjects/Algebraic-Jacobian-Challenge/hgraph/nodes/a1ddb0e7c469.md
M	MainProjects/Algebraic-Jacobian-Challenge/hgraph/nodes/a219e87277ed.md
M	MainProjects/Algebraic-Jacobian-Challenge/hgraph/nodes/a22440852be0.md
M	MainProjects/Algebraic-Jacobian-Challenge/hgraph/nodes/a2394eacc6c0.md
M	MainProjects/Algebraic-Jacobian-Challenge/hgraph/nodes/a23e40c0b478.md
M	MainProjects/Algebraic-Jacobian-Challenge/hgraph/nodes/a2eb55c404d6.md
M	MainProjects/Algebraic-Jacobian-Challenge/hgraph/nodes/a2f2bf9bb213.md
M	MainProjects/Algebraic-Jacobian-Challenge/hgraph/nodes/a3634cd5bec8.md
D	MainProjects/Algebraic-Jacobian-Challenge/hgraph/nodes/a363ba62f976.md
M	MainProjects/Algebraic-Jacobian-Challenge/hgraph/nodes/a365da7cb444.md
M	MainProjects/Algebraic-Jacobian-Challenge/hgraph/nodes/a3bf5be061fe.md
M	MainProjects/Algebraic-Jacobian-Challenge/hgraph/nodes/a40060b93fdf.md
M	MainProjects/Algebraic-Jacobian-Challenge/hgraph/nodes/a4041627c9de.md
M	MainProjects/Algebraic-Jacobian-Challenge/hgraph/nodes/a483806aaa68.md
M	MainProjects/Algebraic-Jacobian-Challenge/hgraph/nodes/a499eac214b5.md
M	MainProjects/Algebraic-Jacobian-Challenge/hgraph/nodes/a502f0092271.md
M	MainProjects/Algebraic-Jacobian-Challenge/hgraph/nodes/a52e145673ad.md
M	MainProjects/Algebraic-Jacobian-Challenge/hgraph/nodes/a57f5810e504.md
M	MainProjects/Algebraic-Jacobian-Challenge/hgraph/nodes/a6519ff46f01.md
M	MainProjects/Algebraic-Jacobian-Challenge/hgraph/nodes/a68ac59bd5aa.md
M	MainProjects/Algebraic-Jacobian-Challenge/hgraph/nodes/a6d92eead357.md
M	MainProjects/Algebraic-Jacobian-Challenge/hgraph/nodes/a6f5eb36b82b.md
M	MainProjects/Algebraic-Jacobian-Challenge/hgraph/nodes/a7174efcba41.md
M	MainProjects/Algebraic-Jacobian-Challenge/hgraph/nodes/a71e36ba9fdd.md
M	MainProjects/Algebraic-Jacobian-Challenge/hgraph/nodes/a72d138c51d2.md
M	MainProjects/Algebraic-Jacobian-Challenge/hgraph/nodes/a799a5b849b0.md
M	MainProjects/Algebraic-Jacobian-Challenge/hgraph/nodes/a7d08dbca0a1.md
M	MainProjects/Algebraic-Jacobian-Challenge/hgraph/nodes/a8f28dfa92cd.md
M	MainProjects/Algebraic-Jacobian-Challenge/hgraph/nodes/a934fe06492f.md
M	MainProjects/Algebraic-Jacobian-Challenge/hgraph/nodes/a936317b494b.md
M	MainProjects/Algebraic-Jacobian-Challenge/hgraph/nodes/a96cae8b37fa.md
M	MainProjects/Algebraic-Jacobian-Challenge/hgraph/nodes/a9ea8b909079.md
M	MainProjects/Algebraic-Jacobian-Challenge/hgraph/nodes/a9f2ce5daa7d.md
D	MainProjects/Algebraic-Jacobian-Challenge/hgraph/nodes/aa0a378e61a9.md
M	MainProjects/Algebraic-Jacobian-Challenge/hgraph/nodes/aa31625adcfa.md
M	MainProjects/Algebraic-Jacobian-Challenge/hgraph/nodes/aa33ed94336d.md
M	MainProjects/Algebraic-Jacobian-Challenge/hgraph/nodes/aa4c583b4f68.md
M	MainProjects/Algebraic-Jacobian-Challenge/hgraph/nodes/aa97e48bf3d6.md
M	MainProjects/Algebraic-Jacobian-Challenge/hgraph/nodes/aac07608b485.md
M	MainProjects/Algebraic-Jacobian-Challenge/hgraph/nodes/ab0d947dfde4.md
M	MainProjects/Algebraic-Jacobian-Challenge/hgraph/nodes/ab7ec024bab7.md
M	MainProjects/Algebraic-Jacobian-Challenge/hgraph/nodes/ac08b62a2b2c.md
M	MainProjects/Algebraic-Jacobian-Challenge/hgraph/nodes/ac170e5aa03d.md
M	MainProjects/Algebraic-Jacobian-Challenge/hgraph/nodes/ac2a4e303b8c.md
M	MainProjects/Algebraic-Jacobian-Challenge/hgraph/nodes/ac6d91f395e6.md
M	MainProjects/Algebraic-Jacobian-Challenge/hgraph/nodes/ace2be46aee7.md
D	MainProjects/Algebraic-Jacobian-Challenge/hgraph/nodes/ad88b46780e0.md
M	MainProjects/Algebraic-Jacobian-Challenge/hgraph/nodes/ada236609c31.md
M	MainProjects/Algebraic-Jacobian-Challenge/hgraph/nodes/adc3bc2dc737.md
M	MainProjects/Algebraic-Jacobian-Challenge/hgraph/nodes/adc497190e49.md
M	MainProjects/Algebraic-Jacobian-Challenge/hgraph/nodes/add3421fd3ed.md
M	MainProjects/Algebraic-Jacobian-Challenge/hgraph/nodes/addf57efe422.md
D	MainProjects/Algebraic-Jacobian-Challenge/hgraph/nodes/adfd742892a8.md
M	MainProjects/Algebraic-Jacobian-Challenge/hgraph/nodes/ae5589a365f2.md
M	MainProjects/Algebraic-Jacobian-Challenge/hgraph/nodes/ae65620e4f7b.md
M	MainProjects/Algebraic-Jacobian-Challenge/hgraph/nodes/ae75a5edde8b.md
D	MainProjects/Algebraic-Jacobian-Challenge/hgraph/nodes/aef0753faf92.md
M	MainProjects/Algebraic-Jacobian-Challenge/hgraph/nodes/af22fb820f20.md
M	MainProjects/Algebraic-Jacobian-Challenge/hgraph/nodes/af531d9033e7.md
D	MainProjects/Algebraic-Jacobian-Challenge/hgraph/nodes/af5568f91067.md
M	MainProjects/Algebraic-Jacobian-Challenge/hgraph/nodes/af5c6950e8cf.md
M	MainProjects/Algebraic-Jacobian-Challenge/hgraph/nodes/aff579d07305.md
D	MainProjects/Algebraic-Jacobian-Challenge/hgraph/nodes/aff92d2ee20a.md
M	MainProjects/Algebraic-Jacobian-Challenge/hgraph/nodes/b001488e35e9.md
M	MainProjects/Algebraic-Jacobian-Challenge/hgraph/nodes/b0cfe119abfc.md
M	MainProjects/Algebraic-Jacobian-Challenge/hgraph/nodes/b11725075f87.md
M	MainProjects/Algebraic-Jacobian-Challenge/hgraph/nodes/b1236d0b142a.md
M	MainProjects/Algebraic-Jacobian-Challenge/hgraph/nodes/b126ee3e79d1.md
M	MainProjects/Algebraic-Jacobian-Challenge/hgraph/nodes/b1b256de4607.md
M	MainProjects/Algebraic-Jacobian-Challenge/hgraph/nodes/b1c863bea005.md
M	MainProjects/Algebraic-Jacobian-Challenge/hgraph/nodes/b1d8c4c9c4e8.md
M	MainProjects/Algebraic-Jacobian-Challenge/hgraph/nodes/b294a74f55f6.md
M	MainProjects/Algebraic-Jacobian-Challenge/hgraph/nodes/b2fd604fe8b2.md
M	MainProjects/Algebraic-Jacobian-Challenge/hgraph/nodes/b37741741cdb.md
M	MainProjects/Algebraic-Jacobian-Challenge/hgraph/nodes/b382f8cbb448.md
M	MainProjects/Algebraic-Jacobian-Challenge/hgraph/nodes/b3b99b2f7081.md
M	MainProjects/Algebraic-Jacobian-Challenge/hgraph/nodes/b3f01dc419c0.md
M	MainProjects/Algebraic-Jacobian-Challenge/hgraph/nodes/b44dfa66cc20.md
M	MainProjects/Algebraic-Jacobian-Challenge/hgraph/nodes/b466a18bbd17.md
D	MainProjects/Algebraic-Jacobian-Challenge/hgraph/nodes/b4cf35a4fab1.md
M	MainProjects/Algebraic-Jacobian-Challenge/hgraph/nodes/b4e09167b786.md
M	MainProjects/Algebraic-Jacobian-Challenge/hgraph/nodes/b52120dfb607.md
D	MainProjects/Algebraic-Jacobian-Challenge/hgraph/nodes/b53a5cb8e026.md
D	MainProjects/Algebraic-Jacobian-Challenge/hgraph/nodes/b56b90843735.md
M	MainProjects/Algebraic-Jacobian-Challenge/hgraph/nodes/b59b19cce25a.md
M	MainProjects/Algebraic-Jacobian-Challenge/hgraph/nodes/b5b1833ecc9a.md
D	MainProjects/Algebraic-Jacobian-Challenge/hgraph/nodes/b5be6f5edb95.md
D	MainProjects/Algebraic-Jacobian-Challenge/hgraph/nodes/b618ebeb0fde.md
M	MainProjects/Algebraic-Jacobian-Challenge/hgraph/nodes/b6249a5df570.md
M	MainProjects/Algebraic-Jacobian-Challenge/hgraph/nodes/b63b76751e10.md
D	MainProjects/Algebraic-Jacobian-Challenge/hgraph/nodes/b6ad897b8bbd.md
M	MainProjects/Algebraic-Jacobian-Challenge/hgraph/nodes/b6dc28d75536.md
M	MainProjects/Algebraic-Jacobian-Challenge/hgraph/nodes/b75348bd6893.md
M	MainProjects/Algebraic-Jacobian-Challenge/hgraph/nodes/b7a32903a781.md
M	MainProjects/Algebraic-Jacobian-Challenge/hgraph/nodes/b7bf7ebb18be.md
M	MainProjects/Algebraic-Jacobian-Challenge/hgraph/nodes/b8630b19cead.md
M	MainProjects/Algebraic-Jacobian-Challenge/hgraph/nodes/b95cd3106ca8.md
M	MainProjects/Algebraic-Jacobian-Challenge/hgraph/nodes/ba6f05ce6640.md
M	MainProjects/Algebraic-Jacobian-Challenge/hgraph/nodes/ba99a241cd22.md
M	MainProjects/Algebraic-Jacobian-Challenge/hgraph/nodes/ba9dd0d38990.md
M	MainProjects/Algebraic-Jacobian-Challenge/hgraph/nodes/bab35c1ef685.md
M	MainProjects/Algebraic-Jacobian-Challenge/hgraph/nodes/baced9b88bf1.md
M	MainProjects/Algebraic-Jacobian-Challenge/hgraph/nodes/baf72ce0e024.md
M	MainProjects/Algebraic-Jacobian-Challenge/hgraph/nodes/baff7a5b993d.md
M	MainProjects/Algebraic-Jacobian-Challenge/hgraph/nodes/bb2f8d3f4341.md
M	MainProjects/Algebraic-Jacobian-Challenge/hgraph/nodes/bb49990637fd.md
M	MainProjects/Algebraic-Jacobian-Challenge/hgraph/nodes/bb538960d1f9.md
M	MainProjects/Algebraic-Jacobian-Challenge/hgraph/nodes/bb5d7a4a21de.md
M	MainProjects/Algebraic-Jacobian-Challenge/hgraph/nodes/bb637f4c7dc3.md
M	MainProjects/Algebraic-Jacobian-Challenge/hgraph/nodes/bb8b26e70d54.md
M	MainProjects/Algebraic-Jacobian-Challenge/hgraph/nodes/bbdadb7fe7b5.md
D	MainProjects/Algebraic-Jacobian-Challenge/hgraph/nodes/bbddce56022c.md
D	MainProjects/Algebraic-Jacobian-Challenge/hgraph/nodes/bbf87b0a3d49.md
D	MainProjects/Algebraic-Jacobian-Challenge/hgraph/nodes/bbfbbca27dad.md
D	MainProjects/Algebraic-Jacobian-Challenge/hgraph/nodes/bc4c78fe4b3f.md
M	MainProjects/Algebraic-Jacobian-Challenge/hgraph/nodes/bcd43aeaa85a.md
M	MainProjects/Algebraic-Jacobian-Challenge/hgraph/nodes/bd040278bbe4.md
M	MainProjects/Algebraic-Jacobian-Challenge/hgraph/nodes/bd725ea75a8a.md
D	MainProjects/Algebraic-Jacobian-Challenge/hgraph/nodes/bd79699ef859.md
M	MainProjects/Algebraic-Jacobian-Challenge/hgraph/nodes/be5ed3929e62.md
M	MainProjects/Algebraic-Jacobian-Challenge/hgraph/nodes/bef1a531555e.md
M	MainProjects/Algebraic-Jacobian-Challenge/hgraph/nodes/bf43df18e951.md
M	MainProjects/Algebraic-Jacobian-Challenge/hgraph/nodes/c061899be931.md
M	MainProjects/Algebraic-Jacobian-Challenge/hgraph/nodes/c06d61b82e4b.md
M	MainProjects/Algebraic-Jacobian-Challenge/hgraph/nodes/c123b74cea77.md
D	MainProjects/Algebraic-Jacobian-Challenge/hgraph/nodes/c178336b9243.md
M	MainProjects/Algebraic-Jacobian-Challenge/hgraph/nodes/c179b58761c1.md
M	MainProjects/Algebraic-Jacobian-Challenge/hgraph/nodes/c1cb6847097a.md
M	MainProjects/Algebraic-Jacobian-Challenge/hgraph/nodes/c22324c90506.md
M	MainProjects/Algebraic-Jacobian-Challenge/hgraph/nodes/c232c413a972.md
M	MainProjects/Algebraic-Jacobian-Challenge/hgraph/nodes/c2b77a3334f6.md
M	MainProjects/Algebraic-Jacobian-Challenge/hgraph/nodes/c2dcdfd7acfa.md
D	MainProjects/Algebraic-Jacobian-Challenge/hgraph/nodes/c345c27415c1.md
M	MainProjects/Algebraic-Jacobian-Challenge/hgraph/nodes/c366f20c792d.md
M	MainProjects/Algebraic-Jacobian-Challenge/hgraph/nodes/c38aeffde628.md
M	MainProjects/Algebraic-Jacobian-Challenge/hgraph/nodes/c3e16399a12a.md
D	MainProjects/Algebraic-Jacobian-Challenge/hgraph/nodes/c4422ff6565b.md
M	MainProjects/Algebraic-Jacobian-Challenge/hgraph/nodes/c45da9b06547.md
M	MainProjects/Algebraic-Jacobian-Challenge/hgraph/nodes/c4845d195f38.md
M	MainProjects/Algebraic-Jacobian-Challenge/hgraph/nodes/c4e1334cdc6e.md
M	MainProjects/Algebraic-Jacobian-Challenge/hgraph/nodes/c5154f298fdd.md
M	MainProjects/Algebraic-Jacobian-Challenge/hgraph/nodes/c598b2fc8329.md
M	MainProjects/Algebraic-Jacobian-Challenge/hgraph/nodes/c5b9e98ab90d.md
M	MainProjects/Algebraic-Jacobian-Challenge/hgraph/nodes/c606b77bd76e.md
M	MainProjects/Algebraic-Jacobian-Challenge/hgraph/nodes/c61eb0ade969.md
M	MainProjects/Algebraic-Jacobian-Challenge/hgraph/nodes/c62869a22671.md
M	MainProjects/Algebraic-Jacobian-Challenge/hgraph/nodes/c650964535f6.md
M	MainProjects/Algebraic-Jacobian-Challenge/hgraph/nodes/c7263bec0704.md
M	MainProjects/Algebraic-Jacobian-Challenge/hgraph/nodes/c75684c52165.md
M	MainProjects/Algebraic-Jacobian-Challenge/hgraph/nodes/c76f7b227dc1.md
M	MainProjects/Algebraic-Jacobian-Challenge/hgraph/nodes/c7789541d68f.md
M	MainProjects/Algebraic-Jacobian-Challenge/hgraph/nodes/c79c7fe1b9c3.md
M	MainProjects/Algebraic-Jacobian-Challenge/hgraph/nodes/c7bceb8dbd05.md
M	MainProjects/Algebraic-Jacobian-Challenge/hgraph/nodes/c81c58a964c0.md
M	MainProjects/Algebraic-Jacobian-Challenge/hgraph/nodes/c83558d61c8c.md
M	MainProjects/Algebraic-Jacobian-Challenge/hgraph/nodes/c84598a20f70.md
M	MainProjects/Algebraic-Jacobian-Challenge/hgraph/nodes/c88074deca44.md
M	MainProjects/Algebraic-Jacobian-Challenge/hgraph/nodes/c8ba958c6510.md
M	MainProjects/Algebraic-Jacobian-Challenge/hgraph/nodes/c8cac760ebfc.md
M	MainProjects/Algebraic-Jacobian-Challenge/hgraph/nodes/c96becd19c58.md
M	MainProjects/Algebraic-Jacobian-Challenge/hgraph/nodes/c982e9b9c703.md
M	MainProjects/Algebraic-Jacobian-Challenge/hgraph/nodes/c9aa7b0209d7.md
M	MainProjects/Algebraic-Jacobian-Challenge/hgraph/nodes/c9ad0ab9373f.md
M	MainProjects/Algebraic-Jacobian-Challenge/hgraph/nodes/ca0776c343e5.md
M	MainProjects/Algebraic-Jacobian-Challenge/hgraph/nodes/ca8cb8dee2fb.md
M	MainProjects/Algebraic-Jacobian-Challenge/hgraph/nodes/cadfeb06368a.md
M	MainProjects/Algebraic-Jacobian-Challenge/hgraph/nodes/cb389a5a8b1d.md
M	MainProjects/Algebraic-Jacobian-Challenge/hgraph/nodes/cbacbefdb5ef.md
M	MainProjects/Algebraic-Jacobian-Challenge/hgraph/nodes/cbbcc8b1ee1e.md
M	MainProjects/Algebraic-Jacobian-Challenge/hgraph/nodes/cbd5270d0476.md
M	MainProjects/Algebraic-Jacobian-Challenge/hgraph/nodes/cc167c9b3842.md
M	MainProjects/Algebraic-Jacobian-Challenge/hgraph/nodes/cc1c31eba4ef.md
M	MainProjects/Algebraic-Jacobian-Challenge/hgraph/nodes/cc6acabf3b84.md
D	MainProjects/Algebraic-Jacobian-Challenge/hgraph/nodes/cc783447065f.md
M	MainProjects/Algebraic-Jacobian-Challenge/hgraph/nodes/cc864a6b2eec.md
M	MainProjects/Algebraic-Jacobian-Challenge/hgraph/nodes/cce26bb70d29.md
M	MainProjects/Algebraic-Jacobian-Challenge/hgraph/nodes/cd0592973a1d.md
M	MainProjects/Algebraic-Jacobian-Challenge/hgraph/nodes/cd09d9913100.md
M	MainProjects/Algebraic-Jacobian-Challenge/hgraph/nodes/cd0e540938cc.md
D	MainProjects/Algebraic-Jacobian-Challenge/hgraph/nodes/cd43eb27990b.md
M	MainProjects/Algebraic-Jacobian-Challenge/hgraph/nodes/cdba840737c1.md
M	MainProjects/Algebraic-Jacobian-Challenge/hgraph/nodes/ce8bda3a7941.md
M	MainProjects/Algebraic-Jacobian-Challenge/hgraph/nodes/cea5903892c3.md
D	MainProjects/Algebraic-Jacobian-Challenge/hgraph/nodes/cf015add2c84.md
M	MainProjects/Algebraic-Jacobian-Challenge/hgraph/nodes/cf8971bdd622.md
M	MainProjects/Algebraic-Jacobian-Challenge/hgraph/nodes/cfa5b7b06ce2.md
M	MainProjects/Algebraic-Jacobian-Challenge/hgraph/nodes/cfcdf8159366.md
M	MainProjects/Algebraic-Jacobian-Challenge/hgraph/nodes/d072fa4e6b08.md
M	MainProjects/Algebraic-Jacobian-Challenge/hgraph/nodes/d10b492a8a27.md
M	MainProjects/Algebraic-Jacobian-Challenge/hgraph/nodes/d12388c8fc62.md
M	MainProjects/Algebraic-Jacobian-Challenge/hgraph/nodes/d13af3c0f1df.md
M	MainProjects/Algebraic-Jacobian-Challenge/hgraph/nodes/d1d179b6bde5.md
M	MainProjects/Algebraic-Jacobian-Challenge/hgraph/nodes/d1d1844699f5.md
M	MainProjects/Algebraic-Jacobian-Challenge/hgraph/nodes/d1d86a20989e.md
D	MainProjects/Algebraic-Jacobian-Challenge/hgraph/nodes/d1f2c6dda327.md
D	MainProjects/Algebraic-Jacobian-Challenge/hgraph/nodes/d240e09c3692.md
M	MainProjects/Algebraic-Jacobian-Challenge/hgraph/nodes/d2690f3fff28.md
M	MainProjects/Algebraic-Jacobian-Challenge/hgraph/nodes/d298c77f41f9.md
M	MainProjects/Algebraic-Jacobian-Challenge/hgraph/nodes/d2f177cac396.md
M	MainProjects/Algebraic-Jacobian-Challenge/hgraph/nodes/d317e6386928.md
M	MainProjects/Algebraic-Jacobian-Challenge/hgraph/nodes/d3365a5fb2d6.md
M	MainProjects/Algebraic-Jacobian-Challenge/hgraph/nodes/d3e046ca99c6.md
D	MainProjects/Algebraic-Jacobian-Challenge/hgraph/nodes/d3e186ffe806.md
M	MainProjects/Algebraic-Jacobian-Challenge/hgraph/nodes/d42866790537.md
M	MainProjects/Algebraic-Jacobian-Challenge/hgraph/nodes/d44c2e6b164e.md
D	MainProjects/Algebraic-Jacobian-Challenge/hgraph/nodes/d4ad6d0503d1.md
M	MainProjects/Algebraic-Jacobian-Challenge/hgraph/nodes/d4b4d7ceed9f.md
M	MainProjects/Algebraic-Jacobian-Challenge/hgraph/nodes/d4e90f9ce594.md
M	MainProjects/Algebraic-Jacobian-Challenge/hgraph/nodes/d531d1016782.md
M	MainProjects/Algebraic-Jacobian-Challenge/hgraph/nodes/d584b308047c.md
M	MainProjects/Algebraic-Jacobian-Challenge/hgraph/nodes/d5a59720866d.md
M	MainProjects/Algebraic-Jacobian-Challenge/hgraph/nodes/d5d54738512f.md
M	MainProjects/Algebraic-Jacobian-Challenge/hgraph/nodes/d6138d3ae202.md
M	MainProjects/Algebraic-Jacobian-Challenge/hgraph/nodes/d63bb4fa231c.md
M	MainProjects/Algebraic-Jacobian-Challenge/hgraph/nodes/d64615dd02fc.md
M	MainProjects/Algebraic-Jacobian-Challenge/hgraph/nodes/d678391c93bc.md
D	MainProjects/Algebraic-Jacobian-Challenge/hgraph/nodes/d6a3583815a7.md
M	MainProjects/Algebraic-Jacobian-Challenge/hgraph/nodes/d6d4f9bf8d90.md
M	MainProjects/Algebraic-Jacobian-Challenge/hgraph/nodes/d78f58cd9709.md
M	MainProjects/Algebraic-Jacobian-Challenge/hgraph/nodes/d7fd73b12489.md
M	MainProjects/Algebraic-Jacobian-Challenge/hgraph/nodes/d81e240f66b9.md
D	MainProjects/Algebraic-Jacobian-Challenge/hgraph/nodes/d82c4eb663b6.md
D	MainProjects/Algebraic-Jacobian-Challenge/hgraph/nodes/d87c1f8b4c16.md
M	MainProjects/Algebraic-Jacobian-Challenge/hgraph/nodes/d8d5ccc89c62.md
M	MainProjects/Algebraic-Jacobian-Challenge/hgraph/nodes/d8dd6df07caa.md
M	MainProjects/Algebraic-Jacobian-Challenge/hgraph/nodes/d9089879c265.md
M	MainProjects/Algebraic-Jacobian-Challenge/hgraph/nodes/d9108ba1d781.md
M	MainProjects/Algebraic-Jacobian-Challenge/hgraph/nodes/d93d6acf46f1.md
M	MainProjects/Algebraic-Jacobian-Challenge/hgraph/nodes/d9459ae2ba56.md
M	MainProjects/Algebraic-Jacobian-Challenge/hgraph/nodes/d96038657079.md
M	MainProjects/Algebraic-Jacobian-Challenge/hgraph/nodes/d98d4c31a332.md
M	MainProjects/Algebraic-Jacobian-Challenge/hgraph/nodes/d9ad3726fdaa.md
M	MainProjects/Algebraic-Jacobian-Challenge/hgraph/nodes/d9e27a10180d.md
M	MainProjects/Algebraic-Jacobian-Challenge/hgraph/nodes/d9e2f4958162.md
M	MainProjects/Algebraic-Jacobian-Challenge/hgraph/nodes/da305647c696.md
M	MainProjects/Algebraic-Jacobian-Challenge/hgraph/nodes/da57906b5867.md
M	MainProjects/Algebraic-Jacobian-Challenge/hgraph/nodes/da65e7cbad2a.md
M	MainProjects/Algebraic-Jacobian-Challenge/hgraph/nodes/db284f1926a8.md
M	MainProjects/Algebraic-Jacobian-Challenge/hgraph/nodes/db4b1a2c89ac.md
M	MainProjects/Algebraic-Jacobian-Challenge/hgraph/nodes/db84887dd022.md
M	MainProjects/Algebraic-Jacobian-Challenge/hgraph/nodes/db8a399b4e54.md
D	MainProjects/Algebraic-Jacobian-Challenge/hgraph/nodes/db9cf45d8b6d.md
D	MainProjects/Algebraic-Jacobian-Challenge/hgraph/nodes/dbc8d768d2d0.md
M	MainProjects/Algebraic-Jacobian-Challenge/hgraph/nodes/dbcb5cdfe464.md
M	MainProjects/Algebraic-Jacobian-Challenge/hgraph/nodes/dc0fb919112f.md
M	MainProjects/Algebraic-Jacobian-Challenge/hgraph/nodes/dc2fc2cd82fb.md
D	MainProjects/Algebraic-Jacobian-Challenge/hgraph/nodes/dc5e454d6de0.md
M	MainProjects/Algebraic-Jacobian-Challenge/hgraph/nodes/dc9c5aff9934.md
M	MainProjects/Algebraic-Jacobian-Challenge/hgraph/nodes/dcd90aee07ee.md
D	MainProjects/Algebraic-Jacobian-Challenge/hgraph/nodes/dcdc05de1600.md
D	MainProjects/Algebraic-Jacobian-Challenge/hgraph/nodes/dcf345735f69.md
M	MainProjects/Algebraic-Jacobian-Challenge/hgraph/nodes/dd749b010d7b.md
M	MainProjects/Algebraic-Jacobian-Challenge/hgraph/nodes/dd8a9254d248.md
M	MainProjects/Algebraic-Jacobian-Challenge/hgraph/nodes/dda1f07f789f.md
M	MainProjects/Algebraic-Jacobian-Challenge/hgraph/nodes/de02910fc843.md
M	MainProjects/Algebraic-Jacobian-Challenge/hgraph/nodes/de41470f7a8c.md
M	MainProjects/Algebraic-Jacobian-Challenge/hgraph/nodes/de4c3c0c54d6.md
M	MainProjects/Algebraic-Jacobian-Challenge/hgraph/nodes/de7b57e268ba.md
M	MainProjects/Algebraic-Jacobian-Challenge/hgraph/nodes/deeabb667b41.md
M	MainProjects/Algebraic-Jacobian-Challenge/hgraph/nodes/df2ae9ec2535.md
M	MainProjects/Algebraic-Jacobian-Challenge/hgraph/nodes/df6afc750d74.md
M	MainProjects/Algebraic-Jacobian-Challenge/hgraph/nodes/df7999b1038a.md
M	MainProjects/Algebraic-Jacobian-Challenge/hgraph/nodes/df8aff0d7c6b.md
M	MainProjects/Algebraic-Jacobian-Challenge/hgraph/nodes/dfc4327ab08f.md
D	MainProjects/Algebraic-Jacobian-Challenge/hgraph/nodes/e037653b0ce8.md
M	MainProjects/Algebraic-Jacobian-Challenge/hgraph/nodes/e08e0aab4360.md
M	MainProjects/Algebraic-Jacobian-Challenge/hgraph/nodes/e0d5aa4d4037.md
M	MainProjects/Algebraic-Jacobian-Challenge/hgraph/nodes/e1142908c5c0.md
M	MainProjects/Algebraic-Jacobian-Challenge/hgraph/nodes/e13960258e29.md
M	MainProjects/Algebraic-Jacobian-Challenge/hgraph/nodes/e14549ff0da7.md
M	MainProjects/Algebraic-Jacobian-Challenge/hgraph/nodes/e1f97e2f947c.md
M	MainProjects/Algebraic-Jacobian-Challenge/hgraph/nodes/e21c66fd85c5.md
M	MainProjects/Algebraic-Jacobian-Challenge/hgraph/nodes/e28943f7aab6.md
M	MainProjects/Algebraic-Jacobian-Challenge/hgraph/nodes/e2fb8ab1feb3.md
M	MainProjects/Algebraic-Jacobian-Challenge/hgraph/nodes/e33d6d9cc2aa.md
D	MainProjects/Algebraic-Jacobian-Challenge/hgraph/nodes/e3600472227d.md
M	MainProjects/Algebraic-Jacobian-Challenge/hgraph/nodes/e36a3dd79bdf.md
M	MainProjects/Algebraic-Jacobian-Challenge/hgraph/nodes/e399c2a3f5aa.md
M	MainProjects/Algebraic-Jacobian-Challenge/hgraph/nodes/e4150d312fa7.md
M	MainProjects/Algebraic-Jacobian-Challenge/hgraph/nodes/e477bcbd1af6.md
M	MainProjects/Algebraic-Jacobian-Challenge/hgraph/nodes/e49506e4c2b8.md
M	MainProjects/Algebraic-Jacobian-Challenge/hgraph/nodes/e498dd7e3e5a.md
M	MainProjects/Algebraic-Jacobian-Challenge/hgraph/nodes/e4c05daa42d0.md
M	MainProjects/Algebraic-Jacobian-Challenge/hgraph/nodes/e4e2f09dc0fc.md
M	MainProjects/Algebraic-Jacobian-Challenge/hgraph/nodes/e4f3a6ef348b.md
M	MainProjects/Algebraic-Jacobian-Challenge/hgraph/nodes/e72e8726694b.md
M	MainProjects/Algebraic-Jacobian-Challenge/hgraph/nodes/e7326c606d4c.md
M	MainProjects/Algebraic-Jacobian-Challenge/hgraph/nodes/e74b7cebac5b.md
M	MainProjects/Algebraic-Jacobian-Challenge/hgraph/nodes/e76c331ac717.md
M	MainProjects/Algebraic-Jacobian-Challenge/hgraph/nodes/e87a93299117.md
M	MainProjects/Algebraic-Jacobian-Challenge/hgraph/nodes/e87cf8309ae8.md
M	MainProjects/Algebraic-Jacobian-Challenge/hgraph/nodes/e8ee6cdac372.md
M	MainProjects/Algebraic-Jacobian-Challenge/hgraph/nodes/e906ac2b10fb.md
M	MainProjects/Algebraic-Jacobian-Challenge/hgraph/nodes/e9342022770c.md
M	MainProjects/Algebraic-Jacobian-Challenge/hgraph/nodes/e93cb4fe030d.md
D	MainProjects/Algebraic-Jacobian-Challenge/hgraph/nodes/e9565465c151.md
M	MainProjects/Algebraic-Jacobian-Challenge/hgraph/nodes/e983a2e86d49.md
M	MainProjects/Algebraic-Jacobian-Challenge/hgraph/nodes/e9a4fcabde57.md
M	MainProjects/Algebraic-Jacobian-Challenge/hgraph/nodes/e9c81dbbd0dd.md
M	MainProjects/Algebraic-Jacobian-Challenge/hgraph/nodes/e9ca6d3bc2b6.md
M	MainProjects/Algebraic-Jacobian-Challenge/hgraph/nodes/e9d53212624f.md
M	MainProjects/Algebraic-Jacobian-Challenge/hgraph/nodes/ea253730bd15.md
D	MainProjects/Algebraic-Jacobian-Challenge/hgraph/nodes/eab041a42869.md
D	MainProjects/Algebraic-Jacobian-Challenge/hgraph/nodes/eac2a4efa6bb.md
M	MainProjects/Algebraic-Jacobian-Challenge/hgraph/nodes/eb266b331b9e.md
M	MainProjects/Algebraic-Jacobian-Challenge/hgraph/nodes/ec172d022daa.md
M	MainProjects/Algebraic-Jacobian-Challenge/hgraph/nodes/ec5e9f917f81.md
M	MainProjects/Algebraic-Jacobian-Challenge/hgraph/nodes/ec72fe9ca0a1.md
M	MainProjects/Algebraic-Jacobian-Challenge/hgraph/nodes/ecad4bc35630.md
M	MainProjects/Algebraic-Jacobian-Challenge/hgraph/nodes/ecaf1d30fd8b.md
D	MainProjects/Algebraic-Jacobian-Challenge/hgraph/nodes/ecf1d7f0499e.md
M	MainProjects/Algebraic-Jacobian-Challenge/hgraph/nodes/ed9efa019688.md
M	MainProjects/Algebraic-Jacobian-Challenge/hgraph/nodes/edc0fee943e6.md
D	MainProjects/Algebraic-Jacobian-Challenge/hgraph/nodes/ee1dfa18e45a.md
M	MainProjects/Algebraic-Jacobian-Challenge/hgraph/nodes/ee1f81913721.md
M	MainProjects/Algebraic-Jacobian-Challenge/hgraph/nodes/ee337c8898b9.md
M	MainProjects/Algebraic-Jacobian-Challenge/hgraph/nodes/ee3b301a6458.md
M	MainProjects/Algebraic-Jacobian-Challenge/hgraph/nodes/ee3cc25d080e.md
D	MainProjects/Algebraic-Jacobian-Challenge/hgraph/nodes/ee5e60a66657.md
M	MainProjects/Algebraic-Jacobian-Challenge/hgraph/nodes/ee991a3e4ca4.md
M	MainProjects/Algebraic-Jacobian-Challenge/hgraph/nodes/eebd4d29db46.md
D	MainProjects/Algebraic-Jacobian-Challenge/hgraph/nodes/ef219a9affc2.md
M	MainProjects/Algebraic-Jacobian-Challenge/hgraph/nodes/ef5875f8a259.md
M	MainProjects/Algebraic-Jacobian-Challenge/hgraph/nodes/efd5946fbcab.md
M	MainProjects/Algebraic-Jacobian-Challenge/hgraph/nodes/f03f7108a941.md
M	MainProjects/Algebraic-Jacobian-Challenge/hgraph/nodes/f0c74cfe0d98.md
M	MainProjects/Algebraic-Jacobian-Challenge/hgraph/nodes/f0c77688fa27.md
M	MainProjects/Algebraic-Jacobian-Challenge/hgraph/nodes/f0d3d5dc0a3e.md
M	MainProjects/Algebraic-Jacobian-Challenge/hgraph/nodes/f0e90cf138cd.md
M	MainProjects/Algebraic-Jacobian-Challenge/hgraph/nodes/f123d7e7ceeb.md
D	MainProjects/Algebraic-Jacobian-Challenge/hgraph/nodes/f147f3550801.md
M	MainProjects/Algebraic-Jacobian-Challenge/hgraph/nodes/f1a6b87abf31.md
D	MainProjects/Algebraic-Jacobian-Challenge/hgraph/nodes/f23a60996a18.md
D	MainProjects/Algebraic-Jacobian-Challenge/hgraph/nodes/f272c113b7e0.md
M	MainProjects/Algebraic-Jacobian-Challenge/hgraph/nodes/f2a23db687f1.md
M	MainProjects/Algebraic-Jacobian-Challenge/hgraph/nodes/f2e43ecbd00e.md
M	MainProjects/Algebraic-Jacobian-Challenge/hgraph/nodes/f2e594d1b5e6.md
M	MainProjects/Algebraic-Jacobian-Challenge/hgraph/nodes/f2e9db0269b9.md
M	MainProjects/Algebraic-Jacobian-Challenge/hgraph/nodes/f32271dba0a3.md
M	MainProjects/Algebraic-Jacobian-Challenge/hgraph/nodes/f349d79782cc.md
M	MainProjects/Algebraic-Jacobian-Challenge/hgraph/nodes/f374ff94275c.md
M	MainProjects/Algebraic-Jacobian-Challenge/hgraph/nodes/f379bdaeabc6.md
M	MainProjects/Algebraic-Jacobian-Challenge/hgraph/nodes/f3823d8deca3.md
M	MainProjects/Algebraic-Jacobian-Challenge/hgraph/nodes/f38766ac4a08.md
D	MainProjects/Algebraic-Jacobian-Challenge/hgraph/nodes/f3b4ec6b2be2.md
M	MainProjects/Algebraic-Jacobian-Challenge/hgraph/nodes/f3c2b34d1ba9.md
M	MainProjects/Algebraic-Jacobian-Challenge/hgraph/nodes/f3e941ede3d7.md
M	MainProjects/Algebraic-Jacobian-Challenge/hgraph/nodes/f3f562785676.md
D	MainProjects/Algebraic-Jacobian-Challenge/hgraph/nodes/f3fd1c81bfac.md
D	MainProjects/Algebraic-Jacobian-Challenge/hgraph/nodes/f4272a7fd1c3.md
M	MainProjects/Algebraic-Jacobian-Challenge/hgraph/nodes/f43d730b7c28.md
M	MainProjects/Algebraic-Jacobian-Challenge/hgraph/nodes/f44d869d3e3a.md
M	MainProjects/Algebraic-Jacobian-Challenge/hgraph/nodes/f4ccd3fbf516.md
D	MainProjects/Algebraic-Jacobian-Challenge/hgraph/nodes/f5668daccdc9.md
M	MainProjects/Algebraic-Jacobian-Challenge/hgraph/nodes/f581d5c64c18.md
M	MainProjects/Algebraic-Jacobian-Challenge/hgraph/nodes/f5db66e6f09b.md
M	MainProjects/Algebraic-Jacobian-Challenge/hgraph/nodes/f6636613b9c5.md
M	MainProjects/Algebraic-Jacobian-Challenge/hgraph/nodes/f7c9dc03eee5.md
M	MainProjects/Algebraic-Jacobian-Challenge/hgraph/nodes/f80c185074f6.md
M	MainProjects/Algebraic-Jacobian-Challenge/hgraph/nodes/f812f1b7e427.md
M	MainProjects/Algebraic-Jacobian-Challenge/hgraph/nodes/f8768f367523.md
M	MainProjects/Algebraic-Jacobian-Challenge/hgraph/nodes/f8b4d6258596.md
M	MainProjects/Algebraic-Jacobian-Challenge/hgraph/nodes/f9179d416a60.md
M	MainProjects/Algebraic-Jacobian-Challenge/hgraph/nodes/f91c3c976bc6.md
M	MainProjects/Algebraic-Jacobian-Challenge/hgraph/nodes/f947c15f0af0.md
M	MainProjects/Algebraic-Jacobian-Challenge/hgraph/nodes/f97276a009e5.md
M	MainProjects/Algebraic-Jacobian-Challenge/hgraph/nodes/fa01d65cb16c.md
M	MainProjects/Algebraic-Jacobian-Challenge/hgraph/nodes/fa4d69a9e658.md
D	MainProjects/Algebraic-Jacobian-Challenge/hgraph/nodes/fa6e0e4cf551.md
M	MainProjects/Algebraic-Jacobian-Challenge/hgraph/nodes/faa098b35e23.md
M	MainProjects/Algebraic-Jacobian-Challenge/hgraph/nodes/fabc354a90bf.md
M	MainProjects/Algebraic-Jacobian-Challenge/hgraph/nodes/faca7f651358.md
M	MainProjects/Algebraic-Jacobian-Challenge/hgraph/nodes/fb110f52d056.md
M	MainProjects/Algebraic-Jacobian-Challenge/hgraph/nodes/fc28c5163c5c.md
M	MainProjects/Algebraic-Jacobian-Challenge/hgraph/nodes/fc6996143a2e.md
M	MainProjects/Algebraic-Jacobian-Challenge/hgraph/nodes/fd1b2a2122d1.md
M	MainProjects/Algebraic-Jacobian-Challenge/hgraph/nodes/fd1febc1b21b.md
M	MainProjects/Algebraic-Jacobian-Challenge/hgraph/nodes/fd412c6bd780.md
M	MainProjects/Algebraic-Jacobian-Challenge/hgraph/nodes/fd5a41c19bd5.md
M	MainProjects/Algebraic-Jacobian-Challenge/hgraph/nodes/fd77261822cb.md
D	MainProjects/Algebraic-Jacobian-Challenge/hgraph/nodes/fd89c48bd077.md
D	MainProjects/Algebraic-Jacobian-Challenge/hgraph/nodes/fdb07f2944fc.md
D	MainProjects/Algebraic-Jacobian-Challenge/hgraph/nodes/fdd631fd359d.md
M	MainProjects/Algebraic-Jacobian-Challenge/hgraph/nodes/fe2f58107b64.md
M	MainProjects/Algebraic-Jacobian-Challenge/hgraph/nodes/fe6a18721a72.md
M	MainProjects/Algebraic-Jacobian-Challenge/hgraph/nodes/feed581ed154.md
M	MainProjects/Algebraic-Jacobian-Challenge/hgraph/nodes/ff3c5650e81e.md
M	config.yaml
