[2026-07-03T04:00:01Z] starting dashboard publish

   ___           __               __ __         _             
  / _ | ________/ /  ___  ___    / // /__  ____(_)__ ___  ___ 
 / __ |/ __/ __/ _ \/ _ \/ _ \  / _  / _ \/ __/ /_ // _ \/ _ \
/_/ |_/_/  \__/_//_/\___/_//_/ /_//_/\___/_/ /_//__/\___/_//_/

 v0.1.0    https://github.com/frenzymath/Archon-Horizon  ───────────────────────

[HORIZON] committed exported dashboard to the workspace ledger (5b6373e764).
[HORIZON] ✓ exported static dashboard to dashboard/index.html
[HORIZON] GitHub Pages workflow already present at 
.github/workflows/horizon-dashboard-pages.yml; left untouched.
[HORIZON] › Push the workspace repo to your GitHub remote, then enable Pages 
(Settings → Pages → Source: GitHub Actions).
[HORIZON] If the deploy fails with "Branch main is not allowed to deploy to 
github-pages", clear the environment's branch rule: Settings → Environments → 
github-pages → Deployment branches and tags → allow main (or 'No restriction').
To https://github.com/AxelDlv00/LeanAlgebraicGeometry.git
   f3fe2e9..5b6373e  HEAD -> main
[2026-07-03T04:00:40Z] dashboard publish complete
[2026-07-03T04:30:01Z] starting dashboard publish

   ___           __               __ __         _             
  / _ | ________/ /  ___  ___    / // /__  ____(_)__ ___  ___ 
 / __ |/ __/ __/ _ \/ _ \/ _ \  / _  / _ \/ __/ /_ // _ \/ _ \
/_/ |_/_/  \__/_//_/\___/_//_/ /_//_/\___/_/ /_//__/\___/_//_/

 v0.1.0    https://github.com/frenzymath/Archon-Horizon  ───────────────────────

[HORIZON] committed exported dashboard to the workspace ledger (382d52640f).
[HORIZON] ✓ exported static dashboard to dashboard/index.html
[HORIZON] GitHub Pages workflow already present at 
.github/workflows/horizon-dashboard-pages.yml; left untouched.
[HORIZON] › Push the workspace repo to your GitHub remote, then enable Pages 
(Settings → Pages → Source: GitHub Actions).
[HORIZON] If the deploy fails with "Branch main is not allowed to deploy to 
github-pages", clear the environment's branch rule: Settings → Environments → 
github-pages → Deployment branches and tags → allow main (or 'No restriction').
To https://github.com/AxelDlv00/LeanAlgebraicGeometry.git
   5b6373e..382d526  HEAD -> main
[2026-07-03T04:30:19Z] dashboard publish complete
[2026-07-03T05:00:01Z] starting dashboard publish

   ___           __               __ __         _             
  / _ | ________/ /  ___  ___    / // /__  ____(_)__ ___  ___ 
 / __ |/ __/ __/ _ \/ _ \/ _ \  / _  / _ \/ __/ /_ // _ \/ _ \
/_/ |_/_/  \__/_//_/\___/_//_/ /_//_/\___/_/ /_//__/\___/_//_/

 v0.1.0    https://github.com/frenzymath/Archon-Horizon  ───────────────────────

[HORIZON] committed exported dashboard to the workspace ledger (6344dc4b88).
[HORIZON] ✓ exported static dashboard to dashboard/index.html
[HORIZON] GitHub Pages workflow already present at 
.github/workflows/horizon-dashboard-pages.yml; left untouched.
[HORIZON] › Push the workspace repo to your GitHub remote, then enable Pages 
(Settings → Pages → Source: GitHub Actions).
[HORIZON] If the deploy fails with "Branch main is not allowed to deploy to 
github-pages", clear the environment's branch rule: Settings → Environments → 
github-pages → Deployment branches and tags → allow main (or 'No restriction').
To https://github.com/AxelDlv00/LeanAlgebraicGeometry.git
   382d526..6344dc4  HEAD -> main
[2026-07-03T05:00:45Z] dashboard publish complete
[2026-07-03T05:25:50Z] starting dashboard publish

   ___           __               __ __         _             
  / _ | ________/ /  ___  ___    / // /__  ____(_)__ ___  ___ 
 / __ |/ __/ __/ _ \/ _ \/ _ \  / _  / _ \/ __/ /_ // _ \/ _ \
/_/ |_/_/  \__/_//_/\___/_//_/ /_//_/\___/_/ /_//__/\___/_//_/

 v0.1.0    https://github.com/frenzymath/Archon-Horizon  ───────────────────────

[HORIZON] committed exported dashboard to the workspace ledger (8fa05f7dff).
[HORIZON] ✓ exported static dashboard to dashboard/index.html
[HORIZON] GitHub Pages workflow already present at 
.github/workflows/horizon-dashboard-pages.yml; left untouched.
[HORIZON] › Push the workspace repo to your GitHub remote, then enable Pages 
(Settings → Pages → Source: GitHub Actions).
[HORIZON] If the deploy fails with "Branch main is not allowed to deploy to 
github-pages", clear the environment's branch rule: Settings → Environments → 
github-pages → Deployment branches and tags → allow main (or 'No restriction').
To https://github.com/AxelDlv00/LeanAlgebraicGeometry.git
   6344dc4..8fa05f7  HEAD -> main
[2026-07-03T05:26:31Z] dashboard publish complete
[2026-07-03T05:30:00Z] starting dashboard publish

   ___           __               __ __         _             
  / _ | ________/ /  ___  ___    / // /__  ____(_)__ ___  ___ 
 / __ |/ __/ __/ _ \/ _ \/ _ \  / _  / _ \/ __/ /_ // _ \/ _ \
/_/ |_/_/  \__/_//_/\___/_//_/ /_//_/\___/_/ /_//__/\___/_//_/

 v0.1.0    https://github.com/frenzymath/Archon-Horizon  ───────────────────────

Traceback (most recent call last):
  File "/home/Axel/.archon-venv/bin/horizon", line 6, in <module>
    sys.exit(main())
             ^^^^^^
  File "/home/Axel/Archon-Horizon/src/archon_horizon/cli.py", line 153, in main
    result = cmd.main(
             ^^^^^^^^^
  File "/home/Axel/.archon-venv/lib/python3.11/site-packages/typer/core.py", line 1193, in main
    return _main(
           ^^^^^^
  File "/home/Axel/.archon-venv/lib/python3.11/site-packages/typer/core.py", line 183, in _main
    rv = self.invoke(ctx)
         ^^^^^^^^^^^^^^^^
  File "/home/Axel/.archon-venv/lib/python3.11/site-packages/typer/core.py", line 1115, in invoke
    return _process_result(sub_ctx.command.invoke(sub_ctx))
                           ^^^^^^^^^^^^^^^^^^^^^^^^^^^^^^^
  File "/home/Axel/.archon-venv/lib/python3.11/site-packages/typer/_click/core.py", line 746, in invoke
    return ctx.invoke(self.callback, **ctx.params)
           ^^^^^^^^^^^^^^^^^^^^^^^^^^^^^^^^^^^^^^^
  File "/home/Axel/.archon-venv/lib/python3.11/site-packages/typer/_click/core.py", line 489, in invoke
    return callback(*args, **kwargs)
           ^^^^^^^^^^^^^^^^^^^^^^^^^
  File "/home/Axel/.archon-venv/lib/python3.11/site-packages/typer/main.py", line 1515, in wrapper
    return callback(**use_params)
           ^^^^^^^^^^^^^^^^^^^^^^
  File "/home/Axel/Archon-Horizon/src/archon_horizon/commands/dashboard.py", line 216, in dashboard
    DashboardCommand(ctx.obj["root"], out=out, dist=dist, as_json=as_json, workflow=workflow).run()
  File "/home/Axel/Archon-Horizon/src/archon_horizon/commands/dashboard.py", line 47, in run
    from archon_horizon.render.static_export import export_static, write_pages_workflow
  File "/home/Axel/Archon-Horizon/src/archon_horizon/render/__init__.py", line 5, in <module>
    from .dashboard import render_dashboard
  File "/home/Axel/Archon-Horizon/src/archon_horizon/render/dashboard.py", line 77
    for n in nodes
    ^^^
SyntaxError: f-string expression part cannot include a backslash
[2026-07-03T06:00:00Z] starting dashboard publish

   ___           __               __ __         _             
  / _ | ________/ /  ___  ___    / // /__  ____(_)__ ___  ___ 
 / __ |/ __/ __/ _ \/ _ \/ _ \  / _  / _ \/ __/ /_ // _ \/ _ \
/_/ |_/_/  \__/_//_/\___/_//_/ /_//_/\___/_/ /_//__/\___/_//_/

 v0.1.0    https://github.com/frenzymath/Archon-Horizon  ───────────────────────

Traceback (most recent call last):
  File "/home/Axel/.archon-venv/bin/horizon", line 6, in <module>
    sys.exit(main())
             ^^^^^^
  File "/home/Axel/Archon-Horizon/src/archon_horizon/cli.py", line 153, in main
    result = cmd.main(
             ^^^^^^^^^
  File "/home/Axel/.archon-venv/lib/python3.11/site-packages/typer/core.py", line 1193, in main
    return _main(
           ^^^^^^
  File "/home/Axel/.archon-venv/lib/python3.11/site-packages/typer/core.py", line 183, in _main
    rv = self.invoke(ctx)
         ^^^^^^^^^^^^^^^^
  File "/home/Axel/.archon-venv/lib/python3.11/site-packages/typer/core.py", line 1115, in invoke
    return _process_result(sub_ctx.command.invoke(sub_ctx))
                           ^^^^^^^^^^^^^^^^^^^^^^^^^^^^^^^
  File "/home/Axel/.archon-venv/lib/python3.11/site-packages/typer/_click/core.py", line 746, in invoke
    return ctx.invoke(self.callback, **ctx.params)
           ^^^^^^^^^^^^^^^^^^^^^^^^^^^^^^^^^^^^^^^
  File "/home/Axel/.archon-venv/lib/python3.11/site-packages/typer/_click/core.py", line 489, in invoke
    return callback(*args, **kwargs)
           ^^^^^^^^^^^^^^^^^^^^^^^^^
  File "/home/Axel/.archon-venv/lib/python3.11/site-packages/typer/main.py", line 1515, in wrapper
    return callback(**use_params)
           ^^^^^^^^^^^^^^^^^^^^^^
  File "/home/Axel/Archon-Horizon/src/archon_horizon/commands/dashboard.py", line 216, in dashboard
    DashboardCommand(ctx.obj["root"], out=out, dist=dist, as_json=as_json, workflow=workflow).run()
  File "/home/Axel/Archon-Horizon/src/archon_horizon/commands/dashboard.py", line 47, in run
    from archon_horizon.render.static_export import export_static, write_pages_workflow
  File "/home/Axel/Archon-Horizon/src/archon_horizon/render/__init__.py", line 5, in <module>
    from .dashboard import render_dashboard
  File "/home/Axel/Archon-Horizon/src/archon_horizon/render/dashboard.py", line 77
    for n in nodes
    ^^^
SyntaxError: f-string expression part cannot include a backslash
[2026-07-03T06:30:00Z] starting dashboard publish

   ___           __               __ __         _             
  / _ | ________/ /  ___  ___    / // /__  ____(_)__ ___  ___ 
 / __ |/ __/ __/ _ \/ _ \/ _ \  / _  / _ \/ __/ /_ // _ \/ _ \
/_/ |_/_/  \__/_//_/\___/_//_/ /_//_/\___/_/ /_//__/\___/_//_/

 v0.1.0    https://github.com/frenzymath/Archon-Horizon  ───────────────────────

Traceback (most recent call last):
  File "/home/Axel/.archon-venv/bin/horizon", line 6, in <module>
    sys.exit(main())
             ^^^^^^
  File "/home/Axel/Archon-Horizon/src/archon_horizon/cli.py", line 153, in main
    result = cmd.main(
             ^^^^^^^^^
  File "/home/Axel/.archon-venv/lib/python3.11/site-packages/typer/core.py", line 1193, in main
    return _main(
           ^^^^^^
  File "/home/Axel/.archon-venv/lib/python3.11/site-packages/typer/core.py", line 183, in _main
    rv = self.invoke(ctx)
         ^^^^^^^^^^^^^^^^
  File "/home/Axel/.archon-venv/lib/python3.11/site-packages/typer/core.py", line 1115, in invoke
    return _process_result(sub_ctx.command.invoke(sub_ctx))
                           ^^^^^^^^^^^^^^^^^^^^^^^^^^^^^^^
  File "/home/Axel/.archon-venv/lib/python3.11/site-packages/typer/_click/core.py", line 746, in invoke
    return ctx.invoke(self.callback, **ctx.params)
           ^^^^^^^^^^^^^^^^^^^^^^^^^^^^^^^^^^^^^^^
  File "/home/Axel/.archon-venv/lib/python3.11/site-packages/typer/_click/core.py", line 489, in invoke
    return callback(*args, **kwargs)
           ^^^^^^^^^^^^^^^^^^^^^^^^^
  File "/home/Axel/.archon-venv/lib/python3.11/site-packages/typer/main.py", line 1515, in wrapper
    return callback(**use_params)
           ^^^^^^^^^^^^^^^^^^^^^^
  File "/home/Axel/Archon-Horizon/src/archon_horizon/commands/dashboard.py", line 216, in dashboard
    DashboardCommand(ctx.obj["root"], out=out, dist=dist, as_json=as_json, workflow=workflow).run()
  File "/home/Axel/Archon-Horizon/src/archon_horizon/commands/dashboard.py", line 47, in run
    from archon_horizon.render.static_export import export_static, write_pages_workflow
  File "/home/Axel/Archon-Horizon/src/archon_horizon/render/__init__.py", line 5, in <module>
    from .dashboard import render_dashboard
  File "/home/Axel/Archon-Horizon/src/archon_horizon/render/dashboard.py", line 77
    for n in nodes
    ^^^
SyntaxError: f-string expression part cannot include a backslash
[2026-07-03T07:00:00Z] starting dashboard publish

   ___           __               __ __         _             
  / _ | ________/ /  ___  ___    / // /__  ____(_)__ ___  ___ 
 / __ |/ __/ __/ _ \/ _ \/ _ \  / _  / _ \/ __/ /_ // _ \/ _ \
/_/ |_/_/  \__/_//_/\___/_//_/ /_//_/\___/_/ /_//__/\___/_//_/

 v0.1.0    https://github.com/frenzymath/Archon-Horizon  ───────────────────────

Traceback (most recent call last):
  File "/home/Axel/.archon-venv/bin/horizon", line 6, in <module>
    sys.exit(main())
             ^^^^^^
  File "/home/Axel/Archon-Horizon/src/archon_horizon/cli.py", line 153, in main
    result = cmd.main(
             ^^^^^^^^^
  File "/home/Axel/.archon-venv/lib/python3.11/site-packages/typer/core.py", line 1193, in main
    return _main(
           ^^^^^^
  File "/home/Axel/.archon-venv/lib/python3.11/site-packages/typer/core.py", line 183, in _main
    rv = self.invoke(ctx)
         ^^^^^^^^^^^^^^^^
  File "/home/Axel/.archon-venv/lib/python3.11/site-packages/typer/core.py", line 1115, in invoke
    return _process_result(sub_ctx.command.invoke(sub_ctx))
                           ^^^^^^^^^^^^^^^^^^^^^^^^^^^^^^^
  File "/home/Axel/.archon-venv/lib/python3.11/site-packages/typer/_click/core.py", line 746, in invoke
    return ctx.invoke(self.callback, **ctx.params)
           ^^^^^^^^^^^^^^^^^^^^^^^^^^^^^^^^^^^^^^^
  File "/home/Axel/.archon-venv/lib/python3.11/site-packages/typer/_click/core.py", line 489, in invoke
    return callback(*args, **kwargs)
           ^^^^^^^^^^^^^^^^^^^^^^^^^
  File "/home/Axel/.archon-venv/lib/python3.11/site-packages/typer/main.py", line 1515, in wrapper
    return callback(**use_params)
           ^^^^^^^^^^^^^^^^^^^^^^
  File "/home/Axel/Archon-Horizon/src/archon_horizon/commands/dashboard.py", line 216, in dashboard
    DashboardCommand(ctx.obj["root"], out=out, dist=dist, as_json=as_json, workflow=workflow).run()
  File "/home/Axel/Archon-Horizon/src/archon_horizon/commands/dashboard.py", line 47, in run
    from archon_horizon.render.static_export import export_static, write_pages_workflow
  File "/home/Axel/Archon-Horizon/src/archon_horizon/render/__init__.py", line 5, in <module>
    from .dashboard import render_dashboard
  File "/home/Axel/Archon-Horizon/src/archon_horizon/render/dashboard.py", line 77
    for n in nodes
    ^^^
SyntaxError: f-string expression part cannot include a backslash
[2026-07-03T07:30:00Z] starting dashboard publish

   ___           __               __ __         _             
  / _ | ________/ /  ___  ___    / // /__  ____(_)__ ___  ___ 
 / __ |/ __/ __/ _ \/ _ \/ _ \  / _  / _ \/ __/ /_ // _ \/ _ \
/_/ |_/_/  \__/_//_/\___/_//_/ /_//_/\___/_/ /_//__/\___/_//_/

 v0.1.0    https://github.com/frenzymath/Archon-Horizon  ───────────────────────

[HORIZON] committed exported dashboard to the workspace ledger (bf0853df5e).
[HORIZON] ✓ exported static dashboard to dashboard/index.html
[HORIZON] GitHub Pages workflow already present at 
.github/workflows/horizon-dashboard-pages.yml; left untouched.
[HORIZON] › Push the workspace repo to your GitHub remote, then enable Pages 
(Settings → Pages → Source: GitHub Actions).
[HORIZON] If the deploy fails with "Branch main is not allowed to deploy to 
github-pages", clear the environment's branch rule: Settings → Environments → 
github-pages → Deployment branches and tags → allow main (or 'No restriction').
To https://github.com/AxelDlv00/LeanAlgebraicGeometry.git
   8fa05f7..bf0853d  HEAD -> main
[2026-07-03T07:30:20Z] dashboard publish complete
[2026-07-03T08:00:00Z] starting dashboard publish

   ___           __               __ __         _             
  / _ | ________/ /  ___  ___    / // /__  ____(_)__ ___  ___ 
 / __ |/ __/ __/ _ \/ _ \/ _ \  / _  / _ \/ __/ /_ // _ \/ _ \
/_/ |_/_/  \__/_//_/\___/_//_/ /_//_/\___/_/ /_//__/\___/_//_/

 v0.1.0    https://github.com/frenzymath/Archon-Horizon  ───────────────────────

[HORIZON] committed exported dashboard to the workspace ledger (10a6d530c9).
[HORIZON] ✓ exported static dashboard to dashboard/index.html
[HORIZON] GitHub Pages workflow already present at 
.github/workflows/horizon-dashboard-pages.yml; left untouched.
[HORIZON] › Push the workspace repo to your GitHub remote, then enable Pages 
(Settings → Pages → Source: GitHub Actions).
[HORIZON] If the deploy fails with "Branch main is not allowed to deploy to 
github-pages", clear the environment's branch rule: Settings → Environments → 
github-pages → Deployment branches and tags → allow main (or 'No restriction').
To https://github.com/AxelDlv00/LeanAlgebraicGeometry.git
   bf0853d..10a6d53  HEAD -> main
[2026-07-03T08:00:16Z] dashboard publish complete
[2026-07-03T08:30:00Z] starting dashboard publish

   ___           __               __ __         _             
  / _ | ________/ /  ___  ___    / // /__  ____(_)__ ___  ___ 
 / __ |/ __/ __/ _ \/ _ \/ _ \  / _  / _ \/ __/ /_ // _ \/ _ \
/_/ |_/_/  \__/_//_/\___/_//_/ /_//_/\___/_/ /_//__/\___/_//_/

 v0.1.0    https://github.com/frenzymath/Archon-Horizon  ───────────────────────

[HORIZON] committed exported dashboard to the workspace ledger (ac13df2d9e).
[HORIZON] ✓ exported static dashboard to dashboard/index.html
[HORIZON] GitHub Pages workflow already present at 
.github/workflows/horizon-dashboard-pages.yml; left untouched.
[HORIZON] › Push the workspace repo to your GitHub remote, then enable Pages 
(Settings → Pages → Source: GitHub Actions).
[HORIZON] If the deploy fails with "Branch main is not allowed to deploy to 
github-pages", clear the environment's branch rule: Settings → Environments → 
github-pages → Deployment branches and tags → allow main (or 'No restriction').
To https://github.com/AxelDlv00/LeanAlgebraicGeometry.git
   10a6d53..ac13df2  HEAD -> main
[2026-07-03T08:30:57Z] dashboard publish complete
[2026-07-03T09:00:00Z] starting dashboard publish

   ___           __               __ __         _             
  / _ | ________/ /  ___  ___    / // /__  ____(_)__ ___  ___ 
 / __ |/ __/ __/ _ \/ _ \/ _ \  / _  / _ \/ __/ /_ // _ \/ _ \
/_/ |_/_/  \__/_//_/\___/_//_/ /_//_/\___/_/ /_//__/\___/_//_/

 v0.1.0    https://github.com/frenzymath/Archon-Horizon  ───────────────────────

[HORIZON] committed exported dashboard to the workspace ledger (63d775ac91).
[HORIZON] ✓ exported static dashboard to dashboard/index.html
[HORIZON] GitHub Pages workflow already present at 
.github/workflows/horizon-dashboard-pages.yml; left untouched.
[HORIZON] › Push the workspace repo to your GitHub remote, then enable Pages 
(Settings → Pages → Source: GitHub Actions).
[HORIZON] If the deploy fails with "Branch main is not allowed to deploy to 
github-pages", clear the environment's branch rule: Settings → Environments → 
github-pages → Deployment branches and tags → allow main (or 'No restriction').
To https://github.com/AxelDlv00/LeanAlgebraicGeometry.git
   ac13df2..63d775a  HEAD -> main
[2026-07-03T09:00:44Z] dashboard publish complete
[2026-07-03T09:30:00Z] starting dashboard publish

   ___           __               __ __         _             
  / _ | ________/ /  ___  ___    / // /__  ____(_)__ ___  ___ 
 / __ |/ __/ __/ _ \/ _ \/ _ \  / _  / _ \/ __/ /_ // _ \/ _ \
/_/ |_/_/  \__/_//_/\___/_//_/ /_//_/\___/_/ /_//__/\___/_//_/

 v0.1.0    https://github.com/frenzymath/Archon-Horizon  ───────────────────────

[HORIZON] committed exported dashboard to the workspace ledger (7855ae7417).
[HORIZON] ✓ exported static dashboard to dashboard/index.html
[HORIZON] GitHub Pages workflow already present at 
.github/workflows/horizon-dashboard-pages.yml; left untouched.
[HORIZON] › Push the workspace repo to your GitHub remote, then enable Pages 
(Settings → Pages → Source: GitHub Actions).
[HORIZON] If the deploy fails with "Branch main is not allowed to deploy to 
github-pages", clear the environment's branch rule: Settings → Environments → 
github-pages → Deployment branches and tags → allow main (or 'No restriction').
To https://github.com/AxelDlv00/LeanAlgebraicGeometry.git
   63d775a..7855ae7  HEAD -> main
[2026-07-03T09:30:29Z] dashboard publish complete
[2026-07-03T10:00:00Z] starting dashboard publish

   ___           __               __ __         _             
  / _ | ________/ /  ___  ___    / // /__  ____(_)__ ___  ___ 
 / __ |/ __/ __/ _ \/ _ \/ _ \  / _  / _ \/ __/ /_ // _ \/ _ \
/_/ |_/_/  \__/_//_/\___/_//_/ /_//_/\___/_/ /_//__/\___/_//_/

 v0.1.0    https://github.com/frenzymath/Archon-Horizon  ───────────────────────

[HORIZON] committed exported dashboard to the workspace ledger (8c994a43c1).
[HORIZON] ✓ exported static dashboard to dashboard/index.html
[HORIZON] GitHub Pages workflow already present at 
.github/workflows/horizon-dashboard-pages.yml; left untouched.
[HORIZON] › Push the workspace repo to your GitHub remote, then enable Pages 
(Settings → Pages → Source: GitHub Actions).
[HORIZON] If the deploy fails with "Branch main is not allowed to deploy to 
github-pages", clear the environment's branch rule: Settings → Environments → 
github-pages → Deployment branches and tags → allow main (or 'No restriction').
To https://github.com/AxelDlv00/LeanAlgebraicGeometry.git
   7855ae7..8c994a4  HEAD -> main
[2026-07-03T10:00:26Z] dashboard publish complete
[2026-07-03T10:30:00Z] starting dashboard publish

   ___           __               __ __         _             
  / _ | ________/ /  ___  ___    / // /__  ____(_)__ ___  ___ 
 / __ |/ __/ __/ _ \/ _ \/ _ \  / _  / _ \/ __/ /_ // _ \/ _ \
/_/ |_/_/  \__/_//_/\___/_//_/ /_//_/\___/_/ /_//__/\___/_//_/

 v0.1.0    https://github.com/frenzymath/Archon-Horizon  ───────────────────────

[HORIZON] committed exported dashboard to the workspace ledger (222c63a986).
[HORIZON] ✓ exported static dashboard to dashboard/index.html
[HORIZON] GitHub Pages workflow already present at 
.github/workflows/horizon-dashboard-pages.yml; left untouched.
[HORIZON] › Push the workspace repo to your GitHub remote, then enable Pages 
(Settings → Pages → Source: GitHub Actions).
[HORIZON] If the deploy fails with "Branch main is not allowed to deploy to 
github-pages", clear the environment's branch rule: Settings → Environments → 
github-pages → Deployment branches and tags → allow main (or 'No restriction').
To https://github.com/AxelDlv00/LeanAlgebraicGeometry.git
   8c994a4..222c63a  HEAD -> main
[2026-07-03T10:30:27Z] dashboard publish complete
[2026-07-03T11:00:00Z] starting dashboard publish

   ___           __               __ __         _             
  / _ | ________/ /  ___  ___    / // /__  ____(_)__ ___  ___ 
 / __ |/ __/ __/ _ \/ _ \/ _ \  / _  / _ \/ __/ /_ // _ \/ _ \
/_/ |_/_/  \__/_//_/\___/_//_/ /_//_/\___/_/ /_//__/\___/_//_/

 v0.1.0    https://github.com/frenzymath/Archon-Horizon  ───────────────────────

[HORIZON] committed exported dashboard to the workspace ledger (761f532d3f).
[HORIZON] ✓ exported static dashboard to dashboard/index.html
[HORIZON] GitHub Pages workflow already present at 
.github/workflows/horizon-dashboard-pages.yml; left untouched.
[HORIZON] › Push the workspace repo to your GitHub remote, then enable Pages 
(Settings → Pages → Source: GitHub Actions).
[HORIZON] If the deploy fails with "Branch main is not allowed to deploy to 
github-pages", clear the environment's branch rule: Settings → Environments → 
github-pages → Deployment branches and tags → allow main (or 'No restriction').
To https://github.com/AxelDlv00/LeanAlgebraicGeometry.git
   222c63a..761f532  HEAD -> main
[2026-07-03T11:00:26Z] dashboard publish complete
[2026-07-03T11:30:00Z] starting dashboard publish

   ___           __               __ __         _             
  / _ | ________/ /  ___  ___    / // /__  ____(_)__ ___  ___ 
 / __ |/ __/ __/ _ \/ _ \/ _ \  / _  / _ \/ __/ /_ // _ \/ _ \
/_/ |_/_/  \__/_//_/\___/_//_/ /_//_/\___/_/ /_//__/\___/_//_/

 v0.1.0    https://github.com/frenzymath/Archon-Horizon  ───────────────────────

[HORIZON] committed exported dashboard to the workspace ledger (b428e94dd3).
[HORIZON] ✓ exported static dashboard to dashboard/index.html
[HORIZON] GitHub Pages workflow already present at 
.github/workflows/horizon-dashboard-pages.yml; left untouched.
[HORIZON] › Push the workspace repo to your GitHub remote, then enable Pages 
(Settings → Pages → Source: GitHub Actions).
[HORIZON] If the deploy fails with "Branch main is not allowed to deploy to 
github-pages", clear the environment's branch rule: Settings → Environments → 
github-pages → Deployment branches and tags → allow main (or 'No restriction').
To https://github.com/AxelDlv00/LeanAlgebraicGeometry.git
   761f532..b428e94  HEAD -> main
[2026-07-03T11:30:31Z] dashboard publish complete
[2026-07-03T12:00:00Z] starting dashboard publish

   ___           __               __ __         _             
  / _ | ________/ /  ___  ___    / // /__  ____(_)__ ___  ___ 
 / __ |/ __/ __/ _ \/ _ \/ _ \  / _  / _ \/ __/ /_ // _ \/ _ \
/_/ |_/_/  \__/_//_/\___/_//_/ /_//_/\___/_/ /_//__/\___/_//_/

 v0.1.0    https://github.com/frenzymath/Archon-Horizon  ───────────────────────

[HORIZON] committed exported dashboard to the workspace ledger (c96ec62307).
[HORIZON] ✓ exported static dashboard to dashboard/index.html
[HORIZON] GitHub Pages workflow already present at 
.github/workflows/horizon-dashboard-pages.yml; left untouched.
[HORIZON] › Push the workspace repo to your GitHub remote, then enable Pages 
(Settings → Pages → Source: GitHub Actions).
[HORIZON] If the deploy fails with "Branch main is not allowed to deploy to 
github-pages", clear the environment's branch rule: Settings → Environments → 
github-pages → Deployment branches and tags → allow main (or 'No restriction').
To https://github.com/AxelDlv00/LeanAlgebraicGeometry.git
   b428e94..c96ec62  HEAD -> main
[2026-07-03T12:00:29Z] dashboard publish complete
[2026-07-03T12:30:00Z] starting dashboard publish

   ___           __               __ __         _             
  / _ | ________/ /  ___  ___    / // /__  ____(_)__ ___  ___ 
 / __ |/ __/ __/ _ \/ _ \/ _ \  / _  / _ \/ __/ /_ // _ \/ _ \
/_/ |_/_/  \__/_//_/\___/_//_/ /_//_/\___/_/ /_//__/\___/_//_/

 v0.1.0    https://github.com/frenzymath/Archon-Horizon  ───────────────────────

[HORIZON] committed exported dashboard to the workspace ledger (e766ff6e0e).
[HORIZON] ✓ exported static dashboard to dashboard/index.html
[HORIZON] GitHub Pages workflow already present at 
.github/workflows/horizon-dashboard-pages.yml; left untouched.
[HORIZON] › Push the workspace repo to your GitHub remote, then enable Pages 
(Settings → Pages → Source: GitHub Actions).
[HORIZON] If the deploy fails with "Branch main is not allowed to deploy to 
github-pages", clear the environment's branch rule: Settings → Environments → 
github-pages → Deployment branches and tags → allow main (or 'No restriction').
To https://github.com/AxelDlv00/LeanAlgebraicGeometry.git
   c96ec62..e766ff6  HEAD -> main
[2026-07-03T12:30:27Z] dashboard publish complete
[2026-07-03T13:00:00Z] starting dashboard publish

   ___           __               __ __         _             
  / _ | ________/ /  ___  ___    / // /__  ____(_)__ ___  ___ 
 / __ |/ __/ __/ _ \/ _ \/ _ \  / _  / _ \/ __/ /_ // _ \/ _ \
/_/ |_/_/  \__/_//_/\___/_//_/ /_//_/\___/_/ /_//__/\___/_//_/

 v0.1.0    https://github.com/frenzymath/Archon-Horizon  ───────────────────────

[HORIZON] committed exported dashboard to the workspace ledger (70719b141c).
[HORIZON] ✓ exported static dashboard to dashboard/index.html
[HORIZON] GitHub Pages workflow already present at 
.github/workflows/horizon-dashboard-pages.yml; left untouched.
[HORIZON] › Push the workspace repo to your GitHub remote, then enable Pages 
(Settings → Pages → Source: GitHub Actions).
[HORIZON] If the deploy fails with "Branch main is not allowed to deploy to 
github-pages", clear the environment's branch rule: Settings → Environments → 
github-pages → Deployment branches and tags → allow main (or 'No restriction').
To https://github.com/AxelDlv00/LeanAlgebraicGeometry.git
   e766ff6..70719b1  HEAD -> main
[2026-07-03T13:00:29Z] dashboard publish complete
[2026-07-03T13:30:00Z] starting dashboard publish

   ___           __               __ __         _             
  / _ | ________/ /  ___  ___    / // /__  ____(_)__ ___  ___ 
 / __ |/ __/ __/ _ \/ _ \/ _ \  / _  / _ \/ __/ /_ // _ \/ _ \
/_/ |_/_/  \__/_//_/\___/_//_/ /_//_/\___/_/ /_//__/\___/_//_/

 v0.1.0    https://github.com/frenzymath/Archon-Horizon  ───────────────────────

[HORIZON] committed exported dashboard to the workspace ledger (ca9381969f).
[HORIZON] ✓ exported static dashboard to dashboard/index.html
[HORIZON] GitHub Pages workflow already present at 
.github/workflows/horizon-dashboard-pages.yml; left untouched.
[HORIZON] › Push the workspace repo to your GitHub remote, then enable Pages 
(Settings → Pages → Source: GitHub Actions).
[HORIZON] If the deploy fails with "Branch main is not allowed to deploy to 
github-pages", clear the environment's branch rule: Settings → Environments → 
github-pages → Deployment branches and tags → allow main (or 'No restriction').
To https://github.com/AxelDlv00/LeanAlgebraicGeometry.git
   70719b1..ca93819  HEAD -> main
[2026-07-03T13:30:29Z] dashboard publish complete
[2026-07-03T14:00:00Z] starting dashboard publish

   ___           __               __ __         _             
  / _ | ________/ /  ___  ___    / // /__  ____(_)__ ___  ___ 
 / __ |/ __/ __/ _ \/ _ \/ _ \  / _  / _ \/ __/ /_ // _ \/ _ \
/_/ |_/_/  \__/_//_/\___/_//_/ /_//_/\___/_/ /_//__/\___/_//_/

 v0.1.0    https://github.com/frenzymath/Archon-Horizon  ───────────────────────

[HORIZON] committed exported dashboard to the workspace ledger (d9fd517cfe).
[HORIZON] ✓ exported static dashboard to dashboard/index.html
[HORIZON] GitHub Pages workflow already present at 
.github/workflows/horizon-dashboard-pages.yml; left untouched.
[HORIZON] › Push the workspace repo to your GitHub remote, then enable Pages 
(Settings → Pages → Source: GitHub Actions).
[HORIZON] If the deploy fails with "Branch main is not allowed to deploy to 
github-pages", clear the environment's branch rule: Settings → Environments → 
github-pages → Deployment branches and tags → allow main (or 'No restriction').
To https://github.com/AxelDlv00/LeanAlgebraicGeometry.git
   ca93819..d9fd517  HEAD -> main
[2026-07-03T14:00:32Z] dashboard publish complete
[2026-07-03T14:30:00Z] starting dashboard publish

   ___           __               __ __         _             
  / _ | ________/ /  ___  ___    / // /__  ____(_)__ ___  ___ 
 / __ |/ __/ __/ _ \/ _ \/ _ \  / _  / _ \/ __/ /_ // _ \/ _ \
/_/ |_/_/  \__/_//_/\___/_//_/ /_//_/\___/_/ /_//__/\___/_//_/

 v0.1.0    https://github.com/frenzymath/Archon-Horizon  ───────────────────────

[HORIZON] committed exported dashboard to the workspace ledger (ba1e03dc0f).
[HORIZON] ✓ exported static dashboard to dashboard/index.html
[HORIZON] GitHub Pages workflow already present at 
.github/workflows/horizon-dashboard-pages.yml; left untouched.
[HORIZON] › Push the workspace repo to your GitHub remote, then enable Pages 
(Settings → Pages → Source: GitHub Actions).
[HORIZON] If the deploy fails with "Branch main is not allowed to deploy to 
github-pages", clear the environment's branch rule: Settings → Environments → 
github-pages → Deployment branches and tags → allow main (or 'No restriction').
To https://github.com/AxelDlv00/LeanAlgebraicGeometry.git
   d9fd517..ba1e03d  HEAD -> main
[2026-07-03T14:30:27Z] dashboard publish complete
[2026-07-03T15:00:00Z] starting dashboard publish

   ___           __               __ __         _             
  / _ | ________/ /  ___  ___    / // /__  ____(_)__ ___  ___ 
 / __ |/ __/ __/ _ \/ _ \/ _ \  / _  / _ \/ __/ /_ // _ \/ _ \
/_/ |_/_/  \__/_//_/\___/_//_/ /_//_/\___/_/ /_//__/\___/_//_/

 v0.1.0    https://github.com/frenzymath/Archon-Horizon  ───────────────────────

[HORIZON] committed exported dashboard to the workspace ledger (dd700d8817).
[HORIZON] ✓ exported static dashboard to dashboard/index.html
[HORIZON] GitHub Pages workflow already present at 
.github/workflows/horizon-dashboard-pages.yml; left untouched.
[HORIZON] › Push the workspace repo to your GitHub remote, then enable Pages 
(Settings → Pages → Source: GitHub Actions).
[HORIZON] If the deploy fails with "Branch main is not allowed to deploy to 
github-pages", clear the environment's branch rule: Settings → Environments → 
github-pages → Deployment branches and tags → allow main (or 'No restriction').
To https://github.com/AxelDlv00/LeanAlgebraicGeometry.git
   ba1e03d..dd700d8  HEAD -> main
[2026-07-03T15:00:28Z] dashboard publish complete
[2026-07-03T15:30:00Z] starting dashboard publish

   ___           __               __ __         _             
  / _ | ________/ /  ___  ___    / // /__  ____(_)__ ___  ___ 
 / __ |/ __/ __/ _ \/ _ \/ _ \  / _  / _ \/ __/ /_ // _ \/ _ \
/_/ |_/_/  \__/_//_/\___/_//_/ /_//_/\___/_/ /_//__/\___/_//_/

 v0.1.0    https://github.com/frenzymath/Archon-Horizon  ───────────────────────

[HORIZON] committed exported dashboard to the workspace ledger (9b001abcf4).
[HORIZON] ✓ exported static dashboard to dashboard/index.html
[HORIZON] GitHub Pages workflow already present at 
.github/workflows/horizon-dashboard-pages.yml; left untouched.
[HORIZON] › Push the workspace repo to your GitHub remote, then enable Pages 
(Settings → Pages → Source: GitHub Actions).
[HORIZON] If the deploy fails with "Branch main is not allowed to deploy to 
github-pages", clear the environment's branch rule: Settings → Environments → 
github-pages → Deployment branches and tags → allow main (or 'No restriction').
To https://github.com/AxelDlv00/LeanAlgebraicGeometry.git
   dd700d8..9b001ab  HEAD -> main
[2026-07-03T15:30:28Z] dashboard publish complete
[2026-07-03T16:00:00Z] starting dashboard publish

   ___           __               __ __         _             
  / _ | ________/ /  ___  ___    / // /__  ____(_)__ ___  ___ 
 / __ |/ __/ __/ _ \/ _ \/ _ \  / _  / _ \/ __/ /_ // _ \/ _ \
/_/ |_/_/  \__/_//_/\___/_//_/ /_//_/\___/_/ /_//__/\___/_//_/

 v0.1.0    https://github.com/frenzymath/Archon-Horizon  ───────────────────────

[HORIZON] committed exported dashboard to the workspace ledger (c66de2b873).
[HORIZON] ✓ exported static dashboard to dashboard/index.html
[HORIZON] GitHub Pages workflow already present at 
.github/workflows/horizon-dashboard-pages.yml; left untouched.
[HORIZON] › Push the workspace repo to your GitHub remote, then enable Pages 
(Settings → Pages → Source: GitHub Actions).
[HORIZON] If the deploy fails with "Branch main is not allowed to deploy to 
github-pages", clear the environment's branch rule: Settings → Environments → 
github-pages → Deployment branches and tags → allow main (or 'No restriction').
To https://github.com/AxelDlv00/LeanAlgebraicGeometry.git
   9b001ab..c66de2b  HEAD -> main
[2026-07-03T16:00:28Z] dashboard publish complete
[2026-07-03T16:30:00Z] starting dashboard publish

   ___           __               __ __         _             
  / _ | ________/ /  ___  ___    / // /__  ____(_)__ ___  ___ 
 / __ |/ __/ __/ _ \/ _ \/ _ \  / _  / _ \/ __/ /_ // _ \/ _ \
/_/ |_/_/  \__/_//_/\___/_//_/ /_//_/\___/_/ /_//__/\___/_//_/

 v0.1.0    https://github.com/frenzymath/Archon-Horizon  ───────────────────────

[HORIZON] committed exported dashboard to the workspace ledger (6fd41450e5).
[HORIZON] ✓ exported static dashboard to dashboard/index.html
[HORIZON] GitHub Pages workflow already present at 
.github/workflows/horizon-dashboard-pages.yml; left untouched.
[HORIZON] › Push the workspace repo to your GitHub remote, then enable Pages 
(Settings → Pages → Source: GitHub Actions).
[HORIZON] If the deploy fails with "Branch main is not allowed to deploy to 
github-pages", clear the environment's branch rule: Settings → Environments → 
github-pages → Deployment branches and tags → allow main (or 'No restriction').
To https://github.com/AxelDlv00/LeanAlgebraicGeometry.git
   c66de2b..6fd4145  HEAD -> main
[2026-07-03T16:30:29Z] dashboard publish complete
[2026-07-03T17:00:00Z] starting dashboard publish

   ___           __               __ __         _             
  / _ | ________/ /  ___  ___    / // /__  ____(_)__ ___  ___ 
 / __ |/ __/ __/ _ \/ _ \/ _ \  / _  / _ \/ __/ /_ // _ \/ _ \
/_/ |_/_/  \__/_//_/\___/_//_/ /_//_/\___/_/ /_//__/\___/_//_/

 v0.1.0    https://github.com/frenzymath/Archon-Horizon  ───────────────────────

[HORIZON] committed exported dashboard to the workspace ledger (e39da839fd).
[HORIZON] ✓ exported static dashboard to dashboard/index.html
[HORIZON] GitHub Pages workflow already present at 
.github/workflows/horizon-dashboard-pages.yml; left untouched.
[HORIZON] › Push the workspace repo to your GitHub remote, then enable Pages 
(Settings → Pages → Source: GitHub Actions).
[HORIZON] If the deploy fails with "Branch main is not allowed to deploy to 
github-pages", clear the environment's branch rule: Settings → Environments → 
github-pages → Deployment branches and tags → allow main (or 'No restriction').
To https://github.com/AxelDlv00/LeanAlgebraicGeometry.git
   6fd4145..e39da83  HEAD -> main
[2026-07-03T17:00:33Z] dashboard publish complete
[2026-07-03T17:30:00Z] starting dashboard publish

   ___           __               __ __         _             
  / _ | ________/ /  ___  ___    / // /__  ____(_)__ ___  ___ 
 / __ |/ __/ __/ _ \/ _ \/ _ \  / _  / _ \/ __/ /_ // _ \/ _ \
/_/ |_/_/  \__/_//_/\___/_//_/ /_//_/\___/_/ /_//__/\___/_//_/

 v0.1.0    https://github.com/frenzymath/Archon-Horizon  ───────────────────────

[HORIZON] committed exported dashboard to the workspace ledger (6a4ecf4d1b).
[HORIZON] ✓ exported static dashboard to dashboard/index.html
[HORIZON] GitHub Pages workflow already present at 
.github/workflows/horizon-dashboard-pages.yml; left untouched.
[HORIZON] › Push the workspace repo to your GitHub remote, then enable Pages 
(Settings → Pages → Source: GitHub Actions).
[HORIZON] If the deploy fails with "Branch main is not allowed to deploy to 
github-pages", clear the environment's branch rule: Settings → Environments → 
github-pages → Deployment branches and tags → allow main (or 'No restriction').
To https://github.com/AxelDlv00/LeanAlgebraicGeometry.git
   e39da83..6a4ecf4  HEAD -> main
[2026-07-03T17:30:32Z] dashboard publish complete
[2026-07-03T18:00:01Z] starting dashboard publish

   ___           __               __ __         _             
  / _ | ________/ /  ___  ___    / // /__  ____(_)__ ___  ___ 
 / __ |/ __/ __/ _ \/ _ \/ _ \  / _  / _ \/ __/ /_ // _ \/ _ \
/_/ |_/_/  \__/_//_/\___/_//_/ /_//_/\___/_/ /_//__/\___/_//_/

 v0.1.0    https://github.com/frenzymath/Archon-Horizon  ───────────────────────

[HORIZON] committed exported dashboard to the workspace ledger (9a29716f35).
[HORIZON] ✓ exported static dashboard to dashboard/index.html
[HORIZON] GitHub Pages workflow already present at 
.github/workflows/horizon-dashboard-pages.yml; left untouched.
[HORIZON] › Push the workspace repo to your GitHub remote, then enable Pages 
(Settings → Pages → Source: GitHub Actions).
[HORIZON] If the deploy fails with "Branch main is not allowed to deploy to 
github-pages", clear the environment's branch rule: Settings → Environments → 
github-pages → Deployment branches and tags → allow main (or 'No restriction').
To https://github.com/AxelDlv00/LeanAlgebraicGeometry.git
   6a4ecf4..9a29716  HEAD -> main
[2026-07-03T18:00:29Z] dashboard publish complete
[2026-07-03T18:30:00Z] starting dashboard publish

   ___           __               __ __         _             
  / _ | ________/ /  ___  ___    / // /__  ____(_)__ ___  ___ 
 / __ |/ __/ __/ _ \/ _ \/ _ \  / _  / _ \/ __/ /_ // _ \/ _ \
/_/ |_/_/  \__/_//_/\___/_//_/ /_//_/\___/_/ /_//__/\___/_//_/

 v0.1.0    https://github.com/frenzymath/Archon-Horizon  ───────────────────────

[HORIZON] committed exported dashboard to the workspace ledger (d8551d5094).
[HORIZON] ✓ exported static dashboard to dashboard/index.html
[HORIZON] GitHub Pages workflow already present at 
.github/workflows/horizon-dashboard-pages.yml; left untouched.
[HORIZON] › Push the workspace repo to your GitHub remote, then enable Pages 
(Settings → Pages → Source: GitHub Actions).
[HORIZON] If the deploy fails with "Branch main is not allowed to deploy to 
github-pages", clear the environment's branch rule: Settings → Environments → 
github-pages → Deployment branches and tags → allow main (or 'No restriction').
To https://github.com/AxelDlv00/LeanAlgebraicGeometry.git
   9a29716..d8551d5  HEAD -> main
[2026-07-03T18:30:28Z] dashboard publish complete
[2026-07-03T19:00:00Z] starting dashboard publish

   ___           __               __ __         _             
  / _ | ________/ /  ___  ___    / // /__  ____(_)__ ___  ___ 
 / __ |/ __/ __/ _ \/ _ \/ _ \  / _  / _ \/ __/ /_ // _ \/ _ \
/_/ |_/_/  \__/_//_/\___/_//_/ /_//_/\___/_/ /_//__/\___/_//_/

 v0.1.0    https://github.com/frenzymath/Archon-Horizon  ───────────────────────

[HORIZON] committed exported dashboard to the workspace ledger (814a53c785).
[HORIZON] ✓ exported static dashboard to dashboard/index.html
[HORIZON] GitHub Pages workflow already present at 
.github/workflows/horizon-dashboard-pages.yml; left untouched.
[HORIZON] › Push the workspace repo to your GitHub remote, then enable Pages 
(Settings → Pages → Source: GitHub Actions).
[HORIZON] If the deploy fails with "Branch main is not allowed to deploy to 
github-pages", clear the environment's branch rule: Settings → Environments → 
github-pages → Deployment branches and tags → allow main (or 'No restriction').
To https://github.com/AxelDlv00/LeanAlgebraicGeometry.git
   d8551d5..814a53c  HEAD -> main
[2026-07-03T19:00:31Z] dashboard publish complete
[2026-07-03T19:30:00Z] starting dashboard publish

   ___           __               __ __         _             
  / _ | ________/ /  ___  ___    / // /__  ____(_)__ ___  ___ 
 / __ |/ __/ __/ _ \/ _ \/ _ \  / _  / _ \/ __/ /_ // _ \/ _ \
/_/ |_/_/  \__/_//_/\___/_//_/ /_//_/\___/_/ /_//__/\___/_//_/

 v0.1.0    https://github.com/frenzymath/Archon-Horizon  ───────────────────────

[HORIZON] committed exported dashboard to the workspace ledger (6292c7e800).
[HORIZON] ✓ exported static dashboard to dashboard/index.html
[HORIZON] GitHub Pages workflow already present at 
.github/workflows/horizon-dashboard-pages.yml; left untouched.
[HORIZON] › Push the workspace repo to your GitHub remote, then enable Pages 
(Settings → Pages → Source: GitHub Actions).
[HORIZON] If the deploy fails with "Branch main is not allowed to deploy to 
github-pages", clear the environment's branch rule: Settings → Environments → 
github-pages → Deployment branches and tags → allow main (or 'No restriction').
To https://github.com/AxelDlv00/LeanAlgebraicGeometry.git
   814a53c..6292c7e  HEAD -> main
[2026-07-03T19:30:28Z] dashboard publish complete
[2026-07-03T20:00:00Z] starting dashboard publish

   ___           __               __ __         _             
  / _ | ________/ /  ___  ___    / // /__  ____(_)__ ___  ___ 
 / __ |/ __/ __/ _ \/ _ \/ _ \  / _  / _ \/ __/ /_ // _ \/ _ \
/_/ |_/_/  \__/_//_/\___/_//_/ /_//_/\___/_/ /_//__/\___/_//_/

 v0.1.0    https://github.com/frenzymath/Archon-Horizon  ───────────────────────

[HORIZON] committed exported dashboard to the workspace ledger (cb5b0f6eb0).
[HORIZON] ✓ exported static dashboard to dashboard/index.html
[HORIZON] GitHub Pages workflow already present at 
.github/workflows/horizon-dashboard-pages.yml; left untouched.
[HORIZON] › Push the workspace repo to your GitHub remote, then enable Pages 
(Settings → Pages → Source: GitHub Actions).
[HORIZON] If the deploy fails with "Branch main is not allowed to deploy to 
github-pages", clear the environment's branch rule: Settings → Environments → 
github-pages → Deployment branches and tags → allow main (or 'No restriction').
To https://github.com/AxelDlv00/LeanAlgebraicGeometry.git
   6292c7e..cb5b0f6  HEAD -> main
[2026-07-03T20:00:28Z] dashboard publish complete
[2026-07-03T20:30:00Z] starting dashboard publish

   ___           __               __ __         _             
  / _ | ________/ /  ___  ___    / // /__  ____(_)__ ___  ___ 
 / __ |/ __/ __/ _ \/ _ \/ _ \  / _  / _ \/ __/ /_ // _ \/ _ \
/_/ |_/_/  \__/_//_/\___/_//_/ /_//_/\___/_/ /_//__/\___/_//_/

 v0.1.0    https://github.com/frenzymath/Archon-Horizon  ───────────────────────

[HORIZON] committed exported dashboard to the workspace ledger (362a9cd5a0).
[HORIZON] ✓ exported static dashboard to dashboard/index.html
[HORIZON] GitHub Pages workflow already present at 
.github/workflows/horizon-dashboard-pages.yml; left untouched.
[HORIZON] › Push the workspace repo to your GitHub remote, then enable Pages 
(Settings → Pages → Source: GitHub Actions).
[HORIZON] If the deploy fails with "Branch main is not allowed to deploy to 
github-pages", clear the environment's branch rule: Settings → Environments → 
github-pages → Deployment branches and tags → allow main (or 'No restriction').
To https://github.com/AxelDlv00/LeanAlgebraicGeometry.git
   cb5b0f6..362a9cd  HEAD -> main
[2026-07-03T20:30:28Z] dashboard publish complete
[2026-07-03T21:00:00Z] starting dashboard publish

   ___           __               __ __         _             
  / _ | ________/ /  ___  ___    / // /__  ____(_)__ ___  ___ 
 / __ |/ __/ __/ _ \/ _ \/ _ \  / _  / _ \/ __/ /_ // _ \/ _ \
/_/ |_/_/  \__/_//_/\___/_//_/ /_//_/\___/_/ /_//__/\___/_//_/

 v0.1.0    https://github.com/frenzymath/Archon-Horizon  ───────────────────────

[HORIZON] committed exported dashboard to the workspace ledger (f8170c23d2).
[HORIZON] ✓ exported static dashboard to dashboard/index.html
[HORIZON] GitHub Pages workflow already present at 
.github/workflows/horizon-dashboard-pages.yml; left untouched.
[HORIZON] › Push the workspace repo to your GitHub remote, then enable Pages 
(Settings → Pages → Source: GitHub Actions).
[HORIZON] If the deploy fails with "Branch main is not allowed to deploy to 
github-pages", clear the environment's branch rule: Settings → Environments → 
github-pages → Deployment branches and tags → allow main (or 'No restriction').
To https://github.com/AxelDlv00/LeanAlgebraicGeometry.git
   362a9cd..f8170c2  HEAD -> main
[2026-07-03T21:00:29Z] dashboard publish complete
[2026-07-03T21:30:00Z] starting dashboard publish

   ___           __               __ __         _             
  / _ | ________/ /  ___  ___    / // /__  ____(_)__ ___  ___ 
 / __ |/ __/ __/ _ \/ _ \/ _ \  / _  / _ \/ __/ /_ // _ \/ _ \
/_/ |_/_/  \__/_//_/\___/_//_/ /_//_/\___/_/ /_//__/\___/_//_/

 v0.1.0    https://github.com/frenzymath/Archon-Horizon  ───────────────────────

[HORIZON] committed exported dashboard to the workspace ledger (43dc2d6c10).
[HORIZON] ✓ exported static dashboard to dashboard/index.html
[HORIZON] GitHub Pages workflow already present at 
.github/workflows/horizon-dashboard-pages.yml; left untouched.
[HORIZON] › Push the workspace repo to your GitHub remote, then enable Pages 
(Settings → Pages → Source: GitHub Actions).
[HORIZON] If the deploy fails with "Branch main is not allowed to deploy to 
github-pages", clear the environment's branch rule: Settings → Environments → 
github-pages → Deployment branches and tags → allow main (or 'No restriction').
To https://github.com/AxelDlv00/LeanAlgebraicGeometry.git
   f8170c2..43dc2d6  HEAD -> main
[2026-07-03T21:30:27Z] dashboard publish complete
[2026-07-03T22:00:00Z] starting dashboard publish

   ___           __               __ __         _             
  / _ | ________/ /  ___  ___    / // /__  ____(_)__ ___  ___ 
 / __ |/ __/ __/ _ \/ _ \/ _ \  / _  / _ \/ __/ /_ // _ \/ _ \
/_/ |_/_/  \__/_//_/\___/_//_/ /_//_/\___/_/ /_//__/\___/_//_/

 v0.1.0    https://github.com/frenzymath/Archon-Horizon  ───────────────────────

[HORIZON] committed exported dashboard to the workspace ledger (a3b2089ac0).
[HORIZON] ✓ exported static dashboard to dashboard/index.html
[HORIZON] GitHub Pages workflow already present at 
.github/workflows/horizon-dashboard-pages.yml; left untouched.
[HORIZON] › Push the workspace repo to your GitHub remote, then enable Pages 
(Settings → Pages → Source: GitHub Actions).
[HORIZON] If the deploy fails with "Branch main is not allowed to deploy to 
github-pages", clear the environment's branch rule: Settings → Environments → 
github-pages → Deployment branches and tags → allow main (or 'No restriction').
To https://github.com/AxelDlv00/LeanAlgebraicGeometry.git
   43dc2d6..a3b2089  HEAD -> main
[2026-07-03T22:00:28Z] dashboard publish complete
[2026-07-03T22:30:00Z] starting dashboard publish

   ___           __               __ __         _             
  / _ | ________/ /  ___  ___    / // /__  ____(_)__ ___  ___ 
 / __ |/ __/ __/ _ \/ _ \/ _ \  / _  / _ \/ __/ /_ // _ \/ _ \
/_/ |_/_/  \__/_//_/\___/_//_/ /_//_/\___/_/ /_//__/\___/_//_/

 v0.1.0    https://github.com/frenzymath/Archon-Horizon  ───────────────────────

[HORIZON] committed exported dashboard to the workspace ledger (0138f1dfc5).
[HORIZON] ✓ exported static dashboard to dashboard/index.html
[HORIZON] GitHub Pages workflow already present at 
.github/workflows/horizon-dashboard-pages.yml; left untouched.
[HORIZON] › Push the workspace repo to your GitHub remote, then enable Pages 
(Settings → Pages → Source: GitHub Actions).
[HORIZON] If the deploy fails with "Branch main is not allowed to deploy to 
github-pages", clear the environment's branch rule: Settings → Environments → 
github-pages → Deployment branches and tags → allow main (or 'No restriction').
To https://github.com/AxelDlv00/LeanAlgebraicGeometry.git
   a3b2089..0138f1d  HEAD -> main
[2026-07-03T22:30:27Z] dashboard publish complete
[2026-07-03T23:00:00Z] starting dashboard publish

   ___           __               __ __         _             
  / _ | ________/ /  ___  ___    / // /__  ____(_)__ ___  ___ 
 / __ |/ __/ __/ _ \/ _ \/ _ \  / _  / _ \/ __/ /_ // _ \/ _ \
/_/ |_/_/  \__/_//_/\___/_//_/ /_//_/\___/_/ /_//__/\___/_//_/

 v0.1.0    https://github.com/frenzymath/Archon-Horizon  ───────────────────────

[HORIZON] committed exported dashboard to the workspace ledger (8a390157fe).
[HORIZON] ✓ exported static dashboard to dashboard/index.html
[HORIZON] GitHub Pages workflow already present at 
.github/workflows/horizon-dashboard-pages.yml; left untouched.
[HORIZON] › Push the workspace repo to your GitHub remote, then enable Pages 
(Settings → Pages → Source: GitHub Actions).
[HORIZON] If the deploy fails with "Branch main is not allowed to deploy to 
github-pages", clear the environment's branch rule: Settings → Environments → 
github-pages → Deployment branches and tags → allow main (or 'No restriction').
To https://github.com/AxelDlv00/LeanAlgebraicGeometry.git
   0138f1d..8a39015  HEAD -> main
[2026-07-03T23:00:28Z] dashboard publish complete
[2026-07-03T23:30:00Z] starting dashboard publish

   ___           __               __ __         _             
  / _ | ________/ /  ___  ___    / // /__  ____(_)__ ___  ___ 
 / __ |/ __/ __/ _ \/ _ \/ _ \  / _  / _ \/ __/ /_ // _ \/ _ \
/_/ |_/_/  \__/_//_/\___/_//_/ /_//_/\___/_/ /_//__/\___/_//_/

 v0.1.0    https://github.com/frenzymath/Archon-Horizon  ───────────────────────

[HORIZON] committed exported dashboard to the workspace ledger (3b992ba8b8).
[HORIZON] ✓ exported static dashboard to dashboard/index.html
[HORIZON] GitHub Pages workflow already present at 
.github/workflows/horizon-dashboard-pages.yml; left untouched.
[HORIZON] › Push the workspace repo to your GitHub remote, then enable Pages 
(Settings → Pages → Source: GitHub Actions).
[HORIZON] If the deploy fails with "Branch main is not allowed to deploy to 
github-pages", clear the environment's branch rule: Settings → Environments → 
github-pages → Deployment branches and tags → allow main (or 'No restriction').
To https://github.com/AxelDlv00/LeanAlgebraicGeometry.git
   8a39015..3b992ba  HEAD -> main
[2026-07-03T23:30:27Z] dashboard publish complete
[2026-07-04T00:00:00Z] starting dashboard publish

   ___           __               __ __         _             
  / _ | ________/ /  ___  ___    / // /__  ____(_)__ ___  ___ 
 / __ |/ __/ __/ _ \/ _ \/ _ \  / _  / _ \/ __/ /_ // _ \/ _ \
/_/ |_/_/  \__/_//_/\___/_//_/ /_//_/\___/_/ /_//__/\___/_//_/

 v0.1.0    https://github.com/frenzymath/Archon-Horizon  ───────────────────────

[HORIZON] committed exported dashboard to the workspace ledger (5c2aa056a2).
[HORIZON] ✓ exported static dashboard to dashboard/index.html
[HORIZON] GitHub Pages workflow already present at 
.github/workflows/horizon-dashboard-pages.yml; left untouched.
[HORIZON] › Push the workspace repo to your GitHub remote, then enable Pages 
(Settings → Pages → Source: GitHub Actions).
[HORIZON] If the deploy fails with "Branch main is not allowed to deploy to 
github-pages", clear the environment's branch rule: Settings → Environments → 
github-pages → Deployment branches and tags → allow main (or 'No restriction').
To https://github.com/AxelDlv00/LeanAlgebraicGeometry.git
   3b992ba..5c2aa05  HEAD -> main
[2026-07-04T00:00:28Z] dashboard publish complete
[2026-07-04T00:30:00Z] starting dashboard publish

   ___           __               __ __         _             
  / _ | ________/ /  ___  ___    / // /__  ____(_)__ ___  ___ 
 / __ |/ __/ __/ _ \/ _ \/ _ \  / _  / _ \/ __/ /_ // _ \/ _ \
/_/ |_/_/  \__/_//_/\___/_//_/ /_//_/\___/_/ /_//__/\___/_//_/

 v0.1.0    https://github.com/frenzymath/Archon-Horizon  ───────────────────────

[HORIZON] committed exported dashboard to the workspace ledger (ce53e4c4b5).
[HORIZON] ✓ exported static dashboard to dashboard/index.html
[HORIZON] GitHub Pages workflow already present at 
.github/workflows/horizon-dashboard-pages.yml; left untouched.
[HORIZON] › Push the workspace repo to your GitHub remote, then enable Pages 
(Settings → Pages → Source: GitHub Actions).
[HORIZON] If the deploy fails with "Branch main is not allowed to deploy to 
github-pages", clear the environment's branch rule: Settings → Environments → 
github-pages → Deployment branches and tags → allow main (or 'No restriction').
To https://github.com/AxelDlv00/LeanAlgebraicGeometry.git
   5c2aa05..ce53e4c  HEAD -> main
[2026-07-04T00:30:29Z] dashboard publish complete
[2026-07-04T01:00:00Z] starting dashboard publish

   ___           __               __ __         _             
  / _ | ________/ /  ___  ___    / // /__  ____(_)__ ___  ___ 
 / __ |/ __/ __/ _ \/ _ \/ _ \  / _  / _ \/ __/ /_ // _ \/ _ \
/_/ |_/_/  \__/_//_/\___/_//_/ /_//_/\___/_/ /_//__/\___/_//_/

 v0.1.0    https://github.com/frenzymath/Archon-Horizon  ───────────────────────

[HORIZON] committed exported dashboard to the workspace ledger (29b42c7c0b).
[HORIZON] ✓ exported static dashboard to dashboard/index.html
[HORIZON] GitHub Pages workflow already present at 
.github/workflows/horizon-dashboard-pages.yml; left untouched.
[HORIZON] › Push the workspace repo to your GitHub remote, then enable Pages 
(Settings → Pages → Source: GitHub Actions).
[HORIZON] If the deploy fails with "Branch main is not allowed to deploy to 
github-pages", clear the environment's branch rule: Settings → Environments → 
github-pages → Deployment branches and tags → allow main (or 'No restriction').
To https://github.com/AxelDlv00/LeanAlgebraicGeometry.git
   ce53e4c..29b42c7  HEAD -> main
[2026-07-04T01:00:29Z] dashboard publish complete
[2026-07-04T01:30:00Z] starting dashboard publish

   ___           __               __ __         _             
  / _ | ________/ /  ___  ___    / // /__  ____(_)__ ___  ___ 
 / __ |/ __/ __/ _ \/ _ \/ _ \  / _  / _ \/ __/ /_ // _ \/ _ \
/_/ |_/_/  \__/_//_/\___/_//_/ /_//_/\___/_/ /_//__/\___/_//_/

 v0.1.0    https://github.com/frenzymath/Archon-Horizon  ───────────────────────

[HORIZON] committed exported dashboard to the workspace ledger (0e901de631).
[HORIZON] ✓ exported static dashboard to dashboard/index.html
[HORIZON] GitHub Pages workflow already present at 
.github/workflows/horizon-dashboard-pages.yml; left untouched.
[HORIZON] › Push the workspace repo to your GitHub remote, then enable Pages 
(Settings → Pages → Source: GitHub Actions).
[HORIZON] If the deploy fails with "Branch main is not allowed to deploy to 
github-pages", clear the environment's branch rule: Settings → Environments → 
github-pages → Deployment branches and tags → allow main (or 'No restriction').
To https://github.com/AxelDlv00/LeanAlgebraicGeometry.git
   29b42c7..0e901de  HEAD -> main
[2026-07-04T01:30:30Z] dashboard publish complete
[2026-07-04T02:00:00Z] starting dashboard publish

   ___           __               __ __         _             
  / _ | ________/ /  ___  ___    / // /__  ____(_)__ ___  ___ 
 / __ |/ __/ __/ _ \/ _ \/ _ \  / _  / _ \/ __/ /_ // _ \/ _ \
/_/ |_/_/  \__/_//_/\___/_//_/ /_//_/\___/_/ /_//__/\___/_//_/

 v0.1.0    https://github.com/frenzymath/Archon-Horizon  ───────────────────────

[HORIZON] committed exported dashboard to the workspace ledger (7808ba88ae).
[HORIZON] ✓ exported static dashboard to dashboard/index.html
[HORIZON] GitHub Pages workflow already present at 
.github/workflows/horizon-dashboard-pages.yml; left untouched.
[HORIZON] › Push the workspace repo to your GitHub remote, then enable Pages 
(Settings → Pages → Source: GitHub Actions).
[HORIZON] If the deploy fails with "Branch main is not allowed to deploy to 
github-pages", clear the environment's branch rule: Settings → Environments → 
github-pages → Deployment branches and tags → allow main (or 'No restriction').
To https://github.com/AxelDlv00/LeanAlgebraicGeometry.git
   0e901de..7808ba8  HEAD -> main
[2026-07-04T02:00:28Z] dashboard publish complete
[2026-07-04T02:30:00Z] starting dashboard publish

   ___           __               __ __         _             
  / _ | ________/ /  ___  ___    / // /__  ____(_)__ ___  ___ 
 / __ |/ __/ __/ _ \/ _ \/ _ \  / _  / _ \/ __/ /_ // _ \/ _ \
/_/ |_/_/  \__/_//_/\___/_//_/ /_//_/\___/_/ /_//__/\___/_//_/

 v0.1.0    https://github.com/frenzymath/Archon-Horizon  ───────────────────────

[HORIZON] committed exported dashboard to the workspace ledger (e99d5e37f1).
[HORIZON] ✓ exported static dashboard to dashboard/index.html
[HORIZON] GitHub Pages workflow already present at 
.github/workflows/horizon-dashboard-pages.yml; left untouched.
[HORIZON] › Push the workspace repo to your GitHub remote, then enable Pages 
(Settings → Pages → Source: GitHub Actions).
[HORIZON] If the deploy fails with "Branch main is not allowed to deploy to 
github-pages", clear the environment's branch rule: Settings → Environments → 
github-pages → Deployment branches and tags → allow main (or 'No restriction').
To https://github.com/AxelDlv00/LeanAlgebraicGeometry.git
   7808ba8..e99d5e3  HEAD -> main
[2026-07-04T02:30:30Z] dashboard publish complete
[2026-07-04T03:00:00Z] starting dashboard publish

   ___           __               __ __         _             
  / _ | ________/ /  ___  ___    / // /__  ____(_)__ ___  ___ 
 / __ |/ __/ __/ _ \/ _ \/ _ \  / _  / _ \/ __/ /_ // _ \/ _ \
/_/ |_/_/  \__/_//_/\___/_//_/ /_//_/\___/_/ /_//__/\___/_//_/

 v0.1.0    https://github.com/frenzymath/Archon-Horizon  ───────────────────────

[HORIZON] committed exported dashboard to the workspace ledger (a3267ed744).
[HORIZON] ✓ exported static dashboard to dashboard/index.html
[HORIZON] GitHub Pages workflow already present at 
.github/workflows/horizon-dashboard-pages.yml; left untouched.
[HORIZON] › Push the workspace repo to your GitHub remote, then enable Pages 
(Settings → Pages → Source: GitHub Actions).
[HORIZON] If the deploy fails with "Branch main is not allowed to deploy to 
github-pages", clear the environment's branch rule: Settings → Environments → 
github-pages → Deployment branches and tags → allow main (or 'No restriction').
To https://github.com/AxelDlv00/LeanAlgebraicGeometry.git
   e99d5e3..a3267ed  HEAD -> main
[2026-07-04T03:00:30Z] dashboard publish complete
[2026-07-04T03:30:00Z] starting dashboard publish

   ___           __               __ __         _             
  / _ | ________/ /  ___  ___    / // /__  ____(_)__ ___  ___ 
 / __ |/ __/ __/ _ \/ _ \/ _ \  / _  / _ \/ __/ /_ // _ \/ _ \
/_/ |_/_/  \__/_//_/\___/_//_/ /_//_/\___/_/ /_//__/\___/_//_/

 v0.1.0    https://github.com/frenzymath/Archon-Horizon  ───────────────────────

[HORIZON] committed exported dashboard to the workspace ledger (167da56154).
[HORIZON] ✓ exported static dashboard to dashboard/index.html
[HORIZON] GitHub Pages workflow already present at 
.github/workflows/horizon-dashboard-pages.yml; left untouched.
[HORIZON] › Push the workspace repo to your GitHub remote, then enable Pages 
(Settings → Pages → Source: GitHub Actions).
[HORIZON] If the deploy fails with "Branch main is not allowed to deploy to 
github-pages", clear the environment's branch rule: Settings → Environments → 
github-pages → Deployment branches and tags → allow main (or 'No restriction').
To https://github.com/AxelDlv00/LeanAlgebraicGeometry.git
   a3267ed..167da56  HEAD -> main
[2026-07-04T03:30:29Z] dashboard publish complete
[2026-07-04T04:00:00Z] starting dashboard publish

   ___           __               __ __         _             
  / _ | ________/ /  ___  ___    / // /__  ____(_)__ ___  ___ 
 / __ |/ __/ __/ _ \/ _ \/ _ \  / _  / _ \/ __/ /_ // _ \/ _ \
/_/ |_/_/  \__/_//_/\___/_//_/ /_//_/\___/_/ /_//__/\___/_//_/

 v0.1.0    https://github.com/frenzymath/Archon-Horizon  ───────────────────────

[HORIZON] committed exported dashboard to the workspace ledger (4f5638f50e).
[HORIZON] ✓ exported static dashboard to dashboard/index.html
[HORIZON] GitHub Pages workflow already present at 
.github/workflows/horizon-dashboard-pages.yml; left untouched.
[HORIZON] › Push the workspace repo to your GitHub remote, then enable Pages 
(Settings → Pages → Source: GitHub Actions).
[HORIZON] If the deploy fails with "Branch main is not allowed to deploy to 
github-pages", clear the environment's branch rule: Settings → Environments → 
github-pages → Deployment branches and tags → allow main (or 'No restriction').
To https://github.com/AxelDlv00/LeanAlgebraicGeometry.git
   167da56..4f5638f  HEAD -> main
[2026-07-04T04:00:29Z] dashboard publish complete
[2026-07-04T04:30:00Z] starting dashboard publish

   ___           __               __ __         _             
  / _ | ________/ /  ___  ___    / // /__  ____(_)__ ___  ___ 
 / __ |/ __/ __/ _ \/ _ \/ _ \  / _  / _ \/ __/ /_ // _ \/ _ \
/_/ |_/_/  \__/_//_/\___/_//_/ /_//_/\___/_/ /_//__/\___/_//_/

 v0.1.0    https://github.com/frenzymath/Archon-Horizon  ───────────────────────

[HORIZON] committed exported dashboard to the workspace ledger (9c2e19c995).
[HORIZON] ✓ exported static dashboard to dashboard/index.html
[HORIZON] GitHub Pages workflow already present at 
.github/workflows/horizon-dashboard-pages.yml; left untouched.
[HORIZON] › Push the workspace repo to your GitHub remote, then enable Pages 
(Settings → Pages → Source: GitHub Actions).
[HORIZON] If the deploy fails with "Branch main is not allowed to deploy to 
github-pages", clear the environment's branch rule: Settings → Environments → 
github-pages → Deployment branches and tags → allow main (or 'No restriction').
To https://github.com/AxelDlv00/LeanAlgebraicGeometry.git
   4f5638f..9c2e19c  HEAD -> main
[2026-07-04T04:30:31Z] dashboard publish complete
[2026-07-04T05:00:00Z] starting dashboard publish

   ___           __               __ __         _             
  / _ | ________/ /  ___  ___    / // /__  ____(_)__ ___  ___ 
 / __ |/ __/ __/ _ \/ _ \/ _ \  / _  / _ \/ __/ /_ // _ \/ _ \
/_/ |_/_/  \__/_//_/\___/_//_/ /_//_/\___/_/ /_//__/\___/_//_/

 v0.1.0    https://github.com/frenzymath/Archon-Horizon  ───────────────────────

[HORIZON] committed exported dashboard to the workspace ledger (ea6af4ecee).
[HORIZON] ✓ exported static dashboard to dashboard/index.html
[HORIZON] GitHub Pages workflow already present at 
.github/workflows/horizon-dashboard-pages.yml; left untouched.
[HORIZON] › Push the workspace repo to your GitHub remote, then enable Pages 
(Settings → Pages → Source: GitHub Actions).
[HORIZON] If the deploy fails with "Branch main is not allowed to deploy to 
github-pages", clear the environment's branch rule: Settings → Environments → 
github-pages → Deployment branches and tags → allow main (or 'No restriction').
To https://github.com/AxelDlv00/LeanAlgebraicGeometry.git
   9c2e19c..ea6af4e  HEAD -> main
[2026-07-04T05:00:33Z] dashboard publish complete
[2026-07-04T05:30:00Z] starting dashboard publish

   ___           __               __ __         _             
  / _ | ________/ /  ___  ___    / // /__  ____(_)__ ___  ___ 
 / __ |/ __/ __/ _ \/ _ \/ _ \  / _  / _ \/ __/ /_ // _ \/ _ \
/_/ |_/_/  \__/_//_/\___/_//_/ /_//_/\___/_/ /_//__/\___/_//_/

 v0.1.0    https://github.com/frenzymath/Archon-Horizon  ───────────────────────

[HORIZON] committed exported dashboard to the workspace ledger (541b9bd22c).
[HORIZON] ✓ exported static dashboard to dashboard/index.html
[HORIZON] GitHub Pages workflow already present at 
.github/workflows/horizon-dashboard-pages.yml; left untouched.
[HORIZON] › Push the workspace repo to your GitHub remote, then enable Pages 
(Settings → Pages → Source: GitHub Actions).
[HORIZON] If the deploy fails with "Branch main is not allowed to deploy to 
github-pages", clear the environment's branch rule: Settings → Environments → 
github-pages → Deployment branches and tags → allow main (or 'No restriction').
To https://github.com/AxelDlv00/LeanAlgebraicGeometry.git
   ea6af4e..541b9bd  HEAD -> main
[2026-07-04T05:30:32Z] dashboard publish complete
[2026-07-04T06:00:00Z] starting dashboard publish

   ___           __               __ __         _             
  / _ | ________/ /  ___  ___    / // /__  ____(_)__ ___  ___ 
 / __ |/ __/ __/ _ \/ _ \/ _ \  / _  / _ \/ __/ /_ // _ \/ _ \
/_/ |_/_/  \__/_//_/\___/_//_/ /_//_/\___/_/ /_//__/\___/_//_/

 v0.1.0    https://github.com/frenzymath/Archon-Horizon  ───────────────────────

[HORIZON] committed exported dashboard to the workspace ledger (6186a4ef66).
[HORIZON] ✓ exported static dashboard to dashboard/index.html
[HORIZON] GitHub Pages workflow already present at 
.github/workflows/horizon-dashboard-pages.yml; left untouched.
[HORIZON] › Push the workspace repo to your GitHub remote, then enable Pages 
(Settings → Pages → Source: GitHub Actions).
[HORIZON] If the deploy fails with "Branch main is not allowed to deploy to 
github-pages", clear the environment's branch rule: Settings → Environments → 
github-pages → Deployment branches and tags → allow main (or 'No restriction').
To https://github.com/AxelDlv00/LeanAlgebraicGeometry.git
   541b9bd..6186a4e  HEAD -> main
[2026-07-04T06:00:35Z] dashboard publish complete
[2026-07-04T06:30:00Z] starting dashboard publish

   ___           __               __ __         _             
  / _ | ________/ /  ___  ___    / // /__  ____(_)__ ___  ___ 
 / __ |/ __/ __/ _ \/ _ \/ _ \  / _  / _ \/ __/ /_ // _ \/ _ \
/_/ |_/_/  \__/_//_/\___/_//_/ /_//_/\___/_/ /_//__/\___/_//_/

 v0.1.0    https://github.com/frenzymath/Archon-Horizon  ───────────────────────

[HORIZON] committed exported dashboard to the workspace ledger (9d6546e6df).
[HORIZON] ✓ exported static dashboard to dashboard/index.html
[HORIZON] GitHub Pages workflow already present at 
.github/workflows/horizon-dashboard-pages.yml; left untouched.
[HORIZON] › Push the workspace repo to your GitHub remote, then enable Pages 
(Settings → Pages → Source: GitHub Actions).
[HORIZON] If the deploy fails with "Branch main is not allowed to deploy to 
github-pages", clear the environment's branch rule: Settings → Environments → 
github-pages → Deployment branches and tags → allow main (or 'No restriction').
To https://github.com/AxelDlv00/LeanAlgebraicGeometry.git
   6186a4e..9d6546e  HEAD -> main
[2026-07-04T06:30:30Z] dashboard publish complete
[2026-07-04T07:00:00Z] starting dashboard publish

   ___           __               __ __         _             
  / _ | ________/ /  ___  ___    / // /__  ____(_)__ ___  ___ 
 / __ |/ __/ __/ _ \/ _ \/ _ \  / _  / _ \/ __/ /_ // _ \/ _ \
/_/ |_/_/  \__/_//_/\___/_//_/ /_//_/\___/_/ /_//__/\___/_//_/

 v0.1.0    https://github.com/frenzymath/Archon-Horizon  ───────────────────────

[HORIZON] committed exported dashboard to the workspace ledger (36c4fbeccf).
[HORIZON] ✓ exported static dashboard to dashboard/index.html
[HORIZON] GitHub Pages workflow already present at 
.github/workflows/horizon-dashboard-pages.yml; left untouched.
[HORIZON] › Push the workspace repo to your GitHub remote, then enable Pages 
(Settings → Pages → Source: GitHub Actions).
[HORIZON] If the deploy fails with "Branch main is not allowed to deploy to 
github-pages", clear the environment's branch rule: Settings → Environments → 
github-pages → Deployment branches and tags → allow main (or 'No restriction').
To https://github.com/AxelDlv00/LeanAlgebraicGeometry.git
   9d6546e..36c4fbe  HEAD -> main
[2026-07-04T07:00:31Z] dashboard publish complete
[2026-07-04T07:30:00Z] starting dashboard publish

   ___           __               __ __         _             
  / _ | ________/ /  ___  ___    / // /__  ____(_)__ ___  ___ 
 / __ |/ __/ __/ _ \/ _ \/ _ \  / _  / _ \/ __/ /_ // _ \/ _ \
/_/ |_/_/  \__/_//_/\___/_//_/ /_//_/\___/_/ /_//__/\___/_//_/

 v0.1.0    https://github.com/frenzymath/Archon-Horizon  ───────────────────────

[HORIZON] committed exported dashboard to the workspace ledger (604b0c84d9).
[HORIZON] ✓ exported static dashboard to dashboard/index.html
[HORIZON] GitHub Pages workflow already present at 
.github/workflows/horizon-dashboard-pages.yml; left untouched.
[HORIZON] › Push the workspace repo to your GitHub remote, then enable Pages 
(Settings → Pages → Source: GitHub Actions).
[HORIZON] If the deploy fails with "Branch main is not allowed to deploy to 
github-pages", clear the environment's branch rule: Settings → Environments → 
github-pages → Deployment branches and tags → allow main (or 'No restriction').
To https://github.com/AxelDlv00/LeanAlgebraicGeometry.git
   36c4fbe..604b0c8  HEAD -> main
[2026-07-04T07:30:39Z] dashboard publish complete
[2026-07-04T08:00:00Z] starting dashboard publish

   ___           __               __ __         _             
  / _ | ________/ /  ___  ___    / // /__  ____(_)__ ___  ___ 
 / __ |/ __/ __/ _ \/ _ \/ _ \  / _  / _ \/ __/ /_ // _ \/ _ \
/_/ |_/_/  \__/_//_/\___/_//_/ /_//_/\___/_/ /_//__/\___/_//_/

 v0.1.0    https://github.com/frenzymath/Archon-Horizon  ───────────────────────

[HORIZON] committed exported dashboard to the workspace ledger (149ee114c7).
[HORIZON] ✓ exported static dashboard to dashboard/index.html
[HORIZON] GitHub Pages workflow already present at 
.github/workflows/horizon-dashboard-pages.yml; left untouched.
[HORIZON] › Push the workspace repo to your GitHub remote, then enable Pages 
(Settings → Pages → Source: GitHub Actions).
[HORIZON] If the deploy fails with "Branch main is not allowed to deploy to 
github-pages", clear the environment's branch rule: Settings → Environments → 
github-pages → Deployment branches and tags → allow main (or 'No restriction').
To https://github.com/AxelDlv00/LeanAlgebraicGeometry.git
   604b0c8..149ee11  HEAD -> main
[2026-07-04T08:00:37Z] dashboard publish complete
[2026-07-04T08:30:00Z] starting dashboard publish

   ___           __               __ __         _             
  / _ | ________/ /  ___  ___    / // /__  ____(_)__ ___  ___ 
 / __ |/ __/ __/ _ \/ _ \/ _ \  / _  / _ \/ __/ /_ // _ \/ _ \
/_/ |_/_/  \__/_//_/\___/_//_/ /_//_/\___/_/ /_//__/\___/_//_/

 v0.1.0    https://github.com/frenzymath/Archon-Horizon  ───────────────────────

[HORIZON] committed exported dashboard to the workspace ledger (93bfd39aab).
[HORIZON] ✓ exported static dashboard to dashboard/index.html
[HORIZON] GitHub Pages workflow already present at 
.github/workflows/horizon-dashboard-pages.yml; left untouched.
[HORIZON] › Push the workspace repo to your GitHub remote, then enable Pages 
(Settings → Pages → Source: GitHub Actions).
[HORIZON] If the deploy fails with "Branch main is not allowed to deploy to 
github-pages", clear the environment's branch rule: Settings → Environments → 
github-pages → Deployment branches and tags → allow main (or 'No restriction').
To https://github.com/AxelDlv00/LeanAlgebraicGeometry.git
   149ee11..93bfd39  HEAD -> main
[2026-07-04T08:30:32Z] dashboard publish complete
[2026-07-04T09:00:00Z] starting dashboard publish

   ___           __               __ __         _             
  / _ | ________/ /  ___  ___    / // /__  ____(_)__ ___  ___ 
 / __ |/ __/ __/ _ \/ _ \/ _ \  / _  / _ \/ __/ /_ // _ \/ _ \
/_/ |_/_/  \__/_//_/\___/_//_/ /_//_/\___/_/ /_//__/\___/_//_/

 v0.1.0    https://github.com/frenzymath/Archon-Horizon  ───────────────────────

[HORIZON] committed exported dashboard to the workspace ledger (074b9c4d94).
[HORIZON] ✓ exported static dashboard to dashboard/index.html
[HORIZON] GitHub Pages workflow already present at 
.github/workflows/horizon-dashboard-pages.yml; left untouched.
[HORIZON] › Push the workspace repo to your GitHub remote, then enable Pages 
(Settings → Pages → Source: GitHub Actions).
[HORIZON] If the deploy fails with "Branch main is not allowed to deploy to 
github-pages", clear the environment's branch rule: Settings → Environments → 
github-pages → Deployment branches and tags → allow main (or 'No restriction').
To https://github.com/AxelDlv00/LeanAlgebraicGeometry.git
   93bfd39..074b9c4  HEAD -> main
[2026-07-04T09:00:36Z] dashboard publish complete
[2026-07-04T09:30:00Z] starting dashboard publish

   ___           __               __ __         _             
  / _ | ________/ /  ___  ___    / // /__  ____(_)__ ___  ___ 
 / __ |/ __/ __/ _ \/ _ \/ _ \  / _  / _ \/ __/ /_ // _ \/ _ \
/_/ |_/_/  \__/_//_/\___/_//_/ /_//_/\___/_/ /_//__/\___/_//_/

 v0.1.0    https://github.com/frenzymath/Archon-Horizon  ───────────────────────

[HORIZON] committed exported dashboard to the workspace ledger (fa26e50f89).
[HORIZON] ✓ exported static dashboard to dashboard/index.html
[HORIZON] GitHub Pages workflow already present at 
.github/workflows/horizon-dashboard-pages.yml; left untouched.
[HORIZON] › Push the workspace repo to your GitHub remote, then enable Pages 
(Settings → Pages → Source: GitHub Actions).
[HORIZON] If the deploy fails with "Branch main is not allowed to deploy to 
github-pages", clear the environment's branch rule: Settings → Environments → 
github-pages → Deployment branches and tags → allow main (or 'No restriction').
To https://github.com/AxelDlv00/LeanAlgebraicGeometry.git
   074b9c4d..fa26e50f  HEAD -> main
[2026-07-04T09:30:36Z] dashboard publish complete
[2026-07-04T10:00:01Z] starting dashboard publish

   ___           __               __ __         _             
  / _ | ________/ /  ___  ___    / // /__  ____(_)__ ___  ___ 
 / __ |/ __/ __/ _ \/ _ \/ _ \  / _  / _ \/ __/ /_ // _ \/ _ \
/_/ |_/_/  \__/_//_/\___/_//_/ /_//_/\___/_/ /_//__/\___/_//_/

 v0.1.0    https://github.com/frenzymath/Archon-Horizon  ───────────────────────

[HORIZON] committed exported dashboard to the workspace ledger (b05bb9a969).
[HORIZON] ✓ exported static dashboard to dashboard/index.html
[HORIZON] GitHub Pages workflow already present at 
.github/workflows/horizon-dashboard-pages.yml; left untouched.
[HORIZON] › Push the workspace repo to your GitHub remote, then enable Pages 
(Settings → Pages → Source: GitHub Actions).
[HORIZON] If the deploy fails with "Branch main is not allowed to deploy to 
github-pages", clear the environment's branch rule: Settings → Environments → 
github-pages → Deployment branches and tags → allow main (or 'No restriction').
To https://github.com/AxelDlv00/LeanAlgebraicGeometry.git
   fa26e50f..b05bb9a9  HEAD -> main
[2026-07-04T10:00:32Z] dashboard publish complete
[2026-07-04T10:30:00Z] starting dashboard publish

   ___           __               __ __         _             
  / _ | ________/ /  ___  ___    / // /__  ____(_)__ ___  ___ 
 / __ |/ __/ __/ _ \/ _ \/ _ \  / _  / _ \/ __/ /_ // _ \/ _ \
/_/ |_/_/  \__/_//_/\___/_//_/ /_//_/\___/_/ /_//__/\___/_//_/

 v0.1.0    https://github.com/frenzymath/Archon-Horizon  ───────────────────────

[HORIZON] committed exported dashboard to the workspace ledger (e577aae220).
[HORIZON] ✓ exported static dashboard to dashboard/index.html
[HORIZON] GitHub Pages workflow already present at 
.github/workflows/horizon-dashboard-pages.yml; left untouched.
[HORIZON] › Push the workspace repo to your GitHub remote, then enable Pages 
(Settings → Pages → Source: GitHub Actions).
[HORIZON] If the deploy fails with "Branch main is not allowed to deploy to 
github-pages", clear the environment's branch rule: Settings → Environments → 
github-pages → Deployment branches and tags → allow main (or 'No restriction').
To https://github.com/AxelDlv00/LeanAlgebraicGeometry.git
   b05bb9a9..e577aae2  HEAD -> main
[2026-07-04T10:30:35Z] dashboard publish complete
[2026-07-04T11:00:00Z] starting dashboard publish

   ___           __               __ __         _             
  / _ | ________/ /  ___  ___    / // /__  ____(_)__ ___  ___ 
 / __ |/ __/ __/ _ \/ _ \/ _ \  / _  / _ \/ __/ /_ // _ \/ _ \
/_/ |_/_/  \__/_//_/\___/_//_/ /_//_/\___/_/ /_//__/\___/_//_/

 v0.1.0    https://github.com/frenzymath/Archon-Horizon  ───────────────────────

[HORIZON] committed exported dashboard to the workspace ledger (84da24ae34).
[HORIZON] ✓ exported static dashboard to dashboard/index.html
[HORIZON] GitHub Pages workflow already present at 
.github/workflows/horizon-dashboard-pages.yml; left untouched.
[HORIZON] › Push the workspace repo to your GitHub remote, then enable Pages 
(Settings → Pages → Source: GitHub Actions).
[HORIZON] If the deploy fails with "Branch main is not allowed to deploy to 
github-pages", clear the environment's branch rule: Settings → Environments → 
github-pages → Deployment branches and tags → allow main (or 'No restriction').
To https://github.com/AxelDlv00/LeanAlgebraicGeometry.git
   e577aae2..84da24ae  HEAD -> main
[2026-07-04T11:00:32Z] dashboard publish complete
[2026-07-04T11:30:00Z] starting dashboard publish

   ___           __               __ __         _             
  / _ | ________/ /  ___  ___    / // /__  ____(_)__ ___  ___ 
 / __ |/ __/ __/ _ \/ _ \/ _ \  / _  / _ \/ __/ /_ // _ \/ _ \
/_/ |_/_/  \__/_//_/\___/_//_/ /_//_/\___/_/ /_//__/\___/_//_/

 v0.1.0    https://github.com/frenzymath/Archon-Horizon  ───────────────────────

[HORIZON] committed exported dashboard to the workspace ledger (4f2ef4d5dc).
[HORIZON] ✓ exported static dashboard to dashboard/index.html
[HORIZON] GitHub Pages workflow already present at 
.github/workflows/horizon-dashboard-pages.yml; left untouched.
[HORIZON] › Push the workspace repo to your GitHub remote, then enable Pages 
(Settings → Pages → Source: GitHub Actions).
[HORIZON] If the deploy fails with "Branch main is not allowed to deploy to 
github-pages", clear the environment's branch rule: Settings → Environments → 
github-pages → Deployment branches and tags → allow main (or 'No restriction').
To https://github.com/AxelDlv00/LeanAlgebraicGeometry.git
   84da24ae..4f2ef4d5  HEAD -> main
[2026-07-04T11:30:33Z] dashboard publish complete
[2026-07-04T12:00:00Z] starting dashboard publish

   ___           __               __ __         _             
  / _ | ________/ /  ___  ___    / // /__  ____(_)__ ___  ___ 
 / __ |/ __/ __/ _ \/ _ \/ _ \  / _  / _ \/ __/ /_ // _ \/ _ \
/_/ |_/_/  \__/_//_/\___/_//_/ /_//_/\___/_/ /_//__/\___/_//_/

 v0.1.0    https://github.com/frenzymath/Archon-Horizon  ───────────────────────

[HORIZON] committed exported dashboard to the workspace ledger (34f9b7a420).
[HORIZON] ✓ exported static dashboard to dashboard/index.html
[HORIZON] GitHub Pages workflow already present at 
.github/workflows/horizon-dashboard-pages.yml; left untouched.
[HORIZON] › Push the workspace repo to your GitHub remote, then enable Pages 
(Settings → Pages → Source: GitHub Actions).
[HORIZON] If the deploy fails with "Branch main is not allowed to deploy to 
github-pages", clear the environment's branch rule: Settings → Environments → 
github-pages → Deployment branches and tags → allow main (or 'No restriction').
To https://github.com/AxelDlv00/LeanAlgebraicGeometry.git
   4f2ef4d5..34f9b7a4  HEAD -> main
[2026-07-04T12:00:49Z] dashboard publish complete
[2026-07-04T12:30:00Z] starting dashboard publish

   ___           __               __ __         _             
  / _ | ________/ /  ___  ___    / // /__  ____(_)__ ___  ___ 
 / __ |/ __/ __/ _ \/ _ \/ _ \  / _  / _ \/ __/ /_ // _ \/ _ \
/_/ |_/_/  \__/_//_/\___/_//_/ /_//_/\___/_/ /_//__/\___/_//_/

 v0.1.0    https://github.com/frenzymath/Archon-Horizon  ───────────────────────

[HORIZON] committed exported dashboard to the workspace ledger (2f783b23e8).
[HORIZON] ✓ exported static dashboard to dashboard/index.html
[HORIZON] GitHub Pages workflow already present at 
.github/workflows/horizon-dashboard-pages.yml; left untouched.
[HORIZON] › Push the workspace repo to your GitHub remote, then enable Pages 
(Settings → Pages → Source: GitHub Actions).
[HORIZON] If the deploy fails with "Branch main is not allowed to deploy to 
github-pages", clear the environment's branch rule: Settings → Environments → 
github-pages → Deployment branches and tags → allow main (or 'No restriction').
To https://github.com/AxelDlv00/LeanAlgebraicGeometry.git
   34f9b7a4..2f783b23  HEAD -> main
[2026-07-04T12:30:50Z] dashboard publish complete
[2026-07-04T13:00:00Z] starting dashboard publish

   ___           __               __ __         _             
  / _ | ________/ /  ___  ___    / // /__  ____(_)__ ___  ___ 
 / __ |/ __/ __/ _ \/ _ \/ _ \  / _  / _ \/ __/ /_ // _ \/ _ \
/_/ |_/_/  \__/_//_/\___/_//_/ /_//_/\___/_/ /_//__/\___/_//_/

 v0.1.0    https://github.com/frenzymath/Archon-Horizon  ───────────────────────

[HORIZON] committed exported dashboard to the workspace ledger (8a4d6d1c5e).
[HORIZON] ✓ exported static dashboard to dashboard/index.html
[HORIZON] GitHub Pages workflow already present at 
.github/workflows/horizon-dashboard-pages.yml; left untouched.
[HORIZON] › Push the workspace repo to your GitHub remote, then enable Pages 
(Settings → Pages → Source: GitHub Actions).
[HORIZON] If the deploy fails with "Branch main is not allowed to deploy to 
github-pages", clear the environment's branch rule: Settings → Environments → 
github-pages → Deployment branches and tags → allow main (or 'No restriction').
To https://github.com/AxelDlv00/LeanAlgebraicGeometry.git
   2f783b23..8a4d6d1c  HEAD -> main
[2026-07-04T13:00:32Z] dashboard publish complete
[2026-07-04T13:30:00Z] starting dashboard publish

   ___           __               __ __         _             
  / _ | ________/ /  ___  ___    / // /__  ____(_)__ ___  ___ 
 / __ |/ __/ __/ _ \/ _ \/ _ \  / _  / _ \/ __/ /_ // _ \/ _ \
/_/ |_/_/  \__/_//_/\___/_//_/ /_//_/\___/_/ /_//__/\___/_//_/

 v0.1.0    https://github.com/frenzymath/Archon-Horizon  ───────────────────────

[HORIZON] committed exported dashboard to the workspace ledger (27f54e4b32).
[HORIZON] ✓ exported static dashboard to dashboard/index.html
[HORIZON] GitHub Pages workflow already present at 
.github/workflows/horizon-dashboard-pages.yml; left untouched.
[HORIZON] › Push the workspace repo to your GitHub remote, then enable Pages 
(Settings → Pages → Source: GitHub Actions).
[HORIZON] If the deploy fails with "Branch main is not allowed to deploy to 
github-pages", clear the environment's branch rule: Settings → Environments → 
github-pages → Deployment branches and tags → allow main (or 'No restriction').
To https://github.com/AxelDlv00/LeanAlgebraicGeometry.git
   8a4d6d1c..27f54e4b  HEAD -> main
[2026-07-04T13:30:38Z] dashboard publish complete
[2026-07-04T14:00:00Z] starting dashboard publish

   ___           __               __ __         _             
  / _ | ________/ /  ___  ___    / // /__  ____(_)__ ___  ___ 
 / __ |/ __/ __/ _ \/ _ \/ _ \  / _  / _ \/ __/ /_ // _ \/ _ \
/_/ |_/_/  \__/_//_/\___/_//_/ /_//_/\___/_/ /_//__/\___/_//_/

 v0.1.0    https://github.com/frenzymath/Archon-Horizon  ───────────────────────

[HORIZON] committed exported dashboard to the workspace ledger (2d56ca4ab5).
[HORIZON] ✓ exported static dashboard to dashboard/index.html
[HORIZON] GitHub Pages workflow already present at 
.github/workflows/horizon-dashboard-pages.yml; left untouched.
[HORIZON] › Push the workspace repo to your GitHub remote, then enable Pages 
(Settings → Pages → Source: GitHub Actions).
[HORIZON] If the deploy fails with "Branch main is not allowed to deploy to 
github-pages", clear the environment's branch rule: Settings → Environments → 
github-pages → Deployment branches and tags → allow main (or 'No restriction').
To https://github.com/AxelDlv00/LeanAlgebraicGeometry.git
   27f54e4b..2d56ca4a  HEAD -> main
[2026-07-04T14:00:33Z] dashboard publish complete
[2026-07-04T14:30:00Z] starting dashboard publish

   ___           __               __ __         _             
  / _ | ________/ /  ___  ___    / // /__  ____(_)__ ___  ___ 
 / __ |/ __/ __/ _ \/ _ \/ _ \  / _  / _ \/ __/ /_ // _ \/ _ \
/_/ |_/_/  \__/_//_/\___/_//_/ /_//_/\___/_/ /_//__/\___/_//_/

 v0.1.0    https://github.com/frenzymath/Archon-Horizon  ───────────────────────

[HORIZON] committed exported dashboard to the workspace ledger (3b206f3788).
[HORIZON] ✓ exported static dashboard to dashboard/index.html
[HORIZON] GitHub Pages workflow already present at 
.github/workflows/horizon-dashboard-pages.yml; left untouched.
[HORIZON] › Push the workspace repo to your GitHub remote, then enable Pages 
(Settings → Pages → Source: GitHub Actions).
[HORIZON] If the deploy fails with "Branch main is not allowed to deploy to 
github-pages", clear the environment's branch rule: Settings → Environments → 
github-pages → Deployment branches and tags → allow main (or 'No restriction').
To https://github.com/AxelDlv00/LeanAlgebraicGeometry.git
   2d56ca4a..3b206f37  HEAD -> main
[2026-07-04T14:30:32Z] dashboard publish complete
[2026-07-04T14:59:34Z] starting dashboard publish

   ___           __               __ __         _             
  / _ | ________/ /  ___  ___    / // /__  ____(_)__ ___  ___ 
 / __ |/ __/ __/ _ \/ _ \/ _ \  / _  / _ \/ __/ /_ // _ \/ _ \
/_/ |_/_/  \__/_//_/\___/_//_/ /_//_/\___/_/ /_//__/\___/_//_/

 v0.1.0    https://github.com/frenzymath/Archon-Horizon  ───────────────────────

[2026-07-04T15:00:00Z] starting dashboard publish
[2026-07-04T15:00:00Z] previous dashboard publish is still running; skipping
[HORIZON] committed exported dashboard to the workspace ledger (b158773319).
[HORIZON] ✓ exported static dashboard to dashboard/index.html
[HORIZON] GitHub Pages workflow already present at 
.github/workflows/horizon-dashboard-pages.yml; left untouched.
[HORIZON] › Push the workspace repo to your GitHub remote, then enable Pages 
(Settings → Pages → Source: GitHub Actions).
[HORIZON] If the deploy fails with "Branch main is not allowed to deploy to 
github-pages", clear the environment's branch rule: Settings → Environments → 
github-pages → Deployment branches and tags → allow main (or 'No restriction').
To https://github.com/AxelDlv00/LeanAlgebraicGeometry.git
   3b206f37..b1587733  HEAD -> main
[2026-07-04T15:00:10Z] dashboard publish complete
[2026-07-04T15:17:32Z] starting dashboard publish

   ___           __               __ __         _             
  / _ | ________/ /  ___  ___    / // /__  ____(_)__ ___  ___ 
 / __ |/ __/ __/ _ \/ _ \/ _ \  / _  / _ \/ __/ /_ // _ \/ _ \
/_/ |_/_/  \__/_//_/\___/_//_/ /_//_/\___/_/ /_//__/\___/_//_/

 v0.1.0    https://github.com/frenzymath/Archon-Horizon  ───────────────────────

[HORIZON] committed exported dashboard to the workspace ledger (d52a2f6418).
[HORIZON] ✓ exported static dashboard to dashboard/index.html
[HORIZON] GitHub Pages workflow already present at 
.github/workflows/horizon-dashboard-pages.yml; left untouched.
[HORIZON] › Push the workspace repo to your GitHub remote, then enable Pages 
(Settings → Pages → Source: GitHub Actions).
[HORIZON] If the deploy fails with "Branch main is not allowed to deploy to 
github-pages", clear the environment's branch rule: Settings → Environments → 
github-pages → Deployment branches and tags → allow main (or 'No restriction').
To https://github.com/AxelDlv00/LeanAlgebraicGeometry.git
   b1587733..d52a2f64  HEAD -> main
[2026-07-04T15:18:06Z] dashboard publish complete
[2026-07-04T15:26:18Z] starting dashboard publish

   ___           __               __ __         _             
  / _ | ________/ /  ___  ___    / // /__  ____(_)__ ___  ___ 
 / __ |/ __/ __/ _ \/ _ \/ _ \  / _  / _ \/ __/ /_ // _ \/ _ \
/_/ |_/_/  \__/_//_/\___/_//_/ /_//_/\___/_/ /_//__/\___/_//_/

 v0.1.0    https://github.com/frenzymath/Archon-Horizon  ───────────────────────

[HORIZON] committed exported dashboard to the workspace ledger (1dcfc09d8a).
[HORIZON] ✓ exported static dashboard to dashboard/index.html
[HORIZON] GitHub Pages workflow already present at 
.github/workflows/horizon-dashboard-pages.yml; left untouched.
[HORIZON] › Push the workspace repo to your GitHub remote, then enable Pages 
(Settings → Pages → Source: GitHub Actions).
[HORIZON] If the deploy fails with "Branch main is not allowed to deploy to 
github-pages", clear the environment's branch rule: Settings → Environments → 
github-pages → Deployment branches and tags → allow main (or 'No restriction').
To https://github.com/AxelDlv00/LeanAlgebraicGeometry-Horizon.git
   f3fe2e94..1dcfc09d  HEAD -> main
[2026-07-04T15:26:58Z] dashboard publish complete
[2026-07-04T15:29:21Z] starting dashboard publish

   ___           __               __ __         _             
  / _ | ________/ /  ___  ___    / // /__  ____(_)__ ___  ___ 
 / __ |/ __/ __/ _ \/ _ \/ _ \  / _  / _ \/ __/ /_ // _ \/ _ \
/_/ |_/_/  \__/_//_/\___/_//_/ /_//_/\___/_/ /_//__/\___/_//_/

 v0.1.0    https://github.com/frenzymath/Archon-Horizon  ───────────────────────

[HORIZON] committed exported dashboard to the workspace ledger (2cbf751893).
[HORIZON] ✓ exported static dashboard to dashboard/index.html
[HORIZON] GitHub Pages workflow already present at 
.github/workflows/horizon-dashboard-pages.yml; left untouched.
[HORIZON] › Push the workspace repo to your GitHub remote, then enable Pages 
(Settings → Pages → Source: GitHub Actions).
[HORIZON] If the deploy fails with "Branch main is not allowed to deploy to 
github-pages", clear the environment's branch rule: Settings → Environments → 
github-pages → Deployment branches and tags → allow main (or 'No restriction').
To https://github.com/AxelDlv00/LeanAlgebraicGeometry.git
   d52a2f64..2cbf7518  HEAD -> main
[2026-07-04T15:29:54Z] dashboard publish complete
[2026-07-04T15:30:00Z] starting dashboard publish

   ___           __               __ __         _             
  / _ | ________/ /  ___  ___    / // /__  ____(_)__ ___  ___ 
 / __ |/ __/ __/ _ \/ _ \/ _ \  / _  / _ \/ __/ /_ // _ \/ _ \
/_/ |_/_/  \__/_//_/\___/_//_/ /_//_/\___/_/ /_//__/\___/_//_/

 v0.1.0    https://github.com/frenzymath/Archon-Horizon  ───────────────────────

[HORIZON] committed exported dashboard to the workspace ledger (80125ddfc9).
[HORIZON] ✓ exported static dashboard to dashboard/index.html
[HORIZON] GitHub Pages workflow already present at 
.github/workflows/horizon-dashboard-pages.yml; left untouched.
[HORIZON] › Push the workspace repo to your GitHub remote, then enable Pages 
(Settings → Pages → Source: GitHub Actions).
[HORIZON] If the deploy fails with "Branch main is not allowed to deploy to 
github-pages", clear the environment's branch rule: Settings → Environments → 
github-pages → Deployment branches and tags → allow main (or 'No restriction').
To https://github.com/AxelDlv00/LeanAlgebraicGeometry.git
   2cbf7518..80125ddf  HEAD -> main
[2026-07-04T15:30:32Z] dashboard publish complete
[2026-07-04T16:00:00Z] starting dashboard publish

   ___           __               __ __         _             
  / _ | ________/ /  ___  ___    / // /__  ____(_)__ ___  ___ 
 / __ |/ __/ __/ _ \/ _ \/ _ \  / _  / _ \/ __/ /_ // _ \/ _ \
/_/ |_/_/  \__/_//_/\___/_//_/ /_//_/\___/_/ /_//__/\___/_//_/

 v0.1.0    https://github.com/frenzymath/Archon-Horizon  ───────────────────────

[HORIZON] committed exported dashboard to the workspace ledger (ecd8bbc718).
[HORIZON] ✓ exported static dashboard to dashboard/index.html
[HORIZON] GitHub Pages workflow already present at 
.github/workflows/horizon-dashboard-pages.yml; left untouched.
[HORIZON] › Push the workspace repo to your GitHub remote, then enable Pages 
(Settings → Pages → Source: GitHub Actions).
[HORIZON] If the deploy fails with "Branch main is not allowed to deploy to 
github-pages", clear the environment's branch rule: Settings → Environments → 
github-pages → Deployment branches and tags → allow main (or 'No restriction').
To https://github.com/AxelDlv00/LeanAlgebraicGeometry.git
   80125ddf..ecd8bbc7  HEAD -> main
[2026-07-04T16:00:34Z] dashboard publish complete
[2026-07-04T16:30:00Z] starting dashboard publish

   ___           __               __ __         _             
  / _ | ________/ /  ___  ___    / // /__  ____(_)__ ___  ___ 
 / __ |/ __/ __/ _ \/ _ \/ _ \  / _  / _ \/ __/ /_ // _ \/ _ \
/_/ |_/_/  \__/_//_/\___/_//_/ /_//_/\___/_/ /_//__/\___/_//_/

 v0.1.0    https://github.com/frenzymath/Archon-Horizon  ───────────────────────

[HORIZON] committed exported dashboard to the workspace ledger (de31129a0a).
[HORIZON] ✓ exported static dashboard to dashboard/index.html
[HORIZON] GitHub Pages workflow already present at 
.github/workflows/horizon-dashboard-pages.yml; left untouched.
[HORIZON] › Push the workspace repo to your GitHub remote, then enable Pages 
(Settings → Pages → Source: GitHub Actions).
[HORIZON] If the deploy fails with "Branch main is not allowed to deploy to 
github-pages", clear the environment's branch rule: Settings → Environments → 
github-pages → Deployment branches and tags → allow main (or 'No restriction').
To https://github.com/AxelDlv00/LeanAlgebraicGeometry.git
   ecd8bbc7..de31129a  HEAD -> main
[2026-07-04T16:30:34Z] dashboard publish complete
[2026-07-04T17:00:01Z] starting dashboard publish

   ___           __               __ __         _             
  / _ | ________/ /  ___  ___    / // /__  ____(_)__ ___  ___ 
 / __ |/ __/ __/ _ \/ _ \/ _ \  / _  / _ \/ __/ /_ // _ \/ _ \
/_/ |_/_/  \__/_//_/\___/_//_/ /_//_/\___/_/ /_//__/\___/_//_/

 v0.1.0    https://github.com/frenzymath/Archon-Horizon  ───────────────────────

[HORIZON] committed exported dashboard to the workspace ledger (e407286bd3).
[HORIZON] ✓ exported static dashboard to dashboard/index.html
[HORIZON] GitHub Pages workflow already present at 
.github/workflows/horizon-dashboard-pages.yml; left untouched.
[HORIZON] › Push the workspace repo to your GitHub remote, then enable Pages 
(Settings → Pages → Source: GitHub Actions).
[HORIZON] If the deploy fails with "Branch main is not allowed to deploy to 
github-pages", clear the environment's branch rule: Settings → Environments → 
github-pages → Deployment branches and tags → allow main (or 'No restriction').
To https://github.com/AxelDlv00/LeanAlgebraicGeometry.git
   de31129a..e407286b  HEAD -> main
[2026-07-04T17:00:39Z] dashboard publish complete
[2026-07-04T17:30:00Z] starting dashboard publish

   ___           __               __ __         _             
  / _ | ________/ /  ___  ___    / // /__  ____(_)__ ___  ___ 
 / __ |/ __/ __/ _ \/ _ \/ _ \  / _  / _ \/ __/ /_ // _ \/ _ \
/_/ |_/_/  \__/_//_/\___/_//_/ /_//_/\___/_/ /_//__/\___/_//_/

 v0.1.0    https://github.com/frenzymath/Archon-Horizon  ───────────────────────

[HORIZON] committed exported dashboard to the workspace ledger (8811ffd803).
[HORIZON] ✓ exported static dashboard to dashboard/index.html
[HORIZON] GitHub Pages workflow already present at 
.github/workflows/horizon-dashboard-pages.yml; left untouched.
[HORIZON] › Push the workspace repo to your GitHub remote, then enable Pages 
(Settings → Pages → Source: GitHub Actions).
[HORIZON] If the deploy fails with "Branch main is not allowed to deploy to 
github-pages", clear the environment's branch rule: Settings → Environments → 
github-pages → Deployment branches and tags → allow main (or 'No restriction').
To https://github.com/AxelDlv00/LeanAlgebraicGeometry.git
   e407286b..8811ffd8  HEAD -> main
[2026-07-04T17:30:33Z] dashboard publish complete
[2026-07-04T18:00:00Z] starting dashboard publish

   ___           __               __ __         _             
  / _ | ________/ /  ___  ___    / // /__  ____(_)__ ___  ___ 
 / __ |/ __/ __/ _ \/ _ \/ _ \  / _  / _ \/ __/ /_ // _ \/ _ \
/_/ |_/_/  \__/_//_/\___/_//_/ /_//_/\___/_/ /_//__/\___/_//_/

 v0.1.0    https://github.com/frenzymath/Archon-Horizon  ───────────────────────

[HORIZON] committed exported dashboard to the workspace ledger (5e4712f90b).
[HORIZON] ✓ exported static dashboard to dashboard/index.html
[HORIZON] GitHub Pages workflow already present at 
.github/workflows/horizon-dashboard-pages.yml; left untouched.
[HORIZON] › Push the workspace repo to your GitHub remote, then enable Pages 
(Settings → Pages → Source: GitHub Actions).
[HORIZON] If the deploy fails with "Branch main is not allowed to deploy to 
github-pages", clear the environment's branch rule: Settings → Environments → 
github-pages → Deployment branches and tags → allow main (or 'No restriction').
To https://github.com/AxelDlv00/LeanAlgebraicGeometry.git
   8811ffd8..5e4712f9  HEAD -> main
[2026-07-04T18:00:35Z] dashboard publish complete
[2026-07-04T18:30:00Z] starting dashboard publish

   ___           __               __ __         _             
  / _ | ________/ /  ___  ___    / // /__  ____(_)__ ___  ___ 
 / __ |/ __/ __/ _ \/ _ \/ _ \  / _  / _ \/ __/ /_ // _ \/ _ \
/_/ |_/_/  \__/_//_/\___/_//_/ /_//_/\___/_/ /_//__/\___/_//_/

 v0.1.0    https://github.com/frenzymath/Archon-Horizon  ───────────────────────

[HORIZON] committed exported dashboard to the workspace ledger (dc473b96e6).
[HORIZON] ✓ exported static dashboard to dashboard/index.html
[HORIZON] GitHub Pages workflow already present at 
.github/workflows/horizon-dashboard-pages.yml; left untouched.
[HORIZON] › Push the workspace repo to your GitHub remote, then enable Pages 
(Settings → Pages → Source: GitHub Actions).
[HORIZON] If the deploy fails with "Branch main is not allowed to deploy to 
github-pages", clear the environment's branch rule: Settings → Environments → 
github-pages → Deployment branches and tags → allow main (or 'No restriction').
To https://github.com/AxelDlv00/LeanAlgebraicGeometry.git
   5e4712f9..dc473b96  HEAD -> main
[2026-07-04T18:30:40Z] dashboard publish complete
[2026-07-04T19:00:00Z] starting dashboard publish

   ___           __               __ __         _             
  / _ | ________/ /  ___  ___    / // /__  ____(_)__ ___  ___ 
 / __ |/ __/ __/ _ \/ _ \/ _ \  / _  / _ \/ __/ /_ // _ \/ _ \
/_/ |_/_/  \__/_//_/\___/_//_/ /_//_/\___/_/ /_//__/\___/_//_/

 v0.1.0    https://github.com/frenzymath/Archon-Horizon  ───────────────────────

[HORIZON] committed exported dashboard to the workspace ledger (a9e6f1ca65).
[HORIZON] ✓ exported static dashboard to dashboard/index.html
[HORIZON] GitHub Pages workflow already present at 
.github/workflows/horizon-dashboard-pages.yml; left untouched.
[HORIZON] › Push the workspace repo to your GitHub remote, then enable Pages 
(Settings → Pages → Source: GitHub Actions).
[HORIZON] If the deploy fails with "Branch main is not allowed to deploy to 
github-pages", clear the environment's branch rule: Settings → Environments → 
github-pages → Deployment branches and tags → allow main (or 'No restriction').
To https://github.com/AxelDlv00/LeanAlgebraicGeometry.git
   dc473b96..a9e6f1ca  HEAD -> main
[2026-07-04T19:00:35Z] dashboard publish complete
[2026-07-04T19:30:00Z] starting dashboard publish

   ___           __               __ __         _             
  / _ | ________/ /  ___  ___    / // /__  ____(_)__ ___  ___ 
 / __ |/ __/ __/ _ \/ _ \/ _ \  / _  / _ \/ __/ /_ // _ \/ _ \
/_/ |_/_/  \__/_//_/\___/_//_/ /_//_/\___/_/ /_//__/\___/_//_/

 v0.1.0    https://github.com/frenzymath/Archon-Horizon  ───────────────────────

[HORIZON] committed exported dashboard to the workspace ledger (3974284b0b).
[HORIZON] ✓ exported static dashboard to dashboard/index.html
[HORIZON] GitHub Pages workflow already present at 
.github/workflows/horizon-dashboard-pages.yml; left untouched.
[HORIZON] › Push the workspace repo to your GitHub remote, then enable Pages 
(Settings → Pages → Source: GitHub Actions).
[HORIZON] If the deploy fails with "Branch main is not allowed to deploy to 
github-pages", clear the environment's branch rule: Settings → Environments → 
github-pages → Deployment branches and tags → allow main (or 'No restriction').
To https://github.com/AxelDlv00/LeanAlgebraicGeometry.git
   a9e6f1ca..3974284b  HEAD -> main
[2026-07-04T19:30:36Z] dashboard publish complete
[2026-07-04T20:00:00Z] starting dashboard publish

   ___           __               __ __         _             
  / _ | ________/ /  ___  ___    / // /__  ____(_)__ ___  ___ 
 / __ |/ __/ __/ _ \/ _ \/ _ \  / _  / _ \/ __/ /_ // _ \/ _ \
/_/ |_/_/  \__/_//_/\___/_//_/ /_//_/\___/_/ /_//__/\___/_//_/

 v0.1.0    https://github.com/frenzymath/Archon-Horizon  ───────────────────────

[HORIZON] committed exported dashboard to the workspace ledger (6f39c12adf).
[HORIZON] ✓ exported static dashboard to dashboard/index.html
[HORIZON] GitHub Pages workflow already present at 
.github/workflows/horizon-dashboard-pages.yml; left untouched.
[HORIZON] › Push the workspace repo to your GitHub remote, then enable Pages 
(Settings → Pages → Source: GitHub Actions).
[HORIZON] If the deploy fails with "Branch main is not allowed to deploy to 
github-pages", clear the environment's branch rule: Settings → Environments → 
github-pages → Deployment branches and tags → allow main (or 'No restriction').
To https://github.com/AxelDlv00/LeanAlgebraicGeometry.git
   3974284b..6f39c12a  HEAD -> main
[2026-07-04T20:00:35Z] dashboard publish complete
[2026-07-04T20:30:00Z] starting dashboard publish

   ___           __               __ __         _             
  / _ | ________/ /  ___  ___    / // /__  ____(_)__ ___  ___ 
 / __ |/ __/ __/ _ \/ _ \/ _ \  / _  / _ \/ __/ /_ // _ \/ _ \
/_/ |_/_/  \__/_//_/\___/_//_/ /_//_/\___/_/ /_//__/\___/_//_/

 v0.1.0    https://github.com/frenzymath/Archon-Horizon  ───────────────────────

[HORIZON] committed exported dashboard to the workspace ledger (44e98b9f48).
[HORIZON] ✓ exported static dashboard to dashboard/index.html
[HORIZON] GitHub Pages workflow already present at 
.github/workflows/horizon-dashboard-pages.yml; left untouched.
[HORIZON] › Push the workspace repo to your GitHub remote, then enable Pages 
(Settings → Pages → Source: GitHub Actions).
[HORIZON] If the deploy fails with "Branch main is not allowed to deploy to 
github-pages", clear the environment's branch rule: Settings → Environments → 
github-pages → Deployment branches and tags → allow main (or 'No restriction').
To https://github.com/AxelDlv00/LeanAlgebraicGeometry.git
   6f39c12a..44e98b9f  HEAD -> main
[2026-07-04T20:30:34Z] dashboard publish complete
[2026-07-04T21:00:00Z] starting dashboard publish

   ___           __               __ __         _             
  / _ | ________/ /  ___  ___    / // /__  ____(_)__ ___  ___ 
 / __ |/ __/ __/ _ \/ _ \/ _ \  / _  / _ \/ __/ /_ // _ \/ _ \
/_/ |_/_/  \__/_//_/\___/_//_/ /_//_/\___/_/ /_//__/\___/_//_/

 v0.1.0    https://github.com/frenzymath/Archon-Horizon  ───────────────────────

[HORIZON] committed exported dashboard to the workspace ledger (9cbc4657ae).
[HORIZON] ✓ exported static dashboard to dashboard/index.html
[HORIZON] GitHub Pages workflow already present at 
.github/workflows/horizon-dashboard-pages.yml; left untouched.
[HORIZON] › Push the workspace repo to your GitHub remote, then enable Pages 
(Settings → Pages → Source: GitHub Actions).
[HORIZON] If the deploy fails with "Branch main is not allowed to deploy to 
github-pages", clear the environment's branch rule: Settings → Environments → 
github-pages → Deployment branches and tags → allow main (or 'No restriction').
To https://github.com/AxelDlv00/LeanAlgebraicGeometry.git
   44e98b9f..9cbc4657  HEAD -> main
[2026-07-04T21:00:35Z] dashboard publish complete
[2026-07-04T21:30:00Z] starting dashboard publish

   ___           __               __ __         _             
  / _ | ________/ /  ___  ___    / // /__  ____(_)__ ___  ___ 
 / __ |/ __/ __/ _ \/ _ \/ _ \  / _  / _ \/ __/ /_ // _ \/ _ \
/_/ |_/_/  \__/_//_/\___/_//_/ /_//_/\___/_/ /_//__/\___/_//_/

 v0.1.0    https://github.com/frenzymath/Archon-Horizon  ───────────────────────

[HORIZON] committed exported dashboard to the workspace ledger (857e770d89).
[HORIZON] ✓ exported static dashboard to dashboard/index.html
[HORIZON] GitHub Pages workflow already present at 
.github/workflows/horizon-dashboard-pages.yml; left untouched.
[HORIZON] › Push the workspace repo to your GitHub remote, then enable Pages 
(Settings → Pages → Source: GitHub Actions).
[HORIZON] If the deploy fails with "Branch main is not allowed to deploy to 
github-pages", clear the environment's branch rule: Settings → Environments → 
github-pages → Deployment branches and tags → allow main (or 'No restriction').
To https://github.com/AxelDlv00/LeanAlgebraicGeometry.git
   9cbc4657..857e770d  HEAD -> main
[2026-07-04T21:30:34Z] dashboard publish complete
[2026-07-04T22:00:00Z] starting dashboard publish

   ___           __               __ __         _             
  / _ | ________/ /  ___  ___    / // /__  ____(_)__ ___  ___ 
 / __ |/ __/ __/ _ \/ _ \/ _ \  / _  / _ \/ __/ /_ // _ \/ _ \
/_/ |_/_/  \__/_//_/\___/_//_/ /_//_/\___/_/ /_//__/\___/_//_/

 v0.1.0    https://github.com/frenzymath/Archon-Horizon  ───────────────────────

[HORIZON] committed exported dashboard to the workspace ledger (c093eda766).
[HORIZON] ✓ exported static dashboard to dashboard/index.html
[HORIZON] GitHub Pages workflow already present at 
.github/workflows/horizon-dashboard-pages.yml; left untouched.
[HORIZON] › Push the workspace repo to your GitHub remote, then enable Pages 
(Settings → Pages → Source: GitHub Actions).
[HORIZON] If the deploy fails with "Branch main is not allowed to deploy to 
github-pages", clear the environment's branch rule: Settings → Environments → 
github-pages → Deployment branches and tags → allow main (or 'No restriction').
To https://github.com/AxelDlv00/LeanAlgebraicGeometry.git
   857e770d..c093eda7  HEAD -> main
[2026-07-04T22:00:34Z] dashboard publish complete
[2026-07-04T22:30:00Z] starting dashboard publish

   ___           __               __ __         _             
  / _ | ________/ /  ___  ___    / // /__  ____(_)__ ___  ___ 
 / __ |/ __/ __/ _ \/ _ \/ _ \  / _  / _ \/ __/ /_ // _ \/ _ \
/_/ |_/_/  \__/_//_/\___/_//_/ /_//_/\___/_/ /_//__/\___/_//_/

 v0.1.0    https://github.com/frenzymath/Archon-Horizon  ───────────────────────

[HORIZON] committed exported dashboard to the workspace ledger (8bd9aa4046).
[HORIZON] ✓ exported static dashboard to dashboard/index.html
[HORIZON] GitHub Pages workflow already present at 
.github/workflows/horizon-dashboard-pages.yml; left untouched.
[HORIZON] › Push the workspace repo to your GitHub remote, then enable Pages 
(Settings → Pages → Source: GitHub Actions).
[HORIZON] If the deploy fails with "Branch main is not allowed to deploy to 
github-pages", clear the environment's branch rule: Settings → Environments → 
github-pages → Deployment branches and tags → allow main (or 'No restriction').
To https://github.com/AxelDlv00/LeanAlgebraicGeometry.git
   c093eda7..8bd9aa40  HEAD -> main
[2026-07-04T22:30:35Z] dashboard publish complete
[2026-07-04T23:00:00Z] starting dashboard publish

   ___           __               __ __         _             
  / _ | ________/ /  ___  ___    / // /__  ____(_)__ ___  ___ 
 / __ |/ __/ __/ _ \/ _ \/ _ \  / _  / _ \/ __/ /_ // _ \/ _ \
/_/ |_/_/  \__/_//_/\___/_//_/ /_//_/\___/_/ /_//__/\___/_//_/

 v0.1.0    https://github.com/frenzymath/Archon-Horizon  ───────────────────────

[HORIZON] committed exported dashboard to the workspace ledger (d4924e1e63).
[HORIZON] ✓ exported static dashboard to dashboard/index.html
[HORIZON] GitHub Pages workflow already present at 
.github/workflows/horizon-dashboard-pages.yml; left untouched.
[HORIZON] › Push the workspace repo to your GitHub remote, then enable Pages 
(Settings → Pages → Source: GitHub Actions).
[HORIZON] If the deploy fails with "Branch main is not allowed to deploy to 
github-pages", clear the environment's branch rule: Settings → Environments → 
github-pages → Deployment branches and tags → allow main (or 'No restriction').
To https://github.com/AxelDlv00/LeanAlgebraicGeometry.git
   8bd9aa40..d4924e1e  HEAD -> main
[2026-07-04T23:00:34Z] dashboard publish complete
[2026-07-04T23:30:00Z] starting dashboard publish

   ___           __               __ __         _             
  / _ | ________/ /  ___  ___    / // /__  ____(_)__ ___  ___ 
 / __ |/ __/ __/ _ \/ _ \/ _ \  / _  / _ \/ __/ /_ // _ \/ _ \
/_/ |_/_/  \__/_//_/\___/_//_/ /_//_/\___/_/ /_//__/\___/_//_/

 v0.1.0    https://github.com/frenzymath/Archon-Horizon  ───────────────────────

[HORIZON] committed exported dashboard to the workspace ledger (58077f71ed).
[HORIZON] ✓ exported static dashboard to dashboard/index.html
[HORIZON] GitHub Pages workflow already present at 
.github/workflows/horizon-dashboard-pages.yml; left untouched.
[HORIZON] › Push the workspace repo to your GitHub remote, then enable Pages 
(Settings → Pages → Source: GitHub Actions).
[HORIZON] If the deploy fails with "Branch main is not allowed to deploy to 
github-pages", clear the environment's branch rule: Settings → Environments → 
github-pages → Deployment branches and tags → allow main (or 'No restriction').
To https://github.com/AxelDlv00/LeanAlgebraicGeometry.git
   d4924e1e..58077f71  HEAD -> main
[2026-07-04T23:30:35Z] dashboard publish complete
[2026-07-05T00:00:00Z] starting dashboard publish

   ___           __               __ __         _             
  / _ | ________/ /  ___  ___    / // /__  ____(_)__ ___  ___ 
 / __ |/ __/ __/ _ \/ _ \/ _ \  / _  / _ \/ __/ /_ // _ \/ _ \
/_/ |_/_/  \__/_//_/\___/_//_/ /_//_/\___/_/ /_//__/\___/_//_/

 v0.1.0    https://github.com/frenzymath/Archon-Horizon  ───────────────────────

[HORIZON] committed exported dashboard to the workspace ledger (efe1dc1346).
[HORIZON] ✓ exported static dashboard to dashboard/index.html
[HORIZON] GitHub Pages workflow already present at 
.github/workflows/horizon-dashboard-pages.yml; left untouched.
[HORIZON] › Push the workspace repo to your GitHub remote, then enable Pages 
(Settings → Pages → Source: GitHub Actions).
[HORIZON] If the deploy fails with "Branch main is not allowed to deploy to 
github-pages", clear the environment's branch rule: Settings → Environments → 
github-pages → Deployment branches and tags → allow main (or 'No restriction').
To https://github.com/AxelDlv00/LeanAlgebraicGeometry.git
   58077f71..efe1dc13  HEAD -> main
[2026-07-05T00:00:34Z] dashboard publish complete
[2026-07-05T00:30:00Z] starting dashboard publish

   ___           __               __ __         _             
  / _ | ________/ /  ___  ___    / // /__  ____(_)__ ___  ___ 
 / __ |/ __/ __/ _ \/ _ \/ _ \  / _  / _ \/ __/ /_ // _ \/ _ \
/_/ |_/_/  \__/_//_/\___/_//_/ /_//_/\___/_/ /_//__/\___/_//_/

 v0.1.0    https://github.com/frenzymath/Archon-Horizon  ───────────────────────

[HORIZON] committed exported dashboard to the workspace ledger (3086bd2fd5).
[HORIZON] ✓ exported static dashboard to dashboard/index.html
[HORIZON] GitHub Pages workflow already present at 
.github/workflows/horizon-dashboard-pages.yml; left untouched.
[HORIZON] › Push the workspace repo to your GitHub remote, then enable Pages 
(Settings → Pages → Source: GitHub Actions).
[HORIZON] If the deploy fails with "Branch main is not allowed to deploy to 
github-pages", clear the environment's branch rule: Settings → Environments → 
github-pages → Deployment branches and tags → allow main (or 'No restriction').
To https://github.com/AxelDlv00/LeanAlgebraicGeometry.git
   efe1dc13..3086bd2f  HEAD -> main
[2026-07-05T00:30:35Z] dashboard publish complete
[2026-07-05T01:00:00Z] starting dashboard publish

   ___           __               __ __         _             
  / _ | ________/ /  ___  ___    / // /__  ____(_)__ ___  ___ 
 / __ |/ __/ __/ _ \/ _ \/ _ \  / _  / _ \/ __/ /_ // _ \/ _ \
/_/ |_/_/  \__/_//_/\___/_//_/ /_//_/\___/_/ /_//__/\___/_//_/

 v0.1.0    https://github.com/frenzymath/Archon-Horizon  ───────────────────────

[HORIZON] committed exported dashboard to the workspace ledger (04dc147bef).
[HORIZON] ✓ exported static dashboard to dashboard/index.html
[HORIZON] GitHub Pages workflow already present at 
.github/workflows/horizon-dashboard-pages.yml; left untouched.
[HORIZON] › Push the workspace repo to your GitHub remote, then enable Pages 
(Settings → Pages → Source: GitHub Actions).
[HORIZON] If the deploy fails with "Branch main is not allowed to deploy to 
github-pages", clear the environment's branch rule: Settings → Environments → 
github-pages → Deployment branches and tags → allow main (or 'No restriction').
To https://github.com/AxelDlv00/LeanAlgebraicGeometry.git
   3086bd2f..04dc147b  HEAD -> main
[2026-07-05T01:00:34Z] dashboard publish complete
[2026-07-05T01:30:00Z] starting dashboard publish

   ___           __               __ __         _             
  / _ | ________/ /  ___  ___    / // /__  ____(_)__ ___  ___ 
 / __ |/ __/ __/ _ \/ _ \/ _ \  / _  / _ \/ __/ /_ // _ \/ _ \
/_/ |_/_/  \__/_//_/\___/_//_/ /_//_/\___/_/ /_//__/\___/_//_/

 v0.1.0    https://github.com/frenzymath/Archon-Horizon  ───────────────────────

[HORIZON] committed exported dashboard to the workspace ledger (99eb20658f).
[HORIZON] ✓ exported static dashboard to dashboard/index.html
[HORIZON] GitHub Pages workflow already present at 
.github/workflows/horizon-dashboard-pages.yml; left untouched.
[HORIZON] › Push the workspace repo to your GitHub remote, then enable Pages 
(Settings → Pages → Source: GitHub Actions).
[HORIZON] If the deploy fails with "Branch main is not allowed to deploy to 
github-pages", clear the environment's branch rule: Settings → Environments → 
github-pages → Deployment branches and tags → allow main (or 'No restriction').
To https://github.com/AxelDlv00/LeanAlgebraicGeometry.git
   04dc147b..99eb2065  HEAD -> main
[2026-07-05T01:30:35Z] dashboard publish complete
[2026-07-05T02:00:00Z] starting dashboard publish

   ___           __               __ __         _             
  / _ | ________/ /  ___  ___    / // /__  ____(_)__ ___  ___ 
 / __ |/ __/ __/ _ \/ _ \/ _ \  / _  / _ \/ __/ /_ // _ \/ _ \
/_/ |_/_/  \__/_//_/\___/_//_/ /_//_/\___/_/ /_//__/\___/_//_/

 v0.1.0    https://github.com/frenzymath/Archon-Horizon  ───────────────────────

[HORIZON] committed exported dashboard to the workspace ledger (705bd01e0a).
[HORIZON] ✓ exported static dashboard to dashboard/index.html
[HORIZON] GitHub Pages workflow already present at 
.github/workflows/horizon-dashboard-pages.yml; left untouched.
[HORIZON] › Push the workspace repo to your GitHub remote, then enable Pages 
(Settings → Pages → Source: GitHub Actions).
[HORIZON] If the deploy fails with "Branch main is not allowed to deploy to 
github-pages", clear the environment's branch rule: Settings → Environments → 
github-pages → Deployment branches and tags → allow main (or 'No restriction').
To https://github.com/AxelDlv00/LeanAlgebraicGeometry.git
   99eb2065..705bd01e  HEAD -> main
[2026-07-05T02:00:34Z] dashboard publish complete
[2026-07-05T02:30:00Z] starting dashboard publish

   ___           __               __ __         _             
  / _ | ________/ /  ___  ___    / // /__  ____(_)__ ___  ___ 
 / __ |/ __/ __/ _ \/ _ \/ _ \  / _  / _ \/ __/ /_ // _ \/ _ \
/_/ |_/_/  \__/_//_/\___/_//_/ /_//_/\___/_/ /_//__/\___/_//_/

 v0.1.0    https://github.com/frenzymath/Archon-Horizon  ───────────────────────

[HORIZON] committed exported dashboard to the workspace ledger (49df4f26b2).
[HORIZON] ✓ exported static dashboard to dashboard/index.html
[HORIZON] GitHub Pages workflow already present at 
.github/workflows/horizon-dashboard-pages.yml; left untouched.
[HORIZON] › Push the workspace repo to your GitHub remote, then enable Pages 
(Settings → Pages → Source: GitHub Actions).
[HORIZON] If the deploy fails with "Branch main is not allowed to deploy to 
github-pages", clear the environment's branch rule: Settings → Environments → 
github-pages → Deployment branches and tags → allow main (or 'No restriction').
To https://github.com/AxelDlv00/LeanAlgebraicGeometry.git
   705bd01e..49df4f26  HEAD -> main
[2026-07-05T02:30:34Z] dashboard publish complete
[2026-07-05T03:00:00Z] starting dashboard publish

   ___           __               __ __         _             
  / _ | ________/ /  ___  ___    / // /__  ____(_)__ ___  ___ 
 / __ |/ __/ __/ _ \/ _ \/ _ \  / _  / _ \/ __/ /_ // _ \/ _ \
/_/ |_/_/  \__/_//_/\___/_//_/ /_//_/\___/_/ /_//__/\___/_//_/

 v0.1.0    https://github.com/frenzymath/Archon-Horizon  ───────────────────────

[HORIZON] committed exported dashboard to the workspace ledger (4e24391a98).
[HORIZON] ✓ exported static dashboard to dashboard/index.html
[HORIZON] GitHub Pages workflow already present at 
.github/workflows/horizon-dashboard-pages.yml; left untouched.
[HORIZON] › Push the workspace repo to your GitHub remote, then enable Pages 
(Settings → Pages → Source: GitHub Actions).
[HORIZON] If the deploy fails with "Branch main is not allowed to deploy to 
github-pages", clear the environment's branch rule: Settings → Environments → 
github-pages → Deployment branches and tags → allow main (or 'No restriction').
To https://github.com/AxelDlv00/LeanAlgebraicGeometry.git
   49df4f26..4e24391a  HEAD -> main
[2026-07-05T03:00:35Z] dashboard publish complete
[2026-07-05T03:30:00Z] starting dashboard publish

   ___           __               __ __         _             
  / _ | ________/ /  ___  ___    / // /__  ____(_)__ ___  ___ 
 / __ |/ __/ __/ _ \/ _ \/ _ \  / _  / _ \/ __/ /_ // _ \/ _ \
/_/ |_/_/  \__/_//_/\___/_//_/ /_//_/\___/_/ /_//__/\___/_//_/

 v0.1.0    https://github.com/frenzymath/Archon-Horizon  ───────────────────────

[HORIZON] committed exported dashboard to the workspace ledger (71a557a0f2).
[HORIZON] ✓ exported static dashboard to dashboard/index.html
[HORIZON] GitHub Pages workflow already present at 
.github/workflows/horizon-dashboard-pages.yml; left untouched.
[HORIZON] › Push the workspace repo to your GitHub remote, then enable Pages 
(Settings → Pages → Source: GitHub Actions).
[HORIZON] If the deploy fails with "Branch main is not allowed to deploy to 
github-pages", clear the environment's branch rule: Settings → Environments → 
github-pages → Deployment branches and tags → allow main (or 'No restriction').
To https://github.com/AxelDlv00/LeanAlgebraicGeometry.git
   4e24391a..71a557a0  HEAD -> main
[2026-07-05T03:30:39Z] dashboard publish complete
[2026-07-05T04:00:00Z] starting dashboard publish

   ___           __               __ __         _             
  / _ | ________/ /  ___  ___    / // /__  ____(_)__ ___  ___ 
 / __ |/ __/ __/ _ \/ _ \/ _ \  / _  / _ \/ __/ /_ // _ \/ _ \
/_/ |_/_/  \__/_//_/\___/_//_/ /_//_/\___/_/ /_//__/\___/_//_/

 v0.1.0    https://github.com/frenzymath/Archon-Horizon  ───────────────────────

[HORIZON] committed exported dashboard to the workspace ledger (c79697f7f1).
[HORIZON] ✓ exported static dashboard to dashboard/index.html
[HORIZON] GitHub Pages workflow already present at 
.github/workflows/horizon-dashboard-pages.yml; left untouched.
[HORIZON] › Push the workspace repo to your GitHub remote, then enable Pages 
(Settings → Pages → Source: GitHub Actions).
[HORIZON] If the deploy fails with "Branch main is not allowed to deploy to 
github-pages", clear the environment's branch rule: Settings → Environments → 
github-pages → Deployment branches and tags → allow main (or 'No restriction').
To https://github.com/AxelDlv00/LeanAlgebraicGeometry.git
   71a557a0..c79697f7  HEAD -> main
[2026-07-05T04:00:43Z] dashboard publish complete
[2026-07-05T04:30:00Z] starting dashboard publish

   ___           __               __ __         _             
  / _ | ________/ /  ___  ___    / // /__  ____(_)__ ___  ___ 
 / __ |/ __/ __/ _ \/ _ \/ _ \  / _  / _ \/ __/ /_ // _ \/ _ \
/_/ |_/_/  \__/_//_/\___/_//_/ /_//_/\___/_/ /_//__/\___/_//_/

 v0.1.0    https://github.com/frenzymath/Archon-Horizon  ───────────────────────

[HORIZON] committed exported dashboard to the workspace ledger (55a7d69977).
[HORIZON] ✓ exported static dashboard to dashboard/index.html
[HORIZON] GitHub Pages workflow already present at 
.github/workflows/horizon-dashboard-pages.yml; left untouched.
[HORIZON] › Push the workspace repo to your GitHub remote, then enable Pages 
(Settings → Pages → Source: GitHub Actions).
[HORIZON] If the deploy fails with "Branch main is not allowed to deploy to 
github-pages", clear the environment's branch rule: Settings → Environments → 
github-pages → Deployment branches and tags → allow main (or 'No restriction').
To https://github.com/AxelDlv00/LeanAlgebraicGeometry.git
   c79697f7..55a7d699  HEAD -> main
[2026-07-05T04:30:42Z] dashboard publish complete
[2026-07-05T05:00:00Z] starting dashboard publish

   ___           __               __ __         _             
  / _ | ________/ /  ___  ___    / // /__  ____(_)__ ___  ___ 
 / __ |/ __/ __/ _ \/ _ \/ _ \  / _  / _ \/ __/ /_ // _ \/ _ \
/_/ |_/_/  \__/_//_/\___/_//_/ /_//_/\___/_/ /_//__/\___/_//_/

 v0.1.0    https://github.com/frenzymath/Archon-Horizon  ───────────────────────

[HORIZON] committed exported dashboard to the workspace ledger (e42710065a).
[HORIZON] ✓ exported static dashboard to dashboard/index.html
[HORIZON] GitHub Pages workflow already present at 
.github/workflows/horizon-dashboard-pages.yml; left untouched.
[HORIZON] › Push the workspace repo to your GitHub remote, then enable Pages 
(Settings → Pages → Source: GitHub Actions).
[HORIZON] If the deploy fails with "Branch main is not allowed to deploy to 
github-pages", clear the environment's branch rule: Settings → Environments → 
github-pages → Deployment branches and tags → allow main (or 'No restriction').
To https://github.com/AxelDlv00/LeanAlgebraicGeometry.git
   55a7d699..e4271006  HEAD -> main
[2026-07-05T05:00:38Z] dashboard publish complete
[2026-07-05T05:30:00Z] starting dashboard publish

   ___           __               __ __         _             
  / _ | ________/ /  ___  ___    / // /__  ____(_)__ ___  ___ 
 / __ |/ __/ __/ _ \/ _ \/ _ \  / _  / _ \/ __/ /_ // _ \/ _ \
/_/ |_/_/  \__/_//_/\___/_//_/ /_//_/\___/_/ /_//__/\___/_//_/

 v0.1.0    https://github.com/frenzymath/Archon-Horizon  ───────────────────────

[HORIZON] committed exported dashboard to the workspace ledger (98e0c5e1f1).
[HORIZON] ✓ exported static dashboard to dashboard/index.html
[HORIZON] GitHub Pages workflow already present at 
.github/workflows/horizon-dashboard-pages.yml; left untouched.
[HORIZON] › Push the workspace repo to your GitHub remote, then enable Pages 
(Settings → Pages → Source: GitHub Actions).
[HORIZON] If the deploy fails with "Branch main is not allowed to deploy to 
github-pages", clear the environment's branch rule: Settings → Environments → 
github-pages → Deployment branches and tags → allow main (or 'No restriction').
To https://github.com/AxelDlv00/LeanAlgebraicGeometry.git
   e4271006..98e0c5e1  HEAD -> main
[2026-07-05T05:30:38Z] dashboard publish complete
[2026-07-05T06:00:00Z] starting dashboard publish

   ___           __               __ __         _             
  / _ | ________/ /  ___  ___    / // /__  ____(_)__ ___  ___ 
 / __ |/ __/ __/ _ \/ _ \/ _ \  / _  / _ \/ __/ /_ // _ \/ _ \
/_/ |_/_/  \__/_//_/\___/_//_/ /_//_/\___/_/ /_//__/\___/_//_/

 v0.1.0    https://github.com/frenzymath/Archon-Horizon  ───────────────────────

[HORIZON] committed exported dashboard to the workspace ledger (9e0fee147d).
[HORIZON] ✓ exported static dashboard to dashboard/index.html
[HORIZON] GitHub Pages workflow already present at 
.github/workflows/horizon-dashboard-pages.yml; left untouched.
[HORIZON] › Push the workspace repo to your GitHub remote, then enable Pages 
(Settings → Pages → Source: GitHub Actions).
[HORIZON] If the deploy fails with "Branch main is not allowed to deploy to 
github-pages", clear the environment's branch rule: Settings → Environments → 
github-pages → Deployment branches and tags → allow main (or 'No restriction').
To https://github.com/AxelDlv00/LeanAlgebraicGeometry.git
   98e0c5e1..9e0fee14  HEAD -> main
[2026-07-05T06:00:38Z] dashboard publish complete
[2026-07-05T06:30:00Z] starting dashboard publish

   ___           __               __ __         _             
  / _ | ________/ /  ___  ___    / // /__  ____(_)__ ___  ___ 
 / __ |/ __/ __/ _ \/ _ \/ _ \  / _  / _ \/ __/ /_ // _ \/ _ \
/_/ |_/_/  \__/_//_/\___/_//_/ /_//_/\___/_/ /_//__/\___/_//_/

 v0.1.0    https://github.com/frenzymath/Archon-Horizon  ───────────────────────

[HORIZON] committed exported dashboard to the workspace ledger (730b21d2e1).
[HORIZON] ✓ exported static dashboard to dashboard/index.html
[HORIZON] GitHub Pages workflow already present at 
.github/workflows/horizon-dashboard-pages.yml; left untouched.
[HORIZON] › Push the workspace repo to your GitHub remote, then enable Pages 
(Settings → Pages → Source: GitHub Actions).
[HORIZON] If the deploy fails with "Branch main is not allowed to deploy to 
github-pages", clear the environment's branch rule: Settings → Environments → 
github-pages → Deployment branches and tags → allow main (or 'No restriction').
To https://github.com/AxelDlv00/LeanAlgebraicGeometry.git
   9e0fee14..730b21d2  HEAD -> main
[2026-07-05T06:30:42Z] dashboard publish complete
[2026-07-05T07:00:00Z] starting dashboard publish

   ___           __               __ __         _             
  / _ | ________/ /  ___  ___    / // /__  ____(_)__ ___  ___ 
 / __ |/ __/ __/ _ \/ _ \/ _ \  / _  / _ \/ __/ /_ // _ \/ _ \
/_/ |_/_/  \__/_//_/\___/_//_/ /_//_/\___/_/ /_//__/\___/_//_/

 v0.1.0    https://github.com/frenzymath/Archon-Horizon  ───────────────────────

[HORIZON] committed exported dashboard to the workspace ledger (c7b8684132).
[HORIZON] ✓ exported static dashboard to dashboard/index.html
[HORIZON] GitHub Pages workflow already present at 
.github/workflows/horizon-dashboard-pages.yml; left untouched.
[HORIZON] › Push the workspace repo to your GitHub remote, then enable Pages 
(Settings → Pages → Source: GitHub Actions).
[HORIZON] If the deploy fails with "Branch main is not allowed to deploy to 
github-pages", clear the environment's branch rule: Settings → Environments → 
github-pages → Deployment branches and tags → allow main (or 'No restriction').
To https://github.com/AxelDlv00/LeanAlgebraicGeometry.git
   730b21d2..c7b86841  HEAD -> main
[2026-07-05T07:00:49Z] dashboard publish complete
[2026-07-05T07:30:00Z] starting dashboard publish

   ___           __               __ __         _             
  / _ | ________/ /  ___  ___    / // /__  ____(_)__ ___  ___ 
 / __ |/ __/ __/ _ \/ _ \/ _ \  / _  / _ \/ __/ /_ // _ \/ _ \
/_/ |_/_/  \__/_//_/\___/_//_/ /_//_/\___/_/ /_//__/\___/_//_/

 v0.1.0    https://github.com/frenzymath/Archon-Horizon  ───────────────────────

[HORIZON] committed exported dashboard to the workspace ledger (bc8aae36d1).
[HORIZON] ✓ exported static dashboard to dashboard/index.html
[HORIZON] GitHub Pages workflow already present at 
.github/workflows/horizon-dashboard-pages.yml; left untouched.
[HORIZON] › Push the workspace repo to your GitHub remote, then enable Pages 
(Settings → Pages → Source: GitHub Actions).
[HORIZON] If the deploy fails with "Branch main is not allowed to deploy to 
github-pages", clear the environment's branch rule: Settings → Environments → 
github-pages → Deployment branches and tags → allow main (or 'No restriction').
To https://github.com/AxelDlv00/LeanAlgebraicGeometry.git
   c7b86841..bc8aae36  HEAD -> main
[2026-07-05T07:30:41Z] dashboard publish complete
[2026-07-05T08:00:00Z] starting dashboard publish

   ___           __               __ __         _             
  / _ | ________/ /  ___  ___    / // /__  ____(_)__ ___  ___ 
 / __ |/ __/ __/ _ \/ _ \/ _ \  / _  / _ \/ __/ /_ // _ \/ _ \
/_/ |_/_/  \__/_//_/\___/_//_/ /_//_/\___/_/ /_//__/\___/_//_/

 v0.1.0    https://github.com/frenzymath/Archon-Horizon  ───────────────────────

[HORIZON] committed exported dashboard to the workspace ledger (a4557ee6ea).
[HORIZON] ✓ exported static dashboard to dashboard/index.html
[HORIZON] GitHub Pages workflow already present at 
.github/workflows/horizon-dashboard-pages.yml; left untouched.
[HORIZON] › Push the workspace repo to your GitHub remote, then enable Pages 
(Settings → Pages → Source: GitHub Actions).
[HORIZON] If the deploy fails with "Branch main is not allowed to deploy to 
github-pages", clear the environment's branch rule: Settings → Environments → 
github-pages → Deployment branches and tags → allow main (or 'No restriction').
To https://github.com/AxelDlv00/LeanAlgebraicGeometry.git
   bc8aae36..a4557ee6  HEAD -> main
[2026-07-05T08:00:37Z] dashboard publish complete
[2026-07-05T08:30:00Z] starting dashboard publish

   ___           __               __ __         _             
  / _ | ________/ /  ___  ___    / // /__  ____(_)__ ___  ___ 
 / __ |/ __/ __/ _ \/ _ \/ _ \  / _  / _ \/ __/ /_ // _ \/ _ \
/_/ |_/_/  \__/_//_/\___/_//_/ /_//_/\___/_/ /_//__/\___/_//_/

 v0.1.0    https://github.com/frenzymath/Archon-Horizon  ───────────────────────

[HORIZON] committed exported dashboard to the workspace ledger (614615fe72).
[HORIZON] ✓ exported static dashboard to dashboard/index.html
[HORIZON] GitHub Pages workflow already present at 
.github/workflows/horizon-dashboard-pages.yml; left untouched.
[HORIZON] › Push the workspace repo to your GitHub remote, then enable Pages 
(Settings → Pages → Source: GitHub Actions).
[HORIZON] If the deploy fails with "Branch main is not allowed to deploy to 
github-pages", clear the environment's branch rule: Settings → Environments → 
github-pages → Deployment branches and tags → allow main (or 'No restriction').
To https://github.com/AxelDlv00/LeanAlgebraicGeometry.git
   a4557ee6..614615fe  HEAD -> main
[2026-07-05T08:30:51Z] dashboard publish complete
[2026-07-05T09:00:00Z] starting dashboard publish

   ___           __               __ __         _             
  / _ | ________/ /  ___  ___    / // /__  ____(_)__ ___  ___ 
 / __ |/ __/ __/ _ \/ _ \/ _ \  / _  / _ \/ __/ /_ // _ \/ _ \
/_/ |_/_/  \__/_//_/\___/_//_/ /_//_/\___/_/ /_//__/\___/_//_/

 v0.1.0    https://github.com/frenzymath/Archon-Horizon  ───────────────────────

[HORIZON] committed exported dashboard to the workspace ledger (72d2a1cacf).
[HORIZON] ✓ exported static dashboard to dashboard/index.html
[HORIZON] GitHub Pages workflow already present at 
.github/workflows/horizon-dashboard-pages.yml; left untouched.
[HORIZON] › Push the workspace repo to your GitHub remote, then enable Pages 
(Settings → Pages → Source: GitHub Actions).
[HORIZON] If the deploy fails with "Branch main is not allowed to deploy to 
github-pages", clear the environment's branch rule: Settings → Environments → 
github-pages → Deployment branches and tags → allow main (or 'No restriction').
To https://github.com/AxelDlv00/LeanAlgebraicGeometry.git
   614615fe..72d2a1ca  HEAD -> main
[2026-07-05T09:00:40Z] dashboard publish complete
[2026-07-05T09:30:00Z] starting dashboard publish

   ___           __               __ __         _             
  / _ | ________/ /  ___  ___    / // /__  ____(_)__ ___  ___ 
 / __ |/ __/ __/ _ \/ _ \/ _ \  / _  / _ \/ __/ /_ // _ \/ _ \
/_/ |_/_/  \__/_//_/\___/_//_/ /_//_/\___/_/ /_//__/\___/_//_/

 v0.1.0    https://github.com/frenzymath/Archon-Horizon  ───────────────────────

[HORIZON] committed exported dashboard to the workspace ledger (4e17081c69).
[HORIZON] ✓ exported static dashboard to dashboard/index.html
[HORIZON] GitHub Pages workflow already present at 
.github/workflows/horizon-dashboard-pages.yml; left untouched.
[HORIZON] › Push the workspace repo to your GitHub remote, then enable Pages 
(Settings → Pages → Source: GitHub Actions).
[HORIZON] If the deploy fails with "Branch main is not allowed to deploy to 
github-pages", clear the environment's branch rule: Settings → Environments → 
github-pages → Deployment branches and tags → allow main (or 'No restriction').
To https://github.com/AxelDlv00/LeanAlgebraicGeometry.git
   72d2a1ca..4e17081c  HEAD -> main
[2026-07-05T09:30:39Z] dashboard publish complete
[2026-07-05T10:00:00Z] starting dashboard publish

   ___           __               __ __         _             
  / _ | ________/ /  ___  ___    / // /__  ____(_)__ ___  ___ 
 / __ |/ __/ __/ _ \/ _ \/ _ \  / _  / _ \/ __/ /_ // _ \/ _ \
/_/ |_/_/  \__/_//_/\___/_//_/ /_//_/\___/_/ /_//__/\___/_//_/

 v0.1.0    https://github.com/frenzymath/Archon-Horizon  ───────────────────────

[HORIZON] committed exported dashboard to the workspace ledger (f6cec4f01f).
[HORIZON] ✓ exported static dashboard to dashboard/index.html
[HORIZON] GitHub Pages workflow already present at 
.github/workflows/horizon-dashboard-pages.yml; left untouched.
[HORIZON] › Push the workspace repo to your GitHub remote, then enable Pages 
(Settings → Pages → Source: GitHub Actions).
[HORIZON] If the deploy fails with "Branch main is not allowed to deploy to 
github-pages", clear the environment's branch rule: Settings → Environments → 
github-pages → Deployment branches and tags → allow main (or 'No restriction').
To https://github.com/AxelDlv00/LeanAlgebraicGeometry.git
   4e17081c..f6cec4f0  HEAD -> main
[2026-07-05T10:00:43Z] dashboard publish complete
[2026-07-05T10:30:00Z] starting dashboard publish

   ___           __               __ __         _             
  / _ | ________/ /  ___  ___    / // /__  ____(_)__ ___  ___ 
 / __ |/ __/ __/ _ \/ _ \/ _ \  / _  / _ \/ __/ /_ // _ \/ _ \
/_/ |_/_/  \__/_//_/\___/_//_/ /_//_/\___/_/ /_//__/\___/_//_/

 v0.1.0    https://github.com/frenzymath/Archon-Horizon  ───────────────────────

[HORIZON] committed exported dashboard to the workspace ledger (881c46d0f8).
[HORIZON] ✓ exported static dashboard to dashboard/index.html
[HORIZON] GitHub Pages workflow already present at 
.github/workflows/horizon-dashboard-pages.yml; left untouched.
[HORIZON] › Push the workspace repo to your GitHub remote, then enable Pages 
(Settings → Pages → Source: GitHub Actions).
[HORIZON] If the deploy fails with "Branch main is not allowed to deploy to 
github-pages", clear the environment's branch rule: Settings → Environments → 
github-pages → Deployment branches and tags → allow main (or 'No restriction').
To https://github.com/AxelDlv00/LeanAlgebraicGeometry.git
   f6cec4f0..881c46d0  HEAD -> main
[2026-07-05T10:30:40Z] dashboard publish complete
[2026-07-05T11:00:00Z] starting dashboard publish

   ___           __               __ __         _             
  / _ | ________/ /  ___  ___    / // /__  ____(_)__ ___  ___ 
 / __ |/ __/ __/ _ \/ _ \/ _ \  / _  / _ \/ __/ /_ // _ \/ _ \
/_/ |_/_/  \__/_//_/\___/_//_/ /_//_/\___/_/ /_//__/\___/_//_/

 v0.1.0    https://github.com/frenzymath/Archon-Horizon  ───────────────────────

[HORIZON] committed exported dashboard to the workspace ledger (a68b565da0).
[HORIZON] ✓ exported static dashboard to dashboard/index.html
[HORIZON] GitHub Pages workflow already present at 
.github/workflows/horizon-dashboard-pages.yml; left untouched.
[HORIZON] › Push the workspace repo to your GitHub remote, then enable Pages 
(Settings → Pages → Source: GitHub Actions).
[HORIZON] If the deploy fails with "Branch main is not allowed to deploy to 
github-pages", clear the environment's branch rule: Settings → Environments → 
github-pages → Deployment branches and tags → allow main (or 'No restriction').
To https://github.com/AxelDlv00/LeanAlgebraicGeometry.git
   881c46d0..a68b565d  HEAD -> main
[2026-07-05T11:00:54Z] dashboard publish complete
[2026-07-05T11:30:00Z] starting dashboard publish

   ___           __               __ __         _             
  / _ | ________/ /  ___  ___    / // /__  ____(_)__ ___  ___ 
 / __ |/ __/ __/ _ \/ _ \/ _ \  / _  / _ \/ __/ /_ // _ \/ _ \
/_/ |_/_/  \__/_//_/\___/_//_/ /_//_/\___/_/ /_//__/\___/_//_/

 v0.1.0    https://github.com/frenzymath/Archon-Horizon  ───────────────────────

[HORIZON] committed exported dashboard to the workspace ledger (81d6af9376).
[HORIZON] ✓ exported static dashboard to dashboard/index.html
[HORIZON] GitHub Pages workflow already present at 
.github/workflows/horizon-dashboard-pages.yml; left untouched.
[HORIZON] › Push the workspace repo to your GitHub remote, then enable Pages 
(Settings → Pages → Source: GitHub Actions).
[HORIZON] If the deploy fails with "Branch main is not allowed to deploy to 
github-pages", clear the environment's branch rule: Settings → Environments → 
github-pages → Deployment branches and tags → allow main (or 'No restriction').
To https://github.com/AxelDlv00/LeanAlgebraicGeometry.git
   a68b565d..81d6af93  HEAD -> main
[2026-07-05T11:30:41Z] dashboard publish complete
[2026-07-05T12:00:00Z] starting dashboard publish

   ___           __               __ __         _             
  / _ | ________/ /  ___  ___    / // /__  ____(_)__ ___  ___ 
 / __ |/ __/ __/ _ \/ _ \/ _ \  / _  / _ \/ __/ /_ // _ \/ _ \
/_/ |_/_/  \__/_//_/\___/_//_/ /_//_/\___/_/ /_//__/\___/_//_/

 v0.1.0    https://github.com/frenzymath/Archon-Horizon  ───────────────────────

[HORIZON] committed exported dashboard to the workspace ledger (e4212123ba).
[HORIZON] ✓ exported static dashboard to dashboard/index.html
[HORIZON] GitHub Pages workflow already present at 
.github/workflows/horizon-dashboard-pages.yml; left untouched.
[HORIZON] › Push the workspace repo to your GitHub remote, then enable Pages 
(Settings → Pages → Source: GitHub Actions).
[HORIZON] If the deploy fails with "Branch main is not allowed to deploy to 
github-pages", clear the environment's branch rule: Settings → Environments → 
github-pages → Deployment branches and tags → allow main (or 'No restriction').
To https://github.com/AxelDlv00/LeanAlgebraicGeometry.git
   81d6af93..e4212123  HEAD -> main
[2026-07-05T12:00:52Z] dashboard publish complete
[2026-07-05T12:30:00Z] starting dashboard publish

   ___           __               __ __         _             
  / _ | ________/ /  ___  ___    / // /__  ____(_)__ ___  ___ 
 / __ |/ __/ __/ _ \/ _ \/ _ \  / _  / _ \/ __/ /_ // _ \/ _ \
/_/ |_/_/  \__/_//_/\___/_//_/ /_//_/\___/_/ /_//__/\___/_//_/

 v0.1.0    https://github.com/frenzymath/Archon-Horizon  ───────────────────────

[HORIZON] committed exported dashboard to the workspace ledger (44f8fb5a54).
[HORIZON] ✓ exported static dashboard to dashboard/index.html
[HORIZON] GitHub Pages workflow already present at 
.github/workflows/horizon-dashboard-pages.yml; left untouched.
[HORIZON] › Push the workspace repo to your GitHub remote, then enable Pages 
(Settings → Pages → Source: GitHub Actions).
[HORIZON] If the deploy fails with "Branch main is not allowed to deploy to 
github-pages", clear the environment's branch rule: Settings → Environments → 
github-pages → Deployment branches and tags → allow main (or 'No restriction').
To https://github.com/AxelDlv00/LeanAlgebraicGeometry.git
   e4212123..44f8fb5a  HEAD -> main
[2026-07-05T12:30:47Z] dashboard publish complete
[2026-07-05T13:00:00Z] starting dashboard publish

   ___           __               __ __         _             
  / _ | ________/ /  ___  ___    / // /__  ____(_)__ ___  ___ 
 / __ |/ __/ __/ _ \/ _ \/ _ \  / _  / _ \/ __/ /_ // _ \/ _ \
/_/ |_/_/  \__/_//_/\___/_//_/ /_//_/\___/_/ /_//__/\___/_//_/

 v0.1.0    https://github.com/frenzymath/Archon-Horizon  ───────────────────────

[HORIZON] committed exported dashboard to the workspace ledger (155e7ebc82).
[HORIZON] ✓ exported static dashboard to dashboard/index.html
[HORIZON] GitHub Pages workflow already present at 
.github/workflows/horizon-dashboard-pages.yml; left untouched.
[HORIZON] › Push the workspace repo to your GitHub remote, then enable Pages 
(Settings → Pages → Source: GitHub Actions).
[HORIZON] If the deploy fails with "Branch main is not allowed to deploy to 
github-pages", clear the environment's branch rule: Settings → Environments → 
github-pages → Deployment branches and tags → allow main (or 'No restriction').
To https://github.com/AxelDlv00/LeanAlgebraicGeometry.git
   44f8fb5a..155e7ebc  HEAD -> main
[2026-07-05T13:00:50Z] dashboard publish complete
[2026-07-05T13:30:00Z] starting dashboard publish

   ___           __               __ __         _             
  / _ | ________/ /  ___  ___    / // /__  ____(_)__ ___  ___ 
 / __ |/ __/ __/ _ \/ _ \/ _ \  / _  / _ \/ __/ /_ // _ \/ _ \
/_/ |_/_/  \__/_//_/\___/_//_/ /_//_/\___/_/ /_//__/\___/_//_/

 v0.1.0    https://github.com/frenzymath/Archon-Horizon  ───────────────────────

[HORIZON] committed exported dashboard to the workspace ledger (5891c61fbe).
[HORIZON] ✓ exported static dashboard to dashboard/index.html
[HORIZON] GitHub Pages workflow already present at 
.github/workflows/horizon-dashboard-pages.yml; left untouched.
[HORIZON] › Push the workspace repo to your GitHub remote, then enable Pages 
(Settings → Pages → Source: GitHub Actions).
[HORIZON] If the deploy fails with "Branch main is not allowed to deploy to 
github-pages", clear the environment's branch rule: Settings → Environments → 
github-pages → Deployment branches and tags → allow main (or 'No restriction').
To https://github.com/AxelDlv00/LeanAlgebraicGeometry.git
   155e7ebc..5891c61f  HEAD -> main
[2026-07-05T13:30:45Z] dashboard publish complete
[2026-07-05T14:00:00Z] starting dashboard publish

   ___           __               __ __         _             
  / _ | ________/ /  ___  ___    / // /__  ____(_)__ ___  ___ 
 / __ |/ __/ __/ _ \/ _ \/ _ \  / _  / _ \/ __/ /_ // _ \/ _ \
/_/ |_/_/  \__/_//_/\___/_//_/ /_//_/\___/_/ /_//__/\___/_//_/

 v0.1.0    https://github.com/frenzymath/Archon-Horizon  ───────────────────────

[HORIZON] committed exported dashboard to the workspace ledger (c5abf97596).
[HORIZON] ✓ exported static dashboard to dashboard/index.html
[HORIZON] GitHub Pages workflow already present at 
.github/workflows/horizon-dashboard-pages.yml; left untouched.
[HORIZON] › Push the workspace repo to your GitHub remote, then enable Pages 
(Settings → Pages → Source: GitHub Actions).
[HORIZON] If the deploy fails with "Branch main is not allowed to deploy to 
github-pages", clear the environment's branch rule: Settings → Environments → 
github-pages → Deployment branches and tags → allow main (or 'No restriction').
To https://github.com/AxelDlv00/LeanAlgebraicGeometry.git
   5891c61f..c5abf975  HEAD -> main
[2026-07-05T14:01:06Z] dashboard publish complete
[2026-07-05T14:30:00Z] starting dashboard publish

   ___           __               __ __         _             
  / _ | ________/ /  ___  ___    / // /__  ____(_)__ ___  ___ 
 / __ |/ __/ __/ _ \/ _ \/ _ \  / _  / _ \/ __/ /_ // _ \/ _ \
/_/ |_/_/  \__/_//_/\___/_//_/ /_//_/\___/_/ /_//__/\___/_//_/

 v0.1.0    https://github.com/frenzymath/Archon-Horizon  ───────────────────────

[HORIZON] committed exported dashboard to the workspace ledger (8697b9b866).
[HORIZON] ✓ exported static dashboard to dashboard/index.html
[HORIZON] GitHub Pages workflow already present at 
.github/workflows/horizon-dashboard-pages.yml; left untouched.
[HORIZON] › Push the workspace repo to your GitHub remote, then enable Pages 
(Settings → Pages → Source: GitHub Actions).
[HORIZON] If the deploy fails with "Branch main is not allowed to deploy to 
github-pages", clear the environment's branch rule: Settings → Environments → 
github-pages → Deployment branches and tags → allow main (or 'No restriction').
To https://github.com/AxelDlv00/LeanAlgebraicGeometry.git
   c5abf975..8697b9b8  HEAD -> main
[2026-07-05T14:30:49Z] dashboard publish complete
[2026-07-05T15:00:01Z] starting dashboard publish

   ___           __               __ __         _             
  / _ | ________/ /  ___  ___    / // /__  ____(_)__ ___  ___ 
 / __ |/ __/ __/ _ \/ _ \/ _ \  / _  / _ \/ __/ /_ // _ \/ _ \
/_/ |_/_/  \__/_//_/\___/_//_/ /_//_/\___/_/ /_//__/\___/_//_/

 v0.1.0    https://github.com/frenzymath/Archon-Horizon  ───────────────────────

[HORIZON] committed exported dashboard to the workspace ledger (a03f00b0c5).
[HORIZON] ✓ exported static dashboard to dashboard/index.html
[HORIZON] GitHub Pages workflow already present at 
.github/workflows/horizon-dashboard-pages.yml; left untouched.
[HORIZON] › Push the workspace repo to your GitHub remote, then enable Pages 
(Settings → Pages → Source: GitHub Actions).
[HORIZON] If the deploy fails with "Branch main is not allowed to deploy to 
github-pages", clear the environment's branch rule: Settings → Environments → 
github-pages → Deployment branches and tags → allow main (or 'No restriction').
To https://github.com/AxelDlv00/LeanAlgebraicGeometry.git
   8697b9b8..a03f00b0  HEAD -> main
[2026-07-05T15:00:55Z] dashboard publish complete
[2026-07-05T15:30:00Z] starting dashboard publish

   ___           __               __ __         _             
  / _ | ________/ /  ___  ___    / // /__  ____(_)__ ___  ___ 
 / __ |/ __/ __/ _ \/ _ \/ _ \  / _  / _ \/ __/ /_ // _ \/ _ \
/_/ |_/_/  \__/_//_/\___/_//_/ /_//_/\___/_/ /_//__/\___/_//_/

 v0.1.0    https://github.com/frenzymath/Archon-Horizon  ───────────────────────

[HORIZON] committed exported dashboard to the workspace ledger (02b8125a9c).
[HORIZON] ✓ exported static dashboard to dashboard/index.html
[HORIZON] GitHub Pages workflow already present at 
.github/workflows/horizon-dashboard-pages.yml; left untouched.
[HORIZON] › Push the workspace repo to your GitHub remote, then enable Pages 
(Settings → Pages → Source: GitHub Actions).
[HORIZON] If the deploy fails with "Branch main is not allowed to deploy to 
github-pages", clear the environment's branch rule: Settings → Environments → 
github-pages → Deployment branches and tags → allow main (or 'No restriction').
To https://github.com/AxelDlv00/LeanAlgebraicGeometry.git
   a03f00b0..02b8125a  HEAD -> main
[2026-07-05T15:30:49Z] dashboard publish complete
[2026-07-05T16:00:00Z] starting dashboard publish

   ___           __               __ __         _             
  / _ | ________/ /  ___  ___    / // /__  ____(_)__ ___  ___ 
 / __ |/ __/ __/ _ \/ _ \/ _ \  / _  / _ \/ __/ /_ // _ \/ _ \
/_/ |_/_/  \__/_//_/\___/_//_/ /_//_/\___/_/ /_//__/\___/_//_/

 v0.1.0    https://github.com/frenzymath/Archon-Horizon  ───────────────────────

[HORIZON] committed exported dashboard to the workspace ledger (41f428d93c).
[HORIZON] ✓ exported static dashboard to dashboard/index.html
[HORIZON] GitHub Pages workflow already present at 
.github/workflows/horizon-dashboard-pages.yml; left untouched.
[HORIZON] › Push the workspace repo to your GitHub remote, then enable Pages 
(Settings → Pages → Source: GitHub Actions).
[HORIZON] If the deploy fails with "Branch main is not allowed to deploy to 
github-pages", clear the environment's branch rule: Settings → Environments → 
github-pages → Deployment branches and tags → allow main (or 'No restriction').
To https://github.com/AxelDlv00/LeanAlgebraicGeometry.git
   02b8125a..41f428d9  HEAD -> main
[2026-07-05T16:00:48Z] dashboard publish complete
[2026-07-05T16:30:01Z] starting dashboard publish

   ___           __               __ __         _             
  / _ | ________/ /  ___  ___    / // /__  ____(_)__ ___  ___ 
 / __ |/ __/ __/ _ \/ _ \/ _ \  / _  / _ \/ __/ /_ // _ \/ _ \
/_/ |_/_/  \__/_//_/\___/_//_/ /_//_/\___/_/ /_//__/\___/_//_/

 v0.1.0    https://github.com/frenzymath/Archon-Horizon  ───────────────────────

[HORIZON] committed exported dashboard to the workspace ledger (fffa4f228b).
[HORIZON] ✓ exported static dashboard to dashboard/index.html
[HORIZON] GitHub Pages workflow already present at 
.github/workflows/horizon-dashboard-pages.yml; left untouched.
[HORIZON] › Push the workspace repo to your GitHub remote, then enable Pages 
(Settings → Pages → Source: GitHub Actions).
[HORIZON] If the deploy fails with "Branch main is not allowed to deploy to 
github-pages", clear the environment's branch rule: Settings → Environments → 
github-pages → Deployment branches and tags → allow main (or 'No restriction').
To https://github.com/AxelDlv00/LeanAlgebraicGeometry.git
   41f428d9..fffa4f22  HEAD -> main
[2026-07-05T16:31:18Z] dashboard publish complete
[2026-07-05T17:00:00Z] starting dashboard publish

   ___           __               __ __         _             
  / _ | ________/ /  ___  ___    / // /__  ____(_)__ ___  ___ 
 / __ |/ __/ __/ _ \/ _ \/ _ \  / _  / _ \/ __/ /_ // _ \/ _ \
/_/ |_/_/  \__/_//_/\___/_//_/ /_//_/\___/_/ /_//__/\___/_//_/

 v0.1.0    https://github.com/frenzymath/Archon-Horizon  ───────────────────────

[HORIZON] committed exported dashboard to the workspace ledger (73fbc3b15f).
[HORIZON] ✓ exported static dashboard to dashboard/index.html
[HORIZON] GitHub Pages workflow already present at 
.github/workflows/horizon-dashboard-pages.yml; left untouched.
[HORIZON] › Push the workspace repo to your GitHub remote, then enable Pages 
(Settings → Pages → Source: GitHub Actions).
[HORIZON] If the deploy fails with "Branch main is not allowed to deploy to 
github-pages", clear the environment's branch rule: Settings → Environments → 
github-pages → Deployment branches and tags → allow main (or 'No restriction').
To https://github.com/AxelDlv00/LeanAlgebraicGeometry.git
   fffa4f22..73fbc3b1  HEAD -> main
[2026-07-05T17:01:00Z] dashboard publish complete
[2026-07-05T17:30:00Z] starting dashboard publish

   ___           __               __ __         _             
  / _ | ________/ /  ___  ___    / // /__  ____(_)__ ___  ___ 
 / __ |/ __/ __/ _ \/ _ \/ _ \  / _  / _ \/ __/ /_ // _ \/ _ \
/_/ |_/_/  \__/_//_/\___/_//_/ /_//_/\___/_/ /_//__/\___/_//_/

 v0.1.0    https://github.com/frenzymath/Archon-Horizon  ───────────────────────

[HORIZON] committed exported dashboard to the workspace ledger (6753bc693d).
[HORIZON] ✓ exported static dashboard to dashboard/index.html
[HORIZON] GitHub Pages workflow already present at 
.github/workflows/horizon-dashboard-pages.yml; left untouched.
[HORIZON] › Push the workspace repo to your GitHub remote, then enable Pages 
(Settings → Pages → Source: GitHub Actions).
[HORIZON] If the deploy fails with "Branch main is not allowed to deploy to 
github-pages", clear the environment's branch rule: Settings → Environments → 
github-pages → Deployment branches and tags → allow main (or 'No restriction').
To https://github.com/AxelDlv00/LeanAlgebraicGeometry.git
   73fbc3b1..6753bc69  HEAD -> main
[2026-07-05T17:30:46Z] dashboard publish complete
[2026-07-05T18:00:00Z] starting dashboard publish

   ___           __               __ __         _             
  / _ | ________/ /  ___  ___    / // /__  ____(_)__ ___  ___ 
 / __ |/ __/ __/ _ \/ _ \/ _ \  / _  / _ \/ __/ /_ // _ \/ _ \
/_/ |_/_/  \__/_//_/\___/_//_/ /_//_/\___/_/ /_//__/\___/_//_/

 v0.1.0    https://github.com/frenzymath/Archon-Horizon  ───────────────────────

[HORIZON] committed exported dashboard to the workspace ledger (8155f1add3).
[HORIZON] ✓ exported static dashboard to dashboard/index.html
[HORIZON] GitHub Pages workflow already present at 
.github/workflows/horizon-dashboard-pages.yml; left untouched.
[HORIZON] › Push the workspace repo to your GitHub remote, then enable Pages 
(Settings → Pages → Source: GitHub Actions).
[HORIZON] If the deploy fails with "Branch main is not allowed to deploy to 
github-pages", clear the environment's branch rule: Settings → Environments → 
github-pages → Deployment branches and tags → allow main (or 'No restriction').
To https://github.com/AxelDlv00/LeanAlgebraicGeometry.git
   6753bc69..8155f1ad  HEAD -> main
[2026-07-05T18:00:46Z] dashboard publish complete
[2026-07-05T18:30:00Z] starting dashboard publish

   ___           __               __ __         _             
  / _ | ________/ /  ___  ___    / // /__  ____(_)__ ___  ___ 
 / __ |/ __/ __/ _ \/ _ \/ _ \  / _  / _ \/ __/ /_ // _ \/ _ \
/_/ |_/_/  \__/_//_/\___/_//_/ /_//_/\___/_/ /_//__/\___/_//_/

 v0.1.0    https://github.com/frenzymath/Archon-Horizon  ───────────────────────

[HORIZON] committed exported dashboard to the workspace ledger (eda612c7c3).
[HORIZON] ✓ exported static dashboard to dashboard/index.html
[HORIZON] GitHub Pages workflow already present at 
.github/workflows/horizon-dashboard-pages.yml; left untouched.
[HORIZON] › Push the workspace repo to your GitHub remote, then enable Pages 
(Settings → Pages → Source: GitHub Actions).
[HORIZON] If the deploy fails with "Branch main is not allowed to deploy to 
github-pages", clear the environment's branch rule: Settings → Environments → 
github-pages → Deployment branches and tags → allow main (or 'No restriction').
To https://github.com/AxelDlv00/LeanAlgebraicGeometry.git
   8155f1ad..eda612c7  HEAD -> main
[2026-07-05T18:30:45Z] dashboard publish complete
[2026-07-05T19:00:00Z] starting dashboard publish

   ___           __               __ __         _             
  / _ | ________/ /  ___  ___    / // /__  ____(_)__ ___  ___ 
 / __ |/ __/ __/ _ \/ _ \/ _ \  / _  / _ \/ __/ /_ // _ \/ _ \
/_/ |_/_/  \__/_//_/\___/_//_/ /_//_/\___/_/ /_//__/\___/_//_/

 v0.1.0    https://github.com/frenzymath/Archon-Horizon  ───────────────────────

[HORIZON] committed exported dashboard to the workspace ledger (acd6a736f6).
[HORIZON] ✓ exported static dashboard to dashboard/index.html
[HORIZON] GitHub Pages workflow already present at 
.github/workflows/horizon-dashboard-pages.yml; left untouched.
[HORIZON] › Push the workspace repo to your GitHub remote, then enable Pages 
(Settings → Pages → Source: GitHub Actions).
[HORIZON] If the deploy fails with "Branch main is not allowed to deploy to 
github-pages", clear the environment's branch rule: Settings → Environments → 
github-pages → Deployment branches and tags → allow main (or 'No restriction').
To https://github.com/AxelDlv00/LeanAlgebraicGeometry.git
   eda612c7..acd6a736  HEAD -> main
[2026-07-05T19:00:53Z] dashboard publish complete
[2026-07-05T19:30:00Z] starting dashboard publish

   ___           __               __ __         _             
  / _ | ________/ /  ___  ___    / // /__  ____(_)__ ___  ___ 
 / __ |/ __/ __/ _ \/ _ \/ _ \  / _  / _ \/ __/ /_ // _ \/ _ \
/_/ |_/_/  \__/_//_/\___/_//_/ /_//_/\___/_/ /_//__/\___/_//_/

 v0.1.0    https://github.com/frenzymath/Archon-Horizon  ───────────────────────

[HORIZON] committed exported dashboard to the workspace ledger (e2201a7d4e).
[HORIZON] ✓ exported static dashboard to dashboard/index.html
[HORIZON] GitHub Pages workflow already present at 
.github/workflows/horizon-dashboard-pages.yml; left untouched.
[HORIZON] › Push the workspace repo to your GitHub remote, then enable Pages 
(Settings → Pages → Source: GitHub Actions).
[HORIZON] If the deploy fails with "Branch main is not allowed to deploy to 
github-pages", clear the environment's branch rule: Settings → Environments → 
github-pages → Deployment branches and tags → allow main (or 'No restriction').
To https://github.com/AxelDlv00/LeanAlgebraicGeometry.git
   acd6a736..e2201a7d  HEAD -> main
[2026-07-05T19:30:45Z] dashboard publish complete
[2026-07-05T20:00:00Z] starting dashboard publish

   ___           __               __ __         _             
  / _ | ________/ /  ___  ___    / // /__  ____(_)__ ___  ___ 
 / __ |/ __/ __/ _ \/ _ \/ _ \  / _  / _ \/ __/ /_ // _ \/ _ \
/_/ |_/_/  \__/_//_/\___/_//_/ /_//_/\___/_/ /_//__/\___/_//_/

 v0.1.0    https://github.com/frenzymath/Archon-Horizon  ───────────────────────

[HORIZON] committed exported dashboard to the workspace ledger (9d4f655b09).
[HORIZON] ✓ exported static dashboard to dashboard/index.html
[HORIZON] GitHub Pages workflow already present at 
.github/workflows/horizon-dashboard-pages.yml; left untouched.
[HORIZON] › Push the workspace repo to your GitHub remote, then enable Pages 
(Settings → Pages → Source: GitHub Actions).
[HORIZON] If the deploy fails with "Branch main is not allowed to deploy to 
github-pages", clear the environment's branch rule: Settings → Environments → 
github-pages → Deployment branches and tags → allow main (or 'No restriction').
To https://github.com/AxelDlv00/LeanAlgebraicGeometry.git
   e2201a7d..9d4f655b  HEAD -> main
[2026-07-05T20:00:52Z] dashboard publish complete
[2026-07-05T20:30:00Z] starting dashboard publish

   ___           __               __ __         _             
  / _ | ________/ /  ___  ___    / // /__  ____(_)__ ___  ___ 
 / __ |/ __/ __/ _ \/ _ \/ _ \  / _  / _ \/ __/ /_ // _ \/ _ \
/_/ |_/_/  \__/_//_/\___/_//_/ /_//_/\___/_/ /_//__/\___/_//_/

 v0.1.0    https://github.com/frenzymath/Archon-Horizon  ───────────────────────

[HORIZON] committed exported dashboard to the workspace ledger (8408ea57d7).
[HORIZON] ✓ exported static dashboard to dashboard/index.html
[HORIZON] GitHub Pages workflow already present at 
.github/workflows/horizon-dashboard-pages.yml; left untouched.
[HORIZON] › Push the workspace repo to your GitHub remote, then enable Pages 
(Settings → Pages → Source: GitHub Actions).
[HORIZON] If the deploy fails with "Branch main is not allowed to deploy to 
github-pages", clear the environment's branch rule: Settings → Environments → 
github-pages → Deployment branches and tags → allow main (or 'No restriction').
To https://github.com/AxelDlv00/LeanAlgebraicGeometry.git
   9d4f655b..8408ea57  HEAD -> main
[2026-07-05T20:30:46Z] dashboard publish complete
[2026-07-05T21:00:00Z] starting dashboard publish

   ___           __               __ __         _             
  / _ | ________/ /  ___  ___    / // /__  ____(_)__ ___  ___ 
 / __ |/ __/ __/ _ \/ _ \/ _ \  / _  / _ \/ __/ /_ // _ \/ _ \
/_/ |_/_/  \__/_//_/\___/_//_/ /_//_/\___/_/ /_//__/\___/_//_/

 v0.1.0    https://github.com/frenzymath/Archon-Horizon  ───────────────────────

[HORIZON] committed exported dashboard to the workspace ledger (7d8e5d07e6).
[HORIZON] ✓ exported static dashboard to dashboard/index.html
[HORIZON] GitHub Pages workflow already present at 
.github/workflows/horizon-dashboard-pages.yml; left untouched.
[HORIZON] › Push the workspace repo to your GitHub remote, then enable Pages 
(Settings → Pages → Source: GitHub Actions).
[HORIZON] If the deploy fails with "Branch main is not allowed to deploy to 
github-pages", clear the environment's branch rule: Settings → Environments → 
github-pages → Deployment branches and tags → allow main (or 'No restriction').
To https://github.com/AxelDlv00/LeanAlgebraicGeometry.git
   8408ea57..7d8e5d07  HEAD -> main
[2026-07-05T21:00:45Z] dashboard publish complete
[2026-07-05T21:30:00Z] starting dashboard publish

   ___           __               __ __         _             
  / _ | ________/ /  ___  ___    / // /__  ____(_)__ ___  ___ 
 / __ |/ __/ __/ _ \/ _ \/ _ \  / _  / _ \/ __/ /_ // _ \/ _ \
/_/ |_/_/  \__/_//_/\___/_//_/ /_//_/\___/_/ /_//__/\___/_//_/

 v0.1.0    https://github.com/frenzymath/Archon-Horizon  ───────────────────────

[HORIZON] committed exported dashboard to the workspace ledger (93f5f09301).
[HORIZON] ✓ exported static dashboard to dashboard/index.html
[HORIZON] GitHub Pages workflow already present at 
.github/workflows/horizon-dashboard-pages.yml; left untouched.
[HORIZON] › Push the workspace repo to your GitHub remote, then enable Pages 
(Settings → Pages → Source: GitHub Actions).
[HORIZON] If the deploy fails with "Branch main is not allowed to deploy to 
github-pages", clear the environment's branch rule: Settings → Environments → 
github-pages → Deployment branches and tags → allow main (or 'No restriction').
To https://github.com/AxelDlv00/LeanAlgebraicGeometry.git
   7d8e5d07..93f5f093  HEAD -> main
[2026-07-05T21:30:44Z] dashboard publish complete
[2026-07-05T22:00:01Z] starting dashboard publish

   ___           __               __ __         _             
  / _ | ________/ /  ___  ___    / // /__  ____(_)__ ___  ___ 
 / __ |/ __/ __/ _ \/ _ \/ _ \  / _  / _ \/ __/ /_ // _ \/ _ \
/_/ |_/_/  \__/_//_/\___/_//_/ /_//_/\___/_/ /_//__/\___/_//_/

 v0.1.0    https://github.com/frenzymath/Archon-Horizon  ───────────────────────

[HORIZON] committed exported dashboard to the workspace ledger (8ba196c46e).
[HORIZON] ✓ exported static dashboard to dashboard/index.html
[HORIZON] GitHub Pages workflow already present at 
.github/workflows/horizon-dashboard-pages.yml; left untouched.
[HORIZON] › Push the workspace repo to your GitHub remote, then enable Pages 
(Settings → Pages → Source: GitHub Actions).
[HORIZON] If the deploy fails with "Branch main is not allowed to deploy to 
github-pages", clear the environment's branch rule: Settings → Environments → 
github-pages → Deployment branches and tags → allow main (or 'No restriction').
To https://github.com/AxelDlv00/LeanAlgebraicGeometry.git
   93f5f093..8ba196c4  HEAD -> main
[2026-07-05T22:00:45Z] dashboard publish complete
[2026-07-05T22:30:00Z] starting dashboard publish

   ___           __               __ __         _             
  / _ | ________/ /  ___  ___    / // /__  ____(_)__ ___  ___ 
 / __ |/ __/ __/ _ \/ _ \/ _ \  / _  / _ \/ __/ /_ // _ \/ _ \
/_/ |_/_/  \__/_//_/\___/_//_/ /_//_/\___/_/ /_//__/\___/_//_/

 v0.1.0    https://github.com/frenzymath/Archon-Horizon  ───────────────────────

[HORIZON] committed exported dashboard to the workspace ledger (bb66e52770).
[HORIZON] ✓ exported static dashboard to dashboard/index.html
[HORIZON] GitHub Pages workflow already present at 
.github/workflows/horizon-dashboard-pages.yml; left untouched.
[HORIZON] › Push the workspace repo to your GitHub remote, then enable Pages 
(Settings → Pages → Source: GitHub Actions).
[HORIZON] If the deploy fails with "Branch main is not allowed to deploy to 
github-pages", clear the environment's branch rule: Settings → Environments → 
github-pages → Deployment branches and tags → allow main (or 'No restriction').
To https://github.com/AxelDlv00/LeanAlgebraicGeometry.git
   8ba196c4..bb66e527  HEAD -> main
[2026-07-05T22:30:45Z] dashboard publish complete
[2026-07-05T23:00:00Z] starting dashboard publish

   ___           __               __ __         _             
  / _ | ________/ /  ___  ___    / // /__  ____(_)__ ___  ___ 
 / __ |/ __/ __/ _ \/ _ \/ _ \  / _  / _ \/ __/ /_ // _ \/ _ \
/_/ |_/_/  \__/_//_/\___/_//_/ /_//_/\___/_/ /_//__/\___/_//_/

 v0.1.0    https://github.com/frenzymath/Archon-Horizon  ───────────────────────

[HORIZON] committed exported dashboard to the workspace ledger (774c8e4461).
[HORIZON] ✓ exported static dashboard to dashboard/index.html
[HORIZON] GitHub Pages workflow already present at 
.github/workflows/horizon-dashboard-pages.yml; left untouched.
[HORIZON] › Push the workspace repo to your GitHub remote, then enable Pages 
(Settings → Pages → Source: GitHub Actions).
[HORIZON] If the deploy fails with "Branch main is not allowed to deploy to 
github-pages", clear the environment's branch rule: Settings → Environments → 
github-pages → Deployment branches and tags → allow main (or 'No restriction').
To https://github.com/AxelDlv00/LeanAlgebraicGeometry.git
   bb66e527..774c8e44  HEAD -> main
[2026-07-05T23:00:43Z] dashboard publish complete
[2026-07-05T23:30:00Z] starting dashboard publish

   ___           __               __ __         _             
  / _ | ________/ /  ___  ___    / // /__  ____(_)__ ___  ___ 
 / __ |/ __/ __/ _ \/ _ \/ _ \  / _  / _ \/ __/ /_ // _ \/ _ \
/_/ |_/_/  \__/_//_/\___/_//_/ /_//_/\___/_/ /_//__/\___/_//_/

 v0.1.0    https://github.com/frenzymath/Archon-Horizon  ───────────────────────

[HORIZON] committed exported dashboard to the workspace ledger (74f855d99d).
[HORIZON] ✓ exported static dashboard to dashboard/index.html
[HORIZON] GitHub Pages workflow already present at 
.github/workflows/horizon-dashboard-pages.yml; left untouched.
[HORIZON] › Push the workspace repo to your GitHub remote, then enable Pages 
(Settings → Pages → Source: GitHub Actions).
[HORIZON] If the deploy fails with "Branch main is not allowed to deploy to 
github-pages", clear the environment's branch rule: Settings → Environments → 
github-pages → Deployment branches and tags → allow main (or 'No restriction').
To https://github.com/AxelDlv00/LeanAlgebraicGeometry.git
   774c8e44..74f855d9  HEAD -> main
[2026-07-05T23:30:42Z] dashboard publish complete
[2026-07-06T00:00:00Z] starting dashboard publish

   ___           __               __ __         _             
  / _ | ________/ /  ___  ___    / // /__  ____(_)__ ___  ___ 
 / __ |/ __/ __/ _ \/ _ \/ _ \  / _  / _ \/ __/ /_ // _ \/ _ \
/_/ |_/_/  \__/_//_/\___/_//_/ /_//_/\___/_/ /_//__/\___/_//_/

 v0.1.0    https://github.com/frenzymath/Archon-Horizon  ───────────────────────

[HORIZON] committed exported dashboard to the workspace ledger (f18c35545d).
[HORIZON] ✓ exported static dashboard to dashboard/index.html
[HORIZON] GitHub Pages workflow already present at 
.github/workflows/horizon-dashboard-pages.yml; left untouched.
[HORIZON] › Push the workspace repo to your GitHub remote, then enable Pages 
(Settings → Pages → Source: GitHub Actions).
[HORIZON] If the deploy fails with "Branch main is not allowed to deploy to 
github-pages", clear the environment's branch rule: Settings → Environments → 
github-pages → Deployment branches and tags → allow main (or 'No restriction').
To https://github.com/AxelDlv00/LeanAlgebraicGeometry.git
   74f855d9..f18c3554  HEAD -> main
[2026-07-06T00:00:44Z] dashboard publish complete
[2026-07-06T00:30:00Z] starting dashboard publish

   ___           __               __ __         _             
  / _ | ________/ /  ___  ___    / // /__  ____(_)__ ___  ___ 
 / __ |/ __/ __/ _ \/ _ \/ _ \  / _  / _ \/ __/ /_ // _ \/ _ \
/_/ |_/_/  \__/_//_/\___/_//_/ /_//_/\___/_/ /_//__/\___/_//_/

 v0.1.0    https://github.com/frenzymath/Archon-Horizon  ───────────────────────

[HORIZON] committed exported dashboard to the workspace ledger (c19e34b0a2).
[HORIZON] ✓ exported static dashboard to dashboard/index.html
[HORIZON] GitHub Pages workflow already present at 
.github/workflows/horizon-dashboard-pages.yml; left untouched.
[HORIZON] › Push the workspace repo to your GitHub remote, then enable Pages 
(Settings → Pages → Source: GitHub Actions).
[HORIZON] If the deploy fails with "Branch main is not allowed to deploy to 
github-pages", clear the environment's branch rule: Settings → Environments → 
github-pages → Deployment branches and tags → allow main (or 'No restriction').
To https://github.com/AxelDlv00/LeanAlgebraicGeometry.git
   f18c3554..c19e34b0  HEAD -> main
[2026-07-06T00:30:45Z] dashboard publish complete
[2026-07-06T01:00:00Z] starting dashboard publish

   ___           __               __ __         _             
  / _ | ________/ /  ___  ___    / // /__  ____(_)__ ___  ___ 
 / __ |/ __/ __/ _ \/ _ \/ _ \  / _  / _ \/ __/ /_ // _ \/ _ \
/_/ |_/_/  \__/_//_/\___/_//_/ /_//_/\___/_/ /_//__/\___/_//_/

 v0.1.0    https://github.com/frenzymath/Archon-Horizon  ───────────────────────

[HORIZON] committed exported dashboard to the workspace ledger (11ba45b841).
[HORIZON] ✓ exported static dashboard to dashboard/index.html
[HORIZON] GitHub Pages workflow already present at 
.github/workflows/horizon-dashboard-pages.yml; left untouched.
[HORIZON] › Push the workspace repo to your GitHub remote, then enable Pages 
(Settings → Pages → Source: GitHub Actions).
[HORIZON] If the deploy fails with "Branch main is not allowed to deploy to 
github-pages", clear the environment's branch rule: Settings → Environments → 
github-pages → Deployment branches and tags → allow main (or 'No restriction').
To https://github.com/AxelDlv00/LeanAlgebraicGeometry.git
   c19e34b0..11ba45b8  HEAD -> main
[2026-07-06T01:00:45Z] dashboard publish complete
[2026-07-06T01:30:00Z] starting dashboard publish

   ___           __               __ __         _             
  / _ | ________/ /  ___  ___    / // /__  ____(_)__ ___  ___ 
 / __ |/ __/ __/ _ \/ _ \/ _ \  / _  / _ \/ __/ /_ // _ \/ _ \
/_/ |_/_/  \__/_//_/\___/_//_/ /_//_/\___/_/ /_//__/\___/_//_/

 v0.1.0    https://github.com/frenzymath/Archon-Horizon  ───────────────────────

[HORIZON] committed exported dashboard to the workspace ledger (a2ba1c9ad4).
[HORIZON] ✓ exported static dashboard to dashboard/index.html
[HORIZON] GitHub Pages workflow already present at 
.github/workflows/horizon-dashboard-pages.yml; left untouched.
[HORIZON] › Push the workspace repo to your GitHub remote, then enable Pages 
(Settings → Pages → Source: GitHub Actions).
[HORIZON] If the deploy fails with "Branch main is not allowed to deploy to 
github-pages", clear the environment's branch rule: Settings → Environments → 
github-pages → Deployment branches and tags → allow main (or 'No restriction').
To https://github.com/AxelDlv00/LeanAlgebraicGeometry.git
   11ba45b8..a2ba1c9a  HEAD -> main
[2026-07-06T01:30:45Z] dashboard publish complete
[2026-07-06T02:00:00Z] starting dashboard publish

   ___           __               __ __         _             
  / _ | ________/ /  ___  ___    / // /__  ____(_)__ ___  ___ 
 / __ |/ __/ __/ _ \/ _ \/ _ \  / _  / _ \/ __/ /_ // _ \/ _ \
/_/ |_/_/  \__/_//_/\___/_//_/ /_//_/\___/_/ /_//__/\___/_//_/

 v0.1.0    https://github.com/frenzymath/Archon-Horizon  ───────────────────────

[HORIZON] committed exported dashboard to the workspace ledger (c74877a7cf).
[HORIZON] ✓ exported static dashboard to dashboard/index.html
[HORIZON] GitHub Pages workflow already present at 
.github/workflows/horizon-dashboard-pages.yml; left untouched.
[HORIZON] › Push the workspace repo to your GitHub remote, then enable Pages 
(Settings → Pages → Source: GitHub Actions).
[HORIZON] If the deploy fails with "Branch main is not allowed to deploy to 
github-pages", clear the environment's branch rule: Settings → Environments → 
github-pages → Deployment branches and tags → allow main (or 'No restriction').
To https://github.com/AxelDlv00/LeanAlgebraicGeometry.git
   a2ba1c9a..c74877a7  HEAD -> main
[2026-07-06T02:00:48Z] dashboard publish complete
[2026-07-06T02:30:00Z] starting dashboard publish

   ___           __               __ __         _             
  / _ | ________/ /  ___  ___    / // /__  ____(_)__ ___  ___ 
 / __ |/ __/ __/ _ \/ _ \/ _ \  / _  / _ \/ __/ /_ // _ \/ _ \
/_/ |_/_/  \__/_//_/\___/_//_/ /_//_/\___/_/ /_//__/\___/_//_/

 v0.1.0    https://github.com/frenzymath/Archon-Horizon  ───────────────────────

[HORIZON] committed exported dashboard to the workspace ledger (0a5b492e72).
[HORIZON] ✓ exported static dashboard to dashboard/index.html
[HORIZON] GitHub Pages workflow already present at 
.github/workflows/horizon-dashboard-pages.yml; left untouched.
[HORIZON] › Push the workspace repo to your GitHub remote, then enable Pages 
(Settings → Pages → Source: GitHub Actions).
[HORIZON] If the deploy fails with "Branch main is not allowed to deploy to 
github-pages", clear the environment's branch rule: Settings → Environments → 
github-pages → Deployment branches and tags → allow main (or 'No restriction').
To https://github.com/AxelDlv00/LeanAlgebraicGeometry.git
   c74877a7..0a5b492e  HEAD -> main
[2026-07-06T02:30:50Z] dashboard publish complete
[2026-07-06T03:00:00Z] starting dashboard publish

   ___           __               __ __         _             
  / _ | ________/ /  ___  ___    / // /__  ____(_)__ ___  ___ 
 / __ |/ __/ __/ _ \/ _ \/ _ \  / _  / _ \/ __/ /_ // _ \/ _ \
/_/ |_/_/  \__/_//_/\___/_//_/ /_//_/\___/_/ /_//__/\___/_//_/

 v0.1.0    https://github.com/frenzymath/Archon-Horizon  ───────────────────────

[HORIZON] committed exported dashboard to the workspace ledger (1b8b9aeefd).
[HORIZON] ✓ exported static dashboard to dashboard/index.html
[HORIZON] GitHub Pages workflow already present at 
.github/workflows/horizon-dashboard-pages.yml; left untouched.
[HORIZON] › Push the workspace repo to your GitHub remote, then enable Pages 
(Settings → Pages → Source: GitHub Actions).
[HORIZON] If the deploy fails with "Branch main is not allowed to deploy to 
github-pages", clear the environment's branch rule: Settings → Environments → 
github-pages → Deployment branches and tags → allow main (or 'No restriction').
To https://github.com/AxelDlv00/LeanAlgebraicGeometry.git
   0a5b492e..1b8b9aee  HEAD -> main
[2026-07-06T03:00:56Z] dashboard publish complete
[2026-07-06T03:30:00Z] starting dashboard publish

   ___           __               __ __         _             
  / _ | ________/ /  ___  ___    / // /__  ____(_)__ ___  ___ 
 / __ |/ __/ __/ _ \/ _ \/ _ \  / _  / _ \/ __/ /_ // _ \/ _ \
/_/ |_/_/  \__/_//_/\___/_//_/ /_//_/\___/_/ /_//__/\___/_//_/

 v0.1.0    https://github.com/frenzymath/Archon-Horizon  ───────────────────────

[HORIZON] committed exported dashboard to the workspace ledger (79c3e5d29a).
[HORIZON] ✓ exported static dashboard to dashboard/index.html
[HORIZON] GitHub Pages workflow already present at 
.github/workflows/horizon-dashboard-pages.yml; left untouched.
[HORIZON] › Push the workspace repo to your GitHub remote, then enable Pages 
(Settings → Pages → Source: GitHub Actions).
[HORIZON] If the deploy fails with "Branch main is not allowed to deploy to 
github-pages", clear the environment's branch rule: Settings → Environments → 
github-pages → Deployment branches and tags → allow main (or 'No restriction').
To https://github.com/AxelDlv00/LeanAlgebraicGeometry.git
   1b8b9aee..79c3e5d2  HEAD -> main
[2026-07-06T03:30:51Z] dashboard publish complete
[2026-07-06T04:00:00Z] starting dashboard publish

   ___           __               __ __         _             
  / _ | ________/ /  ___  ___    / // /__  ____(_)__ ___  ___ 
 / __ |/ __/ __/ _ \/ _ \/ _ \  / _  / _ \/ __/ /_ // _ \/ _ \
/_/ |_/_/  \__/_//_/\___/_//_/ /_//_/\___/_/ /_//__/\___/_//_/

 v0.1.0    https://github.com/frenzymath/Archon-Horizon  ───────────────────────

[HORIZON] committed exported dashboard to the workspace ledger (2361ce70cd).
[HORIZON] ✓ exported static dashboard to dashboard/index.html
[HORIZON] GitHub Pages workflow already present at 
.github/workflows/horizon-dashboard-pages.yml; left untouched.
[HORIZON] › Push the workspace repo to your GitHub remote, then enable Pages 
(Settings → Pages → Source: GitHub Actions).
[HORIZON] If the deploy fails with "Branch main is not allowed to deploy to 
github-pages", clear the environment's branch rule: Settings → Environments → 
github-pages → Deployment branches and tags → allow main (or 'No restriction').
To https://github.com/AxelDlv00/LeanAlgebraicGeometry.git
   79c3e5d2..2361ce70  HEAD -> main
[2026-07-06T04:00:47Z] dashboard publish complete
[2026-07-06T04:30:00Z] starting dashboard publish

   ___           __               __ __         _             
  / _ | ________/ /  ___  ___    / // /__  ____(_)__ ___  ___ 
 / __ |/ __/ __/ _ \/ _ \/ _ \  / _  / _ \/ __/ /_ // _ \/ _ \
/_/ |_/_/  \__/_//_/\___/_//_/ /_//_/\___/_/ /_//__/\___/_//_/

 v0.1.0    https://github.com/frenzymath/Archon-Horizon  ───────────────────────

[HORIZON] committed exported dashboard to the workspace ledger (27e94b3f04).
[HORIZON] ✓ exported static dashboard to dashboard/index.html
[HORIZON] GitHub Pages workflow already present at 
.github/workflows/horizon-dashboard-pages.yml; left untouched.
[HORIZON] › Push the workspace repo to your GitHub remote, then enable Pages 
(Settings → Pages → Source: GitHub Actions).
[HORIZON] If the deploy fails with "Branch main is not allowed to deploy to 
github-pages", clear the environment's branch rule: Settings → Environments → 
github-pages → Deployment branches and tags → allow main (or 'No restriction').
To https://github.com/AxelDlv00/LeanAlgebraicGeometry.git
   2361ce70..27e94b3f  HEAD -> main
[2026-07-06T04:30:46Z] dashboard publish complete
[2026-07-06T05:00:00Z] starting dashboard publish

   ___           __               __ __         _             
  / _ | ________/ /  ___  ___    / // /__  ____(_)__ ___  ___ 
 / __ |/ __/ __/ _ \/ _ \/ _ \  / _  / _ \/ __/ /_ // _ \/ _ \
/_/ |_/_/  \__/_//_/\___/_//_/ /_//_/\___/_/ /_//__/\___/_//_/

 v0.1.0    https://github.com/frenzymath/Archon-Horizon  ───────────────────────

[HORIZON] committed exported dashboard to the workspace ledger (af368d8975).
[HORIZON] ✓ exported static dashboard to dashboard/index.html
[HORIZON] GitHub Pages workflow already present at 
.github/workflows/horizon-dashboard-pages.yml; left untouched.
[HORIZON] › Push the workspace repo to your GitHub remote, then enable Pages 
(Settings → Pages → Source: GitHub Actions).
[HORIZON] If the deploy fails with "Branch main is not allowed to deploy to 
github-pages", clear the environment's branch rule: Settings → Environments → 
github-pages → Deployment branches and tags → allow main (or 'No restriction').
To https://github.com/AxelDlv00/LeanAlgebraicGeometry.git
   27e94b3f..af368d89  HEAD -> main
[2026-07-06T05:00:48Z] dashboard publish complete
[2026-07-06T05:30:00Z] starting dashboard publish

   ___           __               __ __         _             
  / _ | ________/ /  ___  ___    / // /__  ____(_)__ ___  ___ 
 / __ |/ __/ __/ _ \/ _ \/ _ \  / _  / _ \/ __/ /_ // _ \/ _ \
/_/ |_/_/  \__/_//_/\___/_//_/ /_//_/\___/_/ /_//__/\___/_//_/

 v0.1.0    https://github.com/frenzymath/Archon-Horizon  ───────────────────────

[HORIZON] committed exported dashboard to the workspace ledger (c5634a3a82).
[HORIZON] ✓ exported static dashboard to dashboard/index.html
[HORIZON] GitHub Pages workflow already present at 
.github/workflows/horizon-dashboard-pages.yml; left untouched.
[HORIZON] › Push the workspace repo to your GitHub remote, then enable Pages 
(Settings → Pages → Source: GitHub Actions).
[HORIZON] If the deploy fails with "Branch main is not allowed to deploy to 
github-pages", clear the environment's branch rule: Settings → Environments → 
github-pages → Deployment branches and tags → allow main (or 'No restriction').
To https://github.com/AxelDlv00/LeanAlgebraicGeometry.git
   af368d89..c5634a3a  HEAD -> main
[2026-07-06T05:30:46Z] dashboard publish complete
[2026-07-06T06:00:00Z] starting dashboard publish

   ___           __               __ __         _             
  / _ | ________/ /  ___  ___    / // /__  ____(_)__ ___  ___ 
 / __ |/ __/ __/ _ \/ _ \/ _ \  / _  / _ \/ __/ /_ // _ \/ _ \
/_/ |_/_/  \__/_//_/\___/_//_/ /_//_/\___/_/ /_//__/\___/_//_/

 v0.1.0    https://github.com/frenzymath/Archon-Horizon  ───────────────────────

[HORIZON] committed exported dashboard to the workspace ledger (eed04e34f9).
[HORIZON] ✓ exported static dashboard to dashboard/index.html
[HORIZON] GitHub Pages workflow already present at 
.github/workflows/horizon-dashboard-pages.yml; left untouched.
[HORIZON] › Push the workspace repo to your GitHub remote, then enable Pages 
(Settings → Pages → Source: GitHub Actions).
[HORIZON] If the deploy fails with "Branch main is not allowed to deploy to 
github-pages", clear the environment's branch rule: Settings → Environments → 
github-pages → Deployment branches and tags → allow main (or 'No restriction').
To https://github.com/AxelDlv00/LeanAlgebraicGeometry.git
   c5634a3a..eed04e34  HEAD -> main
[2026-07-06T06:00:49Z] dashboard publish complete
[2026-07-06T06:30:00Z] starting dashboard publish

   ___           __               __ __         _             
  / _ | ________/ /  ___  ___    / // /__  ____(_)__ ___  ___ 
 / __ |/ __/ __/ _ \/ _ \/ _ \  / _  / _ \/ __/ /_ // _ \/ _ \
/_/ |_/_/  \__/_//_/\___/_//_/ /_//_/\___/_/ /_//__/\___/_//_/

 v0.1.0    https://github.com/frenzymath/Archon-Horizon  ───────────────────────

[HORIZON] committed exported dashboard to the workspace ledger (e761102a34).
[HORIZON] ✓ exported static dashboard to dashboard/index.html
[HORIZON] GitHub Pages workflow already present at 
.github/workflows/horizon-dashboard-pages.yml; left untouched.
[HORIZON] › Push the workspace repo to your GitHub remote, then enable Pages 
(Settings → Pages → Source: GitHub Actions).
[HORIZON] If the deploy fails with "Branch main is not allowed to deploy to 
github-pages", clear the environment's branch rule: Settings → Environments → 
github-pages → Deployment branches and tags → allow main (or 'No restriction').
To https://github.com/AxelDlv00/LeanAlgebraicGeometry.git
   eed04e34..e761102a  HEAD -> main
[2026-07-06T06:30:47Z] dashboard publish complete
[2026-07-06T07:00:00Z] starting dashboard publish

   ___           __               __ __         _             
  / _ | ________/ /  ___  ___    / // /__  ____(_)__ ___  ___ 
 / __ |/ __/ __/ _ \/ _ \/ _ \  / _  / _ \/ __/ /_ // _ \/ _ \
/_/ |_/_/  \__/_//_/\___/_//_/ /_//_/\___/_/ /_//__/\___/_//_/

 v0.1.0    https://github.com/frenzymath/Archon-Horizon  ───────────────────────

[HORIZON] committed exported dashboard to the workspace ledger (b072b563b2).
[HORIZON] ✓ exported static dashboard to dashboard/index.html
[HORIZON] GitHub Pages workflow already present at 
.github/workflows/horizon-dashboard-pages.yml; left untouched.
[HORIZON] › Push the workspace repo to your GitHub remote, then enable Pages 
(Settings → Pages → Source: GitHub Actions).
[HORIZON] If the deploy fails with "Branch main is not allowed to deploy to 
github-pages", clear the environment's branch rule: Settings → Environments → 
github-pages → Deployment branches and tags → allow main (or 'No restriction').
To https://github.com/AxelDlv00/LeanAlgebraicGeometry.git
   e761102a..b072b563  HEAD -> main
[2026-07-06T07:00:46Z] dashboard publish complete
[2026-07-06T07:30:00Z] starting dashboard publish

   ___           __               __ __         _             
  / _ | ________/ /  ___  ___    / // /__  ____(_)__ ___  ___ 
 / __ |/ __/ __/ _ \/ _ \/ _ \  / _  / _ \/ __/ /_ // _ \/ _ \
/_/ |_/_/  \__/_//_/\___/_//_/ /_//_/\___/_/ /_//__/\___/_//_/

 v0.1.0    https://github.com/frenzymath/Archon-Horizon  ───────────────────────

[HORIZON] committed exported dashboard to the workspace ledger (9d8610c646).
[HORIZON] ✓ exported static dashboard to dashboard/index.html
[HORIZON] GitHub Pages workflow already present at 
.github/workflows/horizon-dashboard-pages.yml; left untouched.
[HORIZON] › Push the workspace repo to your GitHub remote, then enable Pages 
(Settings → Pages → Source: GitHub Actions).
[HORIZON] If the deploy fails with "Branch main is not allowed to deploy to 
github-pages", clear the environment's branch rule: Settings → Environments → 
github-pages → Deployment branches and tags → allow main (or 'No restriction').
To https://github.com/AxelDlv00/LeanAlgebraicGeometry.git
   b072b563b..9d8610c64  HEAD -> main
[2026-07-06T07:30:54Z] dashboard publish complete
[2026-07-06T08:00:00Z] starting dashboard publish

   ___           __               __ __         _             
  / _ | ________/ /  ___  ___    / // /__  ____(_)__ ___  ___ 
 / __ |/ __/ __/ _ \/ _ \/ _ \  / _  / _ \/ __/ /_ // _ \/ _ \
/_/ |_/_/  \__/_//_/\___/_//_/ /_//_/\___/_/ /_//__/\___/_//_/

 v0.1.0    https://github.com/frenzymath/Archon-Horizon  ───────────────────────

[HORIZON] committed exported dashboard to the workspace ledger (fdd80c2975).
[HORIZON] ✓ exported static dashboard to dashboard/index.html
[HORIZON] GitHub Pages workflow already present at 
.github/workflows/horizon-dashboard-pages.yml; left untouched.
[HORIZON] › Push the workspace repo to your GitHub remote, then enable Pages 
(Settings → Pages → Source: GitHub Actions).
[HORIZON] If the deploy fails with "Branch main is not allowed to deploy to 
github-pages", clear the environment's branch rule: Settings → Environments → 
github-pages → Deployment branches and tags → allow main (or 'No restriction').
To https://github.com/AxelDlv00/LeanAlgebraicGeometry.git
   9d8610c64..fdd80c297  HEAD -> main
[2026-07-06T08:00:50Z] dashboard publish complete
[2026-07-06T08:30:00Z] starting dashboard publish

   ___           __               __ __         _             
  / _ | ________/ /  ___  ___    / // /__  ____(_)__ ___  ___ 
 / __ |/ __/ __/ _ \/ _ \/ _ \  / _  / _ \/ __/ /_ // _ \/ _ \
/_/ |_/_/  \__/_//_/\___/_//_/ /_//_/\___/_/ /_//__/\___/_//_/

 v0.1.0    https://github.com/frenzymath/Archon-Horizon  ───────────────────────

[HORIZON] committed exported dashboard to the workspace ledger (0ec48338ea).
[HORIZON] ✓ exported static dashboard to dashboard/index.html
[HORIZON] GitHub Pages workflow already present at 
.github/workflows/horizon-dashboard-pages.yml; left untouched.
[HORIZON] › Push the workspace repo to your GitHub remote, then enable Pages 
(Settings → Pages → Source: GitHub Actions).
[HORIZON] If the deploy fails with "Branch main is not allowed to deploy to 
github-pages", clear the environment's branch rule: Settings → Environments → 
github-pages → Deployment branches and tags → allow main (or 'No restriction').
To https://github.com/AxelDlv00/LeanAlgebraicGeometry.git
   fdd80c297..0ec48338e  HEAD -> main
[2026-07-06T08:30:56Z] dashboard publish complete
[2026-07-06T09:00:00Z] starting dashboard publish

   ___           __               __ __         _             
  / _ | ________/ /  ___  ___    / // /__  ____(_)__ ___  ___ 
 / __ |/ __/ __/ _ \/ _ \/ _ \  / _  / _ \/ __/ /_ // _ \/ _ \
/_/ |_/_/  \__/_//_/\___/_//_/ /_//_/\___/_/ /_//__/\___/_//_/

 v0.1.0    https://github.com/frenzymath/Archon-Horizon  ───────────────────────

[HORIZON] committed exported dashboard to the workspace ledger (8769d65bfd).
[HORIZON] ✓ exported static dashboard to dashboard/index.html
[HORIZON] GitHub Pages workflow already present at 
.github/workflows/horizon-dashboard-pages.yml; left untouched.
[HORIZON] › Push the workspace repo to your GitHub remote, then enable Pages 
(Settings → Pages → Source: GitHub Actions).
[HORIZON] If the deploy fails with "Branch main is not allowed to deploy to 
github-pages", clear the environment's branch rule: Settings → Environments → 
github-pages → Deployment branches and tags → allow main (or 'No restriction').
To https://github.com/AxelDlv00/LeanAlgebraicGeometry.git
   0ec48338e..8769d65bf  HEAD -> main
[2026-07-06T09:00:45Z] dashboard publish complete
[2026-07-06T09:30:00Z] starting dashboard publish

   ___           __               __ __         _             
  / _ | ________/ /  ___  ___    / // /__  ____(_)__ ___  ___ 
 / __ |/ __/ __/ _ \/ _ \/ _ \  / _  / _ \/ __/ /_ // _ \/ _ \
/_/ |_/_/  \__/_//_/\___/_//_/ /_//_/\___/_/ /_//__/\___/_//_/

 v0.1.0    https://github.com/frenzymath/Archon-Horizon  ───────────────────────

[HORIZON] committed exported dashboard to the workspace ledger (aa5a953887).
[HORIZON] ✓ exported static dashboard to dashboard/index.html
[HORIZON] GitHub Pages workflow already present at 
.github/workflows/horizon-dashboard-pages.yml; left untouched.
[HORIZON] › Push the workspace repo to your GitHub remote, then enable Pages 
(Settings → Pages → Source: GitHub Actions).
[HORIZON] If the deploy fails with "Branch main is not allowed to deploy to 
github-pages", clear the environment's branch rule: Settings → Environments → 
github-pages → Deployment branches and tags → allow main (or 'No restriction').
To https://github.com/AxelDlv00/LeanAlgebraicGeometry.git
   8769d65bf..aa5a95388  HEAD -> main
[2026-07-06T09:30:56Z] dashboard publish complete
[2026-07-06T10:00:00Z] starting dashboard publish

   ___           __               __ __         _             
  / _ | ________/ /  ___  ___    / // /__  ____(_)__ ___  ___ 
 / __ |/ __/ __/ _ \/ _ \/ _ \  / _  / _ \/ __/ /_ // _ \/ _ \
/_/ |_/_/  \__/_//_/\___/_//_/ /_//_/\___/_/ /_//__/\___/_//_/

 v0.1.0    https://github.com/frenzymath/Archon-Horizon  ───────────────────────

[HORIZON] committed exported dashboard to the workspace ledger (4ae1ae24b1).
[HORIZON] ✓ exported static dashboard to dashboard/index.html
[HORIZON] GitHub Pages workflow already present at 
.github/workflows/horizon-dashboard-pages.yml; left untouched.
[HORIZON] › Push the workspace repo to your GitHub remote, then enable Pages 
(Settings → Pages → Source: GitHub Actions).
[HORIZON] If the deploy fails with "Branch main is not allowed to deploy to 
github-pages", clear the environment's branch rule: Settings → Environments → 
github-pages → Deployment branches and tags → allow main (or 'No restriction').
To https://github.com/AxelDlv00/LeanAlgebraicGeometry.git
   aa5a95388..4ae1ae24b  HEAD -> main
[2026-07-06T10:00:50Z] dashboard publish complete
[2026-07-06T10:30:00Z] starting dashboard publish

   ___           __               __ __         _             
  / _ | ________/ /  ___  ___    / // /__  ____(_)__ ___  ___ 
 / __ |/ __/ __/ _ \/ _ \/ _ \  / _  / _ \/ __/ /_ // _ \/ _ \
/_/ |_/_/  \__/_//_/\___/_//_/ /_//_/\___/_/ /_//__/\___/_//_/

 v0.1.0    https://github.com/frenzymath/Archon-Horizon  ───────────────────────

[HORIZON] committed exported dashboard to the workspace ledger (16a78ae753).
[HORIZON] ✓ exported static dashboard to dashboard/index.html
[HORIZON] GitHub Pages workflow already present at 
.github/workflows/horizon-dashboard-pages.yml; left untouched.
[HORIZON] › Push the workspace repo to your GitHub remote, then enable Pages 
(Settings → Pages → Source: GitHub Actions).
[HORIZON] If the deploy fails with "Branch main is not allowed to deploy to 
github-pages", clear the environment's branch rule: Settings → Environments → 
github-pages → Deployment branches and tags → allow main (or 'No restriction').
To https://github.com/AxelDlv00/LeanAlgebraicGeometry.git
   4ae1ae24b..16a78ae75  HEAD -> main
[2026-07-06T10:30:49Z] dashboard publish complete
[2026-07-06T11:00:00Z] starting dashboard publish

   ___           __               __ __         _             
  / _ | ________/ /  ___  ___    / // /__  ____(_)__ ___  ___ 
 / __ |/ __/ __/ _ \/ _ \/ _ \  / _  / _ \/ __/ /_ // _ \/ _ \
/_/ |_/_/  \__/_//_/\___/_//_/ /_//_/\___/_/ /_//__/\___/_//_/

 v0.1.0    https://github.com/frenzymath/Archon-Horizon  ───────────────────────

[HORIZON] committed exported dashboard to the workspace ledger (49bf3feafb).
[HORIZON] ✓ exported static dashboard to dashboard/index.html
[HORIZON] GitHub Pages workflow already present at 
.github/workflows/horizon-dashboard-pages.yml; left untouched.
[HORIZON] › Push the workspace repo to your GitHub remote, then enable Pages 
(Settings → Pages → Source: GitHub Actions).
[HORIZON] If the deploy fails with "Branch main is not allowed to deploy to 
github-pages", clear the environment's branch rule: Settings → Environments → 
github-pages → Deployment branches and tags → allow main (or 'No restriction').
To https://github.com/AxelDlv00/LeanAlgebraicGeometry.git
   16a78ae75..49bf3feaf  HEAD -> main
[2026-07-06T11:00:52Z] dashboard publish complete
[2026-07-06T11:30:00Z] starting dashboard publish

   ___           __               __ __         _             
  / _ | ________/ /  ___  ___    / // /__  ____(_)__ ___  ___ 
 / __ |/ __/ __/ _ \/ _ \/ _ \  / _  / _ \/ __/ /_ // _ \/ _ \
/_/ |_/_/  \__/_//_/\___/_//_/ /_//_/\___/_/ /_//__/\___/_//_/

 v0.1.0    https://github.com/frenzymath/Archon-Horizon  ───────────────────────

[HORIZON] committed exported dashboard to the workspace ledger (41a43549bc).
[HORIZON] ✓ exported static dashboard to dashboard/index.html
[HORIZON] GitHub Pages workflow already present at 
.github/workflows/horizon-dashboard-pages.yml; left untouched.
[HORIZON] › Push the workspace repo to your GitHub remote, then enable Pages 
(Settings → Pages → Source: GitHub Actions).
[HORIZON] If the deploy fails with "Branch main is not allowed to deploy to 
github-pages", clear the environment's branch rule: Settings → Environments → 
github-pages → Deployment branches and tags → allow main (or 'No restriction').
To https://github.com/AxelDlv00/LeanAlgebraicGeometry.git
   49bf3feaf..41a43549b  HEAD -> main
[2026-07-06T11:30:51Z] dashboard publish complete
[2026-07-06T12:00:00Z] starting dashboard publish

   ___           __               __ __         _             
  / _ | ________/ /  ___  ___    / // /__  ____(_)__ ___  ___ 
 / __ |/ __/ __/ _ \/ _ \/ _ \  / _  / _ \/ __/ /_ // _ \/ _ \
/_/ |_/_/  \__/_//_/\___/_//_/ /_//_/\___/_/ /_//__/\___/_//_/

 v0.1.0    https://github.com/frenzymath/Archon-Horizon  ───────────────────────

[HORIZON] committed exported dashboard to the workspace ledger (25eed42f46).
[HORIZON] ✓ exported static dashboard to dashboard/index.html
[HORIZON] GitHub Pages workflow already present at 
.github/workflows/horizon-dashboard-pages.yml; left untouched.
[HORIZON] › Push the workspace repo to your GitHub remote, then enable Pages 
(Settings → Pages → Source: GitHub Actions).
[HORIZON] If the deploy fails with "Branch main is not allowed to deploy to 
github-pages", clear the environment's branch rule: Settings → Environments → 
github-pages → Deployment branches and tags → allow main (or 'No restriction').
To https://github.com/AxelDlv00/LeanAlgebraicGeometry.git
   41a43549b..25eed42f4  HEAD -> main
[2026-07-06T12:00:55Z] dashboard publish complete
[2026-07-06T12:30:00Z] starting dashboard publish

   ___           __               __ __         _             
  / _ | ________/ /  ___  ___    / // /__  ____(_)__ ___  ___ 
 / __ |/ __/ __/ _ \/ _ \/ _ \  / _  / _ \/ __/ /_ // _ \/ _ \
/_/ |_/_/  \__/_//_/\___/_//_/ /_//_/\___/_/ /_//__/\___/_//_/

 v0.1.0    https://github.com/frenzymath/Archon-Horizon  ───────────────────────

[HORIZON] committed exported dashboard to the workspace ledger (39f3567d9f).
[HORIZON] ✓ exported static dashboard to dashboard/index.html
[HORIZON] GitHub Pages workflow already present at 
.github/workflows/horizon-dashboard-pages.yml; left untouched.
[HORIZON] › Push the workspace repo to your GitHub remote, then enable Pages 
(Settings → Pages → Source: GitHub Actions).
[HORIZON] If the deploy fails with "Branch main is not allowed to deploy to 
github-pages", clear the environment's branch rule: Settings → Environments → 
github-pages → Deployment branches and tags → allow main (or 'No restriction').
To https://github.com/AxelDlv00/LeanAlgebraicGeometry.git
   25eed42f4..39f3567d9  HEAD -> main
[2026-07-06T12:30:53Z] dashboard publish complete
[2026-07-06T13:00:00Z] starting dashboard publish

   ___           __               __ __         _             
  / _ | ________/ /  ___  ___    / // /__  ____(_)__ ___  ___ 
 / __ |/ __/ __/ _ \/ _ \/ _ \  / _  / _ \/ __/ /_ // _ \/ _ \
/_/ |_/_/  \__/_//_/\___/_//_/ /_//_/\___/_/ /_//__/\___/_//_/

 v0.1.0    https://github.com/frenzymath/Archon-Horizon  ───────────────────────

[HORIZON] committed exported dashboard to the workspace ledger (55f58592ab).
[HORIZON] ✓ exported static dashboard to dashboard/index.html
[HORIZON] GitHub Pages workflow already present at 
.github/workflows/horizon-dashboard-pages.yml; left untouched.
[HORIZON] › Push the workspace repo to your GitHub remote, then enable Pages 
(Settings → Pages → Source: GitHub Actions).
[HORIZON] If the deploy fails with "Branch main is not allowed to deploy to 
github-pages", clear the environment's branch rule: Settings → Environments → 
github-pages → Deployment branches and tags → allow main (or 'No restriction').
To https://github.com/AxelDlv00/LeanAlgebraicGeometry.git
   39f3567d9..55f58592a  HEAD -> main
[2026-07-06T13:00:50Z] dashboard publish complete
[2026-07-06T13:30:00Z] starting dashboard publish

   ___           __               __ __         _             
  / _ | ________/ /  ___  ___    / // /__  ____(_)__ ___  ___ 
 / __ |/ __/ __/ _ \/ _ \/ _ \  / _  / _ \/ __/ /_ // _ \/ _ \
/_/ |_/_/  \__/_//_/\___/_//_/ /_//_/\___/_/ /_//__/\___/_//_/

 v0.1.0    https://github.com/frenzymath/Archon-Horizon  ───────────────────────

[HORIZON] committed exported dashboard to the workspace ledger (6a811ee88f).
[HORIZON] ✓ exported static dashboard to dashboard/index.html
[HORIZON] GitHub Pages workflow already present at 
.github/workflows/horizon-dashboard-pages.yml; left untouched.
[HORIZON] › Push the workspace repo to your GitHub remote, then enable Pages 
(Settings → Pages → Source: GitHub Actions).
[HORIZON] If the deploy fails with "Branch main is not allowed to deploy to 
github-pages", clear the environment's branch rule: Settings → Environments → 
github-pages → Deployment branches and tags → allow main (or 'No restriction').
To https://github.com/AxelDlv00/LeanAlgebraicGeometry.git
   55f58592a..6a811ee88  HEAD -> main
[2026-07-06T13:30:54Z] dashboard publish complete
[2026-07-06T14:00:00Z] starting dashboard publish

   ___           __               __ __         _             
  / _ | ________/ /  ___  ___    / // /__  ____(_)__ ___  ___ 
 / __ |/ __/ __/ _ \/ _ \/ _ \  / _  / _ \/ __/ /_ // _ \/ _ \
/_/ |_/_/  \__/_//_/\___/_//_/ /_//_/\___/_/ /_//__/\___/_//_/

 v0.1.0    https://github.com/frenzymath/Archon-Horizon  ───────────────────────

[HORIZON] committed exported dashboard to the workspace ledger (5e3dfc0a45).
[HORIZON] ✓ exported static dashboard to dashboard/index.html
[HORIZON] GitHub Pages workflow already present at 
.github/workflows/horizon-dashboard-pages.yml; left untouched.
[HORIZON] › Push the workspace repo to your GitHub remote, then enable Pages 
(Settings → Pages → Source: GitHub Actions).
[HORIZON] If the deploy fails with "Branch main is not allowed to deploy to 
github-pages", clear the environment's branch rule: Settings → Environments → 
github-pages → Deployment branches and tags → allow main (or 'No restriction').
To https://github.com/AxelDlv00/LeanAlgebraicGeometry.git
   6a811ee88..5e3dfc0a4  HEAD -> main
[2026-07-06T14:00:55Z] dashboard publish complete
[2026-07-06T14:30:00Z] starting dashboard publish

   ___           __               __ __         _             
  / _ | ________/ /  ___  ___    / // /__  ____(_)__ ___  ___ 
 / __ |/ __/ __/ _ \/ _ \/ _ \  / _  / _ \/ __/ /_ // _ \/ _ \
/_/ |_/_/  \__/_//_/\___/_//_/ /_//_/\___/_/ /_//__/\___/_//_/

 v0.1.0    https://github.com/frenzymath/Archon-Horizon  ───────────────────────

[HORIZON] committed exported dashboard to the workspace ledger (f79e31968e).
[HORIZON] ✓ exported static dashboard to dashboard/index.html
[HORIZON] GitHub Pages workflow already present at 
.github/workflows/horizon-dashboard-pages.yml; left untouched.
[HORIZON] › Push the workspace repo to your GitHub remote, then enable Pages 
(Settings → Pages → Source: GitHub Actions).
[HORIZON] If the deploy fails with "Branch main is not allowed to deploy to 
github-pages", clear the environment's branch rule: Settings → Environments → 
github-pages → Deployment branches and tags → allow main (or 'No restriction').
To https://github.com/AxelDlv00/LeanAlgebraicGeometry.git
   5e3dfc0a4..f79e31968  HEAD -> main
[2026-07-06T14:30:49Z] dashboard publish complete
[2026-07-06T15:00:00Z] starting dashboard publish

   ___           __               __ __         _             
  / _ | ________/ /  ___  ___    / // /__  ____(_)__ ___  ___ 
 / __ |/ __/ __/ _ \/ _ \/ _ \  / _  / _ \/ __/ /_ // _ \/ _ \
/_/ |_/_/  \__/_//_/\___/_//_/ /_//_/\___/_/ /_//__/\___/_//_/

 v0.1.0    https://github.com/frenzymath/Archon-Horizon  ───────────────────────

[HORIZON] committed exported dashboard to the workspace ledger (4442f25e5d).
[HORIZON] ✓ exported static dashboard to dashboard/index.html
[HORIZON] GitHub Pages workflow already present at 
.github/workflows/horizon-dashboard-pages.yml; left untouched.
[HORIZON] › Push the workspace repo to your GitHub remote, then enable Pages 
(Settings → Pages → Source: GitHub Actions).
[HORIZON] If the deploy fails with "Branch main is not allowed to deploy to 
github-pages", clear the environment's branch rule: Settings → Environments → 
github-pages → Deployment branches and tags → allow main (or 'No restriction').
To https://github.com/AxelDlv00/LeanAlgebraicGeometry.git
   f79e31968..4442f25e5  HEAD -> main
[2026-07-06T15:00:50Z] dashboard publish complete
[2026-07-06T15:30:00Z] starting dashboard publish

   ___           __               __ __         _             
  / _ | ________/ /  ___  ___    / // /__  ____(_)__ ___  ___ 
 / __ |/ __/ __/ _ \/ _ \/ _ \  / _  / _ \/ __/ /_ // _ \/ _ \
/_/ |_/_/  \__/_//_/\___/_//_/ /_//_/\___/_/ /_//__/\___/_//_/

 v0.1.0    https://github.com/frenzymath/Archon-Horizon  ───────────────────────

[HORIZON] committed exported dashboard to the workspace ledger (1c74e34a85).
[HORIZON] ✓ exported static dashboard to dashboard/index.html
[HORIZON] GitHub Pages workflow already present at 
.github/workflows/horizon-dashboard-pages.yml; left untouched.
[HORIZON] › Push the workspace repo to your GitHub remote, then enable Pages 
(Settings → Pages → Source: GitHub Actions).
[HORIZON] If the deploy fails with "Branch main is not allowed to deploy to 
github-pages", clear the environment's branch rule: Settings → Environments → 
github-pages → Deployment branches and tags → allow main (or 'No restriction').
To https://github.com/AxelDlv00/LeanAlgebraicGeometry.git
   4442f25e5..1c74e34a8  HEAD -> main
[2026-07-06T15:30:59Z] dashboard publish complete
[2026-07-06T16:00:00Z] starting dashboard publish

   ___           __               __ __         _             
  / _ | ________/ /  ___  ___    / // /__  ____(_)__ ___  ___ 
 / __ |/ __/ __/ _ \/ _ \/ _ \  / _  / _ \/ __/ /_ // _ \/ _ \
/_/ |_/_/  \__/_//_/\___/_//_/ /_//_/\___/_/ /_//__/\___/_//_/

 v0.1.0    https://github.com/frenzymath/Archon-Horizon  ───────────────────────

[HORIZON] committed exported dashboard to the workspace ledger (8874cbe36f).
[HORIZON] ✓ exported static dashboard to dashboard/index.html
[HORIZON] GitHub Pages workflow already present at 
.github/workflows/horizon-dashboard-pages.yml; left untouched.
[HORIZON] › Push the workspace repo to your GitHub remote, then enable Pages 
(Settings → Pages → Source: GitHub Actions).
[HORIZON] If the deploy fails with "Branch main is not allowed to deploy to 
github-pages", clear the environment's branch rule: Settings → Environments → 
github-pages → Deployment branches and tags → allow main (or 'No restriction').
To https://github.com/AxelDlv00/LeanAlgebraicGeometry.git
   1c74e34a8..8874cbe36  HEAD -> main
[2026-07-06T16:00:51Z] dashboard publish complete
[2026-07-06T16:30:01Z] starting dashboard publish

   ___           __               __ __         _             
  / _ | ________/ /  ___  ___    / // /__  ____(_)__ ___  ___ 
 / __ |/ __/ __/ _ \/ _ \/ _ \  / _  / _ \/ __/ /_ // _ \/ _ \
/_/ |_/_/  \__/_//_/\___/_//_/ /_//_/\___/_/ /_//__/\___/_//_/

 v0.1.0    https://github.com/frenzymath/Archon-Horizon  ───────────────────────

[HORIZON] committed exported dashboard to the workspace ledger (b3eb61b019).
[HORIZON] ✓ exported static dashboard to dashboard/index.html
[HORIZON] GitHub Pages workflow already present at 
.github/workflows/horizon-dashboard-pages.yml; left untouched.
[HORIZON] › Push the workspace repo to your GitHub remote, then enable Pages 
(Settings → Pages → Source: GitHub Actions).
[HORIZON] If the deploy fails with "Branch main is not allowed to deploy to 
github-pages", clear the environment's branch rule: Settings → Environments → 
github-pages → Deployment branches and tags → allow main (or 'No restriction').
To https://github.com/AxelDlv00/LeanAlgebraicGeometry.git
   8874cbe36..b3eb61b01  HEAD -> main
[2026-07-06T16:30:51Z] dashboard publish complete
[2026-07-06T17:00:00Z] starting dashboard publish

   ___           __               __ __         _             
  / _ | ________/ /  ___  ___    / // /__  ____(_)__ ___  ___ 
 / __ |/ __/ __/ _ \/ _ \/ _ \  / _  / _ \/ __/ /_ // _ \/ _ \
/_/ |_/_/  \__/_//_/\___/_//_/ /_//_/\___/_/ /_//__/\___/_//_/

 v0.1.0    https://github.com/frenzymath/Archon-Horizon  ───────────────────────

[HORIZON] committed exported dashboard to the workspace ledger (f6ded1665f).
[HORIZON] ✓ exported static dashboard to dashboard/index.html
[HORIZON] GitHub Pages workflow already present at 
.github/workflows/horizon-dashboard-pages.yml; left untouched.
[HORIZON] › Push the workspace repo to your GitHub remote, then enable Pages 
(Settings → Pages → Source: GitHub Actions).
[HORIZON] If the deploy fails with "Branch main is not allowed to deploy to 
github-pages", clear the environment's branch rule: Settings → Environments → 
github-pages → Deployment branches and tags → allow main (or 'No restriction').
To https://github.com/AxelDlv00/LeanAlgebraicGeometry.git
   b3eb61b01..f6ded1665  HEAD -> main
[2026-07-06T17:00:51Z] dashboard publish complete
[2026-07-06T17:30:00Z] starting dashboard publish

   ___           __               __ __         _             
  / _ | ________/ /  ___  ___    / // /__  ____(_)__ ___  ___ 
 / __ |/ __/ __/ _ \/ _ \/ _ \  / _  / _ \/ __/ /_ // _ \/ _ \
/_/ |_/_/  \__/_//_/\___/_//_/ /_//_/\___/_/ /_//__/\___/_//_/

 v0.1.0    https://github.com/frenzymath/Archon-Horizon  ───────────────────────

[HORIZON] committed exported dashboard to the workspace ledger (831c663093).
[HORIZON] ✓ exported static dashboard to dashboard/index.html
[HORIZON] GitHub Pages workflow already present at 
.github/workflows/horizon-dashboard-pages.yml; left untouched.
[HORIZON] › Push the workspace repo to your GitHub remote, then enable Pages 
(Settings → Pages → Source: GitHub Actions).
[HORIZON] If the deploy fails with "Branch main is not allowed to deploy to 
github-pages", clear the environment's branch rule: Settings → Environments → 
github-pages → Deployment branches and tags → allow main (or 'No restriction').
To https://github.com/AxelDlv00/LeanAlgebraicGeometry.git
   f6ded1665..831c66309  HEAD -> main
[2026-07-06T17:30:51Z] dashboard publish complete
[2026-07-06T18:00:00Z] starting dashboard publish

   ___           __               __ __         _             
  / _ | ________/ /  ___  ___    / // /__  ____(_)__ ___  ___ 
 / __ |/ __/ __/ _ \/ _ \/ _ \  / _  / _ \/ __/ /_ // _ \/ _ \
/_/ |_/_/  \__/_//_/\___/_//_/ /_//_/\___/_/ /_//__/\___/_//_/

 v0.1.0    https://github.com/frenzymath/Archon-Horizon  ───────────────────────

[HORIZON] committed exported dashboard to the workspace ledger (ec44f675d1).
[HORIZON] ✓ exported static dashboard to dashboard/index.html
[HORIZON] GitHub Pages workflow already present at 
.github/workflows/horizon-dashboard-pages.yml; left untouched.
[HORIZON] › Push the workspace repo to your GitHub remote, then enable Pages 
(Settings → Pages → Source: GitHub Actions).
[HORIZON] If the deploy fails with "Branch main is not allowed to deploy to 
github-pages", clear the environment's branch rule: Settings → Environments → 
github-pages → Deployment branches and tags → allow main (or 'No restriction').
To https://github.com/AxelDlv00/LeanAlgebraicGeometry.git
   831c66309..ec44f675d  HEAD -> main
[2026-07-06T18:00:48Z] dashboard publish complete
[2026-07-06T18:30:00Z] starting dashboard publish

   ___           __               __ __         _             
  / _ | ________/ /  ___  ___    / // /__  ____(_)__ ___  ___ 
 / __ |/ __/ __/ _ \/ _ \/ _ \  / _  / _ \/ __/ /_ // _ \/ _ \
/_/ |_/_/  \__/_//_/\___/_//_/ /_//_/\___/_/ /_//__/\___/_//_/

 v0.1.0    https://github.com/frenzymath/Archon-Horizon  ───────────────────────

[HORIZON] committed exported dashboard to the workspace ledger (27cd62734b).
[HORIZON] ✓ exported static dashboard to dashboard/index.html
[HORIZON] GitHub Pages workflow already present at 
.github/workflows/horizon-dashboard-pages.yml; left untouched.
[HORIZON] › Push the workspace repo to your GitHub remote, then enable Pages 
(Settings → Pages → Source: GitHub Actions).
[HORIZON] If the deploy fails with "Branch main is not allowed to deploy to 
github-pages", clear the environment's branch rule: Settings → Environments → 
github-pages → Deployment branches and tags → allow main (or 'No restriction').
To https://github.com/AxelDlv00/LeanAlgebraicGeometry.git
   ec44f675d..27cd62734  HEAD -> main
[2026-07-06T18:30:50Z] dashboard publish complete
[2026-07-06T19:00:00Z] starting dashboard publish

   ___           __               __ __         _             
  / _ | ________/ /  ___  ___    / // /__  ____(_)__ ___  ___ 
 / __ |/ __/ __/ _ \/ _ \/ _ \  / _  / _ \/ __/ /_ // _ \/ _ \
/_/ |_/_/  \__/_//_/\___/_//_/ /_//_/\___/_/ /_//__/\___/_//_/

 v0.1.0    https://github.com/frenzymath/Archon-Horizon  ───────────────────────

[HORIZON] committed exported dashboard to the workspace ledger (6d36cf3812).
[HORIZON] ✓ exported static dashboard to dashboard/index.html
[HORIZON] GitHub Pages workflow already present at 
.github/workflows/horizon-dashboard-pages.yml; left untouched.
[HORIZON] › Push the workspace repo to your GitHub remote, then enable Pages 
(Settings → Pages → Source: GitHub Actions).
[HORIZON] If the deploy fails with "Branch main is not allowed to deploy to 
github-pages", clear the environment's branch rule: Settings → Environments → 
github-pages → Deployment branches and tags → allow main (or 'No restriction').
To https://github.com/AxelDlv00/LeanAlgebraicGeometry.git
   27cd62734..6d36cf381  HEAD -> main
[2026-07-06T19:00:48Z] dashboard publish complete
[2026-07-06T19:30:00Z] starting dashboard publish

   ___           __               __ __         _             
  / _ | ________/ /  ___  ___    / // /__  ____(_)__ ___  ___ 
 / __ |/ __/ __/ _ \/ _ \/ _ \  / _  / _ \/ __/ /_ // _ \/ _ \
/_/ |_/_/  \__/_//_/\___/_//_/ /_//_/\___/_/ /_//__/\___/_//_/

 v0.1.0    https://github.com/frenzymath/Archon-Horizon  ───────────────────────

[HORIZON] committed exported dashboard to the workspace ledger (67b359e50a).
[HORIZON] ✓ exported static dashboard to dashboard/index.html
[HORIZON] GitHub Pages workflow already present at 
.github/workflows/horizon-dashboard-pages.yml; left untouched.
[HORIZON] › Push the workspace repo to your GitHub remote, then enable Pages 
(Settings → Pages → Source: GitHub Actions).
[HORIZON] If the deploy fails with "Branch main is not allowed to deploy to 
github-pages", clear the environment's branch rule: Settings → Environments → 
github-pages → Deployment branches and tags → allow main (or 'No restriction').
To https://github.com/AxelDlv00/LeanAlgebraicGeometry.git
   6d36cf381..67b359e50  HEAD -> main
[2026-07-06T19:30:50Z] dashboard publish complete
[2026-07-06T20:00:00Z] starting dashboard publish

   ___           __               __ __         _             
  / _ | ________/ /  ___  ___    / // /__  ____(_)__ ___  ___ 
 / __ |/ __/ __/ _ \/ _ \/ _ \  / _  / _ \/ __/ /_ // _ \/ _ \
/_/ |_/_/  \__/_//_/\___/_//_/ /_//_/\___/_/ /_//__/\___/_//_/

 v0.1.0    https://github.com/frenzymath/Archon-Horizon  ───────────────────────

[HORIZON] committed exported dashboard to the workspace ledger (8a190719ff).
[HORIZON] ✓ exported static dashboard to dashboard/index.html
[HORIZON] GitHub Pages workflow already present at 
.github/workflows/horizon-dashboard-pages.yml; left untouched.
[HORIZON] › Push the workspace repo to your GitHub remote, then enable Pages 
(Settings → Pages → Source: GitHub Actions).
[HORIZON] If the deploy fails with "Branch main is not allowed to deploy to 
github-pages", clear the environment's branch rule: Settings → Environments → 
github-pages → Deployment branches and tags → allow main (or 'No restriction').
To https://github.com/AxelDlv00/LeanAlgebraicGeometry.git
   67b359e50..8a190719f  HEAD -> main
[2026-07-06T20:00:47Z] dashboard publish complete
[2026-07-06T20:30:00Z] starting dashboard publish

   ___           __               __ __         _             
  / _ | ________/ /  ___  ___    / // /__  ____(_)__ ___  ___ 
 / __ |/ __/ __/ _ \/ _ \/ _ \  / _  / _ \/ __/ /_ // _ \/ _ \
/_/ |_/_/  \__/_//_/\___/_//_/ /_//_/\___/_/ /_//__/\___/_//_/

 v0.1.0    https://github.com/frenzymath/Archon-Horizon  ───────────────────────

[HORIZON] committed exported dashboard to the workspace ledger (5571c24006).
[HORIZON] ✓ exported static dashboard to dashboard/index.html
[HORIZON] GitHub Pages workflow already present at 
.github/workflows/horizon-dashboard-pages.yml; left untouched.
[HORIZON] › Push the workspace repo to your GitHub remote, then enable Pages 
(Settings → Pages → Source: GitHub Actions).
[HORIZON] If the deploy fails with "Branch main is not allowed to deploy to 
github-pages", clear the environment's branch rule: Settings → Environments → 
github-pages → Deployment branches and tags → allow main (or 'No restriction').
To https://github.com/AxelDlv00/LeanAlgebraicGeometry.git
   8a190719f..5571c2400  HEAD -> main
[2026-07-06T20:30:47Z] dashboard publish complete
[2026-07-06T21:00:00Z] starting dashboard publish

   ___           __               __ __         _             
  / _ | ________/ /  ___  ___    / // /__  ____(_)__ ___  ___ 
 / __ |/ __/ __/ _ \/ _ \/ _ \  / _  / _ \/ __/ /_ // _ \/ _ \
/_/ |_/_/  \__/_//_/\___/_//_/ /_//_/\___/_/ /_//__/\___/_//_/

 v0.1.0    https://github.com/frenzymath/Archon-Horizon  ───────────────────────

[HORIZON] committed exported dashboard to the workspace ledger (7305335beb).
[HORIZON] ✓ exported static dashboard to dashboard/index.html
[HORIZON] GitHub Pages workflow already present at 
.github/workflows/horizon-dashboard-pages.yml; left untouched.
[HORIZON] › Push the workspace repo to your GitHub remote, then enable Pages 
(Settings → Pages → Source: GitHub Actions).
[HORIZON] If the deploy fails with "Branch main is not allowed to deploy to 
github-pages", clear the environment's branch rule: Settings → Environments → 
github-pages → Deployment branches and tags → allow main (or 'No restriction').
To https://github.com/AxelDlv00/LeanAlgebraicGeometry.git
   5571c2400..7305335be  HEAD -> main
[2026-07-06T21:00:49Z] dashboard publish complete
[2026-07-06T21:30:00Z] starting dashboard publish

   ___           __               __ __         _             
  / _ | ________/ /  ___  ___    / // /__  ____(_)__ ___  ___ 
 / __ |/ __/ __/ _ \/ _ \/ _ \  / _  / _ \/ __/ /_ // _ \/ _ \
/_/ |_/_/  \__/_//_/\___/_//_/ /_//_/\___/_/ /_//__/\___/_//_/

 v0.1.0    https://github.com/frenzymath/Archon-Horizon  ───────────────────────

[HORIZON] committed exported dashboard to the workspace ledger (1f4061fe33).
[HORIZON] ✓ exported static dashboard to dashboard/index.html
[HORIZON] GitHub Pages workflow already present at 
.github/workflows/horizon-dashboard-pages.yml; left untouched.
[HORIZON] › Push the workspace repo to your GitHub remote, then enable Pages 
(Settings → Pages → Source: GitHub Actions).
[HORIZON] If the deploy fails with "Branch main is not allowed to deploy to 
github-pages", clear the environment's branch rule: Settings → Environments → 
github-pages → Deployment branches and tags → allow main (or 'No restriction').
To https://github.com/AxelDlv00/LeanAlgebraicGeometry.git
   7305335be..1f4061fe3  HEAD -> main
[2026-07-06T21:30:48Z] dashboard publish complete
[2026-07-06T22:00:00Z] starting dashboard publish

   ___           __               __ __         _             
  / _ | ________/ /  ___  ___    / // /__  ____(_)__ ___  ___ 
 / __ |/ __/ __/ _ \/ _ \/ _ \  / _  / _ \/ __/ /_ // _ \/ _ \
/_/ |_/_/  \__/_//_/\___/_//_/ /_//_/\___/_/ /_//__/\___/_//_/

 v0.1.0    https://github.com/frenzymath/Archon-Horizon  ───────────────────────

[HORIZON] committed exported dashboard to the workspace ledger (4cccfa16f7).
[HORIZON] ✓ exported static dashboard to dashboard/index.html
[HORIZON] GitHub Pages workflow already present at 
.github/workflows/horizon-dashboard-pages.yml; left untouched.
[HORIZON] › Push the workspace repo to your GitHub remote, then enable Pages 
(Settings → Pages → Source: GitHub Actions).
[HORIZON] If the deploy fails with "Branch main is not allowed to deploy to 
github-pages", clear the environment's branch rule: Settings → Environments → 
github-pages → Deployment branches and tags → allow main (or 'No restriction').
To https://github.com/AxelDlv00/LeanAlgebraicGeometry.git
   1f4061fe3..4cccfa16f  HEAD -> main
[2026-07-06T22:00:48Z] dashboard publish complete
[2026-07-06T22:30:00Z] starting dashboard publish

   ___           __               __ __         _             
  / _ | ________/ /  ___  ___    / // /__  ____(_)__ ___  ___ 
 / __ |/ __/ __/ _ \/ _ \/ _ \  / _  / _ \/ __/ /_ // _ \/ _ \
/_/ |_/_/  \__/_//_/\___/_//_/ /_//_/\___/_/ /_//__/\___/_//_/

 v0.1.0    https://github.com/frenzymath/Archon-Horizon  ───────────────────────

[HORIZON] committed exported dashboard to the workspace ledger (81b0950900).
[HORIZON] ✓ exported static dashboard to dashboard/index.html
[HORIZON] GitHub Pages workflow already present at 
.github/workflows/horizon-dashboard-pages.yml; left untouched.
[HORIZON] › Push the workspace repo to your GitHub remote, then enable Pages 
(Settings → Pages → Source: GitHub Actions).
[HORIZON] If the deploy fails with "Branch main is not allowed to deploy to 
github-pages", clear the environment's branch rule: Settings → Environments → 
github-pages → Deployment branches and tags → allow main (or 'No restriction').
To https://github.com/AxelDlv00/LeanAlgebraicGeometry.git
   4cccfa16f..81b095090  HEAD -> main
[2026-07-06T22:30:48Z] dashboard publish complete
[2026-07-06T23:00:00Z] starting dashboard publish

   ___           __               __ __         _             
  / _ | ________/ /  ___  ___    / // /__  ____(_)__ ___  ___ 
 / __ |/ __/ __/ _ \/ _ \/ _ \  / _  / _ \/ __/ /_ // _ \/ _ \
/_/ |_/_/  \__/_//_/\___/_//_/ /_//_/\___/_/ /_//__/\___/_//_/

 v0.1.0    https://github.com/frenzymath/Archon-Horizon  ───────────────────────

[HORIZON] committed exported dashboard to the workspace ledger (bb55e827b1).
[HORIZON] ✓ exported static dashboard to dashboard/index.html
[HORIZON] GitHub Pages workflow already present at 
.github/workflows/horizon-dashboard-pages.yml; left untouched.
[HORIZON] › Push the workspace repo to your GitHub remote, then enable Pages 
(Settings → Pages → Source: GitHub Actions).
[HORIZON] If the deploy fails with "Branch main is not allowed to deploy to 
github-pages", clear the environment's branch rule: Settings → Environments → 
github-pages → Deployment branches and tags → allow main (or 'No restriction').
To https://github.com/AxelDlv00/LeanAlgebraicGeometry.git
   81b095090..bb55e827b  HEAD -> main
[2026-07-06T23:00:48Z] dashboard publish complete
[2026-07-06T23:30:00Z] starting dashboard publish

   ___           __               __ __         _             
  / _ | ________/ /  ___  ___    / // /__  ____(_)__ ___  ___ 
 / __ |/ __/ __/ _ \/ _ \/ _ \  / _  / _ \/ __/ /_ // _ \/ _ \
/_/ |_/_/  \__/_//_/\___/_//_/ /_//_/\___/_/ /_//__/\___/_//_/

 v0.1.0    https://github.com/frenzymath/Archon-Horizon  ───────────────────────

[HORIZON] committed exported dashboard to the workspace ledger (504b6baa6e).
[HORIZON] ✓ exported static dashboard to dashboard/index.html
[HORIZON] GitHub Pages workflow already present at 
.github/workflows/horizon-dashboard-pages.yml; left untouched.
[HORIZON] › Push the workspace repo to your GitHub remote, then enable Pages 
(Settings → Pages → Source: GitHub Actions).
[HORIZON] If the deploy fails with "Branch main is not allowed to deploy to 
github-pages", clear the environment's branch rule: Settings → Environments → 
github-pages → Deployment branches and tags → allow main (or 'No restriction').
To https://github.com/AxelDlv00/LeanAlgebraicGeometry.git
   bb55e827b..504b6baa6  HEAD -> main
[2026-07-06T23:30:48Z] dashboard publish complete
[2026-07-07T00:00:00Z] starting dashboard publish

   ___           __               __ __         _             
  / _ | ________/ /  ___  ___    / // /__  ____(_)__ ___  ___ 
 / __ |/ __/ __/ _ \/ _ \/ _ \  / _  / _ \/ __/ /_ // _ \/ _ \
/_/ |_/_/  \__/_//_/\___/_//_/ /_//_/\___/_/ /_//__/\___/_//_/

 v0.1.0    https://github.com/frenzymath/Archon-Horizon  ───────────────────────

[HORIZON] committed exported dashboard to the workspace ledger (ebd94f3041).
[HORIZON] ✓ exported static dashboard to dashboard/index.html
[HORIZON] GitHub Pages workflow already present at 
.github/workflows/horizon-dashboard-pages.yml; left untouched.
[HORIZON] › Push the workspace repo to your GitHub remote, then enable Pages 
(Settings → Pages → Source: GitHub Actions).
[HORIZON] If the deploy fails with "Branch main is not allowed to deploy to 
github-pages", clear the environment's branch rule: Settings → Environments → 
github-pages → Deployment branches and tags → allow main (or 'No restriction').
To https://github.com/AxelDlv00/LeanAlgebraicGeometry.git
   504b6baa6..ebd94f304  HEAD -> main
[2026-07-07T00:00:48Z] dashboard publish complete
[2026-07-07T00:30:00Z] starting dashboard publish

   ___           __               __ __         _             
  / _ | ________/ /  ___  ___    / // /__  ____(_)__ ___  ___ 
 / __ |/ __/ __/ _ \/ _ \/ _ \  / _  / _ \/ __/ /_ // _ \/ _ \
/_/ |_/_/  \__/_//_/\___/_//_/ /_//_/\___/_/ /_//__/\___/_//_/

 v0.1.0    https://github.com/frenzymath/Archon-Horizon  ───────────────────────

[HORIZON] committed exported dashboard to the workspace ledger (ad978a67bc).
[HORIZON] ✓ exported static dashboard to dashboard/index.html
[HORIZON] GitHub Pages workflow already present at 
.github/workflows/horizon-dashboard-pages.yml; left untouched.
[HORIZON] › Push the workspace repo to your GitHub remote, then enable Pages 
(Settings → Pages → Source: GitHub Actions).
[HORIZON] If the deploy fails with "Branch main is not allowed to deploy to 
github-pages", clear the environment's branch rule: Settings → Environments → 
github-pages → Deployment branches and tags → allow main (or 'No restriction').
To https://github.com/AxelDlv00/LeanAlgebraicGeometry.git
   ebd94f304..ad978a67b  HEAD -> main
[2026-07-07T00:30:49Z] dashboard publish complete
[2026-07-07T01:00:00Z] starting dashboard publish

   ___           __               __ __         _             
  / _ | ________/ /  ___  ___    / // /__  ____(_)__ ___  ___ 
 / __ |/ __/ __/ _ \/ _ \/ _ \  / _  / _ \/ __/ /_ // _ \/ _ \
/_/ |_/_/  \__/_//_/\___/_//_/ /_//_/\___/_/ /_//__/\___/_//_/

 v0.1.0    https://github.com/frenzymath/Archon-Horizon  ───────────────────────

[HORIZON] committed exported dashboard to the workspace ledger (9f9e0ca292).
[HORIZON] ✓ exported static dashboard to dashboard/index.html
[HORIZON] GitHub Pages workflow already present at 
.github/workflows/horizon-dashboard-pages.yml; left untouched.
[HORIZON] › Push the workspace repo to your GitHub remote, then enable Pages 
(Settings → Pages → Source: GitHub Actions).
[HORIZON] If the deploy fails with "Branch main is not allowed to deploy to 
github-pages", clear the environment's branch rule: Settings → Environments → 
github-pages → Deployment branches and tags → allow main (or 'No restriction').
To https://github.com/AxelDlv00/LeanAlgebraicGeometry.git
   ad978a67b..9f9e0ca29  HEAD -> main
[2026-07-07T01:00:47Z] dashboard publish complete
[2026-07-07T01:30:00Z] starting dashboard publish

   ___           __               __ __         _             
  / _ | ________/ /  ___  ___    / // /__  ____(_)__ ___  ___ 
 / __ |/ __/ __/ _ \/ _ \/ _ \  / _  / _ \/ __/ /_ // _ \/ _ \
/_/ |_/_/  \__/_//_/\___/_//_/ /_//_/\___/_/ /_//__/\___/_//_/

 v0.1.0    https://github.com/frenzymath/Archon-Horizon  ───────────────────────

[HORIZON] committed exported dashboard to the workspace ledger (413d2cc4d5).
[HORIZON] ✓ exported static dashboard to dashboard/index.html
[HORIZON] GitHub Pages workflow already present at 
.github/workflows/horizon-dashboard-pages.yml; left untouched.
[HORIZON] › Push the workspace repo to your GitHub remote, then enable Pages 
(Settings → Pages → Source: GitHub Actions).
[HORIZON] If the deploy fails with "Branch main is not allowed to deploy to 
github-pages", clear the environment's branch rule: Settings → Environments → 
github-pages → Deployment branches and tags → allow main (or 'No restriction').
To https://github.com/AxelDlv00/LeanAlgebraicGeometry.git
   9f9e0ca29..413d2cc4d  HEAD -> main
[2026-07-07T01:30:53Z] dashboard publish complete
[2026-07-07T02:00:00Z] starting dashboard publish

   ___           __               __ __         _             
  / _ | ________/ /  ___  ___    / // /__  ____(_)__ ___  ___ 
 / __ |/ __/ __/ _ \/ _ \/ _ \  / _  / _ \/ __/ /_ // _ \/ _ \
/_/ |_/_/  \__/_//_/\___/_//_/ /_//_/\___/_/ /_//__/\___/_//_/

 v0.1.0    https://github.com/frenzymath/Archon-Horizon  ───────────────────────

[HORIZON] committed exported dashboard to the workspace ledger (68dc6c3acb).
[HORIZON] ✓ exported static dashboard to dashboard/index.html
[HORIZON] GitHub Pages workflow already present at 
.github/workflows/horizon-dashboard-pages.yml; left untouched.
[HORIZON] › Push the workspace repo to your GitHub remote, then enable Pages 
(Settings → Pages → Source: GitHub Actions).
[HORIZON] If the deploy fails with "Branch main is not allowed to deploy to 
github-pages", clear the environment's branch rule: Settings → Environments → 
github-pages → Deployment branches and tags → allow main (or 'No restriction').
To https://github.com/AxelDlv00/LeanAlgebraicGeometry.git
   413d2cc4d..68dc6c3ac  HEAD -> main
[2026-07-07T02:00:48Z] dashboard publish complete
[2026-07-07T02:30:00Z] starting dashboard publish

   ___           __               __ __         _             
  / _ | ________/ /  ___  ___    / // /__  ____(_)__ ___  ___ 
 / __ |/ __/ __/ _ \/ _ \/ _ \  / _  / _ \/ __/ /_ // _ \/ _ \
/_/ |_/_/  \__/_//_/\___/_//_/ /_//_/\___/_/ /_//__/\___/_//_/

 v0.1.0    https://github.com/frenzymath/Archon-Horizon  ───────────────────────

[HORIZON] committed exported dashboard to the workspace ledger (f468712096).
[HORIZON] ✓ exported static dashboard to dashboard/index.html
[HORIZON] GitHub Pages workflow already present at 
.github/workflows/horizon-dashboard-pages.yml; left untouched.
[HORIZON] › Push the workspace repo to your GitHub remote, then enable Pages 
(Settings → Pages → Source: GitHub Actions).
[HORIZON] If the deploy fails with "Branch main is not allowed to deploy to 
github-pages", clear the environment's branch rule: Settings → Environments → 
github-pages → Deployment branches and tags → allow main (or 'No restriction').
To https://github.com/AxelDlv00/LeanAlgebraicGeometry.git
   68dc6c3ac..f46871209  HEAD -> main
[2026-07-07T02:30:48Z] dashboard publish complete
[2026-07-07T03:00:00Z] starting dashboard publish

   ___           __               __ __         _             
  / _ | ________/ /  ___  ___    / // /__  ____(_)__ ___  ___ 
 / __ |/ __/ __/ _ \/ _ \/ _ \  / _  / _ \/ __/ /_ // _ \/ _ \
/_/ |_/_/  \__/_//_/\___/_//_/ /_//_/\___/_/ /_//__/\___/_//_/

 v0.1.0    https://github.com/frenzymath/Archon-Horizon  ───────────────────────

[HORIZON] committed exported dashboard to the workspace ledger (e0887f44a8).
[HORIZON] ✓ exported static dashboard to dashboard/index.html
[HORIZON] GitHub Pages workflow already present at 
.github/workflows/horizon-dashboard-pages.yml; left untouched.
[HORIZON] › Push the workspace repo to your GitHub remote, then enable Pages 
(Settings → Pages → Source: GitHub Actions).
[HORIZON] If the deploy fails with "Branch main is not allowed to deploy to 
github-pages", clear the environment's branch rule: Settings → Environments → 
github-pages → Deployment branches and tags → allow main (or 'No restriction').
To https://github.com/AxelDlv00/LeanAlgebraicGeometry.git
   f46871209..e0887f44a  HEAD -> main
[2026-07-07T03:00:50Z] dashboard publish complete
[2026-07-07T03:30:00Z] starting dashboard publish

   ___           __               __ __         _             
  / _ | ________/ /  ___  ___    / // /__  ____(_)__ ___  ___ 
 / __ |/ __/ __/ _ \/ _ \/ _ \  / _  / _ \/ __/ /_ // _ \/ _ \
/_/ |_/_/  \__/_//_/\___/_//_/ /_//_/\___/_/ /_//__/\___/_//_/

 v0.1.0    https://github.com/frenzymath/Archon-Horizon  ───────────────────────

[HORIZON] committed exported dashboard to the workspace ledger (d8fd9b81a1).
[HORIZON] ✓ exported static dashboard to dashboard/index.html
[HORIZON] GitHub Pages workflow already present at 
.github/workflows/horizon-dashboard-pages.yml; left untouched.
[HORIZON] › Push the workspace repo to your GitHub remote, then enable Pages 
(Settings → Pages → Source: GitHub Actions).
[HORIZON] If the deploy fails with "Branch main is not allowed to deploy to 
github-pages", clear the environment's branch rule: Settings → Environments → 
github-pages → Deployment branches and tags → allow main (or 'No restriction').
To https://github.com/AxelDlv00/LeanAlgebraicGeometry.git
   e0887f44a..d8fd9b81a  HEAD -> main
[2026-07-07T03:30:51Z] dashboard publish complete
[2026-07-07T04:00:00Z] starting dashboard publish

   ___           __               __ __         _             
  / _ | ________/ /  ___  ___    / // /__  ____(_)__ ___  ___ 
 / __ |/ __/ __/ _ \/ _ \/ _ \  / _  / _ \/ __/ /_ // _ \/ _ \
/_/ |_/_/  \__/_//_/\___/_//_/ /_//_/\___/_/ /_//__/\___/_//_/

 v0.1.0    https://github.com/frenzymath/Archon-Horizon  ───────────────────────

[HORIZON] committed exported dashboard to the workspace ledger (855f2cb795).
[HORIZON] ✓ exported static dashboard to dashboard/index.html
[HORIZON] GitHub Pages workflow already present at 
.github/workflows/horizon-dashboard-pages.yml; left untouched.
[HORIZON] › Push the workspace repo to your GitHub remote, then enable Pages 
(Settings → Pages → Source: GitHub Actions).
[HORIZON] If the deploy fails with "Branch main is not allowed to deploy to 
github-pages", clear the environment's branch rule: Settings → Environments → 
github-pages → Deployment branches and tags → allow main (or 'No restriction').
To https://github.com/AxelDlv00/LeanAlgebraicGeometry.git
   d8fd9b81a..855f2cb79  HEAD -> main
[2026-07-07T04:01:38Z] dashboard publish complete
[2026-07-07T04:30:01Z] starting dashboard publish

   ___           __               __ __         _             
  / _ | ________/ /  ___  ___    / // /__  ____(_)__ ___  ___ 
 / __ |/ __/ __/ _ \/ _ \/ _ \  / _  / _ \/ __/ /_ // _ \/ _ \
/_/ |_/_/  \__/_//_/\___/_//_/ /_//_/\___/_/ /_//__/\___/_//_/

 v0.1.0    https://github.com/frenzymath/Archon-Horizon  ───────────────────────

[HORIZON] committed exported dashboard to the workspace ledger (392df8f99d).
[HORIZON] ✓ exported static dashboard to dashboard/index.html
[HORIZON] GitHub Pages workflow already present at 
.github/workflows/horizon-dashboard-pages.yml; left untouched.
[HORIZON] › Push the workspace repo to your GitHub remote, then enable Pages 
(Settings → Pages → Source: GitHub Actions).
[HORIZON] If the deploy fails with "Branch main is not allowed to deploy to 
github-pages", clear the environment's branch rule: Settings → Environments → 
github-pages → Deployment branches and tags → allow main (or 'No restriction').
To https://github.com/AxelDlv00/LeanAlgebraicGeometry.git
   855f2cb79..392df8f99  HEAD -> main
[2026-07-07T04:31:10Z] dashboard publish complete
[2026-07-07T05:00:00Z] starting dashboard publish

   ___           __               __ __         _             
  / _ | ________/ /  ___  ___    / // /__  ____(_)__ ___  ___ 
 / __ |/ __/ __/ _ \/ _ \/ _ \  / _  / _ \/ __/ /_ // _ \/ _ \
/_/ |_/_/  \__/_//_/\___/_//_/ /_//_/\___/_/ /_//__/\___/_//_/

 v0.1.0    https://github.com/frenzymath/Archon-Horizon  ───────────────────────

[HORIZON] committed exported dashboard to the workspace ledger (64a3809186).
[HORIZON] ✓ exported static dashboard to dashboard/index.html
[HORIZON] GitHub Pages workflow already present at 
.github/workflows/horizon-dashboard-pages.yml; left untouched.
[HORIZON] › Push the workspace repo to your GitHub remote, then enable Pages 
(Settings → Pages → Source: GitHub Actions).
[HORIZON] If the deploy fails with "Branch main is not allowed to deploy to 
github-pages", clear the environment's branch rule: Settings → Environments → 
github-pages → Deployment branches and tags → allow main (or 'No restriction').
To https://github.com/AxelDlv00/LeanAlgebraicGeometry.git
   392df8f99..64a380918  HEAD -> main
[2026-07-07T05:00:54Z] dashboard publish complete
[2026-07-07T05:30:24Z] starting dashboard publish

   ___           __               __ __         _             
  / _ | ________/ /  ___  ___    / // /__  ____(_)__ ___  ___ 
 / __ |/ __/ __/ _ \/ _ \/ _ \  / _  / _ \/ __/ /_ // _ \/ _ \
/_/ |_/_/  \__/_//_/\___/_//_/ /_//_/\___/_/ /_//__/\___/_//_/

 v0.1.0    https://github.com/frenzymath/Archon-Horizon  ───────────────────────

[HORIZON] committed exported dashboard to the workspace ledger (152b2c597f).
[HORIZON] ✓ exported static dashboard to dashboard/index.html
[HORIZON] GitHub Pages workflow already present at 
.github/workflows/horizon-dashboard-pages.yml; left untouched.
[HORIZON] › Push the workspace repo to your GitHub remote, then enable Pages 
(Settings → Pages → Source: GitHub Actions).
[HORIZON] If the deploy fails with "Branch main is not allowed to deploy to 
github-pages", clear the environment's branch rule: Settings → Environments → 
github-pages → Deployment branches and tags → allow main (or 'No restriction').
To https://github.com/AxelDlv00/LeanAlgebraicGeometry.git
   64a380918..152b2c597  HEAD -> main
[2026-07-07T05:31:43Z] dashboard publish complete
[2026-07-07T06:00:00Z] starting dashboard publish

   ___           __               __ __         _             
  / _ | ________/ /  ___  ___    / // /__  ____(_)__ ___  ___ 
 / __ |/ __/ __/ _ \/ _ \/ _ \  / _  / _ \/ __/ /_ // _ \/ _ \
/_/ |_/_/  \__/_//_/\___/_//_/ /_//_/\___/_/ /_//__/\___/_//_/

 v0.1.0    https://github.com/frenzymath/Archon-Horizon  ───────────────────────

[HORIZON] committed exported dashboard to the workspace ledger (2fac88bd8d).
[HORIZON] ✓ exported static dashboard to dashboard/index.html
[HORIZON] GitHub Pages workflow already present at 
.github/workflows/horizon-dashboard-pages.yml; left untouched.
[HORIZON] › Push the workspace repo to your GitHub remote, then enable Pages 
(Settings → Pages → Source: GitHub Actions).
[HORIZON] If the deploy fails with "Branch main is not allowed to deploy to 
github-pages", clear the environment's branch rule: Settings → Environments → 
github-pages → Deployment branches and tags → allow main (or 'No restriction').
To https://github.com/AxelDlv00/LeanAlgebraicGeometry.git
   152b2c597..2fac88bd8  HEAD -> main
[2026-07-07T06:00:58Z] dashboard publish complete
[2026-07-07T06:30:00Z] starting dashboard publish

   ___           __               __ __         _             
  / _ | ________/ /  ___  ___    / // /__  ____(_)__ ___  ___ 
 / __ |/ __/ __/ _ \/ _ \/ _ \  / _  / _ \/ __/ /_ // _ \/ _ \
/_/ |_/_/  \__/_//_/\___/_//_/ /_//_/\___/_/ /_//__/\___/_//_/

 v0.1.0    https://github.com/frenzymath/Archon-Horizon  ───────────────────────

[HORIZON] committed exported dashboard to the workspace ledger (35c3a69219).
[HORIZON] ✓ exported static dashboard to dashboard/index.html
[HORIZON] GitHub Pages workflow already present at 
.github/workflows/horizon-dashboard-pages.yml; left untouched.
[HORIZON] › Push the workspace repo to your GitHub remote, then enable Pages 
(Settings → Pages → Source: GitHub Actions).
[HORIZON] If the deploy fails with "Branch main is not allowed to deploy to 
github-pages", clear the environment's branch rule: Settings → Environments → 
github-pages → Deployment branches and tags → allow main (or 'No restriction').
To https://github.com/AxelDlv00/LeanAlgebraicGeometry.git
   2fac88bd8..35c3a6921  HEAD -> main
[2026-07-07T06:30:54Z] dashboard publish complete
[2026-07-07T07:00:00Z] starting dashboard publish

   ___           __               __ __         _             
  / _ | ________/ /  ___  ___    / // /__  ____(_)__ ___  ___ 
 / __ |/ __/ __/ _ \/ _ \/ _ \  / _  / _ \/ __/ /_ // _ \/ _ \
/_/ |_/_/  \__/_//_/\___/_//_/ /_//_/\___/_/ /_//__/\___/_//_/

 v0.1.0    https://github.com/frenzymath/Archon-Horizon  ───────────────────────

[HORIZON] committed exported dashboard to the workspace ledger (f26834f925).
[HORIZON] ✓ exported static dashboard to dashboard/index.html
[HORIZON] GitHub Pages workflow already present at 
.github/workflows/horizon-dashboard-pages.yml; left untouched.
[HORIZON] › Push the workspace repo to your GitHub remote, then enable Pages 
(Settings → Pages → Source: GitHub Actions).
[HORIZON] If the deploy fails with "Branch main is not allowed to deploy to 
github-pages", clear the environment's branch rule: Settings → Environments → 
github-pages → Deployment branches and tags → allow main (or 'No restriction').
To https://github.com/AxelDlv00/LeanAlgebraicGeometry.git
   35c3a6921..f26834f92  HEAD -> main
[2026-07-07T07:01:04Z] dashboard publish complete
[2026-07-07T07:30:00Z] starting dashboard publish

   ___           __               __ __         _             
  / _ | ________/ /  ___  ___    / // /__  ____(_)__ ___  ___ 
 / __ |/ __/ __/ _ \/ _ \/ _ \  / _  / _ \/ __/ /_ // _ \/ _ \
/_/ |_/_/  \__/_//_/\___/_//_/ /_//_/\___/_/ /_//__/\___/_//_/

 v0.1.0    https://github.com/frenzymath/Archon-Horizon  ───────────────────────

[HORIZON] committed exported dashboard to the workspace ledger (949f308d10).
[HORIZON] ✓ exported static dashboard to dashboard/index.html
[HORIZON] GitHub Pages workflow already present at 
.github/workflows/horizon-dashboard-pages.yml; left untouched.
[HORIZON] › Push the workspace repo to your GitHub remote, then enable Pages 
(Settings → Pages → Source: GitHub Actions).
[HORIZON] If the deploy fails with "Branch main is not allowed to deploy to 
github-pages", clear the environment's branch rule: Settings → Environments → 
github-pages → Deployment branches and tags → allow main (or 'No restriction').
To https://github.com/AxelDlv00/LeanAlgebraicGeometry.git
   f26834f92..949f308d1  HEAD -> main
[2026-07-07T07:30:52Z] dashboard publish complete
[2026-07-07T08:00:00Z] starting dashboard publish

   ___           __               __ __         _             
  / _ | ________/ /  ___  ___    / // /__  ____(_)__ ___  ___ 
 / __ |/ __/ __/ _ \/ _ \/ _ \  / _  / _ \/ __/ /_ // _ \/ _ \
/_/ |_/_/  \__/_//_/\___/_//_/ /_//_/\___/_/ /_//__/\___/_//_/

 v0.1.0    https://github.com/frenzymath/Archon-Horizon  ───────────────────────

[HORIZON] committed exported dashboard to the workspace ledger (1d61547687).
[HORIZON] ✓ exported static dashboard to dashboard/index.html
[HORIZON] GitHub Pages workflow already present at 
.github/workflows/horizon-dashboard-pages.yml; left untouched.
[HORIZON] › Push the workspace repo to your GitHub remote, then enable Pages 
(Settings → Pages → Source: GitHub Actions).
[HORIZON] If the deploy fails with "Branch main is not allowed to deploy to 
github-pages", clear the environment's branch rule: Settings → Environments → 
github-pages → Deployment branches and tags → allow main (or 'No restriction').
To https://github.com/AxelDlv00/LeanAlgebraicGeometry.git
   949f308d1..1d6154768  HEAD -> main
[2026-07-07T08:00:52Z] dashboard publish complete
[2026-07-07T08:30:00Z] starting dashboard publish

   ___           __               __ __         _             
  / _ | ________/ /  ___  ___    / // /__  ____(_)__ ___  ___ 
 / __ |/ __/ __/ _ \/ _ \/ _ \  / _  / _ \/ __/ /_ // _ \/ _ \
/_/ |_/_/  \__/_//_/\___/_//_/ /_//_/\___/_/ /_//__/\___/_//_/

 v0.1.0    https://github.com/frenzymath/Archon-Horizon  ───────────────────────

[HORIZON] committed exported dashboard to the workspace ledger (d0442d307a).
[HORIZON] ✓ exported static dashboard to dashboard/index.html
[HORIZON] GitHub Pages workflow already present at 
.github/workflows/horizon-dashboard-pages.yml; left untouched.
[HORIZON] › Push the workspace repo to your GitHub remote, then enable Pages 
(Settings → Pages → Source: GitHub Actions).
[HORIZON] If the deploy fails with "Branch main is not allowed to deploy to 
github-pages", clear the environment's branch rule: Settings → Environments → 
github-pages → Deployment branches and tags → allow main (or 'No restriction').
To https://github.com/AxelDlv00/LeanAlgebraicGeometry.git
   1d6154768..d0442d307  HEAD -> main
[2026-07-07T08:30:57Z] dashboard publish complete
[2026-07-07T09:00:00Z] starting dashboard publish

   ___           __               __ __         _             
  / _ | ________/ /  ___  ___    / // /__  ____(_)__ ___  ___ 
 / __ |/ __/ __/ _ \/ _ \/ _ \  / _  / _ \/ __/ /_ // _ \/ _ \
/_/ |_/_/  \__/_//_/\___/_//_/ /_//_/\___/_/ /_//__/\___/_//_/

 v0.1.0    https://github.com/frenzymath/Archon-Horizon  ───────────────────────

[HORIZON] committed exported dashboard to the workspace ledger (3eac6dcb25).
[HORIZON] ✓ exported static dashboard to dashboard/index.html
[HORIZON] GitHub Pages workflow already present at 
.github/workflows/horizon-dashboard-pages.yml; left untouched.
[HORIZON] › Push the workspace repo to your GitHub remote, then enable Pages 
(Settings → Pages → Source: GitHub Actions).
[HORIZON] If the deploy fails with "Branch main is not allowed to deploy to 
github-pages", clear the environment's branch rule: Settings → Environments → 
github-pages → Deployment branches and tags → allow main (or 'No restriction').
To https://github.com/AxelDlv00/LeanAlgebraicGeometry.git
   d0442d307..3eac6dcb2  HEAD -> main
[2026-07-07T09:00:54Z] dashboard publish complete
[2026-07-07T09:30:00Z] starting dashboard publish

   ___           __               __ __         _             
  / _ | ________/ /  ___  ___    / // /__  ____(_)__ ___  ___ 
 / __ |/ __/ __/ _ \/ _ \/ _ \  / _  / _ \/ __/ /_ // _ \/ _ \
/_/ |_/_/  \__/_//_/\___/_//_/ /_//_/\___/_/ /_//__/\___/_//_/

 v0.1.0    https://github.com/frenzymath/Archon-Horizon  ───────────────────────

[HORIZON] committed exported dashboard to the workspace ledger (0e0f382ec6).
[HORIZON] ✓ exported static dashboard to dashboard/index.html
[HORIZON] GitHub Pages workflow already present at 
.github/workflows/horizon-dashboard-pages.yml; left untouched.
[HORIZON] › Push the workspace repo to your GitHub remote, then enable Pages 
(Settings → Pages → Source: GitHub Actions).
[HORIZON] If the deploy fails with "Branch main is not allowed to deploy to 
github-pages", clear the environment's branch rule: Settings → Environments → 
github-pages → Deployment branches and tags → allow main (or 'No restriction').
To https://github.com/AxelDlv00/LeanAlgebraicGeometry.git
   3eac6dcb2..0e0f382ec  HEAD -> main
[2026-07-07T09:30:57Z] dashboard publish complete
[2026-07-07T10:00:00Z] starting dashboard publish

   ___           __               __ __         _             
  / _ | ________/ /  ___  ___    / // /__  ____(_)__ ___  ___ 
 / __ |/ __/ __/ _ \/ _ \/ _ \  / _  / _ \/ __/ /_ // _ \/ _ \
/_/ |_/_/  \__/_//_/\___/_//_/ /_//_/\___/_/ /_//__/\___/_//_/

 v0.1.0    https://github.com/frenzymath/Archon-Horizon  ───────────────────────

[HORIZON] committed exported dashboard to the workspace ledger (169c9c3cbf).
[HORIZON] ✓ exported static dashboard to dashboard/index.html
[HORIZON] GitHub Pages workflow already present at 
.github/workflows/horizon-dashboard-pages.yml; left untouched.
[HORIZON] › Push the workspace repo to your GitHub remote, then enable Pages 
(Settings → Pages → Source: GitHub Actions).
[HORIZON] If the deploy fails with "Branch main is not allowed to deploy to 
github-pages", clear the environment's branch rule: Settings → Environments → 
github-pages → Deployment branches and tags → allow main (or 'No restriction').
To https://github.com/AxelDlv00/LeanAlgebraicGeometry.git
   0e0f382ec..169c9c3cb  HEAD -> main
[2026-07-07T10:00:57Z] dashboard publish complete
[2026-07-07T10:30:00Z] starting dashboard publish

   ___           __               __ __         _             
  / _ | ________/ /  ___  ___    / // /__  ____(_)__ ___  ___ 
 / __ |/ __/ __/ _ \/ _ \/ _ \  / _  / _ \/ __/ /_ // _ \/ _ \
/_/ |_/_/  \__/_//_/\___/_//_/ /_//_/\___/_/ /_//__/\___/_//_/

 v0.1.0    https://github.com/frenzymath/Archon-Horizon  ───────────────────────

[HORIZON] committed exported dashboard to the workspace ledger (548e495517).
[HORIZON] ✓ exported static dashboard to dashboard/index.html
[HORIZON] GitHub Pages workflow already present at 
.github/workflows/horizon-dashboard-pages.yml; left untouched.
[HORIZON] › Push the workspace repo to your GitHub remote, then enable Pages 
(Settings → Pages → Source: GitHub Actions).
[HORIZON] If the deploy fails with "Branch main is not allowed to deploy to 
github-pages", clear the environment's branch rule: Settings → Environments → 
github-pages → Deployment branches and tags → allow main (or 'No restriction').
To https://github.com/AxelDlv00/LeanAlgebraicGeometry.git
   169c9c3cb..548e49551  HEAD -> main
[2026-07-07T10:31:00Z] dashboard publish complete
[2026-07-07T11:00:00Z] starting dashboard publish

   ___           __               __ __         _             
  / _ | ________/ /  ___  ___    / // /__  ____(_)__ ___  ___ 
 / __ |/ __/ __/ _ \/ _ \/ _ \  / _  / _ \/ __/ /_ // _ \/ _ \
/_/ |_/_/  \__/_//_/\___/_//_/ /_//_/\___/_/ /_//__/\___/_//_/

 v0.1.0    https://github.com/frenzymath/Archon-Horizon  ───────────────────────

[HORIZON] committed exported dashboard to the workspace ledger (5b7f6ab091).
[HORIZON] ✓ exported static dashboard to dashboard/index.html
[HORIZON] GitHub Pages workflow already present at 
.github/workflows/horizon-dashboard-pages.yml; left untouched.
[HORIZON] › Push the workspace repo to your GitHub remote, then enable Pages 
(Settings → Pages → Source: GitHub Actions).
[HORIZON] If the deploy fails with "Branch main is not allowed to deploy to 
github-pages", clear the environment's branch rule: Settings → Environments → 
github-pages → Deployment branches and tags → allow main (or 'No restriction').
To https://github.com/AxelDlv00/LeanAlgebraicGeometry.git
   548e49551..5b7f6ab09  HEAD -> main
[2026-07-07T11:00:58Z] dashboard publish complete
[2026-07-07T11:30:00Z] starting dashboard publish

   ___           __               __ __         _             
  / _ | ________/ /  ___  ___    / // /__  ____(_)__ ___  ___ 
 / __ |/ __/ __/ _ \/ _ \/ _ \  / _  / _ \/ __/ /_ // _ \/ _ \
/_/ |_/_/  \__/_//_/\___/_//_/ /_//_/\___/_/ /_//__/\___/_//_/

 v0.1.0    https://github.com/frenzymath/Archon-Horizon  ───────────────────────

[HORIZON] committed exported dashboard to the workspace ledger (8ce1c57d5d).
[HORIZON] ✓ exported static dashboard to dashboard/index.html
[HORIZON] GitHub Pages workflow already present at 
.github/workflows/horizon-dashboard-pages.yml; left untouched.
[HORIZON] › Push the workspace repo to your GitHub remote, then enable Pages 
(Settings → Pages → Source: GitHub Actions).
[HORIZON] If the deploy fails with "Branch main is not allowed to deploy to 
github-pages", clear the environment's branch rule: Settings → Environments → 
github-pages → Deployment branches and tags → allow main (or 'No restriction').
To https://github.com/AxelDlv00/LeanAlgebraicGeometry.git
   5b7f6ab09..8ce1c57d5  HEAD -> main
[2026-07-07T11:31:02Z] dashboard publish complete
[2026-07-07T12:00:00Z] starting dashboard publish

   ___           __               __ __         _             
  / _ | ________/ /  ___  ___    / // /__  ____(_)__ ___  ___ 
 / __ |/ __/ __/ _ \/ _ \/ _ \  / _  / _ \/ __/ /_ // _ \/ _ \
/_/ |_/_/  \__/_//_/\___/_//_/ /_//_/\___/_/ /_//__/\___/_//_/

 v0.1.0    https://github.com/frenzymath/Archon-Horizon  ───────────────────────

[HORIZON] committed exported dashboard to the workspace ledger (32c219371e).
[HORIZON] ✓ exported static dashboard to dashboard/index.html
[HORIZON] GitHub Pages workflow already present at 
.github/workflows/horizon-dashboard-pages.yml; left untouched.
[HORIZON] › Push the workspace repo to your GitHub remote, then enable Pages 
(Settings → Pages → Source: GitHub Actions).
[HORIZON] If the deploy fails with "Branch main is not allowed to deploy to 
github-pages", clear the environment's branch rule: Settings → Environments → 
github-pages → Deployment branches and tags → allow main (or 'No restriction').
To https://github.com/AxelDlv00/LeanAlgebraicGeometry.git
   8ce1c57d5..32c219371  HEAD -> main
[2026-07-07T12:01:08Z] dashboard publish complete
[2026-07-07T12:30:00Z] starting dashboard publish

   ___           __               __ __         _             
  / _ | ________/ /  ___  ___    / // /__  ____(_)__ ___  ___ 
 / __ |/ __/ __/ _ \/ _ \/ _ \  / _  / _ \/ __/ /_ // _ \/ _ \
/_/ |_/_/  \__/_//_/\___/_//_/ /_//_/\___/_/ /_//__/\___/_//_/

 v0.1.0    https://github.com/frenzymath/Archon-Horizon  ───────────────────────

[HORIZON] committed exported dashboard to the workspace ledger (7fb0a5efb4).
[HORIZON] ✓ exported static dashboard to dashboard/index.html
[HORIZON] GitHub Pages workflow already present at 
.github/workflows/horizon-dashboard-pages.yml; left untouched.
[HORIZON] › Push the workspace repo to your GitHub remote, then enable Pages 
(Settings → Pages → Source: GitHub Actions).
[HORIZON] If the deploy fails with "Branch main is not allowed to deploy to 
github-pages", clear the environment's branch rule: Settings → Environments → 
github-pages → Deployment branches and tags → allow main (or 'No restriction').
To https://github.com/AxelDlv00/LeanAlgebraicGeometry.git
   32c219371..7fb0a5efb  HEAD -> main
[2026-07-07T12:30:56Z] dashboard publish complete
[2026-07-07T13:00:00Z] starting dashboard publish

   ___           __               __ __         _             
  / _ | ________/ /  ___  ___    / // /__  ____(_)__ ___  ___ 
 / __ |/ __/ __/ _ \/ _ \/ _ \  / _  / _ \/ __/ /_ // _ \/ _ \
/_/ |_/_/  \__/_//_/\___/_//_/ /_//_/\___/_/ /_//__/\___/_//_/

 v0.1.0    https://github.com/frenzymath/Archon-Horizon  ───────────────────────

[HORIZON] committed exported dashboard to the workspace ledger (b6def3fbe0).
[HORIZON] ✓ exported static dashboard to dashboard/index.html
[HORIZON] GitHub Pages workflow already present at 
.github/workflows/horizon-dashboard-pages.yml; left untouched.
[HORIZON] › Push the workspace repo to your GitHub remote, then enable Pages 
(Settings → Pages → Source: GitHub Actions).
[HORIZON] If the deploy fails with "Branch main is not allowed to deploy to 
github-pages", clear the environment's branch rule: Settings → Environments → 
github-pages → Deployment branches and tags → allow main (or 'No restriction').
To https://github.com/AxelDlv00/LeanAlgebraicGeometry.git
   7fb0a5efb..b6def3fbe  HEAD -> main
[2026-07-07T13:02:18Z] dashboard publish complete
[2026-07-07T13:30:00Z] starting dashboard publish

   ___           __               __ __         _             
  / _ | ________/ /  ___  ___    / // /__  ____(_)__ ___  ___ 
 / __ |/ __/ __/ _ \/ _ \/ _ \  / _  / _ \/ __/ /_ // _ \/ _ \
/_/ |_/_/  \__/_//_/\___/_//_/ /_//_/\___/_/ /_//__/\___/_//_/

 v0.1.0    https://github.com/frenzymath/Archon-Horizon  ───────────────────────

[HORIZON] committed exported dashboard to the workspace ledger (d804d37fb4).
[HORIZON] ✓ exported static dashboard to dashboard/index.html
[HORIZON] GitHub Pages workflow already present at 
.github/workflows/horizon-dashboard-pages.yml; left untouched.
[HORIZON] › Push the workspace repo to your GitHub remote, then enable Pages 
(Settings → Pages → Source: GitHub Actions).
[HORIZON] If the deploy fails with "Branch main is not allowed to deploy to 
github-pages", clear the environment's branch rule: Settings → Environments → 
github-pages → Deployment branches and tags → allow main (or 'No restriction').
To https://github.com/AxelDlv00/LeanAlgebraicGeometry.git
   b6def3fbe..d804d37fb  HEAD -> main
[2026-07-07T13:30:53Z] dashboard publish complete
[2026-07-07T14:00:00Z] starting dashboard publish

   ___           __               __ __         _             
  / _ | ________/ /  ___  ___    / // /__  ____(_)__ ___  ___ 
 / __ |/ __/ __/ _ \/ _ \/ _ \  / _  / _ \/ __/ /_ // _ \/ _ \
/_/ |_/_/  \__/_//_/\___/_//_/ /_//_/\___/_/ /_//__/\___/_//_/

 v0.1.0    https://github.com/frenzymath/Archon-Horizon  ───────────────────────

[HORIZON] committed exported dashboard to the workspace ledger (16efffd8f2).
[HORIZON] ✓ exported static dashboard to dashboard/index.html
[HORIZON] GitHub Pages workflow already present at 
.github/workflows/horizon-dashboard-pages.yml; left untouched.
[HORIZON] › Push the workspace repo to your GitHub remote, then enable Pages 
(Settings → Pages → Source: GitHub Actions).
[HORIZON] If the deploy fails with "Branch main is not allowed to deploy to 
github-pages", clear the environment's branch rule: Settings → Environments → 
github-pages → Deployment branches and tags → allow main (or 'No restriction').
To https://github.com/AxelDlv00/LeanAlgebraicGeometry.git
   d804d37fb..16efffd8f  HEAD -> main
[2026-07-07T14:00:55Z] dashboard publish complete
[2026-07-07T14:30:00Z] starting dashboard publish

   ___           __               __ __         _             
  / _ | ________/ /  ___  ___    / // /__  ____(_)__ ___  ___ 
 / __ |/ __/ __/ _ \/ _ \/ _ \  / _  / _ \/ __/ /_ // _ \/ _ \
/_/ |_/_/  \__/_//_/\___/_//_/ /_//_/\___/_/ /_//__/\___/_//_/

 v0.1.0    https://github.com/frenzymath/Archon-Horizon  ───────────────────────

[HORIZON] committed exported dashboard to the workspace ledger (ae3abb32a7).
[HORIZON] ✓ exported static dashboard to dashboard/index.html
[HORIZON] GitHub Pages workflow already present at 
.github/workflows/horizon-dashboard-pages.yml; left untouched.
[HORIZON] › Push the workspace repo to your GitHub remote, then enable Pages 
(Settings → Pages → Source: GitHub Actions).
[HORIZON] If the deploy fails with "Branch main is not allowed to deploy to 
github-pages", clear the environment's branch rule: Settings → Environments → 
github-pages → Deployment branches and tags → allow main (or 'No restriction').
To https://github.com/AxelDlv00/LeanAlgebraicGeometry.git
   16efffd8f..ae3abb32a  HEAD -> main
[2026-07-07T14:30:52Z] dashboard publish complete
[2026-07-07T15:00:00Z] starting dashboard publish

   ___           __               __ __         _             
  / _ | ________/ /  ___  ___    / // /__  ____(_)__ ___  ___ 
 / __ |/ __/ __/ _ \/ _ \/ _ \  / _  / _ \/ __/ /_ // _ \/ _ \
/_/ |_/_/  \__/_//_/\___/_//_/ /_//_/\___/_/ /_//__/\___/_//_/

 v0.1.0    https://github.com/frenzymath/Archon-Horizon  ───────────────────────

[HORIZON] committed exported dashboard to the workspace ledger (944821029b).
[HORIZON] ✓ exported static dashboard to dashboard/index.html
[HORIZON] GitHub Pages workflow already present at 
.github/workflows/horizon-dashboard-pages.yml; left untouched.
[HORIZON] › Push the workspace repo to your GitHub remote, then enable Pages 
(Settings → Pages → Source: GitHub Actions).
[HORIZON] If the deploy fails with "Branch main is not allowed to deploy to 
github-pages", clear the environment's branch rule: Settings → Environments → 
github-pages → Deployment branches and tags → allow main (or 'No restriction').
To https://github.com/AxelDlv00/LeanAlgebraicGeometry.git
   ae3abb32a..944821029  HEAD -> main
[2026-07-07T15:00:52Z] dashboard publish complete
[2026-07-07T15:30:00Z] starting dashboard publish

   ___           __               __ __         _             
  / _ | ________/ /  ___  ___    / // /__  ____(_)__ ___  ___ 
 / __ |/ __/ __/ _ \/ _ \/ _ \  / _  / _ \/ __/ /_ // _ \/ _ \
/_/ |_/_/  \__/_//_/\___/_//_/ /_//_/\___/_/ /_//__/\___/_//_/

 v0.1.0    https://github.com/frenzymath/Archon-Horizon  ───────────────────────

[HORIZON] committed exported dashboard to the workspace ledger (d294daa370).
[HORIZON] ✓ exported static dashboard to dashboard/index.html
[HORIZON] GitHub Pages workflow already present at 
.github/workflows/horizon-dashboard-pages.yml; left untouched.
[HORIZON] › Push the workspace repo to your GitHub remote, then enable Pages 
(Settings → Pages → Source: GitHub Actions).
[HORIZON] If the deploy fails with "Branch main is not allowed to deploy to 
github-pages", clear the environment's branch rule: Settings → Environments → 
github-pages → Deployment branches and tags → allow main (or 'No restriction').
To https://github.com/AxelDlv00/LeanAlgebraicGeometry.git
   944821029..d294daa37  HEAD -> main
[2026-07-07T15:31:03Z] dashboard publish complete
[2026-07-07T16:00:00Z] starting dashboard publish

   ___           __               __ __         _             
  / _ | ________/ /  ___  ___    / // /__  ____(_)__ ___  ___ 
 / __ |/ __/ __/ _ \/ _ \/ _ \  / _  / _ \/ __/ /_ // _ \/ _ \
/_/ |_/_/  \__/_//_/\___/_//_/ /_//_/\___/_/ /_//__/\___/_//_/

 v0.1.0    https://github.com/frenzymath/Archon-Horizon  ───────────────────────

[HORIZON] committed exported dashboard to the workspace ledger (32823d04ca).
[HORIZON] ✓ exported static dashboard to dashboard/index.html
[HORIZON] GitHub Pages workflow already present at 
.github/workflows/horizon-dashboard-pages.yml; left untouched.
[HORIZON] › Push the workspace repo to your GitHub remote, then enable Pages 
(Settings → Pages → Source: GitHub Actions).
[HORIZON] If the deploy fails with "Branch main is not allowed to deploy to 
github-pages", clear the environment's branch rule: Settings → Environments → 
github-pages → Deployment branches and tags → allow main (or 'No restriction').
To https://github.com/AxelDlv00/LeanAlgebraicGeometry.git
   d294daa37..32823d04c  HEAD -> main
[2026-07-07T16:01:00Z] dashboard publish complete
[2026-07-07T16:30:00Z] starting dashboard publish

   ___           __               __ __         _             
  / _ | ________/ /  ___  ___    / // /__  ____(_)__ ___  ___ 
 / __ |/ __/ __/ _ \/ _ \/ _ \  / _  / _ \/ __/ /_ // _ \/ _ \
/_/ |_/_/  \__/_//_/\___/_//_/ /_//_/\___/_/ /_//__/\___/_//_/

 v0.1.0    https://github.com/frenzymath/Archon-Horizon  ───────────────────────

[HORIZON] committed exported dashboard to the workspace ledger (ba9073dbbc).
[HORIZON] ✓ exported static dashboard to dashboard/index.html
[HORIZON] GitHub Pages workflow already present at 
.github/workflows/horizon-dashboard-pages.yml; left untouched.
[HORIZON] › Push the workspace repo to your GitHub remote, then enable Pages 
(Settings → Pages → Source: GitHub Actions).
[HORIZON] If the deploy fails with "Branch main is not allowed to deploy to 
github-pages", clear the environment's branch rule: Settings → Environments → 
github-pages → Deployment branches and tags → allow main (or 'No restriction').
To https://github.com/AxelDlv00/LeanAlgebraicGeometry.git
   32823d04c..ba9073dbb  HEAD -> main
[2026-07-07T16:30:51Z] dashboard publish complete
[2026-07-07T17:00:00Z] starting dashboard publish

   ___           __               __ __         _             
  / _ | ________/ /  ___  ___    / // /__  ____(_)__ ___  ___ 
 / __ |/ __/ __/ _ \/ _ \/ _ \  / _  / _ \/ __/ /_ // _ \/ _ \
/_/ |_/_/  \__/_//_/\___/_//_/ /_//_/\___/_/ /_//__/\___/_//_/

 v0.1.0    https://github.com/frenzymath/Archon-Horizon  ───────────────────────

[HORIZON] committed exported dashboard to the workspace ledger (13efbbb598).
[HORIZON] ✓ exported static dashboard to dashboard/index.html
[HORIZON] GitHub Pages workflow already present at 
.github/workflows/horizon-dashboard-pages.yml; left untouched.
[HORIZON] › Push the workspace repo to your GitHub remote, then enable Pages 
(Settings → Pages → Source: GitHub Actions).
[HORIZON] If the deploy fails with "Branch main is not allowed to deploy to 
github-pages", clear the environment's branch rule: Settings → Environments → 
github-pages → Deployment branches and tags → allow main (or 'No restriction').
To https://github.com/AxelDlv00/LeanAlgebraicGeometry.git
   ba9073dbb..13efbbb59  HEAD -> main
[2026-07-07T17:01:19Z] dashboard publish complete
[2026-07-07T17:30:00Z] starting dashboard publish

   ___           __               __ __         _             
  / _ | ________/ /  ___  ___    / // /__  ____(_)__ ___  ___ 
 / __ |/ __/ __/ _ \/ _ \/ _ \  / _  / _ \/ __/ /_ // _ \/ _ \
/_/ |_/_/  \__/_//_/\___/_//_/ /_//_/\___/_/ /_//__/\___/_//_/

 v0.1.0    https://github.com/frenzymath/Archon-Horizon  ───────────────────────

[HORIZON] committed exported dashboard to the workspace ledger (e393cad033).
[HORIZON] ✓ exported static dashboard to dashboard/index.html
[HORIZON] GitHub Pages workflow already present at 
.github/workflows/horizon-dashboard-pages.yml; left untouched.
[HORIZON] › Push the workspace repo to your GitHub remote, then enable Pages 
(Settings → Pages → Source: GitHub Actions).
[HORIZON] If the deploy fails with "Branch main is not allowed to deploy to 
github-pages", clear the environment's branch rule: Settings → Environments → 
github-pages → Deployment branches and tags → allow main (or 'No restriction').
To https://github.com/AxelDlv00/LeanAlgebraicGeometry.git
   13efbbb59..e393cad03  HEAD -> main
[2026-07-07T17:31:09Z] dashboard publish complete
[2026-07-07T18:00:00Z] starting dashboard publish

   ___           __               __ __         _             
  / _ | ________/ /  ___  ___    / // /__  ____(_)__ ___  ___ 
 / __ |/ __/ __/ _ \/ _ \/ _ \  / _  / _ \/ __/ /_ // _ \/ _ \
/_/ |_/_/  \__/_//_/\___/_//_/ /_//_/\___/_/ /_//__/\___/_//_/

 v0.1.0    https://github.com/frenzymath/Archon-Horizon  ───────────────────────

[HORIZON] committed exported dashboard to the workspace ledger (2957cc3eeb).
[HORIZON] ✓ exported static dashboard to dashboard/index.html
[HORIZON] GitHub Pages workflow already present at 
.github/workflows/horizon-dashboard-pages.yml; left untouched.
[HORIZON] › Push the workspace repo to your GitHub remote, then enable Pages 
(Settings → Pages → Source: GitHub Actions).
[HORIZON] If the deploy fails with "Branch main is not allowed to deploy to 
github-pages", clear the environment's branch rule: Settings → Environments → 
github-pages → Deployment branches and tags → allow main (or 'No restriction').
To https://github.com/AxelDlv00/LeanAlgebraicGeometry.git
   e393cad03..2957cc3ee  HEAD -> main
[2026-07-07T18:00:54Z] dashboard publish complete
[2026-07-07T18:30:00Z] starting dashboard publish

   ___           __               __ __         _             
  / _ | ________/ /  ___  ___    / // /__  ____(_)__ ___  ___ 
 / __ |/ __/ __/ _ \/ _ \/ _ \  / _  / _ \/ __/ /_ // _ \/ _ \
/_/ |_/_/  \__/_//_/\___/_//_/ /_//_/\___/_/ /_//__/\___/_//_/

 v0.1.0    https://github.com/frenzymath/Archon-Horizon  ───────────────────────

[HORIZON] committed exported dashboard to the workspace ledger (565e437394).
[HORIZON] ✓ exported static dashboard to dashboard/index.html
[HORIZON] GitHub Pages workflow already present at 
.github/workflows/horizon-dashboard-pages.yml; left untouched.
[HORIZON] › Push the workspace repo to your GitHub remote, then enable Pages 
(Settings → Pages → Source: GitHub Actions).
[HORIZON] If the deploy fails with "Branch main is not allowed to deploy to 
github-pages", clear the environment's branch rule: Settings → Environments → 
github-pages → Deployment branches and tags → allow main (or 'No restriction').
To https://github.com/AxelDlv00/LeanAlgebraicGeometry.git
   2957cc3ee..565e43739  HEAD -> main
[2026-07-07T18:30:53Z] dashboard publish complete
[2026-07-07T19:00:00Z] starting dashboard publish

   ___           __               __ __         _             
  / _ | ________/ /  ___  ___    / // /__  ____(_)__ ___  ___ 
 / __ |/ __/ __/ _ \/ _ \/ _ \  / _  / _ \/ __/ /_ // _ \/ _ \
/_/ |_/_/  \__/_//_/\___/_//_/ /_//_/\___/_/ /_//__/\___/_//_/

 v0.1.0    https://github.com/frenzymath/Archon-Horizon  ───────────────────────

[HORIZON] committed exported dashboard to the workspace ledger (57605240a0).
[HORIZON] ✓ exported static dashboard to dashboard/index.html
[HORIZON] GitHub Pages workflow already present at 
.github/workflows/horizon-dashboard-pages.yml; left untouched.
[HORIZON] › Push the workspace repo to your GitHub remote, then enable Pages 
(Settings → Pages → Source: GitHub Actions).
[HORIZON] If the deploy fails with "Branch main is not allowed to deploy to 
github-pages", clear the environment's branch rule: Settings → Environments → 
github-pages → Deployment branches and tags → allow main (or 'No restriction').
To https://github.com/AxelDlv00/LeanAlgebraicGeometry.git
   565e43739..57605240a  HEAD -> main
[2026-07-07T19:01:28Z] dashboard publish complete
[2026-07-07T19:30:00Z] starting dashboard publish

   ___           __               __ __         _             
  / _ | ________/ /  ___  ___    / // /__  ____(_)__ ___  ___ 
 / __ |/ __/ __/ _ \/ _ \/ _ \  / _  / _ \/ __/ /_ // _ \/ _ \
/_/ |_/_/  \__/_//_/\___/_//_/ /_//_/\___/_/ /_//__/\___/_//_/

 v0.1.0    https://github.com/frenzymath/Archon-Horizon  ───────────────────────

[HORIZON] committed exported dashboard to the workspace ledger (d1184b1052).
[HORIZON] ✓ exported static dashboard to dashboard/index.html
[HORIZON] GitHub Pages workflow already present at 
.github/workflows/horizon-dashboard-pages.yml; left untouched.
[HORIZON] › Push the workspace repo to your GitHub remote, then enable Pages 
(Settings → Pages → Source: GitHub Actions).
[HORIZON] If the deploy fails with "Branch main is not allowed to deploy to 
github-pages", clear the environment's branch rule: Settings → Environments → 
github-pages → Deployment branches and tags → allow main (or 'No restriction').
To https://github.com/AxelDlv00/LeanAlgebraicGeometry.git
   57605240a..d1184b105  HEAD -> main
[2026-07-07T19:30:52Z] dashboard publish complete
[2026-07-07T20:00:00Z] starting dashboard publish

   ___           __               __ __         _             
  / _ | ________/ /  ___  ___    / // /__  ____(_)__ ___  ___ 
 / __ |/ __/ __/ _ \/ _ \/ _ \  / _  / _ \/ __/ /_ // _ \/ _ \
/_/ |_/_/  \__/_//_/\___/_//_/ /_//_/\___/_/ /_//__/\___/_//_/

 v0.1.0    https://github.com/frenzymath/Archon-Horizon  ───────────────────────

[HORIZON] committed exported dashboard to the workspace ledger (fb1400bc11).
[HORIZON] ✓ exported static dashboard to dashboard/index.html
[HORIZON] GitHub Pages workflow already present at 
.github/workflows/horizon-dashboard-pages.yml; left untouched.
[HORIZON] › Push the workspace repo to your GitHub remote, then enable Pages 
(Settings → Pages → Source: GitHub Actions).
[HORIZON] If the deploy fails with "Branch main is not allowed to deploy to 
github-pages", clear the environment's branch rule: Settings → Environments → 
github-pages → Deployment branches and tags → allow main (or 'No restriction').
To https://github.com/AxelDlv00/LeanAlgebraicGeometry.git
   d1184b105..fb1400bc1  HEAD -> main
[2026-07-07T20:00:53Z] dashboard publish complete
[2026-07-07T20:30:00Z] starting dashboard publish

   ___           __               __ __         _             
  / _ | ________/ /  ___  ___    / // /__  ____(_)__ ___  ___ 
 / __ |/ __/ __/ _ \/ _ \/ _ \  / _  / _ \/ __/ /_ // _ \/ _ \
/_/ |_/_/  \__/_//_/\___/_//_/ /_//_/\___/_/ /_//__/\___/_//_/

 v0.1.0    https://github.com/frenzymath/Archon-Horizon  ───────────────────────

[HORIZON] committed exported dashboard to the workspace ledger (ce0b505142).
[HORIZON] ✓ exported static dashboard to dashboard/index.html
[HORIZON] GitHub Pages workflow already present at 
.github/workflows/horizon-dashboard-pages.yml; left untouched.
[HORIZON] › Push the workspace repo to your GitHub remote, then enable Pages 
(Settings → Pages → Source: GitHub Actions).
[HORIZON] If the deploy fails with "Branch main is not allowed to deploy to 
github-pages", clear the environment's branch rule: Settings → Environments → 
github-pages → Deployment branches and tags → allow main (or 'No restriction').
To https://github.com/AxelDlv00/LeanAlgebraicGeometry.git
   fb1400bc1..ce0b50514  HEAD -> main
[2026-07-07T20:30:54Z] dashboard publish complete
[2026-07-07T21:00:00Z] starting dashboard publish

   ___           __               __ __         _             
  / _ | ________/ /  ___  ___    / // /__  ____(_)__ ___  ___ 
 / __ |/ __/ __/ _ \/ _ \/ _ \  / _  / _ \/ __/ /_ // _ \/ _ \
/_/ |_/_/  \__/_//_/\___/_//_/ /_//_/\___/_/ /_//__/\___/_//_/

 v0.1.0    https://github.com/frenzymath/Archon-Horizon  ───────────────────────

[HORIZON] committed exported dashboard to the workspace ledger (cac8088217).
[HORIZON] ✓ exported static dashboard to dashboard/index.html
[HORIZON] GitHub Pages workflow already present at 
.github/workflows/horizon-dashboard-pages.yml; left untouched.
[HORIZON] › Push the workspace repo to your GitHub remote, then enable Pages 
(Settings → Pages → Source: GitHub Actions).
[HORIZON] If the deploy fails with "Branch main is not allowed to deploy to 
github-pages", clear the environment's branch rule: Settings → Environments → 
github-pages → Deployment branches and tags → allow main (or 'No restriction').
To https://github.com/AxelDlv00/LeanAlgebraicGeometry.git
   ce0b50514..cac808821  HEAD -> main
[2026-07-07T21:00:52Z] dashboard publish complete
[2026-07-07T21:30:00Z] starting dashboard publish

   ___           __               __ __         _             
  / _ | ________/ /  ___  ___    / // /__  ____(_)__ ___  ___ 
 / __ |/ __/ __/ _ \/ _ \/ _ \  / _  / _ \/ __/ /_ // _ \/ _ \
/_/ |_/_/  \__/_//_/\___/_//_/ /_//_/\___/_/ /_//__/\___/_//_/

 v0.1.0    https://github.com/frenzymath/Archon-Horizon  ───────────────────────

[HORIZON] committed exported dashboard to the workspace ledger (0d7b5eca07).
[HORIZON] ✓ exported static dashboard to dashboard/index.html
[HORIZON] GitHub Pages workflow already present at 
.github/workflows/horizon-dashboard-pages.yml; left untouched.
[HORIZON] › Push the workspace repo to your GitHub remote, then enable Pages 
(Settings → Pages → Source: GitHub Actions).
[HORIZON] If the deploy fails with "Branch main is not allowed to deploy to 
github-pages", clear the environment's branch rule: Settings → Environments → 
github-pages → Deployment branches and tags → allow main (or 'No restriction').
To https://github.com/AxelDlv00/LeanAlgebraicGeometry.git
   cac808821..0d7b5eca0  HEAD -> main
[2026-07-07T21:30:51Z] dashboard publish complete
[2026-07-07T22:00:00Z] starting dashboard publish

   ___           __               __ __         _             
  / _ | ________/ /  ___  ___    / // /__  ____(_)__ ___  ___ 
 / __ |/ __/ __/ _ \/ _ \/ _ \  / _  / _ \/ __/ /_ // _ \/ _ \
/_/ |_/_/  \__/_//_/\___/_//_/ /_//_/\___/_/ /_//__/\___/_//_/

 v0.1.0    https://github.com/frenzymath/Archon-Horizon  ───────────────────────

[HORIZON] committed exported dashboard to the workspace ledger (bc105627a6).
[HORIZON] ✓ exported static dashboard to dashboard/index.html
[HORIZON] GitHub Pages workflow already present at 
.github/workflows/horizon-dashboard-pages.yml; left untouched.
[HORIZON] › Push the workspace repo to your GitHub remote, then enable Pages 
(Settings → Pages → Source: GitHub Actions).
[HORIZON] If the deploy fails with "Branch main is not allowed to deploy to 
github-pages", clear the environment's branch rule: Settings → Environments → 
github-pages → Deployment branches and tags → allow main (or 'No restriction').
To https://github.com/AxelDlv00/LeanAlgebraicGeometry.git
   0d7b5eca0..bc105627a  HEAD -> main
[2026-07-07T22:00:51Z] dashboard publish complete
[2026-07-07T22:30:00Z] starting dashboard publish

   ___           __               __ __         _             
  / _ | ________/ /  ___  ___    / // /__  ____(_)__ ___  ___ 
 / __ |/ __/ __/ _ \/ _ \/ _ \  / _  / _ \/ __/ /_ // _ \/ _ \
/_/ |_/_/  \__/_//_/\___/_//_/ /_//_/\___/_/ /_//__/\___/_//_/

 v0.1.0    https://github.com/frenzymath/Archon-Horizon  ───────────────────────

[HORIZON] committed exported dashboard to the workspace ledger (8f7552a70d).
[HORIZON] ✓ exported static dashboard to dashboard/index.html
[HORIZON] GitHub Pages workflow already present at 
.github/workflows/horizon-dashboard-pages.yml; left untouched.
[HORIZON] › Push the workspace repo to your GitHub remote, then enable Pages 
(Settings → Pages → Source: GitHub Actions).
[HORIZON] If the deploy fails with "Branch main is not allowed to deploy to 
github-pages", clear the environment's branch rule: Settings → Environments → 
github-pages → Deployment branches and tags → allow main (or 'No restriction').
To https://github.com/AxelDlv00/LeanAlgebraicGeometry.git
   bc105627a..8f7552a70  HEAD -> main
[2026-07-07T22:30:50Z] dashboard publish complete
[2026-07-07T23:00:00Z] starting dashboard publish

   ___           __               __ __         _             
  / _ | ________/ /  ___  ___    / // /__  ____(_)__ ___  ___ 
 / __ |/ __/ __/ _ \/ _ \/ _ \  / _  / _ \/ __/ /_ // _ \/ _ \
/_/ |_/_/  \__/_//_/\___/_//_/ /_//_/\___/_/ /_//__/\___/_//_/

 v0.1.0    https://github.com/frenzymath/Archon-Horizon  ───────────────────────

[HORIZON] committed exported dashboard to the workspace ledger (22a568014b).
[HORIZON] ✓ exported static dashboard to dashboard/index.html
[HORIZON] GitHub Pages workflow already present at 
.github/workflows/horizon-dashboard-pages.yml; left untouched.
[HORIZON] › Push the workspace repo to your GitHub remote, then enable Pages 
(Settings → Pages → Source: GitHub Actions).
[HORIZON] If the deploy fails with "Branch main is not allowed to deploy to 
github-pages", clear the environment's branch rule: Settings → Environments → 
github-pages → Deployment branches and tags → allow main (or 'No restriction').
To https://github.com/AxelDlv00/LeanAlgebraicGeometry.git
   8f7552a70..22a568014  HEAD -> main
[2026-07-07T23:01:12Z] dashboard publish complete
[2026-07-07T23:30:00Z] starting dashboard publish

   ___           __               __ __         _             
  / _ | ________/ /  ___  ___    / // /__  ____(_)__ ___  ___ 
 / __ |/ __/ __/ _ \/ _ \/ _ \  / _  / _ \/ __/ /_ // _ \/ _ \
/_/ |_/_/  \__/_//_/\___/_//_/ /_//_/\___/_/ /_//__/\___/_//_/

 v0.1.0    https://github.com/frenzymath/Archon-Horizon  ───────────────────────

[HORIZON] committed exported dashboard to the workspace ledger (922a7bdf70).
[HORIZON] ✓ exported static dashboard to dashboard/index.html
[HORIZON] GitHub Pages workflow already present at 
.github/workflows/horizon-dashboard-pages.yml; left untouched.
[HORIZON] › Push the workspace repo to your GitHub remote, then enable Pages 
(Settings → Pages → Source: GitHub Actions).
[HORIZON] If the deploy fails with "Branch main is not allowed to deploy to 
github-pages", clear the environment's branch rule: Settings → Environments → 
github-pages → Deployment branches and tags → allow main (or 'No restriction').
To https://github.com/AxelDlv00/LeanAlgebraicGeometry.git
   22a568014..922a7bdf7  HEAD -> main
[2026-07-07T23:31:14Z] dashboard publish complete
[2026-07-08T00:00:00Z] starting dashboard publish

   ___           __               __ __         _             
  / _ | ________/ /  ___  ___    / // /__  ____(_)__ ___  ___ 
 / __ |/ __/ __/ _ \/ _ \/ _ \  / _  / _ \/ __/ /_ // _ \/ _ \
/_/ |_/_/  \__/_//_/\___/_//_/ /_//_/\___/_/ /_//__/\___/_//_/

 v0.1.0    https://github.com/frenzymath/Archon-Horizon  ───────────────────────

[HORIZON] committed exported dashboard to the workspace ledger (b0bc312a53).
[HORIZON] ✓ exported static dashboard to dashboard/index.html
[HORIZON] GitHub Pages workflow already present at 
.github/workflows/horizon-dashboard-pages.yml; left untouched.
[HORIZON] › Push the workspace repo to your GitHub remote, then enable Pages 
(Settings → Pages → Source: GitHub Actions).
[HORIZON] If the deploy fails with "Branch main is not allowed to deploy to 
github-pages", clear the environment's branch rule: Settings → Environments → 
github-pages → Deployment branches and tags → allow main (or 'No restriction').
To https://github.com/AxelDlv00/LeanAlgebraicGeometry.git
   922a7bdf7..b0bc312a5  HEAD -> main
[2026-07-08T00:01:13Z] dashboard publish complete
[2026-07-08T00:30:01Z] starting dashboard publish

   ___           __               __ __         _             
  / _ | ________/ /  ___  ___    / // /__  ____(_)__ ___  ___ 
 / __ |/ __/ __/ _ \/ _ \/ _ \  / _  / _ \/ __/ /_ // _ \/ _ \
/_/ |_/_/  \__/_//_/\___/_//_/ /_//_/\___/_/ /_//__/\___/_//_/

 v0.1.0    https://github.com/frenzymath/Archon-Horizon  ───────────────────────

[HORIZON] committed exported dashboard to the workspace ledger (27698c7ffc).
[HORIZON] ✓ exported static dashboard to dashboard/index.html
[HORIZON] GitHub Pages workflow already present at 
.github/workflows/horizon-dashboard-pages.yml; left untouched.
[HORIZON] › Push the workspace repo to your GitHub remote, then enable Pages 
(Settings → Pages → Source: GitHub Actions).
[HORIZON] If the deploy fails with "Branch main is not allowed to deploy to 
github-pages", clear the environment's branch rule: Settings → Environments → 
github-pages → Deployment branches and tags → allow main (or 'No restriction').
To https://github.com/AxelDlv00/LeanAlgebraicGeometry.git
   b0bc312a5..27698c7ff  HEAD -> main
[2026-07-08T00:31:13Z] dashboard publish complete
[2026-07-08T01:00:00Z] starting dashboard publish

   ___           __               __ __         _             
  / _ | ________/ /  ___  ___    / // /__  ____(_)__ ___  ___ 
 / __ |/ __/ __/ _ \/ _ \/ _ \  / _  / _ \/ __/ /_ // _ \/ _ \
/_/ |_/_/  \__/_//_/\___/_//_/ /_//_/\___/_/ /_//__/\___/_//_/

 v0.1.0    https://github.com/frenzymath/Archon-Horizon  ───────────────────────

[HORIZON] committed exported dashboard to the workspace ledger (80d390c3a1).
[HORIZON] ✓ exported static dashboard to dashboard/index.html
[HORIZON] GitHub Pages workflow already present at 
.github/workflows/horizon-dashboard-pages.yml; left untouched.
[HORIZON] › Push the workspace repo to your GitHub remote, then enable Pages 
(Settings → Pages → Source: GitHub Actions).
[HORIZON] If the deploy fails with "Branch main is not allowed to deploy to 
github-pages", clear the environment's branch rule: Settings → Environments → 
github-pages → Deployment branches and tags → allow main (or 'No restriction').
To https://github.com/AxelDlv00/LeanAlgebraicGeometry.git
   27698c7ff..80d390c3a  HEAD -> main
[2026-07-08T01:01:17Z] dashboard publish complete
[2026-07-08T01:30:00Z] starting dashboard publish

   ___           __               __ __         _             
  / _ | ________/ /  ___  ___    / // /__  ____(_)__ ___  ___ 
 / __ |/ __/ __/ _ \/ _ \/ _ \  / _  / _ \/ __/ /_ // _ \/ _ \
/_/ |_/_/  \__/_//_/\___/_//_/ /_//_/\___/_/ /_//__/\___/_//_/

 v0.1.0    https://github.com/frenzymath/Archon-Horizon  ───────────────────────

[HORIZON] committed exported dashboard to the workspace ledger (348874d57c).
[HORIZON] ✓ exported static dashboard to dashboard/index.html
[HORIZON] GitHub Pages workflow already present at 
.github/workflows/horizon-dashboard-pages.yml; left untouched.
[HORIZON] › Push the workspace repo to your GitHub remote, then enable Pages 
(Settings → Pages → Source: GitHub Actions).
[HORIZON] If the deploy fails with "Branch main is not allowed to deploy to 
github-pages", clear the environment's branch rule: Settings → Environments → 
github-pages → Deployment branches and tags → allow main (or 'No restriction').
To https://github.com/AxelDlv00/LeanAlgebraicGeometry.git
   80d390c3a..348874d57  HEAD -> main
[2026-07-08T01:31:37Z] dashboard publish complete
[2026-07-08T02:00:00Z] starting dashboard publish

   ___           __               __ __         _             
  / _ | ________/ /  ___  ___    / // /__  ____(_)__ ___  ___ 
 / __ |/ __/ __/ _ \/ _ \/ _ \  / _  / _ \/ __/ /_ // _ \/ _ \
/_/ |_/_/  \__/_//_/\___/_//_/ /_//_/\___/_/ /_//__/\___/_//_/

 v0.1.0    https://github.com/frenzymath/Archon-Horizon  ───────────────────────

[HORIZON] committed exported dashboard to the workspace ledger (9d22cffa63).
[HORIZON] ✓ exported static dashboard to dashboard/index.html
[HORIZON] GitHub Pages workflow already present at 
.github/workflows/horizon-dashboard-pages.yml; left untouched.
[HORIZON] › Push the workspace repo to your GitHub remote, then enable Pages 
(Settings → Pages → Source: GitHub Actions).
[HORIZON] If the deploy fails with "Branch main is not allowed to deploy to 
github-pages", clear the environment's branch rule: Settings → Environments → 
github-pages → Deployment branches and tags → allow main (or 'No restriction').
To https://github.com/AxelDlv00/LeanAlgebraicGeometry.git
   348874d57..9d22cffa6  HEAD -> main
[2026-07-08T02:03:10Z] dashboard publish complete
[2026-07-08T02:30:01Z] starting dashboard publish

   ___           __               __ __         _             
  / _ | ________/ /  ___  ___    / // /__  ____(_)__ ___  ___ 
 / __ |/ __/ __/ _ \/ _ \/ _ \  / _  / _ \/ __/ /_ // _ \/ _ \
/_/ |_/_/  \__/_//_/\___/_//_/ /_//_/\___/_/ /_//__/\___/_//_/

 v0.1.0    https://github.com/frenzymath/Archon-Horizon  ───────────────────────

[HORIZON] committed exported dashboard to the workspace ledger (9fc608f870).
[HORIZON] ✓ exported static dashboard to dashboard/index.html
[HORIZON] GitHub Pages workflow already present at 
.github/workflows/horizon-dashboard-pages.yml; left untouched.
[HORIZON] › Push the workspace repo to your GitHub remote, then enable Pages 
(Settings → Pages → Source: GitHub Actions).
[HORIZON] If the deploy fails with "Branch main is not allowed to deploy to 
github-pages", clear the environment's branch rule: Settings → Environments → 
github-pages → Deployment branches and tags → allow main (or 'No restriction').
To https://github.com/AxelDlv00/LeanAlgebraicGeometry.git
   9d22cffa6..9fc608f87  HEAD -> main
[2026-07-08T02:32:29Z] dashboard publish complete
[2026-07-08T03:00:03Z] starting dashboard publish

   ___           __               __ __         _             
  / _ | ________/ /  ___  ___    / // /__  ____(_)__ ___  ___ 
 / __ |/ __/ __/ _ \/ _ \/ _ \  / _  / _ \/ __/ /_ // _ \/ _ \
/_/ |_/_/  \__/_//_/\___/_//_/ /_//_/\___/_/ /_//__/\___/_//_/

 v0.1.0    https://github.com/frenzymath/Archon-Horizon  ───────────────────────

Traceback (most recent call last):
  File "/home/Axel/.archon-venv/bin/horizon", line 6, in <module>
    sys.exit(main())
             ^^^^^^
  File "/home/Axel/Archon-Horizon/src/archon_horizon/cli.py", line 156, in main
    result = cmd.main(
             ^^^^^^^^^
  File "/home/Axel/.archon-venv/lib/python3.11/site-packages/typer/core.py", line 1193, in main
    return _main(
           ^^^^^^
  File "/home/Axel/.archon-venv/lib/python3.11/site-packages/typer/core.py", line 183, in _main
    rv = self.invoke(ctx)
         ^^^^^^^^^^^^^^^^
  File "/home/Axel/.archon-venv/lib/python3.11/site-packages/typer/core.py", line 1115, in invoke
    return _process_result(sub_ctx.command.invoke(sub_ctx))
                           ^^^^^^^^^^^^^^^^^^^^^^^^^^^^^^^
  File "/home/Axel/.archon-venv/lib/python3.11/site-packages/typer/_click/core.py", line 746, in invoke
    return ctx.invoke(self.callback, **ctx.params)
           ^^^^^^^^^^^^^^^^^^^^^^^^^^^^^^^^^^^^^^^
  File "/home/Axel/.archon-venv/lib/python3.11/site-packages/typer/_click/core.py", line 489, in invoke
    return callback(*args, **kwargs)
           ^^^^^^^^^^^^^^^^^^^^^^^^^
  File "/home/Axel/.archon-venv/lib/python3.11/site-packages/typer/main.py", line 1515, in wrapper
    return callback(**use_params)
           ^^^^^^^^^^^^^^^^^^^^^^
  File "/home/Axel/Archon-Horizon/src/archon_horizon/commands/dashboard.py", line 216, in dashboard
    DashboardCommand(ctx.obj["root"], out=out, dist=dist, as_json=as_json, workflow=workflow).run()
  File "/home/Axel/Archon-Horizon/src/archon_horizon/commands/dashboard.py", line 53, in run
    out = export_static(service, self.root / self.out, dist_dir=dist)
          ^^^^^^^^^^^^^^^^^^^^^^^^^^^^^^^^^^^^^^^^^^^^^^^^^^^^^^^^^^^
  File "/home/Axel/Archon-Horizon/src/archon_horizon/render/static_export.py", line 146, in export_static
    json.dumps(service.serve_endpoint(path)), "utf-8"
               ^^^^^^^^^^^^^^^^^^^^^^^^^^^^
  File "/home/Axel/Archon-Horizon/src/archon_horizon/server/service.py", line 1129, in serve_endpoint
    return read_lean_file(self._project_path(proj), rel)
           ^^^^^^^^^^^^^^^^^^^^^^^^^^^^^^^^^^^^^^^^^^^^^
  File "/home/Axel/Archon-Horizon/src/archon_horizon/server/source_api.py", line 133, in read_lean_file
    raise ValueError("not found")
ValueError: not found
[2026-07-08T03:30:00Z] starting dashboard publish

   ___           __               __ __         _             
  / _ | ________/ /  ___  ___    / // /__  ____(_)__ ___  ___ 
 / __ |/ __/ __/ _ \/ _ \/ _ \  / _  / _ \/ __/ /_ // _ \/ _ \
/_/ |_/_/  \__/_//_/\___/_//_/ /_//_/\___/_/ /_//__/\___/_//_/

 v0.1.0    https://github.com/frenzymath/Archon-Horizon  ───────────────────────

[HORIZON] committed exported dashboard to the workspace ledger (7ff75bd9c7).
[HORIZON] ✓ exported static dashboard to dashboard/index.html
[HORIZON] GitHub Pages workflow already present at 
.github/workflows/horizon-dashboard-pages.yml; left untouched.
[HORIZON] › Push the workspace repo to your GitHub remote, then enable Pages 
(Settings → Pages → Source: GitHub Actions).
[HORIZON] If the deploy fails with "Branch main is not allowed to deploy to 
github-pages", clear the environment's branch rule: Settings → Environments → 
github-pages → Deployment branches and tags → allow main (or 'No restriction').
To https://github.com/AxelDlv00/LeanAlgebraicGeometry.git
   9fc608f87..7ff75bd9c  HEAD -> main
[2026-07-08T03:30:50Z] dashboard publish complete
[2026-07-08T04:00:00Z] starting dashboard publish

   ___           __               __ __         _             
  / _ | ________/ /  ___  ___    / // /__  ____(_)__ ___  ___ 
 / __ |/ __/ __/ _ \/ _ \/ _ \  / _  / _ \/ __/ /_ // _ \/ _ \
/_/ |_/_/  \__/_//_/\___/_//_/ /_//_/\___/_/ /_//__/\___/_//_/

 v0.1.0    https://github.com/frenzymath/Archon-Horizon  ───────────────────────

[HORIZON] committed exported dashboard to the workspace ledger (029d854d56).
[HORIZON] ✓ exported static dashboard to dashboard/index.html
[HORIZON] GitHub Pages workflow already present at 
.github/workflows/horizon-dashboard-pages.yml; left untouched.
[HORIZON] › Push the workspace repo to your GitHub remote, then enable Pages 
(Settings → Pages → Source: GitHub Actions).
[HORIZON] If the deploy fails with "Branch main is not allowed to deploy to 
github-pages", clear the environment's branch rule: Settings → Environments → 
github-pages → Deployment branches and tags → allow main (or 'No restriction').
To https://github.com/AxelDlv00/LeanAlgebraicGeometry.git
   7ff75bd9c..029d854d5  HEAD -> main
[2026-07-08T04:00:50Z] dashboard publish complete
[2026-07-08T04:30:00Z] starting dashboard publish

   ___           __               __ __         _             
  / _ | ________/ /  ___  ___    / // /__  ____(_)__ ___  ___ 
 / __ |/ __/ __/ _ \/ _ \/ _ \  / _  / _ \/ __/ /_ // _ \/ _ \
/_/ |_/_/  \__/_//_/\___/_//_/ /_//_/\___/_/ /_//__/\___/_//_/

 v0.1.0    https://github.com/frenzymath/Archon-Horizon  ───────────────────────

[HORIZON] committed exported dashboard to the workspace ledger (e524389f50).
[HORIZON] ✓ exported static dashboard to dashboard/index.html
[HORIZON] GitHub Pages workflow already present at 
.github/workflows/horizon-dashboard-pages.yml; left untouched.
[HORIZON] › Push the workspace repo to your GitHub remote, then enable Pages 
(Settings → Pages → Source: GitHub Actions).
[HORIZON] If the deploy fails with "Branch main is not allowed to deploy to 
github-pages", clear the environment's branch rule: Settings → Environments → 
github-pages → Deployment branches and tags → allow main (or 'No restriction').
To https://github.com/AxelDlv00/LeanAlgebraicGeometry.git
   029d854d5..e524389f5  HEAD -> main
[2026-07-08T04:30:49Z] dashboard publish complete
[2026-07-08T05:00:00Z] starting dashboard publish

   ___           __               __ __         _             
  / _ | ________/ /  ___  ___    / // /__  ____(_)__ ___  ___ 
 / __ |/ __/ __/ _ \/ _ \/ _ \  / _  / _ \/ __/ /_ // _ \/ _ \
/_/ |_/_/  \__/_//_/\___/_//_/ /_//_/\___/_/ /_//__/\___/_//_/

 v0.1.0    https://github.com/frenzymath/Archon-Horizon  ───────────────────────

[HORIZON] committed exported dashboard to the workspace ledger (ff0c0afeb8).
[HORIZON] ✓ exported static dashboard to dashboard/index.html
[HORIZON] GitHub Pages workflow already present at 
.github/workflows/horizon-dashboard-pages.yml; left untouched.
[HORIZON] › Push the workspace repo to your GitHub remote, then enable Pages 
(Settings → Pages → Source: GitHub Actions).
[HORIZON] If the deploy fails with "Branch main is not allowed to deploy to 
github-pages", clear the environment's branch rule: Settings → Environments → 
github-pages → Deployment branches and tags → allow main (or 'No restriction').
To https://github.com/AxelDlv00/LeanAlgebraicGeometry.git
   e524389f5..ff0c0afeb  HEAD -> main
[2026-07-08T05:00:51Z] dashboard publish complete
[2026-07-08T05:30:00Z] starting dashboard publish

   ___           __               __ __         _             
  / _ | ________/ /  ___  ___    / // /__  ____(_)__ ___  ___ 
 / __ |/ __/ __/ _ \/ _ \/ _ \  / _  / _ \/ __/ /_ // _ \/ _ \
/_/ |_/_/  \__/_//_/\___/_//_/ /_//_/\___/_/ /_//__/\___/_//_/

 v0.1.0    https://github.com/frenzymath/Archon-Horizon  ───────────────────────

[HORIZON] committed exported dashboard to the workspace ledger (063b9a7b14).
[HORIZON] ✓ exported static dashboard to dashboard/index.html
[HORIZON] GitHub Pages workflow already present at 
.github/workflows/horizon-dashboard-pages.yml; left untouched.
[HORIZON] › Push the workspace repo to your GitHub remote, then enable Pages 
(Settings → Pages → Source: GitHub Actions).
[HORIZON] If the deploy fails with "Branch main is not allowed to deploy to 
github-pages", clear the environment's branch rule: Settings → Environments → 
github-pages → Deployment branches and tags → allow main (or 'No restriction').
To https://github.com/AxelDlv00/LeanAlgebraicGeometry.git
   ff0c0afeb..063b9a7b1  HEAD -> main
[2026-07-08T05:30:53Z] dashboard publish complete
[2026-07-08T06:00:00Z] starting dashboard publish

   ___           __               __ __         _             
  / _ | ________/ /  ___  ___    / // /__  ____(_)__ ___  ___ 
 / __ |/ __/ __/ _ \/ _ \/ _ \  / _  / _ \/ __/ /_ // _ \/ _ \
/_/ |_/_/  \__/_//_/\___/_//_/ /_//_/\___/_/ /_//__/\___/_//_/

 v0.1.0    https://github.com/frenzymath/Archon-Horizon  ───────────────────────

[HORIZON] committed exported dashboard to the workspace ledger (0f7bdd3bbe).
[HORIZON] ✓ exported static dashboard to dashboard/index.html
[HORIZON] GitHub Pages workflow already present at 
.github/workflows/horizon-dashboard-pages.yml; left untouched.
[HORIZON] › Push the workspace repo to your GitHub remote, then enable Pages 
(Settings → Pages → Source: GitHub Actions).
[HORIZON] If the deploy fails with "Branch main is not allowed to deploy to 
github-pages", clear the environment's branch rule: Settings → Environments → 
github-pages → Deployment branches and tags → allow main (or 'No restriction').
To https://github.com/AxelDlv00/LeanAlgebraicGeometry.git
   063b9a7b1..0f7bdd3bb  HEAD -> main
[2026-07-08T06:00:58Z] dashboard publish complete
[2026-07-08T06:30:00Z] starting dashboard publish

   ___           __               __ __         _             
  / _ | ________/ /  ___  ___    / // /__  ____(_)__ ___  ___ 
 / __ |/ __/ __/ _ \/ _ \/ _ \  / _  / _ \/ __/ /_ // _ \/ _ \
/_/ |_/_/  \__/_//_/\___/_//_/ /_//_/\___/_/ /_//__/\___/_//_/

 v0.1.0    https://github.com/frenzymath/Archon-Horizon  ───────────────────────

[HORIZON] committed exported dashboard to the workspace ledger (40b1b56a5d).
[HORIZON] ✓ exported static dashboard to dashboard/index.html
[HORIZON] GitHub Pages workflow already present at 
.github/workflows/horizon-dashboard-pages.yml; left untouched.
[HORIZON] › Push the workspace repo to your GitHub remote, then enable Pages 
(Settings → Pages → Source: GitHub Actions).
[HORIZON] If the deploy fails with "Branch main is not allowed to deploy to 
github-pages", clear the environment's branch rule: Settings → Environments → 
github-pages → Deployment branches and tags → allow main (or 'No restriction').
To https://github.com/AxelDlv00/LeanAlgebraicGeometry.git
   0f7bdd3bb..40b1b56a5  HEAD -> main
[2026-07-08T06:31:00Z] dashboard publish complete
[2026-07-08T07:00:00Z] starting dashboard publish

   ___           __               __ __         _             
  / _ | ________/ /  ___  ___    / // /__  ____(_)__ ___  ___ 
 / __ |/ __/ __/ _ \/ _ \/ _ \  / _  / _ \/ __/ /_ // _ \/ _ \
/_/ |_/_/  \__/_//_/\___/_//_/ /_//_/\___/_/ /_//__/\___/_//_/

 v0.1.0    https://github.com/frenzymath/Archon-Horizon  ───────────────────────

[HORIZON] committed exported dashboard to the workspace ledger (0e8afbaf38).
[HORIZON] ✓ exported static dashboard to dashboard/index.html
[HORIZON] GitHub Pages workflow already present at 
.github/workflows/horizon-dashboard-pages.yml; left untouched.
[HORIZON] › Push the workspace repo to your GitHub remote, then enable Pages 
(Settings → Pages → Source: GitHub Actions).
[HORIZON] If the deploy fails with "Branch main is not allowed to deploy to 
github-pages", clear the environment's branch rule: Settings → Environments → 
github-pages → Deployment branches and tags → allow main (or 'No restriction').
To https://github.com/AxelDlv00/LeanAlgebraicGeometry.git
   40b1b56a5..0e8afbaf3  HEAD -> main
[2026-07-08T07:00:54Z] dashboard publish complete
[2026-07-08T07:30:00Z] starting dashboard publish

   ___           __               __ __         _             
  / _ | ________/ /  ___  ___    / // /__  ____(_)__ ___  ___ 
 / __ |/ __/ __/ _ \/ _ \/ _ \  / _  / _ \/ __/ /_ // _ \/ _ \
/_/ |_/_/  \__/_//_/\___/_//_/ /_//_/\___/_/ /_//__/\___/_//_/

 v0.1.0    https://github.com/frenzymath/Archon-Horizon  ───────────────────────

[HORIZON] committed exported dashboard to the workspace ledger (737443f9a0).
[HORIZON] ✓ exported static dashboard to dashboard/index.html
[HORIZON] GitHub Pages workflow already present at 
.github/workflows/horizon-dashboard-pages.yml; left untouched.
[HORIZON] › Push the workspace repo to your GitHub remote, then enable Pages 
(Settings → Pages → Source: GitHub Actions).
[HORIZON] If the deploy fails with "Branch main is not allowed to deploy to 
github-pages", clear the environment's branch rule: Settings → Environments → 
github-pages → Deployment branches and tags → allow main (or 'No restriction').
To https://github.com/AxelDlv00/LeanAlgebraicGeometry.git
   0e8afbaf3..737443f9a  HEAD -> main
[2026-07-08T07:30:59Z] dashboard publish complete
[2026-07-08T08:00:00Z] starting dashboard publish

   ___           __               __ __         _             
  / _ | ________/ /  ___  ___    / // /__  ____(_)__ ___  ___ 
 / __ |/ __/ __/ _ \/ _ \/ _ \  / _  / _ \/ __/ /_ // _ \/ _ \
/_/ |_/_/  \__/_//_/\___/_//_/ /_//_/\___/_/ /_//__/\___/_//_/

 v0.1.0    https://github.com/frenzymath/Archon-Horizon  ───────────────────────

[HORIZON] committed exported dashboard to the workspace ledger (d6b529c2da).
[HORIZON] ✓ exported static dashboard to dashboard/index.html
[HORIZON] GitHub Pages workflow already present at 
.github/workflows/horizon-dashboard-pages.yml; left untouched.
[HORIZON] › Push the workspace repo to your GitHub remote, then enable Pages 
(Settings → Pages → Source: GitHub Actions).
[HORIZON] If the deploy fails with "Branch main is not allowed to deploy to 
github-pages", clear the environment's branch rule: Settings → Environments → 
github-pages → Deployment branches and tags → allow main (or 'No restriction').
To https://github.com/AxelDlv00/LeanAlgebraicGeometry.git
   737443f9a..d6b529c2d  HEAD -> main
[2026-07-08T08:00:53Z] dashboard publish complete
[2026-07-08T08:30:00Z] starting dashboard publish

   ___           __               __ __         _             
  / _ | ________/ /  ___  ___    / // /__  ____(_)__ ___  ___ 
 / __ |/ __/ __/ _ \/ _ \/ _ \  / _  / _ \/ __/ /_ // _ \/ _ \
/_/ |_/_/  \__/_//_/\___/_//_/ /_//_/\___/_/ /_//__/\___/_//_/

 v0.1.0    https://github.com/frenzymath/Archon-Horizon  ───────────────────────

[HORIZON] committed exported dashboard to the workspace ledger (0835d9b11a).
[HORIZON] ✓ exported static dashboard to dashboard/index.html
[HORIZON] GitHub Pages workflow already present at 
.github/workflows/horizon-dashboard-pages.yml; left untouched.
[HORIZON] › Push the workspace repo to your GitHub remote, then enable Pages 
(Settings → Pages → Source: GitHub Actions).
[HORIZON] If the deploy fails with "Branch main is not allowed to deploy to 
github-pages", clear the environment's branch rule: Settings → Environments → 
github-pages → Deployment branches and tags → allow main (or 'No restriction').
To https://github.com/AxelDlv00/LeanAlgebraicGeometry.git
   d6b529c2d..0835d9b11  HEAD -> main
[2026-07-08T08:31:04Z] dashboard publish complete
[2026-07-08T09:00:00Z] starting dashboard publish

   ___           __               __ __         _             
  / _ | ________/ /  ___  ___    / // /__  ____(_)__ ___  ___ 
 / __ |/ __/ __/ _ \/ _ \/ _ \  / _  / _ \/ __/ /_ // _ \/ _ \
/_/ |_/_/  \__/_//_/\___/_//_/ /_//_/\___/_/ /_//__/\___/_//_/

 v0.1.0    https://github.com/frenzymath/Archon-Horizon  ───────────────────────

[HORIZON] committed exported dashboard to the workspace ledger (0fe05372d6).
[HORIZON] ✓ exported static dashboard to dashboard/index.html
[HORIZON] GitHub Pages workflow already present at 
.github/workflows/horizon-dashboard-pages.yml; left untouched.
[HORIZON] › Push the workspace repo to your GitHub remote, then enable Pages 
(Settings → Pages → Source: GitHub Actions).
[HORIZON] If the deploy fails with "Branch main is not allowed to deploy to 
github-pages", clear the environment's branch rule: Settings → Environments → 
github-pages → Deployment branches and tags → allow main (or 'No restriction').
To https://github.com/AxelDlv00/LeanAlgebraicGeometry.git
   0835d9b11..0fe05372d  HEAD -> main
[2026-07-08T09:00:55Z] dashboard publish complete
[2026-07-08T09:30:00Z] starting dashboard publish

   ___           __               __ __         _             
  / _ | ________/ /  ___  ___    / // /__  ____(_)__ ___  ___ 
 / __ |/ __/ __/ _ \/ _ \/ _ \  / _  / _ \/ __/ /_ // _ \/ _ \
/_/ |_/_/  \__/_//_/\___/_//_/ /_//_/\___/_/ /_//__/\___/_//_/

 v0.1.0    https://github.com/frenzymath/Archon-Horizon  ───────────────────────

[HORIZON] committed exported dashboard to the workspace ledger (b39c837cb2).
[HORIZON] ✓ exported static dashboard to dashboard/index.html
[HORIZON] GitHub Pages workflow already present at 
.github/workflows/horizon-dashboard-pages.yml; left untouched.
[HORIZON] › Push the workspace repo to your GitHub remote, then enable Pages 
(Settings → Pages → Source: GitHub Actions).
[HORIZON] If the deploy fails with "Branch main is not allowed to deploy to 
github-pages", clear the environment's branch rule: Settings → Environments → 
github-pages → Deployment branches and tags → allow main (or 'No restriction').
To https://github.com/AxelDlv00/LeanAlgebraicGeometry.git
   0fe05372d..b39c837cb  HEAD -> main
[2026-07-08T09:31:01Z] dashboard publish complete
[2026-07-08T10:00:00Z] starting dashboard publish

   ___           __               __ __         _             
  / _ | ________/ /  ___  ___    / // /__  ____(_)__ ___  ___ 
 / __ |/ __/ __/ _ \/ _ \/ _ \  / _  / _ \/ __/ /_ // _ \/ _ \
/_/ |_/_/  \__/_//_/\___/_//_/ /_//_/\___/_/ /_//__/\___/_//_/

 v0.1.0    https://github.com/frenzymath/Archon-Horizon  ───────────────────────

[HORIZON] committed exported dashboard to the workspace ledger (29fffdb4e8).
[HORIZON] ✓ exported static dashboard to dashboard/index.html
[HORIZON] GitHub Pages workflow already present at 
.github/workflows/horizon-dashboard-pages.yml; left untouched.
[HORIZON] › Push the workspace repo to your GitHub remote, then enable Pages 
(Settings → Pages → Source: GitHub Actions).
[HORIZON] If the deploy fails with "Branch main is not allowed to deploy to 
github-pages", clear the environment's branch rule: Settings → Environments → 
github-pages → Deployment branches and tags → allow main (or 'No restriction').
To https://github.com/AxelDlv00/LeanAlgebraicGeometry.git
   b39c837cb..29fffdb4e  HEAD -> main
[2026-07-08T10:00:57Z] dashboard publish complete
[2026-07-08T10:30:00Z] starting dashboard publish

   ___           __               __ __         _             
  / _ | ________/ /  ___  ___    / // /__  ____(_)__ ___  ___ 
 / __ |/ __/ __/ _ \/ _ \/ _ \  / _  / _ \/ __/ /_ // _ \/ _ \
/_/ |_/_/  \__/_//_/\___/_//_/ /_//_/\___/_/ /_//__/\___/_//_/

 v0.1.0    https://github.com/frenzymath/Archon-Horizon  ───────────────────────

[HORIZON] committed exported dashboard to the workspace ledger (39d32f4da9).
[HORIZON] ✓ exported static dashboard to dashboard/index.html
[HORIZON] GitHub Pages workflow already present at 
.github/workflows/horizon-dashboard-pages.yml; left untouched.
[HORIZON] › Push the workspace repo to your GitHub remote, then enable Pages 
(Settings → Pages → Source: GitHub Actions).
[HORIZON] If the deploy fails with "Branch main is not allowed to deploy to 
github-pages", clear the environment's branch rule: Settings → Environments → 
github-pages → Deployment branches and tags → allow main (or 'No restriction').
To https://github.com/AxelDlv00/LeanAlgebraicGeometry.git
   29fffdb4e..39d32f4da  HEAD -> main
[2026-07-08T10:30:55Z] dashboard publish complete
[2026-07-08T11:00:00Z] starting dashboard publish

   ___           __               __ __         _             
  / _ | ________/ /  ___  ___    / // /__  ____(_)__ ___  ___ 
 / __ |/ __/ __/ _ \/ _ \/ _ \  / _  / _ \/ __/ /_ // _ \/ _ \
/_/ |_/_/  \__/_//_/\___/_//_/ /_//_/\___/_/ /_//__/\___/_//_/

 v0.1.0    https://github.com/frenzymath/Archon-Horizon  ───────────────────────

[HORIZON] committed exported dashboard to the workspace ledger (3f2d40410a).
[HORIZON] ✓ exported static dashboard to dashboard/index.html
[HORIZON] GitHub Pages workflow already present at 
.github/workflows/horizon-dashboard-pages.yml; left untouched.
[HORIZON] › Push the workspace repo to your GitHub remote, then enable Pages 
(Settings → Pages → Source: GitHub Actions).
[HORIZON] If the deploy fails with "Branch main is not allowed to deploy to 
github-pages", clear the environment's branch rule: Settings → Environments → 
github-pages → Deployment branches and tags → allow main (or 'No restriction').
To https://github.com/AxelDlv00/LeanAlgebraicGeometry.git
   39d32f4da..3f2d40410  HEAD -> main
[2026-07-08T11:00:54Z] dashboard publish complete
[2026-07-08T11:30:00Z] starting dashboard publish

   ___           __               __ __         _             
  / _ | ________/ /  ___  ___    / // /__  ____(_)__ ___  ___ 
 / __ |/ __/ __/ _ \/ _ \/ _ \  / _  / _ \/ __/ /_ // _ \/ _ \
/_/ |_/_/  \__/_//_/\___/_//_/ /_//_/\___/_/ /_//__/\___/_//_/

 v0.1.0    https://github.com/frenzymath/Archon-Horizon  ───────────────────────

[HORIZON] committed exported dashboard to the workspace ledger (3b932d3774).
[HORIZON] ✓ exported static dashboard to dashboard/index.html
[HORIZON] GitHub Pages workflow already present at 
.github/workflows/horizon-dashboard-pages.yml; left untouched.
[HORIZON] › Push the workspace repo to your GitHub remote, then enable Pages 
(Settings → Pages → Source: GitHub Actions).
[HORIZON] If the deploy fails with "Branch main is not allowed to deploy to 
github-pages", clear the environment's branch rule: Settings → Environments → 
github-pages → Deployment branches and tags → allow main (or 'No restriction').
To https://github.com/AxelDlv00/LeanAlgebraicGeometry.git
   3f2d40410..3b932d377  HEAD -> main
[2026-07-08T11:30:55Z] dashboard publish complete
[2026-07-08T12:00:00Z] starting dashboard publish

   ___           __               __ __         _             
  / _ | ________/ /  ___  ___    / // /__  ____(_)__ ___  ___ 
 / __ |/ __/ __/ _ \/ _ \/ _ \  / _  / _ \/ __/ /_ // _ \/ _ \
/_/ |_/_/  \__/_//_/\___/_//_/ /_//_/\___/_/ /_//__/\___/_//_/

 v0.1.0    https://github.com/frenzymath/Archon-Horizon  ───────────────────────

[HORIZON] committed exported dashboard to the workspace ledger (6fe524acc0).
[HORIZON] ✓ exported static dashboard to dashboard/index.html
[HORIZON] GitHub Pages workflow already present at 
.github/workflows/horizon-dashboard-pages.yml; left untouched.
[HORIZON] › Push the workspace repo to your GitHub remote, then enable Pages 
(Settings → Pages → Source: GitHub Actions).
[HORIZON] If the deploy fails with "Branch main is not allowed to deploy to 
github-pages", clear the environment's branch rule: Settings → Environments → 
github-pages → Deployment branches and tags → allow main (or 'No restriction').
To https://github.com/AxelDlv00/LeanAlgebraicGeometry.git
   3b932d377..6fe524acc  HEAD -> main
[2026-07-08T12:00:53Z] dashboard publish complete
[2026-07-08T12:30:00Z] starting dashboard publish

   ___           __               __ __         _             
  / _ | ________/ /  ___  ___    / // /__  ____(_)__ ___  ___ 
 / __ |/ __/ __/ _ \/ _ \/ _ \  / _  / _ \/ __/ /_ // _ \/ _ \
/_/ |_/_/  \__/_//_/\___/_//_/ /_//_/\___/_/ /_//__/\___/_//_/

 v0.1.0    https://github.com/frenzymath/Archon-Horizon  ───────────────────────

[HORIZON] committed exported dashboard to the workspace ledger (10eb2a9967).
[HORIZON] ✓ exported static dashboard to dashboard/index.html
[HORIZON] GitHub Pages workflow already present at 
.github/workflows/horizon-dashboard-pages.yml; left untouched.
[HORIZON] › Push the workspace repo to your GitHub remote, then enable Pages 
(Settings → Pages → Source: GitHub Actions).
[HORIZON] If the deploy fails with "Branch main is not allowed to deploy to 
github-pages", clear the environment's branch rule: Settings → Environments → 
github-pages → Deployment branches and tags → allow main (or 'No restriction').
To https://github.com/AxelDlv00/LeanAlgebraicGeometry.git
   6fe524acc..10eb2a996  HEAD -> main
[2026-07-08T12:31:01Z] dashboard publish complete
[2026-07-08T13:00:00Z] starting dashboard publish

   ___           __               __ __         _             
  / _ | ________/ /  ___  ___    / // /__  ____(_)__ ___  ___ 
 / __ |/ __/ __/ _ \/ _ \/ _ \  / _  / _ \/ __/ /_ // _ \/ _ \
/_/ |_/_/  \__/_//_/\___/_//_/ /_//_/\___/_/ /_//__/\___/_//_/

 v0.1.0    https://github.com/frenzymath/Archon-Horizon  ───────────────────────

[HORIZON] committed exported dashboard to the workspace ledger (3245910c6a).
[HORIZON] ✓ exported static dashboard to dashboard/index.html
[HORIZON] GitHub Pages workflow already present at 
.github/workflows/horizon-dashboard-pages.yml; left untouched.
[HORIZON] › Push the workspace repo to your GitHub remote, then enable Pages 
(Settings → Pages → Source: GitHub Actions).
[HORIZON] If the deploy fails with "Branch main is not allowed to deploy to 
github-pages", clear the environment's branch rule: Settings → Environments → 
github-pages → Deployment branches and tags → allow main (or 'No restriction').
To https://github.com/AxelDlv00/LeanAlgebraicGeometry.git
   10eb2a996..3245910c6  HEAD -> main
[2026-07-08T13:00:55Z] dashboard publish complete
[2026-07-08T13:30:00Z] starting dashboard publish

   ___           __               __ __         _             
  / _ | ________/ /  ___  ___    / // /__  ____(_)__ ___  ___ 
 / __ |/ __/ __/ _ \/ _ \/ _ \  / _  / _ \/ __/ /_ // _ \/ _ \
/_/ |_/_/  \__/_//_/\___/_//_/ /_//_/\___/_/ /_//__/\___/_//_/

 v0.1.0    https://github.com/frenzymath/Archon-Horizon  ───────────────────────

[HORIZON] committed exported dashboard to the workspace ledger (0cf7898c74).
[HORIZON] ✓ exported static dashboard to dashboard/index.html
[HORIZON] GitHub Pages workflow already present at 
.github/workflows/horizon-dashboard-pages.yml; left untouched.
[HORIZON] › Push the workspace repo to your GitHub remote, then enable Pages 
(Settings → Pages → Source: GitHub Actions).
[HORIZON] If the deploy fails with "Branch main is not allowed to deploy to 
github-pages", clear the environment's branch rule: Settings → Environments → 
github-pages → Deployment branches and tags → allow main (or 'No restriction').
To https://github.com/AxelDlv00/LeanAlgebraicGeometry.git
   3245910c6..0cf7898c7  HEAD -> main
[2026-07-08T13:31:00Z] dashboard publish complete
[2026-07-08T14:00:00Z] starting dashboard publish

   ___           __               __ __         _             
  / _ | ________/ /  ___  ___    / // /__  ____(_)__ ___  ___ 
 / __ |/ __/ __/ _ \/ _ \/ _ \  / _  / _ \/ __/ /_ // _ \/ _ \
/_/ |_/_/  \__/_//_/\___/_//_/ /_//_/\___/_/ /_//__/\___/_//_/

 v0.1.0    https://github.com/frenzymath/Archon-Horizon  ───────────────────────

[HORIZON] committed exported dashboard to the workspace ledger (9a16f3b1ea).
[HORIZON] ✓ exported static dashboard to dashboard/index.html
[HORIZON] GitHub Pages workflow already present at 
.github/workflows/horizon-dashboard-pages.yml; left untouched.
[HORIZON] › Push the workspace repo to your GitHub remote, then enable Pages 
(Settings → Pages → Source: GitHub Actions).
[HORIZON] If the deploy fails with "Branch main is not allowed to deploy to 
github-pages", clear the environment's branch rule: Settings → Environments → 
github-pages → Deployment branches and tags → allow main (or 'No restriction').
To https://github.com/AxelDlv00/LeanAlgebraicGeometry.git
   0cf7898c7..9a16f3b1e  HEAD -> main
[2026-07-08T14:01:04Z] dashboard publish complete
[2026-07-08T14:30:00Z] starting dashboard publish

   ___           __               __ __         _             
  / _ | ________/ /  ___  ___    / // /__  ____(_)__ ___  ___ 
 / __ |/ __/ __/ _ \/ _ \/ _ \  / _  / _ \/ __/ /_ // _ \/ _ \
/_/ |_/_/  \__/_//_/\___/_//_/ /_//_/\___/_/ /_//__/\___/_//_/

 v0.1.0    https://github.com/frenzymath/Archon-Horizon  ───────────────────────

[HORIZON] committed exported dashboard to the workspace ledger (f53de5a1d2).
[HORIZON] ✓ exported static dashboard to dashboard/index.html
[HORIZON] GitHub Pages workflow already present at 
.github/workflows/horizon-dashboard-pages.yml; left untouched.
[HORIZON] › Push the workspace repo to your GitHub remote, then enable Pages 
(Settings → Pages → Source: GitHub Actions).
[HORIZON] If the deploy fails with "Branch main is not allowed to deploy to 
github-pages", clear the environment's branch rule: Settings → Environments → 
github-pages → Deployment branches and tags → allow main (or 'No restriction').
To https://github.com/AxelDlv00/LeanAlgebraicGeometry.git
   9a16f3b1e..f53de5a1d  HEAD -> main
[2026-07-08T14:30:55Z] dashboard publish complete
[2026-07-08T15:00:00Z] starting dashboard publish

   ___           __               __ __         _             
  / _ | ________/ /  ___  ___    / // /__  ____(_)__ ___  ___ 
 / __ |/ __/ __/ _ \/ _ \/ _ \  / _  / _ \/ __/ /_ // _ \/ _ \
/_/ |_/_/  \__/_//_/\___/_//_/ /_//_/\___/_/ /_//__/\___/_//_/

 v0.1.0    https://github.com/frenzymath/Archon-Horizon  ───────────────────────

[HORIZON] committed exported dashboard to the workspace ledger (b69690442c).
[HORIZON] ✓ exported static dashboard to dashboard/index.html
[HORIZON] GitHub Pages workflow already present at 
.github/workflows/horizon-dashboard-pages.yml; left untouched.
[HORIZON] › Push the workspace repo to your GitHub remote, then enable Pages 
(Settings → Pages → Source: GitHub Actions).
[HORIZON] If the deploy fails with "Branch main is not allowed to deploy to 
github-pages", clear the environment's branch rule: Settings → Environments → 
github-pages → Deployment branches and tags → allow main (or 'No restriction').
To https://github.com/AxelDlv00/LeanAlgebraicGeometry.git
   f53de5a1d..b69690442  HEAD -> main
[2026-07-08T15:00:56Z] dashboard publish complete
[2026-07-08T15:30:00Z] starting dashboard publish

   ___           __               __ __         _             
  / _ | ________/ /  ___  ___    / // /__  ____(_)__ ___  ___ 
 / __ |/ __/ __/ _ \/ _ \/ _ \  / _  / _ \/ __/ /_ // _ \/ _ \
/_/ |_/_/  \__/_//_/\___/_//_/ /_//_/\___/_/ /_//__/\___/_//_/

 v0.1.0    https://github.com/frenzymath/Archon-Horizon  ───────────────────────

[HORIZON] committed exported dashboard to the workspace ledger (8c60c7ed42).
[HORIZON] ✓ exported static dashboard to dashboard/index.html
[HORIZON] GitHub Pages workflow already present at 
.github/workflows/horizon-dashboard-pages.yml; left untouched.
[HORIZON] › Push the workspace repo to your GitHub remote, then enable Pages 
(Settings → Pages → Source: GitHub Actions).
[HORIZON] If the deploy fails with "Branch main is not allowed to deploy to 
github-pages", clear the environment's branch rule: Settings → Environments → 
github-pages → Deployment branches and tags → allow main (or 'No restriction').
To https://github.com/AxelDlv00/LeanAlgebraicGeometry.git
   b69690442..8c60c7ed4  HEAD -> main
[2026-07-08T15:30:56Z] dashboard publish complete
[2026-07-08T16:00:00Z] starting dashboard publish

   ___           __               __ __         _             
  / _ | ________/ /  ___  ___    / // /__  ____(_)__ ___  ___ 
 / __ |/ __/ __/ _ \/ _ \/ _ \  / _  / _ \/ __/ /_ // _ \/ _ \
/_/ |_/_/  \__/_//_/\___/_//_/ /_//_/\___/_/ /_//__/\___/_//_/

 v0.1.0    https://github.com/frenzymath/Archon-Horizon  ───────────────────────

[HORIZON] committed exported dashboard to the workspace ledger (ffdac3a460).
[HORIZON] ✓ exported static dashboard to dashboard/index.html
[HORIZON] GitHub Pages workflow already present at 
.github/workflows/horizon-dashboard-pages.yml; left untouched.
[HORIZON] › Push the workspace repo to your GitHub remote, then enable Pages 
(Settings → Pages → Source: GitHub Actions).
[HORIZON] If the deploy fails with "Branch main is not allowed to deploy to 
github-pages", clear the environment's branch rule: Settings → Environments → 
github-pages → Deployment branches and tags → allow main (or 'No restriction').
To https://github.com/AxelDlv00/LeanAlgebraicGeometry.git
   8c60c7ed4..ffdac3a46  HEAD -> main
[2026-07-08T16:01:01Z] dashboard publish complete
[2026-07-08T16:30:00Z] starting dashboard publish

   ___           __               __ __         _             
  / _ | ________/ /  ___  ___    / // /__  ____(_)__ ___  ___ 
 / __ |/ __/ __/ _ \/ _ \/ _ \  / _  / _ \/ __/ /_ // _ \/ _ \
/_/ |_/_/  \__/_//_/\___/_//_/ /_//_/\___/_/ /_//__/\___/_//_/

 v0.1.0    https://github.com/frenzymath/Archon-Horizon  ───────────────────────

[HORIZON] committed exported dashboard to the workspace ledger (4e53bf79b7).
[HORIZON] ✓ exported static dashboard to dashboard/index.html
[HORIZON] GitHub Pages workflow already present at 
.github/workflows/horizon-dashboard-pages.yml; left untouched.
[HORIZON] › Push the workspace repo to your GitHub remote, then enable Pages 
(Settings → Pages → Source: GitHub Actions).
[HORIZON] If the deploy fails with "Branch main is not allowed to deploy to 
github-pages", clear the environment's branch rule: Settings → Environments → 
github-pages → Deployment branches and tags → allow main (or 'No restriction').
To https://github.com/AxelDlv00/LeanAlgebraicGeometry.git
   ffdac3a46..4e53bf79b  HEAD -> main
[2026-07-08T16:30:56Z] dashboard publish complete
[2026-07-08T17:00:00Z] starting dashboard publish

   ___           __               __ __         _             
  / _ | ________/ /  ___  ___    / // /__  ____(_)__ ___  ___ 
 / __ |/ __/ __/ _ \/ _ \/ _ \  / _  / _ \/ __/ /_ // _ \/ _ \
/_/ |_/_/  \__/_//_/\___/_//_/ /_//_/\___/_/ /_//__/\___/_//_/

 v0.1.0    https://github.com/frenzymath/Archon-Horizon  ───────────────────────

[HORIZON] committed exported dashboard to the workspace ledger (251e918198).
[HORIZON] ✓ exported static dashboard to dashboard/index.html
[HORIZON] GitHub Pages workflow already present at 
.github/workflows/horizon-dashboard-pages.yml; left untouched.
[HORIZON] › Push the workspace repo to your GitHub remote, then enable Pages 
(Settings → Pages → Source: GitHub Actions).
[HORIZON] If the deploy fails with "Branch main is not allowed to deploy to 
github-pages", clear the environment's branch rule: Settings → Environments → 
github-pages → Deployment branches and tags → allow main (or 'No restriction').
To https://github.com/AxelDlv00/LeanAlgebraicGeometry.git
   4e53bf79b..251e91819  HEAD -> main
[2026-07-08T17:00:55Z] dashboard publish complete
[2026-07-08T17:30:00Z] starting dashboard publish

   ___           __               __ __         _             
  / _ | ________/ /  ___  ___    / // /__  ____(_)__ ___  ___ 
 / __ |/ __/ __/ _ \/ _ \/ _ \  / _  / _ \/ __/ /_ // _ \/ _ \
/_/ |_/_/  \__/_//_/\___/_//_/ /_//_/\___/_/ /_//__/\___/_//_/

 v0.1.0    https://github.com/frenzymath/Archon-Horizon  ───────────────────────

[HORIZON] committed exported dashboard to the workspace ledger (85e51f24f9).
[HORIZON] ✓ exported static dashboard to dashboard/index.html
[HORIZON] GitHub Pages workflow already present at 
.github/workflows/horizon-dashboard-pages.yml; left untouched.
[HORIZON] › Push the workspace repo to your GitHub remote, then enable Pages 
(Settings → Pages → Source: GitHub Actions).
[HORIZON] If the deploy fails with "Branch main is not allowed to deploy to 
github-pages", clear the environment's branch rule: Settings → Environments → 
github-pages → Deployment branches and tags → allow main (or 'No restriction').
To https://github.com/AxelDlv00/LeanAlgebraicGeometry.git
   251e91819..85e51f24f  HEAD -> main
[2026-07-08T17:31:13Z] dashboard publish complete
[2026-07-08T18:00:00Z] starting dashboard publish

   ___           __               __ __         _             
  / _ | ________/ /  ___  ___    / // /__  ____(_)__ ___  ___ 
 / __ |/ __/ __/ _ \/ _ \/ _ \  / _  / _ \/ __/ /_ // _ \/ _ \
/_/ |_/_/  \__/_//_/\___/_//_/ /_//_/\___/_/ /_//__/\___/_//_/

 v0.1.0    https://github.com/frenzymath/Archon-Horizon  ───────────────────────

[HORIZON] committed exported dashboard to the workspace ledger (b4e69b72e1).
[HORIZON] ✓ exported static dashboard to dashboard/index.html
[HORIZON] GitHub Pages workflow already present at 
.github/workflows/horizon-dashboard-pages.yml; left untouched.
[HORIZON] › Push the workspace repo to your GitHub remote, then enable Pages 
(Settings → Pages → Source: GitHub Actions).
[HORIZON] If the deploy fails with "Branch main is not allowed to deploy to 
github-pages", clear the environment's branch rule: Settings → Environments → 
github-pages → Deployment branches and tags → allow main (or 'No restriction').
To https://github.com/AxelDlv00/LeanAlgebraicGeometry.git
   85e51f24f..b4e69b72e  HEAD -> main
[2026-07-08T18:00:53Z] dashboard publish complete
[2026-07-08T18:30:01Z] starting dashboard publish

   ___           __               __ __         _             
  / _ | ________/ /  ___  ___    / // /__  ____(_)__ ___  ___ 
 / __ |/ __/ __/ _ \/ _ \/ _ \  / _  / _ \/ __/ /_ // _ \/ _ \
/_/ |_/_/  \__/_//_/\___/_//_/ /_//_/\___/_/ /_//__/\___/_//_/

 v0.1.0    https://github.com/frenzymath/Archon-Horizon  ───────────────────────

[HORIZON] committed exported dashboard to the workspace ledger (78ca9ce34f).
[HORIZON] ✓ exported static dashboard to dashboard/index.html
[HORIZON] GitHub Pages workflow already present at 
.github/workflows/horizon-dashboard-pages.yml; left untouched.
[HORIZON] › Push the workspace repo to your GitHub remote, then enable Pages 
(Settings → Pages → Source: GitHub Actions).
[HORIZON] If the deploy fails with "Branch main is not allowed to deploy to 
github-pages", clear the environment's branch rule: Settings → Environments → 
github-pages → Deployment branches and tags → allow main (or 'No restriction').
To https://github.com/AxelDlv00/LeanAlgebraicGeometry.git
   b4e69b72e..78ca9ce34  HEAD -> main
[2026-07-08T18:30:57Z] dashboard publish complete
[2026-07-08T19:00:00Z] starting dashboard publish

   ___           __               __ __         _             
  / _ | ________/ /  ___  ___    / // /__  ____(_)__ ___  ___ 
 / __ |/ __/ __/ _ \/ _ \/ _ \  / _  / _ \/ __/ /_ // _ \/ _ \
/_/ |_/_/  \__/_//_/\___/_//_/ /_//_/\___/_/ /_//__/\___/_//_/

 v0.1.0    https://github.com/frenzymath/Archon-Horizon  ───────────────────────

[HORIZON] committed exported dashboard to the workspace ledger (c0cc86ccc3).
[HORIZON] ✓ exported static dashboard to dashboard/index.html
[HORIZON] GitHub Pages workflow already present at 
.github/workflows/horizon-dashboard-pages.yml; left untouched.
[HORIZON] › Push the workspace repo to your GitHub remote, then enable Pages 
(Settings → Pages → Source: GitHub Actions).
[HORIZON] If the deploy fails with "Branch main is not allowed to deploy to 
github-pages", clear the environment's branch rule: Settings → Environments → 
github-pages → Deployment branches and tags → allow main (or 'No restriction').
To https://github.com/AxelDlv00/LeanAlgebraicGeometry.git
   78ca9ce34..c0cc86ccc  HEAD -> main
[2026-07-08T19:01:14Z] dashboard publish complete
[2026-07-08T19:30:00Z] starting dashboard publish

   ___           __               __ __         _             
  / _ | ________/ /  ___  ___    / // /__  ____(_)__ ___  ___ 
 / __ |/ __/ __/ _ \/ _ \/ _ \  / _  / _ \/ __/ /_ // _ \/ _ \
/_/ |_/_/  \__/_//_/\___/_//_/ /_//_/\___/_/ /_//__/\___/_//_/

 v0.1.0    https://github.com/frenzymath/Archon-Horizon  ───────────────────────

[HORIZON] committed exported dashboard to the workspace ledger (9b22950d99).
[HORIZON] ✓ exported static dashboard to dashboard/index.html
[HORIZON] GitHub Pages workflow already present at 
.github/workflows/horizon-dashboard-pages.yml; left untouched.
[HORIZON] › Push the workspace repo to your GitHub remote, then enable Pages 
(Settings → Pages → Source: GitHub Actions).
[HORIZON] If the deploy fails with "Branch main is not allowed to deploy to 
github-pages", clear the environment's branch rule: Settings → Environments → 
github-pages → Deployment branches and tags → allow main (or 'No restriction').
To https://github.com/AxelDlv00/LeanAlgebraicGeometry.git
   c0cc86ccc..9b22950d9  HEAD -> main
[2026-07-08T19:30:56Z] dashboard publish complete
[2026-07-08T20:00:00Z] starting dashboard publish

   ___           __               __ __         _             
  / _ | ________/ /  ___  ___    / // /__  ____(_)__ ___  ___ 
 / __ |/ __/ __/ _ \/ _ \/ _ \  / _  / _ \/ __/ /_ // _ \/ _ \
/_/ |_/_/  \__/_//_/\___/_//_/ /_//_/\___/_/ /_//__/\___/_//_/

 v0.1.0    https://github.com/frenzymath/Archon-Horizon  ───────────────────────

[HORIZON] committed exported dashboard to the workspace ledger (2e17de7523).
[HORIZON] ✓ exported static dashboard to dashboard/index.html
[HORIZON] GitHub Pages workflow already present at 
.github/workflows/horizon-dashboard-pages.yml; left untouched.
[HORIZON] › Push the workspace repo to your GitHub remote, then enable Pages 
(Settings → Pages → Source: GitHub Actions).
[HORIZON] If the deploy fails with "Branch main is not allowed to deploy to 
github-pages", clear the environment's branch rule: Settings → Environments → 
github-pages → Deployment branches and tags → allow main (or 'No restriction').
To https://github.com/AxelDlv00/LeanAlgebraicGeometry.git
   9b22950d9..2e17de752  HEAD -> main
[2026-07-08T20:00:56Z] dashboard publish complete
[2026-07-08T20:30:00Z] starting dashboard publish

   ___           __               __ __         _             
  / _ | ________/ /  ___  ___    / // /__  ____(_)__ ___  ___ 
 / __ |/ __/ __/ _ \/ _ \/ _ \  / _  / _ \/ __/ /_ // _ \/ _ \
/_/ |_/_/  \__/_//_/\___/_//_/ /_//_/\___/_/ /_//__/\___/_//_/

 v0.1.0    https://github.com/frenzymath/Archon-Horizon  ───────────────────────

[HORIZON] committed exported dashboard to the workspace ledger (c876fd4829).
[HORIZON] ✓ exported static dashboard to dashboard/index.html
[HORIZON] GitHub Pages workflow already present at 
.github/workflows/horizon-dashboard-pages.yml; left untouched.
[HORIZON] › Push the workspace repo to your GitHub remote, then enable Pages 
(Settings → Pages → Source: GitHub Actions).
[HORIZON] If the deploy fails with "Branch main is not allowed to deploy to 
github-pages", clear the environment's branch rule: Settings → Environments → 
github-pages → Deployment branches and tags → allow main (or 'No restriction').
To https://github.com/AxelDlv00/LeanAlgebraicGeometry.git
   2e17de752..c876fd482  HEAD -> main
[2026-07-08T20:30:56Z] dashboard publish complete
[2026-07-08T21:00:00Z] starting dashboard publish

   ___           __               __ __         _             
  / _ | ________/ /  ___  ___    / // /__  ____(_)__ ___  ___ 
 / __ |/ __/ __/ _ \/ _ \/ _ \  / _  / _ \/ __/ /_ // _ \/ _ \
/_/ |_/_/  \__/_//_/\___/_//_/ /_//_/\___/_/ /_//__/\___/_//_/

 v0.1.0    https://github.com/frenzymath/Archon-Horizon  ───────────────────────

[HORIZON] committed exported dashboard to the workspace ledger (d1394437ac).
[HORIZON] ✓ exported static dashboard to dashboard/index.html
[HORIZON] GitHub Pages workflow already present at 
.github/workflows/horizon-dashboard-pages.yml; left untouched.
[HORIZON] › Push the workspace repo to your GitHub remote, then enable Pages 
(Settings → Pages → Source: GitHub Actions).
[HORIZON] If the deploy fails with "Branch main is not allowed to deploy to 
github-pages", clear the environment's branch rule: Settings → Environments → 
github-pages → Deployment branches and tags → allow main (or 'No restriction').
To https://github.com/AxelDlv00/LeanAlgebraicGeometry.git
   c876fd482..d1394437a  HEAD -> main
[2026-07-08T21:00:55Z] dashboard publish complete
[2026-07-08T21:30:00Z] starting dashboard publish

   ___           __               __ __         _             
  / _ | ________/ /  ___  ___    / // /__  ____(_)__ ___  ___ 
 / __ |/ __/ __/ _ \/ _ \/ _ \  / _  / _ \/ __/ /_ // _ \/ _ \
/_/ |_/_/  \__/_//_/\___/_//_/ /_//_/\___/_/ /_//__/\___/_//_/

 v0.1.0    https://github.com/frenzymath/Archon-Horizon  ───────────────────────

[HORIZON] committed exported dashboard to the workspace ledger (894c74d061).
[HORIZON] ✓ exported static dashboard to dashboard/index.html
[HORIZON] GitHub Pages workflow already present at 
.github/workflows/horizon-dashboard-pages.yml; left untouched.
[HORIZON] › Push the workspace repo to your GitHub remote, then enable Pages 
(Settings → Pages → Source: GitHub Actions).
[HORIZON] If the deploy fails with "Branch main is not allowed to deploy to 
github-pages", clear the environment's branch rule: Settings → Environments → 
github-pages → Deployment branches and tags → allow main (or 'No restriction').
To https://github.com/AxelDlv00/LeanAlgebraicGeometry.git
   d1394437a..894c74d06  HEAD -> main
[2026-07-08T21:30:55Z] dashboard publish complete
[2026-07-08T22:00:00Z] starting dashboard publish

   ___           __               __ __         _             
  / _ | ________/ /  ___  ___    / // /__  ____(_)__ ___  ___ 
 / __ |/ __/ __/ _ \/ _ \/ _ \  / _  / _ \/ __/ /_ // _ \/ _ \
/_/ |_/_/  \__/_//_/\___/_//_/ /_//_/\___/_/ /_//__/\___/_//_/

 v0.1.0    https://github.com/frenzymath/Archon-Horizon  ───────────────────────

[HORIZON] committed exported dashboard to the workspace ledger (9a94c8a7c4).
[HORIZON] ✓ exported static dashboard to dashboard/index.html
[HORIZON] GitHub Pages workflow already present at 
.github/workflows/horizon-dashboard-pages.yml; left untouched.
[HORIZON] › Push the workspace repo to your GitHub remote, then enable Pages 
(Settings → Pages → Source: GitHub Actions).
[HORIZON] If the deploy fails with "Branch main is not allowed to deploy to 
github-pages", clear the environment's branch rule: Settings → Environments → 
github-pages → Deployment branches and tags → allow main (or 'No restriction').
To https://github.com/AxelDlv00/LeanAlgebraicGeometry.git
   894c74d06..9a94c8a7c  HEAD -> main
[2026-07-08T22:00:54Z] dashboard publish complete
[2026-07-08T22:30:00Z] starting dashboard publish

   ___           __               __ __         _             
  / _ | ________/ /  ___  ___    / // /__  ____(_)__ ___  ___ 
 / __ |/ __/ __/ _ \/ _ \/ _ \  / _  / _ \/ __/ /_ // _ \/ _ \
/_/ |_/_/  \__/_//_/\___/_//_/ /_//_/\___/_/ /_//__/\___/_//_/

 v0.1.0    https://github.com/frenzymath/Archon-Horizon  ───────────────────────

[HORIZON] committed exported dashboard to the workspace ledger (c150ab17af).
[HORIZON] ✓ exported static dashboard to dashboard/index.html
[HORIZON] GitHub Pages workflow already present at 
.github/workflows/horizon-dashboard-pages.yml; left untouched.
[HORIZON] › Push the workspace repo to your GitHub remote, then enable Pages 
(Settings → Pages → Source: GitHub Actions).
[HORIZON] If the deploy fails with "Branch main is not allowed to deploy to 
github-pages", clear the environment's branch rule: Settings → Environments → 
github-pages → Deployment branches and tags → allow main (or 'No restriction').
To https://github.com/AxelDlv00/LeanAlgebraicGeometry.git
   9a94c8a7c..c150ab17a  HEAD -> main
[2026-07-08T22:30:55Z] dashboard publish complete
[2026-07-08T23:00:00Z] starting dashboard publish

   ___           __               __ __         _             
  / _ | ________/ /  ___  ___    / // /__  ____(_)__ ___  ___ 
 / __ |/ __/ __/ _ \/ _ \/ _ \  / _  / _ \/ __/ /_ // _ \/ _ \
/_/ |_/_/  \__/_//_/\___/_//_/ /_//_/\___/_/ /_//__/\___/_//_/

 v0.1.0    https://github.com/frenzymath/Archon-Horizon  ───────────────────────

[HORIZON] committed exported dashboard to the workspace ledger (c175981fc8).
[HORIZON] ✓ exported static dashboard to dashboard/index.html
[HORIZON] GitHub Pages workflow already present at 
.github/workflows/horizon-dashboard-pages.yml; left untouched.
[HORIZON] › Push the workspace repo to your GitHub remote, then enable Pages 
(Settings → Pages → Source: GitHub Actions).
[HORIZON] If the deploy fails with "Branch main is not allowed to deploy to 
github-pages", clear the environment's branch rule: Settings → Environments → 
github-pages → Deployment branches and tags → allow main (or 'No restriction').
To https://github.com/AxelDlv00/LeanAlgebraicGeometry.git
   c150ab17a..c175981fc  HEAD -> main
[2026-07-08T23:00:55Z] dashboard publish complete
[2026-07-08T23:30:00Z] starting dashboard publish

   ___           __               __ __         _             
  / _ | ________/ /  ___  ___    / // /__  ____(_)__ ___  ___ 
 / __ |/ __/ __/ _ \/ _ \/ _ \  / _  / _ \/ __/ /_ // _ \/ _ \
/_/ |_/_/  \__/_//_/\___/_//_/ /_//_/\___/_/ /_//__/\___/_//_/

 v0.1.0    https://github.com/frenzymath/Archon-Horizon  ───────────────────────

[HORIZON] committed exported dashboard to the workspace ledger (67567d0e92).
[HORIZON] ✓ exported static dashboard to dashboard/index.html
[HORIZON] GitHub Pages workflow already present at 
.github/workflows/horizon-dashboard-pages.yml; left untouched.
[HORIZON] › Push the workspace repo to your GitHub remote, then enable Pages 
(Settings → Pages → Source: GitHub Actions).
[HORIZON] If the deploy fails with "Branch main is not allowed to deploy to 
github-pages", clear the environment's branch rule: Settings → Environments → 
github-pages → Deployment branches and tags → allow main (or 'No restriction').
To https://github.com/AxelDlv00/LeanAlgebraicGeometry.git
   c175981fc..67567d0e9  HEAD -> main
[2026-07-08T23:31:08Z] dashboard publish complete
[2026-07-09T00:00:00Z] starting dashboard publish

   ___           __               __ __         _             
  / _ | ________/ /  ___  ___    / // /__  ____(_)__ ___  ___ 
 / __ |/ __/ __/ _ \/ _ \/ _ \  / _  / _ \/ __/ /_ // _ \/ _ \
/_/ |_/_/  \__/_//_/\___/_//_/ /_//_/\___/_/ /_//__/\___/_//_/

 v0.1.0    https://github.com/frenzymath/Archon-Horizon  ───────────────────────

[HORIZON] committed exported dashboard to the workspace ledger (9715910df3).
[HORIZON] ✓ exported static dashboard to dashboard/index.html
[HORIZON] GitHub Pages workflow already present at 
.github/workflows/horizon-dashboard-pages.yml; left untouched.
[HORIZON] › Push the workspace repo to your GitHub remote, then enable Pages 
(Settings → Pages → Source: GitHub Actions).
[HORIZON] If the deploy fails with "Branch main is not allowed to deploy to 
github-pages", clear the environment's branch rule: Settings → Environments → 
github-pages → Deployment branches and tags → allow main (or 'No restriction').
To https://github.com/AxelDlv00/LeanAlgebraicGeometry.git
   67567d0e9..9715910df  HEAD -> main
[2026-07-09T00:00:55Z] dashboard publish complete
[2026-07-09T00:30:00Z] starting dashboard publish

   ___           __               __ __         _             
  / _ | ________/ /  ___  ___    / // /__  ____(_)__ ___  ___ 
 / __ |/ __/ __/ _ \/ _ \/ _ \  / _  / _ \/ __/ /_ // _ \/ _ \
/_/ |_/_/  \__/_//_/\___/_//_/ /_//_/\___/_/ /_//__/\___/_//_/

 v0.1.0    https://github.com/frenzymath/Archon-Horizon  ───────────────────────

[HORIZON] committed exported dashboard to the workspace ledger (4ceb8fdbab).
[HORIZON] ✓ exported static dashboard to dashboard/index.html
[HORIZON] GitHub Pages workflow already present at 
.github/workflows/horizon-dashboard-pages.yml; left untouched.
[HORIZON] › Push the workspace repo to your GitHub remote, then enable Pages 
(Settings → Pages → Source: GitHub Actions).
[HORIZON] If the deploy fails with "Branch main is not allowed to deploy to 
github-pages", clear the environment's branch rule: Settings → Environments → 
github-pages → Deployment branches and tags → allow main (or 'No restriction').
To https://github.com/AxelDlv00/LeanAlgebraicGeometry.git
   9715910df..4ceb8fdba  HEAD -> main
[2026-07-09T00:30:52Z] dashboard publish complete
[2026-07-09T01:00:00Z] starting dashboard publish

   ___           __               __ __         _             
  / _ | ________/ /  ___  ___    / // /__  ____(_)__ ___  ___ 
 / __ |/ __/ __/ _ \/ _ \/ _ \  / _  / _ \/ __/ /_ // _ \/ _ \
/_/ |_/_/  \__/_//_/\___/_//_/ /_//_/\___/_/ /_//__/\___/_//_/

 v0.1.0    https://github.com/frenzymath/Archon-Horizon  ───────────────────────

[HORIZON] committed exported dashboard to the workspace ledger (0164d6f59e).
[HORIZON] ✓ exported static dashboard to dashboard/index.html
[HORIZON] GitHub Pages workflow already present at 
.github/workflows/horizon-dashboard-pages.yml; left untouched.
[HORIZON] › Push the workspace repo to your GitHub remote, then enable Pages 
(Settings → Pages → Source: GitHub Actions).
[HORIZON] If the deploy fails with "Branch main is not allowed to deploy to 
github-pages", clear the environment's branch rule: Settings → Environments → 
github-pages → Deployment branches and tags → allow main (or 'No restriction').
To https://github.com/AxelDlv00/LeanAlgebraicGeometry.git
   4ceb8fdba..0164d6f59  HEAD -> main
[2026-07-09T01:00:52Z] dashboard publish complete
[2026-07-09T01:30:00Z] starting dashboard publish

   ___           __               __ __         _             
  / _ | ________/ /  ___  ___    / // /__  ____(_)__ ___  ___ 
 / __ |/ __/ __/ _ \/ _ \/ _ \  / _  / _ \/ __/ /_ // _ \/ _ \
/_/ |_/_/  \__/_//_/\___/_//_/ /_//_/\___/_/ /_//__/\___/_//_/

 v0.1.0    https://github.com/frenzymath/Archon-Horizon  ───────────────────────

[HORIZON] committed exported dashboard to the workspace ledger (f036a9cd71).
[HORIZON] ✓ exported static dashboard to dashboard/index.html
[HORIZON] GitHub Pages workflow already present at 
.github/workflows/horizon-dashboard-pages.yml; left untouched.
[HORIZON] › Push the workspace repo to your GitHub remote, then enable Pages 
(Settings → Pages → Source: GitHub Actions).
[HORIZON] If the deploy fails with "Branch main is not allowed to deploy to 
github-pages", clear the environment's branch rule: Settings → Environments → 
github-pages → Deployment branches and tags → allow main (or 'No restriction').
To https://github.com/AxelDlv00/LeanAlgebraicGeometry.git
   0164d6f59..f036a9cd7  HEAD -> main
[2026-07-09T01:30:52Z] dashboard publish complete
[2026-07-09T02:00:00Z] starting dashboard publish

   ___           __               __ __         _             
  / _ | ________/ /  ___  ___    / // /__  ____(_)__ ___  ___ 
 / __ |/ __/ __/ _ \/ _ \/ _ \  / _  / _ \/ __/ /_ // _ \/ _ \
/_/ |_/_/  \__/_//_/\___/_//_/ /_//_/\___/_/ /_//__/\___/_//_/

 v0.1.0    https://github.com/frenzymath/Archon-Horizon  ───────────────────────

[HORIZON] committed exported dashboard to the workspace ledger (e802b4ca78).
[HORIZON] ✓ exported static dashboard to dashboard/index.html
[HORIZON] GitHub Pages workflow already present at 
.github/workflows/horizon-dashboard-pages.yml; left untouched.
[HORIZON] › Push the workspace repo to your GitHub remote, then enable Pages 
(Settings → Pages → Source: GitHub Actions).
[HORIZON] If the deploy fails with "Branch main is not allowed to deploy to 
github-pages", clear the environment's branch rule: Settings → Environments → 
github-pages → Deployment branches and tags → allow main (or 'No restriction').
To https://github.com/AxelDlv00/LeanAlgebraicGeometry.git
   f036a9cd7..e802b4ca7  HEAD -> main
[2026-07-09T02:00:53Z] dashboard publish complete
[2026-07-09T02:30:00Z] starting dashboard publish

   ___           __               __ __         _             
  / _ | ________/ /  ___  ___    / // /__  ____(_)__ ___  ___ 
 / __ |/ __/ __/ _ \/ _ \/ _ \  / _  / _ \/ __/ /_ // _ \/ _ \
/_/ |_/_/  \__/_//_/\___/_//_/ /_//_/\___/_/ /_//__/\___/_//_/

 v0.1.0    https://github.com/frenzymath/Archon-Horizon  ───────────────────────

[HORIZON] committed exported dashboard to the workspace ledger (11d26dc971).
[HORIZON] ✓ exported static dashboard to dashboard/index.html
[HORIZON] GitHub Pages workflow already present at 
.github/workflows/horizon-dashboard-pages.yml; left untouched.
[HORIZON] › Push the workspace repo to your GitHub remote, then enable Pages 
(Settings → Pages → Source: GitHub Actions).
[HORIZON] If the deploy fails with "Branch main is not allowed to deploy to 
github-pages", clear the environment's branch rule: Settings → Environments → 
github-pages → Deployment branches and tags → allow main (or 'No restriction').
To https://github.com/AxelDlv00/LeanAlgebraicGeometry.git
   e802b4ca7..11d26dc97  HEAD -> main
[2026-07-09T02:30:52Z] dashboard publish complete
[2026-07-09T03:00:00Z] starting dashboard publish

   ___           __               __ __         _             
  / _ | ________/ /  ___  ___    / // /__  ____(_)__ ___  ___ 
 / __ |/ __/ __/ _ \/ _ \/ _ \  / _  / _ \/ __/ /_ // _ \/ _ \
/_/ |_/_/  \__/_//_/\___/_//_/ /_//_/\___/_/ /_//__/\___/_//_/

 v0.1.0    https://github.com/frenzymath/Archon-Horizon  ───────────────────────

[HORIZON] committed exported dashboard to the workspace ledger (43203301d0).
[HORIZON] ✓ exported static dashboard to dashboard/index.html
[HORIZON] GitHub Pages workflow already present at 
.github/workflows/horizon-dashboard-pages.yml; left untouched.
[HORIZON] › Push the workspace repo to your GitHub remote, then enable Pages 
(Settings → Pages → Source: GitHub Actions).
[HORIZON] If the deploy fails with "Branch main is not allowed to deploy to 
github-pages", clear the environment's branch rule: Settings → Environments → 
github-pages → Deployment branches and tags → allow main (or 'No restriction').
To https://github.com/AxelDlv00/LeanAlgebraicGeometry.git
   11d26dc97..43203301d  HEAD -> main
[2026-07-09T03:00:59Z] dashboard publish complete
[2026-07-09T03:30:00Z] starting dashboard publish

   ___           __               __ __         _             
  / _ | ________/ /  ___  ___    / // /__  ____(_)__ ___  ___ 
 / __ |/ __/ __/ _ \/ _ \/ _ \  / _  / _ \/ __/ /_ // _ \/ _ \
/_/ |_/_/  \__/_//_/\___/_//_/ /_//_/\___/_/ /_//__/\___/_//_/

 v0.1.0    https://github.com/frenzymath/Archon-Horizon  ───────────────────────

[HORIZON] committed exported dashboard to the workspace ledger (ec19d386a5).
[HORIZON] ✓ exported static dashboard to dashboard/index.html
[HORIZON] GitHub Pages workflow already present at 
.github/workflows/horizon-dashboard-pages.yml; left untouched.
[HORIZON] › Push the workspace repo to your GitHub remote, then enable Pages 
(Settings → Pages → Source: GitHub Actions).
[HORIZON] If the deploy fails with "Branch main is not allowed to deploy to 
github-pages", clear the environment's branch rule: Settings → Environments → 
github-pages → Deployment branches and tags → allow main (or 'No restriction').
To https://github.com/AxelDlv00/LeanAlgebraicGeometry.git
   43203301d..ec19d386a  HEAD -> main
[2026-07-09T03:31:02Z] dashboard publish complete
[2026-07-09T04:00:00Z] starting dashboard publish

   ___           __               __ __         _             
  / _ | ________/ /  ___  ___    / // /__  ____(_)__ ___  ___ 
 / __ |/ __/ __/ _ \/ _ \/ _ \  / _  / _ \/ __/ /_ // _ \/ _ \
/_/ |_/_/  \__/_//_/\___/_//_/ /_//_/\___/_/ /_//__/\___/_//_/

 v0.1.0    https://github.com/frenzymath/Archon-Horizon  ───────────────────────

[HORIZON] committed exported dashboard to the workspace ledger (213e601eae).
[HORIZON] ✓ exported static dashboard to dashboard/index.html
[HORIZON] GitHub Pages workflow already present at 
.github/workflows/horizon-dashboard-pages.yml; left untouched.
[HORIZON] › Push the workspace repo to your GitHub remote, then enable Pages 
(Settings → Pages → Source: GitHub Actions).
[HORIZON] If the deploy fails with "Branch main is not allowed to deploy to 
github-pages", clear the environment's branch rule: Settings → Environments → 
github-pages → Deployment branches and tags → allow main (or 'No restriction').
To https://github.com/AxelDlv00/LeanAlgebraicGeometry.git
   ec19d386a..213e601ea  HEAD -> main
[2026-07-09T04:00:57Z] dashboard publish complete
[2026-07-09T04:30:00Z] starting dashboard publish

   ___           __               __ __         _             
  / _ | ________/ /  ___  ___    / // /__  ____(_)__ ___  ___ 
 / __ |/ __/ __/ _ \/ _ \/ _ \  / _  / _ \/ __/ /_ // _ \/ _ \
/_/ |_/_/  \__/_//_/\___/_//_/ /_//_/\___/_/ /_//__/\___/_//_/

 v0.1.0    https://github.com/frenzymath/Archon-Horizon  ───────────────────────

[HORIZON] committed exported dashboard to the workspace ledger (8aefe375a5).
[HORIZON] ✓ exported static dashboard to dashboard/index.html
[HORIZON] GitHub Pages workflow already present at 
.github/workflows/horizon-dashboard-pages.yml; left untouched.
[HORIZON] › Push the workspace repo to your GitHub remote, then enable Pages 
(Settings → Pages → Source: GitHub Actions).
[HORIZON] If the deploy fails with "Branch main is not allowed to deploy to 
github-pages", clear the environment's branch rule: Settings → Environments → 
github-pages → Deployment branches and tags → allow main (or 'No restriction').
To https://github.com/AxelDlv00/LeanAlgebraicGeometry.git
   213e601ea..8aefe375a  HEAD -> main
[2026-07-09T04:30:54Z] dashboard publish complete
[2026-07-09T05:00:00Z] starting dashboard publish

   ___           __               __ __         _             
  / _ | ________/ /  ___  ___    / // /__  ____(_)__ ___  ___ 
 / __ |/ __/ __/ _ \/ _ \/ _ \  / _  / _ \/ __/ /_ // _ \/ _ \
/_/ |_/_/  \__/_//_/\___/_//_/ /_//_/\___/_/ /_//__/\___/_//_/

 v0.1.0    https://github.com/frenzymath/Archon-Horizon  ───────────────────────

[HORIZON] committed exported dashboard to the workspace ledger (2857cb0e14).
[HORIZON] ✓ exported static dashboard to dashboard/index.html
[HORIZON] GitHub Pages workflow already present at 
.github/workflows/horizon-dashboard-pages.yml; left untouched.
[HORIZON] › Push the workspace repo to your GitHub remote, then enable Pages 
(Settings → Pages → Source: GitHub Actions).
[HORIZON] If the deploy fails with "Branch main is not allowed to deploy to 
github-pages", clear the environment's branch rule: Settings → Environments → 
github-pages → Deployment branches and tags → allow main (or 'No restriction').
To https://github.com/AxelDlv00/LeanAlgebraicGeometry.git
   8aefe375a..2857cb0e1  HEAD -> main
[2026-07-09T05:01:00Z] dashboard publish complete
[2026-07-09T05:30:00Z] starting dashboard publish

   ___           __               __ __         _             
  / _ | ________/ /  ___  ___    / // /__  ____(_)__ ___  ___ 
 / __ |/ __/ __/ _ \/ _ \/ _ \  / _  / _ \/ __/ /_ // _ \/ _ \
/_/ |_/_/  \__/_//_/\___/_//_/ /_//_/\___/_/ /_//__/\___/_//_/

 v0.1.0    https://github.com/frenzymath/Archon-Horizon  ───────────────────────

[HORIZON] committed exported dashboard to the workspace ledger (f3b5c84b42).
[HORIZON] ✓ exported static dashboard to dashboard/index.html
[HORIZON] GitHub Pages workflow already present at 
.github/workflows/horizon-dashboard-pages.yml; left untouched.
[HORIZON] › Push the workspace repo to your GitHub remote, then enable Pages 
(Settings → Pages → Source: GitHub Actions).
[HORIZON] If the deploy fails with "Branch main is not allowed to deploy to 
github-pages", clear the environment's branch rule: Settings → Environments → 
github-pages → Deployment branches and tags → allow main (or 'No restriction').
To https://github.com/AxelDlv00/LeanAlgebraicGeometry.git
   2857cb0e1..f3b5c84b4  HEAD -> main
[2026-07-09T05:30:54Z] dashboard publish complete
[2026-07-09T06:00:00Z] starting dashboard publish

   ___           __               __ __         _             
  / _ | ________/ /  ___  ___    / // /__  ____(_)__ ___  ___ 
 / __ |/ __/ __/ _ \/ _ \/ _ \  / _  / _ \/ __/ /_ // _ \/ _ \
/_/ |_/_/  \__/_//_/\___/_//_/ /_//_/\___/_/ /_//__/\___/_//_/

 v0.1.0    https://github.com/frenzymath/Archon-Horizon  ───────────────────────

[HORIZON] committed exported dashboard to the workspace ledger (c1ae837cba).
[HORIZON] ✓ exported static dashboard to dashboard/index.html
[HORIZON] GitHub Pages workflow already present at 
.github/workflows/horizon-dashboard-pages.yml; left untouched.
[HORIZON] › Push the workspace repo to your GitHub remote, then enable Pages 
(Settings → Pages → Source: GitHub Actions).
[HORIZON] If the deploy fails with "Branch main is not allowed to deploy to 
github-pages", clear the environment's branch rule: Settings → Environments → 
github-pages → Deployment branches and tags → allow main (or 'No restriction').
To https://github.com/AxelDlv00/LeanAlgebraicGeometry.git
   f3b5c84b4..c1ae837cb  HEAD -> main
[2026-07-09T06:00:57Z] dashboard publish complete
[2026-07-09T06:30:00Z] starting dashboard publish

   ___           __               __ __         _             
  / _ | ________/ /  ___  ___    / // /__  ____(_)__ ___  ___ 
 / __ |/ __/ __/ _ \/ _ \/ _ \  / _  / _ \/ __/ /_ // _ \/ _ \
/_/ |_/_/  \__/_//_/\___/_//_/ /_//_/\___/_/ /_//__/\___/_//_/

 v0.1.0    https://github.com/frenzymath/Archon-Horizon  ───────────────────────

[HORIZON] committed exported dashboard to the workspace ledger (132b884283).
[HORIZON] ✓ exported static dashboard to dashboard/index.html
[HORIZON] GitHub Pages workflow already present at 
.github/workflows/horizon-dashboard-pages.yml; left untouched.
[HORIZON] › Push the workspace repo to your GitHub remote, then enable Pages 
(Settings → Pages → Source: GitHub Actions).
[HORIZON] If the deploy fails with "Branch main is not allowed to deploy to 
github-pages", clear the environment's branch rule: Settings → Environments → 
github-pages → Deployment branches and tags → allow main (or 'No restriction').
To https://github.com/AxelDlv00/LeanAlgebraicGeometry.git
   c1ae837cb..132b88428  HEAD -> main
[2026-07-09T06:30:53Z] dashboard publish complete
[2026-07-09T07:00:00Z] starting dashboard publish

   ___           __               __ __         _             
  / _ | ________/ /  ___  ___    / // /__  ____(_)__ ___  ___ 
 / __ |/ __/ __/ _ \/ _ \/ _ \  / _  / _ \/ __/ /_ // _ \/ _ \
/_/ |_/_/  \__/_//_/\___/_//_/ /_//_/\___/_/ /_//__/\___/_//_/

 v0.1.0    https://github.com/frenzymath/Archon-Horizon  ───────────────────────

[HORIZON] committed exported dashboard to the workspace ledger (91b40c70eb).
[HORIZON] ✓ exported static dashboard to dashboard/index.html
[HORIZON] GitHub Pages workflow already present at 
.github/workflows/horizon-dashboard-pages.yml; left untouched.
[HORIZON] › Push the workspace repo to your GitHub remote, then enable Pages 
(Settings → Pages → Source: GitHub Actions).
[HORIZON] If the deploy fails with "Branch main is not allowed to deploy to 
github-pages", clear the environment's branch rule: Settings → Environments → 
github-pages → Deployment branches and tags → allow main (or 'No restriction').
To https://github.com/AxelDlv00/LeanAlgebraicGeometry.git
   132b88428..91b40c70e  HEAD -> main
[2026-07-09T07:01:01Z] dashboard publish complete
[2026-07-09T07:30:00Z] starting dashboard publish

   ___           __               __ __         _             
  / _ | ________/ /  ___  ___    / // /__  ____(_)__ ___  ___ 
 / __ |/ __/ __/ _ \/ _ \/ _ \  / _  / _ \/ __/ /_ // _ \/ _ \
/_/ |_/_/  \__/_//_/\___/_//_/ /_//_/\___/_/ /_//__/\___/_//_/

 v0.1.0    https://github.com/frenzymath/Archon-Horizon  ───────────────────────

[HORIZON] committed exported dashboard to the workspace ledger (8d6cd1b000).
[HORIZON] ✓ exported static dashboard to dashboard/index.html
[HORIZON] GitHub Pages workflow already present at 
.github/workflows/horizon-dashboard-pages.yml; left untouched.
[HORIZON] › Push the workspace repo to your GitHub remote, then enable Pages 
(Settings → Pages → Source: GitHub Actions).
[HORIZON] If the deploy fails with "Branch main is not allowed to deploy to 
github-pages", clear the environment's branch rule: Settings → Environments → 
github-pages → Deployment branches and tags → allow main (or 'No restriction').
To https://github.com/AxelDlv00/LeanAlgebraicGeometry.git
   91b40c70e..8d6cd1b00  HEAD -> main
[2026-07-09T07:30:57Z] dashboard publish complete
[2026-07-09T08:00:00Z] starting dashboard publish

   ___           __               __ __         _             
  / _ | ________/ /  ___  ___    / // /__  ____(_)__ ___  ___ 
 / __ |/ __/ __/ _ \/ _ \/ _ \  / _  / _ \/ __/ /_ // _ \/ _ \
/_/ |_/_/  \__/_//_/\___/_//_/ /_//_/\___/_/ /_//__/\___/_//_/

 v0.1.0    https://github.com/frenzymath/Archon-Horizon  ───────────────────────

[HORIZON] committed exported dashboard to the workspace ledger (5cde2f94e6).
[HORIZON] ✓ exported static dashboard to dashboard/index.html
[HORIZON] GitHub Pages workflow already present at 
.github/workflows/horizon-dashboard-pages.yml; left untouched.
[HORIZON] › Push the workspace repo to your GitHub remote, then enable Pages 
(Settings → Pages → Source: GitHub Actions).
[HORIZON] If the deploy fails with "Branch main is not allowed to deploy to 
github-pages", clear the environment's branch rule: Settings → Environments → 
github-pages → Deployment branches and tags → allow main (or 'No restriction').
To https://github.com/AxelDlv00/LeanAlgebraicGeometry.git
   8d6cd1b00..5cde2f94e  HEAD -> main
[2026-07-09T08:01:12Z] dashboard publish complete
[2026-07-09T08:30:00Z] starting dashboard publish

   ___           __               __ __         _             
  / _ | ________/ /  ___  ___    / // /__  ____(_)__ ___  ___ 
 / __ |/ __/ __/ _ \/ _ \/ _ \  / _  / _ \/ __/ /_ // _ \/ _ \
/_/ |_/_/  \__/_//_/\___/_//_/ /_//_/\___/_/ /_//__/\___/_//_/

 v0.1.0    https://github.com/frenzymath/Archon-Horizon  ───────────────────────

[HORIZON] committed exported dashboard to the workspace ledger (f4ad6c7606).
[HORIZON] ✓ exported static dashboard to dashboard/index.html
[HORIZON] GitHub Pages workflow already present at 
.github/workflows/horizon-dashboard-pages.yml; left untouched.
[HORIZON] › Push the workspace repo to your GitHub remote, then enable Pages 
(Settings → Pages → Source: GitHub Actions).
[HORIZON] If the deploy fails with "Branch main is not allowed to deploy to 
github-pages", clear the environment's branch rule: Settings → Environments → 
github-pages → Deployment branches and tags → allow main (or 'No restriction').
To https://github.com/AxelDlv00/LeanAlgebraicGeometry.git
   5cde2f94e..f4ad6c760  HEAD -> main
[2026-07-09T08:30:59Z] dashboard publish complete
[2026-07-09T09:00:00Z] starting dashboard publish

   ___           __               __ __         _             
  / _ | ________/ /  ___  ___    / // /__  ____(_)__ ___  ___ 
 / __ |/ __/ __/ _ \/ _ \/ _ \  / _  / _ \/ __/ /_ // _ \/ _ \
/_/ |_/_/  \__/_//_/\___/_//_/ /_//_/\___/_/ /_//__/\___/_//_/

 v0.1.0    https://github.com/frenzymath/Archon-Horizon  ───────────────────────

[HORIZON] committed exported dashboard to the workspace ledger (e20926d245).
[HORIZON] ✓ exported static dashboard to dashboard/index.html
[HORIZON] GitHub Pages workflow already present at 
.github/workflows/horizon-dashboard-pages.yml; left untouched.
[HORIZON] › Push the workspace repo to your GitHub remote, then enable Pages 
(Settings → Pages → Source: GitHub Actions).
[HORIZON] If the deploy fails with "Branch main is not allowed to deploy to 
github-pages", clear the environment's branch rule: Settings → Environments → 
github-pages → Deployment branches and tags → allow main (or 'No restriction').
To https://github.com/AxelDlv00/LeanAlgebraicGeometry.git
   f4ad6c760..e20926d24  HEAD -> main
[2026-07-09T09:01:02Z] dashboard publish complete
[2026-07-09T09:30:00Z] starting dashboard publish

   ___           __               __ __         _             
  / _ | ________/ /  ___  ___    / // /__  ____(_)__ ___  ___ 
 / __ |/ __/ __/ _ \/ _ \/ _ \  / _  / _ \/ __/ /_ // _ \/ _ \
/_/ |_/_/  \__/_//_/\___/_//_/ /_//_/\___/_/ /_//__/\___/_//_/

 v0.1.0    https://github.com/frenzymath/Archon-Horizon  ───────────────────────

[HORIZON] committed exported dashboard to the workspace ledger (a9f22596b6).
[HORIZON] ✓ exported static dashboard to dashboard/index.html
[HORIZON] GitHub Pages workflow already present at 
.github/workflows/horizon-dashboard-pages.yml; left untouched.
[HORIZON] › Push the workspace repo to your GitHub remote, then enable Pages 
(Settings → Pages → Source: GitHub Actions).
[HORIZON] If the deploy fails with "Branch main is not allowed to deploy to 
github-pages", clear the environment's branch rule: Settings → Environments → 
github-pages → Deployment branches and tags → allow main (or 'No restriction').
To https://github.com/AxelDlv00/LeanAlgebraicGeometry.git
   e20926d24..a9f22596b  HEAD -> main
[2026-07-09T09:31:07Z] dashboard publish complete
[2026-07-09T10:00:00Z] starting dashboard publish

   ___           __               __ __         _             
  / _ | ________/ /  ___  ___    / // /__  ____(_)__ ___  ___ 
 / __ |/ __/ __/ _ \/ _ \/ _ \  / _  / _ \/ __/ /_ // _ \/ _ \
/_/ |_/_/  \__/_//_/\___/_//_/ /_//_/\___/_/ /_//__/\___/_//_/

 v0.1.0    https://github.com/frenzymath/Archon-Horizon  ───────────────────────

[HORIZON] committed exported dashboard to the workspace ledger (cf65ac6804).
[HORIZON] ✓ exported static dashboard to dashboard/index.html
[HORIZON] GitHub Pages workflow already present at 
.github/workflows/horizon-dashboard-pages.yml; left untouched.
[HORIZON] › Push the workspace repo to your GitHub remote, then enable Pages 
(Settings → Pages → Source: GitHub Actions).
[HORIZON] If the deploy fails with "Branch main is not allowed to deploy to 
github-pages", clear the environment's branch rule: Settings → Environments → 
github-pages → Deployment branches and tags → allow main (or 'No restriction').
To https://github.com/AxelDlv00/LeanAlgebraicGeometry.git
   a9f22596b..cf65ac680  HEAD -> main
[2026-07-09T10:00:59Z] dashboard publish complete
[2026-07-09T10:30:00Z] starting dashboard publish

   ___           __               __ __         _             
  / _ | ________/ /  ___  ___    / // /__  ____(_)__ ___  ___ 
 / __ |/ __/ __/ _ \/ _ \/ _ \  / _  / _ \/ __/ /_ // _ \/ _ \
/_/ |_/_/  \__/_//_/\___/_//_/ /_//_/\___/_/ /_//__/\___/_//_/

 v0.1.0    https://github.com/frenzymath/Archon-Horizon  ───────────────────────

[HORIZON] committed exported dashboard to the workspace ledger (7f87e1afd2).
[HORIZON] ✓ exported static dashboard to dashboard/index.html
[HORIZON] GitHub Pages workflow already present at 
.github/workflows/horizon-dashboard-pages.yml; left untouched.
[HORIZON] › Push the workspace repo to your GitHub remote, then enable Pages 
(Settings → Pages → Source: GitHub Actions).
[HORIZON] If the deploy fails with "Branch main is not allowed to deploy to 
github-pages", clear the environment's branch rule: Settings → Environments → 
github-pages → Deployment branches and tags → allow main (or 'No restriction').
To https://github.com/AxelDlv00/LeanAlgebraicGeometry.git
   cf65ac680..7f87e1afd  HEAD -> main
[2026-07-09T10:30:58Z] dashboard publish complete
[2026-07-09T11:00:00Z] starting dashboard publish

   ___           __               __ __         _             
  / _ | ________/ /  ___  ___    / // /__  ____(_)__ ___  ___ 
 / __ |/ __/ __/ _ \/ _ \/ _ \  / _  / _ \/ __/ /_ // _ \/ _ \
/_/ |_/_/  \__/_//_/\___/_//_/ /_//_/\___/_/ /_//__/\___/_//_/

 v0.1.0    https://github.com/frenzymath/Archon-Horizon  ───────────────────────

[HORIZON] committed exported dashboard to the workspace ledger (130e1c5f6d).
[HORIZON] ✓ exported static dashboard to dashboard/index.html
[HORIZON] GitHub Pages workflow already present at 
.github/workflows/horizon-dashboard-pages.yml; left untouched.
[HORIZON] › Push the workspace repo to your GitHub remote, then enable Pages 
(Settings → Pages → Source: GitHub Actions).
[HORIZON] If the deploy fails with "Branch main is not allowed to deploy to 
github-pages", clear the environment's branch rule: Settings → Environments → 
github-pages → Deployment branches and tags → allow main (or 'No restriction').
To https://github.com/AxelDlv00/LeanAlgebraicGeometry.git
   7f87e1afd..130e1c5f6  HEAD -> main
[2026-07-09T11:01:01Z] dashboard publish complete
[2026-07-09T11:30:00Z] starting dashboard publish

   ___           __               __ __         _             
  / _ | ________/ /  ___  ___    / // /__  ____(_)__ ___  ___ 
 / __ |/ __/ __/ _ \/ _ \/ _ \  / _  / _ \/ __/ /_ // _ \/ _ \
/_/ |_/_/  \__/_//_/\___/_//_/ /_//_/\___/_/ /_//__/\___/_//_/

 v0.1.0    https://github.com/frenzymath/Archon-Horizon  ───────────────────────

[HORIZON] committed exported dashboard to the workspace ledger (0cdaa7a4ea).
[HORIZON] ✓ exported static dashboard to dashboard/index.html
[HORIZON] GitHub Pages workflow already present at 
.github/workflows/horizon-dashboard-pages.yml; left untouched.
[HORIZON] › Push the workspace repo to your GitHub remote, then enable Pages 
(Settings → Pages → Source: GitHub Actions).
[HORIZON] If the deploy fails with "Branch main is not allowed to deploy to 
github-pages", clear the environment's branch rule: Settings → Environments → 
github-pages → Deployment branches and tags → allow main (or 'No restriction').
To https://github.com/AxelDlv00/LeanAlgebraicGeometry.git
   130e1c5f6..0cdaa7a4e  HEAD -> main
[2026-07-09T11:31:23Z] dashboard publish complete
[2026-07-09T12:00:00Z] starting dashboard publish

   ___           __               __ __         _             
  / _ | ________/ /  ___  ___    / // /__  ____(_)__ ___  ___ 
 / __ |/ __/ __/ _ \/ _ \/ _ \  / _  / _ \/ __/ /_ // _ \/ _ \
/_/ |_/_/  \__/_//_/\___/_//_/ /_//_/\___/_/ /_//__/\___/_//_/

 v0.1.0    https://github.com/frenzymath/Archon-Horizon  ───────────────────────

[HORIZON] committed exported dashboard to the workspace ledger (6e0b47dca6).
[HORIZON] ✓ exported static dashboard to dashboard/index.html
[HORIZON] GitHub Pages workflow already present at 
.github/workflows/horizon-dashboard-pages.yml; left untouched.
[HORIZON] › Push the workspace repo to your GitHub remote, then enable Pages 
(Settings → Pages → Source: GitHub Actions).
[HORIZON] If the deploy fails with "Branch main is not allowed to deploy to 
github-pages", clear the environment's branch rule: Settings → Environments → 
github-pages → Deployment branches and tags → allow main (or 'No restriction').
To https://github.com/AxelDlv00/LeanAlgebraicGeometry.git
   0cdaa7a4e..6e0b47dca  HEAD -> main
[2026-07-09T12:01:00Z] dashboard publish complete
[2026-07-09T12:30:00Z] starting dashboard publish

   ___           __               __ __         _             
  / _ | ________/ /  ___  ___    / // /__  ____(_)__ ___  ___ 
 / __ |/ __/ __/ _ \/ _ \/ _ \  / _  / _ \/ __/ /_ // _ \/ _ \
/_/ |_/_/  \__/_//_/\___/_//_/ /_//_/\___/_/ /_//__/\___/_//_/

 v0.1.0    https://github.com/frenzymath/Archon-Horizon  ───────────────────────

[HORIZON] committed exported dashboard to the workspace ledger (a8fc12696e).
[HORIZON] ✓ exported static dashboard to dashboard/index.html
[HORIZON] GitHub Pages workflow already present at 
.github/workflows/horizon-dashboard-pages.yml; left untouched.
[HORIZON] › Push the workspace repo to your GitHub remote, then enable Pages 
(Settings → Pages → Source: GitHub Actions).
[HORIZON] If the deploy fails with "Branch main is not allowed to deploy to 
github-pages", clear the environment's branch rule: Settings → Environments → 
github-pages → Deployment branches and tags → allow main (or 'No restriction').
To https://github.com/AxelDlv00/LeanAlgebraicGeometry.git
   6e0b47dca..a8fc12696  HEAD -> main
[2026-07-09T12:31:02Z] dashboard publish complete
[2026-07-09T13:00:00Z] starting dashboard publish

   ___           __               __ __         _             
  / _ | ________/ /  ___  ___    / // /__  ____(_)__ ___  ___ 
 / __ |/ __/ __/ _ \/ _ \/ _ \  / _  / _ \/ __/ /_ // _ \/ _ \
/_/ |_/_/  \__/_//_/\___/_//_/ /_//_/\___/_/ /_//__/\___/_//_/

 v0.1.0    https://github.com/frenzymath/Archon-Horizon  ───────────────────────

[HORIZON] committed exported dashboard to the workspace ledger (64f0ed1aff).
[HORIZON] ✓ exported static dashboard to dashboard/index.html
[HORIZON] GitHub Pages workflow already present at 
.github/workflows/horizon-dashboard-pages.yml; left untouched.
[HORIZON] › Push the workspace repo to your GitHub remote, then enable Pages 
(Settings → Pages → Source: GitHub Actions).
[HORIZON] If the deploy fails with "Branch main is not allowed to deploy to 
github-pages", clear the environment's branch rule: Settings → Environments → 
github-pages → Deployment branches and tags → allow main (or 'No restriction').
To https://github.com/AxelDlv00/LeanAlgebraicGeometry.git
   a8fc12696..64f0ed1af  HEAD -> main
[2026-07-09T13:00:58Z] dashboard publish complete
[2026-07-09T13:30:01Z] starting dashboard publish

   ___           __               __ __         _             
  / _ | ________/ /  ___  ___    / // /__  ____(_)__ ___  ___ 
 / __ |/ __/ __/ _ \/ _ \/ _ \  / _  / _ \/ __/ /_ // _ \/ _ \
/_/ |_/_/  \__/_//_/\___/_//_/ /_//_/\___/_/ /_//__/\___/_//_/

 v0.1.0    https://github.com/frenzymath/Archon-Horizon  ───────────────────────

[HORIZON] committed exported dashboard to the workspace ledger (9679d23f42).
[HORIZON] ✓ exported static dashboard to dashboard/index.html
[HORIZON] GitHub Pages workflow already present at 
.github/workflows/horizon-dashboard-pages.yml; left untouched.
[HORIZON] › Push the workspace repo to your GitHub remote, then enable Pages 
(Settings → Pages → Source: GitHub Actions).
[HORIZON] If the deploy fails with "Branch main is not allowed to deploy to 
github-pages", clear the environment's branch rule: Settings → Environments → 
github-pages → Deployment branches and tags → allow main (or 'No restriction').
To https://github.com/AxelDlv00/LeanAlgebraicGeometry.git
   64f0ed1af..9679d23f4  HEAD -> main
[2026-07-09T13:30:57Z] dashboard publish complete
[2026-07-09T14:00:00Z] starting dashboard publish

   ___           __               __ __         _             
  / _ | ________/ /  ___  ___    / // /__  ____(_)__ ___  ___ 
 / __ |/ __/ __/ _ \/ _ \/ _ \  / _  / _ \/ __/ /_ // _ \/ _ \
/_/ |_/_/  \__/_//_/\___/_//_/ /_//_/\___/_/ /_//__/\___/_//_/

 v0.1.0    https://github.com/frenzymath/Archon-Horizon  ───────────────────────

[HORIZON] committed exported dashboard to the workspace ledger (37ddf38772).
[HORIZON] ✓ exported static dashboard to dashboard/index.html
[HORIZON] GitHub Pages workflow already present at 
.github/workflows/horizon-dashboard-pages.yml; left untouched.
[HORIZON] › Push the workspace repo to your GitHub remote, then enable Pages 
(Settings → Pages → Source: GitHub Actions).
[HORIZON] If the deploy fails with "Branch main is not allowed to deploy to 
github-pages", clear the environment's branch rule: Settings → Environments → 
github-pages → Deployment branches and tags → allow main (or 'No restriction').
To https://github.com/AxelDlv00/LeanAlgebraicGeometry.git
   9679d23f4..37ddf3877  HEAD -> main
[2026-07-09T14:01:18Z] dashboard publish complete
[2026-07-09T14:30:00Z] starting dashboard publish

   ___           __               __ __         _             
  / _ | ________/ /  ___  ___    / // /__  ____(_)__ ___  ___ 
 / __ |/ __/ __/ _ \/ _ \/ _ \  / _  / _ \/ __/ /_ // _ \/ _ \
/_/ |_/_/  \__/_//_/\___/_//_/ /_//_/\___/_/ /_//__/\___/_//_/

 v0.1.0    https://github.com/frenzymath/Archon-Horizon  ───────────────────────

[HORIZON] committed exported dashboard to the workspace ledger (e9416a9655).
[HORIZON] ✓ exported static dashboard to dashboard/index.html
[HORIZON] GitHub Pages workflow already present at 
.github/workflows/horizon-dashboard-pages.yml; left untouched.
[HORIZON] › Push the workspace repo to your GitHub remote, then enable Pages 
(Settings → Pages → Source: GitHub Actions).
[HORIZON] If the deploy fails with "Branch main is not allowed to deploy to 
github-pages", clear the environment's branch rule: Settings → Environments → 
github-pages → Deployment branches and tags → allow main (or 'No restriction').
To https://github.com/AxelDlv00/LeanAlgebraicGeometry.git
   37ddf3877..e9416a965  HEAD -> main
[2026-07-09T14:30:58Z] dashboard publish complete
[2026-07-09T15:00:00Z] starting dashboard publish

   ___           __               __ __         _             
  / _ | ________/ /  ___  ___    / // /__  ____(_)__ ___  ___ 
 / __ |/ __/ __/ _ \/ _ \/ _ \  / _  / _ \/ __/ /_ // _ \/ _ \
/_/ |_/_/  \__/_//_/\___/_//_/ /_//_/\___/_/ /_//__/\___/_//_/

 v0.1.0    https://github.com/frenzymath/Archon-Horizon  ───────────────────────

[HORIZON] committed exported dashboard to the workspace ledger (6c3b9e0a37).
[HORIZON] ✓ exported static dashboard to dashboard/index.html
[HORIZON] GitHub Pages workflow already present at 
.github/workflows/horizon-dashboard-pages.yml; left untouched.
[HORIZON] › Push the workspace repo to your GitHub remote, then enable Pages 
(Settings → Pages → Source: GitHub Actions).
[HORIZON] If the deploy fails with "Branch main is not allowed to deploy to 
github-pages", clear the environment's branch rule: Settings → Environments → 
github-pages → Deployment branches and tags → allow main (or 'No restriction').
To https://github.com/AxelDlv00/LeanAlgebraicGeometry.git
   e9416a965..6c3b9e0a3  HEAD -> main
[2026-07-09T15:01:20Z] dashboard publish complete
[2026-07-09T15:30:00Z] starting dashboard publish

   ___           __               __ __         _             
  / _ | ________/ /  ___  ___    / // /__  ____(_)__ ___  ___ 
 / __ |/ __/ __/ _ \/ _ \/ _ \  / _  / _ \/ __/ /_ // _ \/ _ \
/_/ |_/_/  \__/_//_/\___/_//_/ /_//_/\___/_/ /_//__/\___/_//_/

 v0.1.0    https://github.com/frenzymath/Archon-Horizon  ───────────────────────

[HORIZON] committed exported dashboard to the workspace ledger (f85392370d).
[HORIZON] ✓ exported static dashboard to dashboard/index.html
[HORIZON] GitHub Pages workflow already present at 
.github/workflows/horizon-dashboard-pages.yml; left untouched.
[HORIZON] › Push the workspace repo to your GitHub remote, then enable Pages 
(Settings → Pages → Source: GitHub Actions).
[HORIZON] If the deploy fails with "Branch main is not allowed to deploy to 
github-pages", clear the environment's branch rule: Settings → Environments → 
github-pages → Deployment branches and tags → allow main (or 'No restriction').
To https://github.com/AxelDlv00/LeanAlgebraicGeometry.git
   6c3b9e0a3..f85392370  HEAD -> main
[2026-07-09T15:30:56Z] dashboard publish complete
[2026-07-09T16:00:00Z] starting dashboard publish

   ___           __               __ __         _             
  / _ | ________/ /  ___  ___    / // /__  ____(_)__ ___  ___ 
 / __ |/ __/ __/ _ \/ _ \/ _ \  / _  / _ \/ __/ /_ // _ \/ _ \
/_/ |_/_/  \__/_//_/\___/_//_/ /_//_/\___/_/ /_//__/\___/_//_/

 v0.1.0    https://github.com/frenzymath/Archon-Horizon  ───────────────────────

[HORIZON] committed exported dashboard to the workspace ledger (e5fe328d62).
[HORIZON] ✓ exported static dashboard to dashboard/index.html
[HORIZON] GitHub Pages workflow already present at 
.github/workflows/horizon-dashboard-pages.yml; left untouched.
[HORIZON] › Push the workspace repo to your GitHub remote, then enable Pages 
(Settings → Pages → Source: GitHub Actions).
[HORIZON] If the deploy fails with "Branch main is not allowed to deploy to 
github-pages", clear the environment's branch rule: Settings → Environments → 
github-pages → Deployment branches and tags → allow main (or 'No restriction').
To https://github.com/AxelDlv00/LeanAlgebraicGeometry.git
   f85392370..e5fe328d6  HEAD -> main
[2026-07-09T16:01:01Z] dashboard publish complete
[2026-07-09T16:30:00Z] starting dashboard publish

   ___           __               __ __         _             
  / _ | ________/ /  ___  ___    / // /__  ____(_)__ ___  ___ 
 / __ |/ __/ __/ _ \/ _ \/ _ \  / _  / _ \/ __/ /_ // _ \/ _ \
/_/ |_/_/  \__/_//_/\___/_//_/ /_//_/\___/_/ /_//__/\___/_//_/

 v0.1.0    https://github.com/frenzymath/Archon-Horizon  ───────────────────────

[HORIZON] committed exported dashboard to the workspace ledger (8dd9d66adb).
[HORIZON] ✓ exported static dashboard to dashboard/index.html
[HORIZON] GitHub Pages workflow already present at 
.github/workflows/horizon-dashboard-pages.yml; left untouched.
[HORIZON] › Push the workspace repo to your GitHub remote, then enable Pages 
(Settings → Pages → Source: GitHub Actions).
[HORIZON] If the deploy fails with "Branch main is not allowed to deploy to 
github-pages", clear the environment's branch rule: Settings → Environments → 
github-pages → Deployment branches and tags → allow main (or 'No restriction').
To https://github.com/AxelDlv00/LeanAlgebraicGeometry.git
   e5fe328d6..8dd9d66ad  HEAD -> main
[2026-07-09T16:30:55Z] dashboard publish complete
[2026-07-09T17:00:00Z] starting dashboard publish

   ___           __               __ __         _             
  / _ | ________/ /  ___  ___    / // /__  ____(_)__ ___  ___ 
 / __ |/ __/ __/ _ \/ _ \/ _ \  / _  / _ \/ __/ /_ // _ \/ _ \
/_/ |_/_/  \__/_//_/\___/_//_/ /_//_/\___/_/ /_//__/\___/_//_/

 v0.1.0    https://github.com/frenzymath/Archon-Horizon  ───────────────────────

[HORIZON] committed exported dashboard to the workspace ledger (a2852ad8fe).
[HORIZON] ✓ exported static dashboard to dashboard/index.html
[HORIZON] GitHub Pages workflow already present at 
.github/workflows/horizon-dashboard-pages.yml; left untouched.
[HORIZON] › Push the workspace repo to your GitHub remote, then enable Pages 
(Settings → Pages → Source: GitHub Actions).
[HORIZON] If the deploy fails with "Branch main is not allowed to deploy to 
github-pages", clear the environment's branch rule: Settings → Environments → 
github-pages → Deployment branches and tags → allow main (or 'No restriction').
To https://github.com/AxelDlv00/LeanAlgebraicGeometry.git
   8dd9d66ad..a2852ad8f  HEAD -> main
[2026-07-09T17:00:58Z] dashboard publish complete
[2026-07-09T17:30:00Z] starting dashboard publish

   ___           __               __ __         _             
  / _ | ________/ /  ___  ___    / // /__  ____(_)__ ___  ___ 
 / __ |/ __/ __/ _ \/ _ \/ _ \  / _  / _ \/ __/ /_ // _ \/ _ \
/_/ |_/_/  \__/_//_/\___/_//_/ /_//_/\___/_/ /_//__/\___/_//_/

 v0.1.0    https://github.com/frenzymath/Archon-Horizon  ───────────────────────

[HORIZON] committed exported dashboard to the workspace ledger (0ad5aa5447).
[HORIZON] ✓ exported static dashboard to dashboard/index.html
[HORIZON] GitHub Pages workflow already present at 
.github/workflows/horizon-dashboard-pages.yml; left untouched.
[HORIZON] › Push the workspace repo to your GitHub remote, then enable Pages 
(Settings → Pages → Source: GitHub Actions).
[HORIZON] If the deploy fails with "Branch main is not allowed to deploy to 
github-pages", clear the environment's branch rule: Settings → Environments → 
github-pages → Deployment branches and tags → allow main (or 'No restriction').
To https://github.com/AxelDlv00/LeanAlgebraicGeometry.git
   a2852ad8f..0ad5aa544  HEAD -> main
[2026-07-09T17:30:57Z] dashboard publish complete
[2026-07-09T18:00:00Z] starting dashboard publish

   ___           __               __ __         _             
  / _ | ________/ /  ___  ___    / // /__  ____(_)__ ___  ___ 
 / __ |/ __/ __/ _ \/ _ \/ _ \  / _  / _ \/ __/ /_ // _ \/ _ \
/_/ |_/_/  \__/_//_/\___/_//_/ /_//_/\___/_/ /_//__/\___/_//_/

 v0.1.0    https://github.com/frenzymath/Archon-Horizon  ───────────────────────

[HORIZON] committed exported dashboard to the workspace ledger (06d1ceebad).
[HORIZON] ✓ exported static dashboard to dashboard/index.html
[HORIZON] GitHub Pages workflow already present at 
.github/workflows/horizon-dashboard-pages.yml; left untouched.
[HORIZON] › Push the workspace repo to your GitHub remote, then enable Pages 
(Settings → Pages → Source: GitHub Actions).
[HORIZON] If the deploy fails with "Branch main is not allowed to deploy to 
github-pages", clear the environment's branch rule: Settings → Environments → 
github-pages → Deployment branches and tags → allow main (or 'No restriction').
To https://github.com/AxelDlv00/LeanAlgebraicGeometry.git
   0ad5aa544..06d1ceeba  HEAD -> main
[2026-07-09T18:00:58Z] dashboard publish complete
[2026-07-09T18:30:00Z] starting dashboard publish

   ___           __               __ __         _             
  / _ | ________/ /  ___  ___    / // /__  ____(_)__ ___  ___ 
 / __ |/ __/ __/ _ \/ _ \/ _ \  / _  / _ \/ __/ /_ // _ \/ _ \
/_/ |_/_/  \__/_//_/\___/_//_/ /_//_/\___/_/ /_//__/\___/_//_/

 v0.1.0    https://github.com/frenzymath/Archon-Horizon  ───────────────────────

[HORIZON] committed exported dashboard to the workspace ledger (5a61b252bf).
[HORIZON] ✓ exported static dashboard to dashboard/index.html
[HORIZON] GitHub Pages workflow already present at 
.github/workflows/horizon-dashboard-pages.yml; left untouched.
[HORIZON] › Push the workspace repo to your GitHub remote, then enable Pages 
(Settings → Pages → Source: GitHub Actions).
[HORIZON] If the deploy fails with "Branch main is not allowed to deploy to 
github-pages", clear the environment's branch rule: Settings → Environments → 
github-pages → Deployment branches and tags → allow main (or 'No restriction').
To https://github.com/AxelDlv00/LeanAlgebraicGeometry.git
   06d1ceeba..5a61b252b  HEAD -> main
[2026-07-09T18:30:57Z] dashboard publish complete
[2026-07-09T19:00:00Z] starting dashboard publish

   ___           __               __ __         _             
  / _ | ________/ /  ___  ___    / // /__  ____(_)__ ___  ___ 
 / __ |/ __/ __/ _ \/ _ \/ _ \  / _  / _ \/ __/ /_ // _ \/ _ \
/_/ |_/_/  \__/_//_/\___/_//_/ /_//_/\___/_/ /_//__/\___/_//_/

 v0.1.0    https://github.com/frenzymath/Archon-Horizon  ───────────────────────

[HORIZON] committed exported dashboard to the workspace ledger (4f4a863084).
[HORIZON] ✓ exported static dashboard to dashboard/index.html
[HORIZON] GitHub Pages workflow already present at 
.github/workflows/horizon-dashboard-pages.yml; left untouched.
[HORIZON] › Push the workspace repo to your GitHub remote, then enable Pages 
(Settings → Pages → Source: GitHub Actions).
[HORIZON] If the deploy fails with "Branch main is not allowed to deploy to 
github-pages", clear the environment's branch rule: Settings → Environments → 
github-pages → Deployment branches and tags → allow main (or 'No restriction').
To https://github.com/AxelDlv00/LeanAlgebraicGeometry.git
   5a61b252b..4f4a86308  HEAD -> main
[2026-07-09T19:00:57Z] dashboard publish complete
[2026-07-09T19:30:01Z] starting dashboard publish

   ___           __               __ __         _             
  / _ | ________/ /  ___  ___    / // /__  ____(_)__ ___  ___ 
 / __ |/ __/ __/ _ \/ _ \/ _ \  / _  / _ \/ __/ /_ // _ \/ _ \
/_/ |_/_/  \__/_//_/\___/_//_/ /_//_/\___/_/ /_//__/\___/_//_/

 v0.1.0    https://github.com/frenzymath/Archon-Horizon  ───────────────────────

[HORIZON] committed exported dashboard to the workspace ledger (e78d570562).
[HORIZON] ✓ exported static dashboard to dashboard/index.html
[HORIZON] GitHub Pages workflow already present at 
.github/workflows/horizon-dashboard-pages.yml; left untouched.
[HORIZON] › Push the workspace repo to your GitHub remote, then enable Pages 
(Settings → Pages → Source: GitHub Actions).
[HORIZON] If the deploy fails with "Branch main is not allowed to deploy to 
github-pages", clear the environment's branch rule: Settings → Environments → 
github-pages → Deployment branches and tags → allow main (or 'No restriction').
To https://github.com/AxelDlv00/LeanAlgebraicGeometry.git
   4f4a86308..e78d57056  HEAD -> main
[2026-07-09T19:31:19Z] dashboard publish complete
[2026-07-09T20:00:00Z] starting dashboard publish

   ___           __               __ __         _             
  / _ | ________/ /  ___  ___    / // /__  ____(_)__ ___  ___ 
 / __ |/ __/ __/ _ \/ _ \/ _ \  / _  / _ \/ __/ /_ // _ \/ _ \
/_/ |_/_/  \__/_//_/\___/_//_/ /_//_/\___/_/ /_//__/\___/_//_/

 v0.1.0    https://github.com/frenzymath/Archon-Horizon  ───────────────────────

[HORIZON] committed exported dashboard to the workspace ledger (51d5267d41).
[HORIZON] ✓ exported static dashboard to dashboard/index.html
[HORIZON] GitHub Pages workflow already present at 
.github/workflows/horizon-dashboard-pages.yml; left untouched.
[HORIZON] › Push the workspace repo to your GitHub remote, then enable Pages 
(Settings → Pages → Source: GitHub Actions).
[HORIZON] If the deploy fails with "Branch main is not allowed to deploy to 
github-pages", clear the environment's branch rule: Settings → Environments → 
github-pages → Deployment branches and tags → allow main (or 'No restriction').
To https://github.com/AxelDlv00/LeanAlgebraicGeometry.git
   e78d57056..51d5267d4  HEAD -> main
[2026-07-09T20:00:58Z] dashboard publish complete
[2026-07-09T20:30:00Z] starting dashboard publish

   ___           __               __ __         _             
  / _ | ________/ /  ___  ___    / // /__  ____(_)__ ___  ___ 
 / __ |/ __/ __/ _ \/ _ \/ _ \  / _  / _ \/ __/ /_ // _ \/ _ \
/_/ |_/_/  \__/_//_/\___/_//_/ /_//_/\___/_/ /_//__/\___/_//_/

 v0.1.0    https://github.com/frenzymath/Archon-Horizon  ───────────────────────

[HORIZON] committed exported dashboard to the workspace ledger (631461bcb3).
[HORIZON] ✓ exported static dashboard to dashboard/index.html
[HORIZON] GitHub Pages workflow already present at 
.github/workflows/horizon-dashboard-pages.yml; left untouched.
[HORIZON] › Push the workspace repo to your GitHub remote, then enable Pages 
(Settings → Pages → Source: GitHub Actions).
[HORIZON] If the deploy fails with "Branch main is not allowed to deploy to 
github-pages", clear the environment's branch rule: Settings → Environments → 
github-pages → Deployment branches and tags → allow main (or 'No restriction').
To https://github.com/AxelDlv00/LeanAlgebraicGeometry.git
   51d5267d4..631461bcb  HEAD -> main
[2026-07-09T20:30:58Z] dashboard publish complete
[2026-07-09T21:00:00Z] starting dashboard publish

   ___           __               __ __         _             
  / _ | ________/ /  ___  ___    / // /__  ____(_)__ ___  ___ 
 / __ |/ __/ __/ _ \/ _ \/ _ \  / _  / _ \/ __/ /_ // _ \/ _ \
/_/ |_/_/  \__/_//_/\___/_//_/ /_//_/\___/_/ /_//__/\___/_//_/

 v0.1.0    https://github.com/frenzymath/Archon-Horizon  ───────────────────────

[HORIZON] committed exported dashboard to the workspace ledger (82eba6d7ad).
[HORIZON] ✓ exported static dashboard to dashboard/index.html
[HORIZON] GitHub Pages workflow already present at 
.github/workflows/horizon-dashboard-pages.yml; left untouched.
[HORIZON] › Push the workspace repo to your GitHub remote, then enable Pages 
(Settings → Pages → Source: GitHub Actions).
[HORIZON] If the deploy fails with "Branch main is not allowed to deploy to 
github-pages", clear the environment's branch rule: Settings → Environments → 
github-pages → Deployment branches and tags → allow main (or 'No restriction').
To https://github.com/AxelDlv00/LeanAlgebraicGeometry.git
   631461bcb..82eba6d7a  HEAD -> main
[2026-07-09T21:00:58Z] dashboard publish complete
[2026-07-09T21:30:01Z] starting dashboard publish

   ___           __               __ __         _             
  / _ | ________/ /  ___  ___    / // /__  ____(_)__ ___  ___ 
 / __ |/ __/ __/ _ \/ _ \/ _ \  / _  / _ \/ __/ /_ // _ \/ _ \
/_/ |_/_/  \__/_//_/\___/_//_/ /_//_/\___/_/ /_//__/\___/_//_/

 v0.1.0    https://github.com/frenzymath/Archon-Horizon  ───────────────────────

[HORIZON] committed exported dashboard to the workspace ledger (030f9beecb).
[HORIZON] ✓ exported static dashboard to dashboard/index.html
[HORIZON] GitHub Pages workflow already present at 
.github/workflows/horizon-dashboard-pages.yml; left untouched.
[HORIZON] › Push the workspace repo to your GitHub remote, then enable Pages 
(Settings → Pages → Source: GitHub Actions).
[HORIZON] If the deploy fails with "Branch main is not allowed to deploy to 
github-pages", clear the environment's branch rule: Settings → Environments → 
github-pages → Deployment branches and tags → allow main (or 'No restriction').
To https://github.com/AxelDlv00/LeanAlgebraicGeometry.git
   82eba6d7a..030f9beec  HEAD -> main
[2026-07-09T21:30:57Z] dashboard publish complete
[2026-07-09T22:00:00Z] starting dashboard publish

   ___           __               __ __         _             
  / _ | ________/ /  ___  ___    / // /__  ____(_)__ ___  ___ 
 / __ |/ __/ __/ _ \/ _ \/ _ \  / _  / _ \/ __/ /_ // _ \/ _ \
/_/ |_/_/  \__/_//_/\___/_//_/ /_//_/\___/_/ /_//__/\___/_//_/

 v0.1.0    https://github.com/frenzymath/Archon-Horizon  ───────────────────────

[HORIZON] committed exported dashboard to the workspace ledger (62d83e843c).
[HORIZON] ✓ exported static dashboard to dashboard/index.html
[HORIZON] GitHub Pages workflow already present at 
.github/workflows/horizon-dashboard-pages.yml; left untouched.
[HORIZON] › Push the workspace repo to your GitHub remote, then enable Pages 
(Settings → Pages → Source: GitHub Actions).
[HORIZON] If the deploy fails with "Branch main is not allowed to deploy to 
github-pages", clear the environment's branch rule: Settings → Environments → 
github-pages → Deployment branches and tags → allow main (or 'No restriction').
To https://github.com/AxelDlv00/LeanAlgebraicGeometry.git
   030f9beec..62d83e843  HEAD -> main
[2026-07-09T22:00:58Z] dashboard publish complete
[2026-07-09T22:30:00Z] starting dashboard publish

   ___           __               __ __         _             
  / _ | ________/ /  ___  ___    / // /__  ____(_)__ ___  ___ 
 / __ |/ __/ __/ _ \/ _ \/ _ \  / _  / _ \/ __/ /_ // _ \/ _ \
/_/ |_/_/  \__/_//_/\___/_//_/ /_//_/\___/_/ /_//__/\___/_//_/

 v0.1.0    https://github.com/frenzymath/Archon-Horizon  ───────────────────────

[HORIZON] committed exported dashboard to the workspace ledger (b35857a9df).
[HORIZON] ✓ exported static dashboard to dashboard/index.html
[HORIZON] GitHub Pages workflow already present at 
.github/workflows/horizon-dashboard-pages.yml; left untouched.
[HORIZON] › Push the workspace repo to your GitHub remote, then enable Pages 
(Settings → Pages → Source: GitHub Actions).
[HORIZON] If the deploy fails with "Branch main is not allowed to deploy to 
github-pages", clear the environment's branch rule: Settings → Environments → 
github-pages → Deployment branches and tags → allow main (or 'No restriction').
To https://github.com/AxelDlv00/LeanAlgebraicGeometry.git
   62d83e843..b35857a9d  HEAD -> main
[2026-07-09T22:30:58Z] dashboard publish complete
[2026-07-09T23:00:00Z] starting dashboard publish

   ___           __               __ __         _             
  / _ | ________/ /  ___  ___    / // /__  ____(_)__ ___  ___ 
 / __ |/ __/ __/ _ \/ _ \/ _ \  / _  / _ \/ __/ /_ // _ \/ _ \
/_/ |_/_/  \__/_//_/\___/_//_/ /_//_/\___/_/ /_//__/\___/_//_/

 v0.1.0    https://github.com/frenzymath/Archon-Horizon  ───────────────────────

[HORIZON] committed exported dashboard to the workspace ledger (a17a1677a4).
[HORIZON] ✓ exported static dashboard to dashboard/index.html
[HORIZON] GitHub Pages workflow already present at 
.github/workflows/horizon-dashboard-pages.yml; left untouched.
[HORIZON] › Push the workspace repo to your GitHub remote, then enable Pages 
(Settings → Pages → Source: GitHub Actions).
[HORIZON] If the deploy fails with "Branch main is not allowed to deploy to 
github-pages", clear the environment's branch rule: Settings → Environments → 
github-pages → Deployment branches and tags → allow main (or 'No restriction').
To https://github.com/AxelDlv00/LeanAlgebraicGeometry.git
   b35857a9d..a17a1677a  HEAD -> main
[2026-07-09T23:01:00Z] dashboard publish complete
[2026-07-09T23:30:00Z] starting dashboard publish

   ___           __               __ __         _             
  / _ | ________/ /  ___  ___    / // /__  ____(_)__ ___  ___ 
 / __ |/ __/ __/ _ \/ _ \/ _ \  / _  / _ \/ __/ /_ // _ \/ _ \
/_/ |_/_/  \__/_//_/\___/_//_/ /_//_/\___/_/ /_//__/\___/_//_/

 v0.1.0    https://github.com/frenzymath/Archon-Horizon  ───────────────────────

[HORIZON] committed exported dashboard to the workspace ledger (9d06a8b70a).
[HORIZON] ✓ exported static dashboard to dashboard/index.html
[HORIZON] GitHub Pages workflow already present at 
.github/workflows/horizon-dashboard-pages.yml; left untouched.
[HORIZON] › Push the workspace repo to your GitHub remote, then enable Pages 
(Settings → Pages → Source: GitHub Actions).
[HORIZON] If the deploy fails with "Branch main is not allowed to deploy to 
github-pages", clear the environment's branch rule: Settings → Environments → 
github-pages → Deployment branches and tags → allow main (or 'No restriction').
To https://github.com/AxelDlv00/LeanAlgebraicGeometry.git
   a17a1677a..9d06a8b70  HEAD -> main
[2026-07-09T23:31:21Z] dashboard publish complete
[2026-07-10T00:00:00Z] starting dashboard publish

   ___           __               __ __         _             
  / _ | ________/ /  ___  ___    / // /__  ____(_)__ ___  ___ 
 / __ |/ __/ __/ _ \/ _ \/ _ \  / _  / _ \/ __/ /_ // _ \/ _ \
/_/ |_/_/  \__/_//_/\___/_//_/ /_//_/\___/_/ /_//__/\___/_//_/

 v0.1.0    https://github.com/frenzymath/Archon-Horizon  ───────────────────────

[HORIZON] committed exported dashboard to the workspace ledger (83fdba37ca).
[HORIZON] ✓ exported static dashboard to dashboard/index.html
[HORIZON] GitHub Pages workflow already present at 
.github/workflows/horizon-dashboard-pages.yml; left untouched.
[HORIZON] › Push the workspace repo to your GitHub remote, then enable Pages 
(Settings → Pages → Source: GitHub Actions).
[HORIZON] If the deploy fails with "Branch main is not allowed to deploy to 
github-pages", clear the environment's branch rule: Settings → Environments → 
github-pages → Deployment branches and tags → allow main (or 'No restriction').
To https://github.com/AxelDlv00/LeanAlgebraicGeometry.git
   9d06a8b70..83fdba37c  HEAD -> main
[2026-07-10T00:01:22Z] dashboard publish complete
[2026-07-10T00:30:00Z] starting dashboard publish

   ___           __               __ __         _             
  / _ | ________/ /  ___  ___    / // /__  ____(_)__ ___  ___ 
 / __ |/ __/ __/ _ \/ _ \/ _ \  / _  / _ \/ __/ /_ // _ \/ _ \
/_/ |_/_/  \__/_//_/\___/_//_/ /_//_/\___/_/ /_//__/\___/_//_/

 v0.1.0    https://github.com/frenzymath/Archon-Horizon  ───────────────────────

[HORIZON] committed exported dashboard to the workspace ledger (393f97c2fd).
[HORIZON] ✓ exported static dashboard to dashboard/index.html
[HORIZON] GitHub Pages workflow already present at 
.github/workflows/horizon-dashboard-pages.yml; left untouched.
[HORIZON] › Push the workspace repo to your GitHub remote, then enable Pages 
(Settings → Pages → Source: GitHub Actions).
[HORIZON] If the deploy fails with "Branch main is not allowed to deploy to 
github-pages", clear the environment's branch rule: Settings → Environments → 
github-pages → Deployment branches and tags → allow main (or 'No restriction').
To https://github.com/AxelDlv00/LeanAlgebraicGeometry.git
   83fdba37c..393f97c2f  HEAD -> main
[2026-07-10T00:30:57Z] dashboard publish complete
[2026-07-10T01:00:00Z] starting dashboard publish

   ___           __               __ __         _             
  / _ | ________/ /  ___  ___    / // /__  ____(_)__ ___  ___ 
 / __ |/ __/ __/ _ \/ _ \/ _ \  / _  / _ \/ __/ /_ // _ \/ _ \
/_/ |_/_/  \__/_//_/\___/_//_/ /_//_/\___/_/ /_//__/\___/_//_/

 v0.1.0    https://github.com/frenzymath/Archon-Horizon  ───────────────────────

[HORIZON] committed exported dashboard to the workspace ledger (502a32278d).
[HORIZON] ✓ exported static dashboard to dashboard/index.html
[HORIZON] GitHub Pages workflow already present at 
.github/workflows/horizon-dashboard-pages.yml; left untouched.
[HORIZON] › Push the workspace repo to your GitHub remote, then enable Pages 
(Settings → Pages → Source: GitHub Actions).
[HORIZON] If the deploy fails with "Branch main is not allowed to deploy to 
github-pages", clear the environment's branch rule: Settings → Environments → 
github-pages → Deployment branches and tags → allow main (or 'No restriction').
To https://github.com/AxelDlv00/LeanAlgebraicGeometry.git
   393f97c2f..502a32278  HEAD -> main
[2026-07-10T01:00:59Z] dashboard publish complete
[2026-07-10T01:30:00Z] starting dashboard publish

   ___           __               __ __         _             
  / _ | ________/ /  ___  ___    / // /__  ____(_)__ ___  ___ 
 / __ |/ __/ __/ _ \/ _ \/ _ \  / _  / _ \/ __/ /_ // _ \/ _ \
/_/ |_/_/  \__/_//_/\___/_//_/ /_//_/\___/_/ /_//__/\___/_//_/

 v0.1.0    https://github.com/frenzymath/Archon-Horizon  ───────────────────────

[HORIZON] committed exported dashboard to the workspace ledger (33c671bf43).
[HORIZON] ✓ exported static dashboard to dashboard/index.html
[HORIZON] GitHub Pages workflow already present at 
.github/workflows/horizon-dashboard-pages.yml; left untouched.
[HORIZON] › Push the workspace repo to your GitHub remote, then enable Pages 
(Settings → Pages → Source: GitHub Actions).
[HORIZON] If the deploy fails with "Branch main is not allowed to deploy to 
github-pages", clear the environment's branch rule: Settings → Environments → 
github-pages → Deployment branches and tags → allow main (or 'No restriction').
To https://github.com/AxelDlv00/LeanAlgebraicGeometry.git
   502a32278..33c671bf4  HEAD -> main
[2026-07-10T01:30:57Z] dashboard publish complete
[2026-07-10T02:00:00Z] starting dashboard publish

   ___           __               __ __         _             
  / _ | ________/ /  ___  ___    / // /__  ____(_)__ ___  ___ 
 / __ |/ __/ __/ _ \/ _ \/ _ \  / _  / _ \/ __/ /_ // _ \/ _ \
/_/ |_/_/  \__/_//_/\___/_//_/ /_//_/\___/_/ /_//__/\___/_//_/

 v0.1.0    https://github.com/frenzymath/Archon-Horizon  ───────────────────────

[HORIZON] committed exported dashboard to the workspace ledger (cf82ae885a).
[HORIZON] ✓ exported static dashboard to dashboard/index.html
[HORIZON] GitHub Pages workflow already present at 
.github/workflows/horizon-dashboard-pages.yml; left untouched.
[HORIZON] › Push the workspace repo to your GitHub remote, then enable Pages 
(Settings → Pages → Source: GitHub Actions).
[HORIZON] If the deploy fails with "Branch main is not allowed to deploy to 
github-pages", clear the environment's branch rule: Settings → Environments → 
github-pages → Deployment branches and tags → allow main (or 'No restriction').
To https://github.com/AxelDlv00/LeanAlgebraicGeometry.git
   33c671bf4..cf82ae885  HEAD -> main
[2026-07-10T02:01:50Z] dashboard publish complete
[2026-07-10T02:30:00Z] starting dashboard publish

   ___           __               __ __         _             
  / _ | ________/ /  ___  ___    / // /__  ____(_)__ ___  ___ 
 / __ |/ __/ __/ _ \/ _ \/ _ \  / _  / _ \/ __/ /_ // _ \/ _ \
/_/ |_/_/  \__/_//_/\___/_//_/ /_//_/\___/_/ /_//__/\___/_//_/

 v0.1.0    https://github.com/frenzymath/Archon-Horizon  ───────────────────────

[HORIZON] committed exported dashboard to the workspace ledger (0ebb44d94c).
[HORIZON] ✓ exported static dashboard to dashboard/index.html
[HORIZON] GitHub Pages workflow already present at 
.github/workflows/horizon-dashboard-pages.yml; left untouched.
[HORIZON] › Push the workspace repo to your GitHub remote, then enable Pages 
(Settings → Pages → Source: GitHub Actions).
[HORIZON] If the deploy fails with "Branch main is not allowed to deploy to 
github-pages", clear the environment's branch rule: Settings → Environments → 
github-pages → Deployment branches and tags → allow main (or 'No restriction').
To https://github.com/AxelDlv00/LeanAlgebraicGeometry.git
   cf82ae885..0ebb44d94  HEAD -> main
[2026-07-10T02:30:58Z] dashboard publish complete
[2026-07-10T03:00:00Z] starting dashboard publish

   ___           __               __ __         _             
  / _ | ________/ /  ___  ___    / // /__  ____(_)__ ___  ___ 
 / __ |/ __/ __/ _ \/ _ \/ _ \  / _  / _ \/ __/ /_ // _ \/ _ \
/_/ |_/_/  \__/_//_/\___/_//_/ /_//_/\___/_/ /_//__/\___/_//_/

 v0.1.0    https://github.com/frenzymath/Archon-Horizon  ───────────────────────

[HORIZON] committed exported dashboard to the workspace ledger (5a67e77a94).
[HORIZON] ✓ exported static dashboard to dashboard/index.html
[HORIZON] GitHub Pages workflow already present at 
.github/workflows/horizon-dashboard-pages.yml; left untouched.
[HORIZON] › Push the workspace repo to your GitHub remote, then enable Pages 
(Settings → Pages → Source: GitHub Actions).
[HORIZON] If the deploy fails with "Branch main is not allowed to deploy to 
github-pages", clear the environment's branch rule: Settings → Environments → 
github-pages → Deployment branches and tags → allow main (or 'No restriction').
To https://github.com/AxelDlv00/LeanAlgebraicGeometry.git
   0ebb44d94..5a67e77a9  HEAD -> main
[2026-07-10T03:00:59Z] dashboard publish complete
[2026-07-10T03:30:00Z] starting dashboard publish

   ___           __               __ __         _             
  / _ | ________/ /  ___  ___    / // /__  ____(_)__ ___  ___ 
 / __ |/ __/ __/ _ \/ _ \/ _ \  / _  / _ \/ __/ /_ // _ \/ _ \
/_/ |_/_/  \__/_//_/\___/_//_/ /_//_/\___/_/ /_//__/\___/_//_/

 v0.1.0    https://github.com/frenzymath/Archon-Horizon  ───────────────────────

[HORIZON] committed exported dashboard to the workspace ledger (8d7ae20464).
[HORIZON] ✓ exported static dashboard to dashboard/index.html
[HORIZON] GitHub Pages workflow already present at 
.github/workflows/horizon-dashboard-pages.yml; left untouched.
[HORIZON] › Push the workspace repo to your GitHub remote, then enable Pages 
(Settings → Pages → Source: GitHub Actions).
[HORIZON] If the deploy fails with "Branch main is not allowed to deploy to 
github-pages", clear the environment's branch rule: Settings → Environments → 
github-pages → Deployment branches and tags → allow main (or 'No restriction').
To https://github.com/AxelDlv00/LeanAlgebraicGeometry.git
   5a67e77a9..8d7ae2046  HEAD -> main
[2026-07-10T03:30:57Z] dashboard publish complete
[2026-07-10T04:00:01Z] starting dashboard publish

   ___           __               __ __         _             
  / _ | ________/ /  ___  ___    / // /__  ____(_)__ ___  ___ 
 / __ |/ __/ __/ _ \/ _ \/ _ \  / _  / _ \/ __/ /_ // _ \/ _ \
/_/ |_/_/  \__/_//_/\___/_//_/ /_//_/\___/_/ /_//__/\___/_//_/

 v0.1.0    https://github.com/frenzymath/Archon-Horizon  ───────────────────────

[HORIZON] committed exported dashboard to the workspace ledger (fa319f30f2).
[HORIZON] ✓ exported static dashboard to dashboard/index.html
[HORIZON] GitHub Pages workflow already present at 
.github/workflows/horizon-dashboard-pages.yml; left untouched.
[HORIZON] › Push the workspace repo to your GitHub remote, then enable Pages 
(Settings → Pages → Source: GitHub Actions).
[HORIZON] If the deploy fails with "Branch main is not allowed to deploy to 
github-pages", clear the environment's branch rule: Settings → Environments → 
github-pages → Deployment branches and tags → allow main (or 'No restriction').
To https://github.com/AxelDlv00/LeanAlgebraicGeometry.git
   8d7ae2046..fa319f30f  HEAD -> main
[2026-07-10T04:01:09Z] dashboard publish complete
[2026-07-10T04:30:00Z] starting dashboard publish

   ___           __               __ __         _             
  / _ | ________/ /  ___  ___    / // /__  ____(_)__ ___  ___ 
 / __ |/ __/ __/ _ \/ _ \/ _ \  / _  / _ \/ __/ /_ // _ \/ _ \
/_/ |_/_/  \__/_//_/\___/_//_/ /_//_/\___/_/ /_//__/\___/_//_/

 v0.1.0    https://github.com/frenzymath/Archon-Horizon  ───────────────────────

[HORIZON] committed exported dashboard to the workspace ledger (6107c99878).
[HORIZON] ✓ exported static dashboard to dashboard/index.html
[HORIZON] GitHub Pages workflow already present at 
.github/workflows/horizon-dashboard-pages.yml; left untouched.
[HORIZON] › Push the workspace repo to your GitHub remote, then enable Pages 
(Settings → Pages → Source: GitHub Actions).
[HORIZON] If the deploy fails with "Branch main is not allowed to deploy to 
github-pages", clear the environment's branch rule: Settings → Environments → 
github-pages → Deployment branches and tags → allow main (or 'No restriction').
To https://github.com/AxelDlv00/LeanAlgebraicGeometry.git
   fa319f30f..6107c9987  HEAD -> main
[2026-07-10T04:30:57Z] dashboard publish complete
[2026-07-10T05:00:00Z] starting dashboard publish

   ___           __               __ __         _             
  / _ | ________/ /  ___  ___    / // /__  ____(_)__ ___  ___ 
 / __ |/ __/ __/ _ \/ _ \/ _ \  / _  / _ \/ __/ /_ // _ \/ _ \
/_/ |_/_/  \__/_//_/\___/_//_/ /_//_/\___/_/ /_//__/\___/_//_/

 v0.1.0    https://github.com/frenzymath/Archon-Horizon  ───────────────────────

[HORIZON] committed exported dashboard to the workspace ledger (46f098d06d).
[HORIZON] ✓ exported static dashboard to dashboard/index.html
[HORIZON] GitHub Pages workflow already present at 
.github/workflows/horizon-dashboard-pages.yml; left untouched.
[HORIZON] › Push the workspace repo to your GitHub remote, then enable Pages 
(Settings → Pages → Source: GitHub Actions).
[HORIZON] If the deploy fails with "Branch main is not allowed to deploy to 
github-pages", clear the environment's branch rule: Settings → Environments → 
github-pages → Deployment branches and tags → allow main (or 'No restriction').
To https://github.com/AxelDlv00/LeanAlgebraicGeometry.git
   6107c9987..46f098d06  HEAD -> main
[2026-07-10T05:01:22Z] dashboard publish complete
[2026-07-10T05:30:00Z] starting dashboard publish

   ___           __               __ __         _             
  / _ | ________/ /  ___  ___    / // /__  ____(_)__ ___  ___ 
 / __ |/ __/ __/ _ \/ _ \/ _ \  / _  / _ \/ __/ /_ // _ \/ _ \
/_/ |_/_/  \__/_//_/\___/_//_/ /_//_/\___/_/ /_//__/\___/_//_/

 v0.1.0    https://github.com/frenzymath/Archon-Horizon  ───────────────────────

[HORIZON] committed exported dashboard to the workspace ledger (8ed5592274).
[HORIZON] ✓ exported static dashboard to dashboard/index.html
[HORIZON] GitHub Pages workflow already present at 
.github/workflows/horizon-dashboard-pages.yml; left untouched.
[HORIZON] › Push the workspace repo to your GitHub remote, then enable Pages 
(Settings → Pages → Source: GitHub Actions).
[HORIZON] If the deploy fails with "Branch main is not allowed to deploy to 
github-pages", clear the environment's branch rule: Settings → Environments → 
github-pages → Deployment branches and tags → allow main (or 'No restriction').
To https://github.com/AxelDlv00/LeanAlgebraicGeometry.git
   46f098d06..8ed559227  HEAD -> main
[2026-07-10T05:31:13Z] dashboard publish complete
[2026-07-10T06:00:00Z] starting dashboard publish

   ___           __               __ __         _             
  / _ | ________/ /  ___  ___    / // /__  ____(_)__ ___  ___ 
 / __ |/ __/ __/ _ \/ _ \/ _ \  / _  / _ \/ __/ /_ // _ \/ _ \
/_/ |_/_/  \__/_//_/\___/_//_/ /_//_/\___/_/ /_//__/\___/_//_/

 v0.1.0    https://github.com/frenzymath/Archon-Horizon  ───────────────────────

[HORIZON] committed exported dashboard to the workspace ledger (1c0878bb52).
[HORIZON] ✓ exported static dashboard to dashboard/index.html
[HORIZON] GitHub Pages workflow already present at 
.github/workflows/horizon-dashboard-pages.yml; left untouched.
[HORIZON] › Push the workspace repo to your GitHub remote, then enable Pages 
(Settings → Pages → Source: GitHub Actions).
[HORIZON] If the deploy fails with "Branch main is not allowed to deploy to 
github-pages", clear the environment's branch rule: Settings → Environments → 
github-pages → Deployment branches and tags → allow main (or 'No restriction').
To https://github.com/AxelDlv00/LeanAlgebraicGeometry.git
   8ed559227..1c0878bb5  HEAD -> main
[2026-07-10T06:00:58Z] dashboard publish complete
