This is LuaHBTeX, Version 1.22.0 (TeX Live 2025/Debian)  (format=lualatex 2026.7.13)  14 AUG 2026 14:57
 restricted system commands enabled.
**print.tex
(./print.tex
LaTeX2e <2025-11-01>
L3 programming layer <2026-01-19>
Lua module: luaotfload 2024-12-03 v3.29 Lua based OpenType font support
Lua module: lualibs 2023-07-13 v2.76 ConTeXt Lua standard libraries.
Lua module: lualibs-extended 2023-07-13 v2.76 ConTeXt Lua libraries -- extended 
collection.
luaotfload | conf : Root cache directory is "/home/axel/.texlive2025/texmf-var/l
uatex-cache/generic/names".
luaotfload | init : Loading fontloader "fontloader-2023-12-28.lua" from kpse-res
olved path "/usr/share/texlive/texmf-dist/tex/luatex/luaotfload/fontloader-2023-
12-28.lua".
Lua-only attribute luaotfload@noligature = 1
luaotfload | init : Context OpenType loader version 3.134
Inserting `luaotfload.node_processor' in `pre_linebreak_filter'.
Inserting `luaotfload.node_processor' in `hpack_filter'.
Inserting `luaotfload.glyph_stream' in `glyph_stream_provider'.
Inserting `luaotfload.define_font' in `define_font'.
Lua-only attribute luaotfload_color_attribute = 2
luaotfload | conf : Root cache directory is "/home/axel/.texlive2025/texmf-var/l
uatex-cache/generic/names".
Inserting `luaotfload.harf.strip_prefix' in `find_opentype_file'.
Inserting `luaotfload.harf.strip_prefix' in `find_truetype_file'.
Removing  `luaotfload.glyph_stream' from `glyph_stream_provider'.
Inserting `luaotfload.harf.glyphstream' in `glyph_stream_provider'.
Inserting `luaotfload.harf.finalize_vlist' in `post_linebreak_filter'.
Inserting `luaotfload.harf.finalize_hlist' in `hpack_filter'.
Inserting `luaotfload.cleanup_files' in `wrapup_run'.
Inserting `luaotfload.harf.finalize_unicode' in `finish_pdffile'.
Inserting `luaotfload.glyphinfo' in `glyph_info'.
Lua-only attribute luaotfload.letterspace_done = 3
Inserting `luaotfload.aux.set_sscale_dimens' in `luaotfload.patch_font'.
Inserting `luaotfload.aux.set_font_index' in `luaotfload.patch_font'.
Inserting `luaotfload.aux.patch_cambria_domh' in `luaotfload.patch_font'.
Inserting `luaotfload.aux.fixup_fontdata' in `luaotfload.patch_font_unsafe'.
Inserting `luaotfload.aux.set_capheight' in `luaotfload.patch_font'.
Inserting `luaotfload.aux.set_xheight' in `luaotfload.patch_font'.
Inserting `luaotfload.rewrite_fontname' in `luaotfload.patch_font'.
Inserting `tracingstacklevels' in `input_level_string'. (/usr/share/texlive/tex
mf-dist/tex/latex/base/report.cls
Document Class: report 2025/01/22 v1.4n Standard LaTeX document class
(/usr/share/texlive/texmf-dist/tex/latex/base/size10.clo
File: size10.clo 2025/01/22 v1.4n Standard LaTeX file (size option)
luaotfload | db : Font names database loaded from /home/axel/.texlive2025/texmf-
var/luatex-cache/generic/names/luaotfload-names.luc.gz)
\c@part=\count273
\c@chapter=\count274
\c@section=\count275
\c@subsection=\count276
\c@subsubsection=\count277
\c@paragraph=\count278
\c@subparagraph=\count279
\c@figure=\count280
\c@table=\count281
\abovecaptionskip=\skip49
\belowcaptionskip=\skip50
\bibindent=\dimen147
)
(/usr/share/texlive/texmf-dist/tex/latex/geometry/geometry.sty
Package: geometry 2020/01/02 v5.9 Page Geometry

(/usr/share/texlive/texmf-dist/tex/latex/graphics/keyval.sty
Package: keyval 2022/05/29 v1.15 key=value parser (DPC)
\KV@toks@=\toks17
)
(/usr/share/texlive/texmf-dist/tex/generic/iftex/ifvtex.sty
Package: ifvtex 2019/10/25 v1.7 ifvtex legacy package. Use iftex instead.

(/usr/share/texlive/texmf-dist/tex/generic/iftex/iftex.sty
Package: iftex 2024/12/12 v1.0g TeX engine tests
))
\Gm@cnth=\count282
\Gm@cntv=\count283
\c@Gm@tempcnt=\count284
\Gm@bindingoffset=\dimen148
\Gm@wd@mp=\dimen149
\Gm@odd@mp=\dimen150
\Gm@even@mp=\dimen151
\Gm@layoutwidth=\dimen152
\Gm@layoutheight=\dimen153
\Gm@layouthoffset=\dimen154
\Gm@layoutvoffset=\dimen155
\Gm@dimlist=\toks18
)
(/usr/share/texlive/texmf-dist/tex/latex/l3kernel/expl3.sty
Package: expl3 2026-01-19 L3 programming layer (loader) 

(/usr/share/texlive/texmf-dist/tex/latex/l3backend/l3backend-luatex.def
File: l3backend-luatex.def 2025-10-09 L3 backend support: PDF output (LuaTeX)
\l__color_backend_stack_int=\count285
Inserting `l3color' in `luaotfload.parse_color'.))
(/usr/share/texlive/texmf-dist/tex/latex/amsfonts/amssymb.sty
Package: amssymb 2013/01/14 v3.01 AMS font symbols

(/usr/share/texlive/texmf-dist/tex/latex/amsfonts/amsfonts.sty
Package: amsfonts 2013/01/14 v3.01 Basic AMSFonts support
\@emptytoks=\toks19
\symAMSa=\mathgroup4
\symAMSb=\mathgroup5
LaTeX Font Info:    Redeclaring math symbol \hbar on input line 98.
LaTeX Font Info:    Overwriting math alphabet `\mathfrak' in version `bold'
(Font)                  U/euf/m/n --> U/euf/b/n on input line 106.
))
(/usr/share/texlive/texmf-dist/tex/latex/amscls/amsthm.sty
Package: amsthm 2020/05/29 v2.20.6
\thm@style=\toks20
\thm@bodyfont=\toks21
\thm@headfont=\toks22
\thm@notefont=\toks23
\thm@headpunct=\toks24
\thm@preskip=\skip51
\thm@postskip=\skip52
\thm@headsep=\skip53
\dth@everypar=\toks25
)
(/usr/share/texlive/texmf-dist/tex/latex/mathtools/mathtools.sty
Package: mathtools 2024/10/04 v1.31 mathematical typesetting tools

(/usr/share/texlive/texmf-dist/tex/latex/tools/calc.sty
Package: calc 2025/03/01 v4.3b Infix arithmetic (KKT,FJ)
\calc@Acount=\count286
\calc@Bcount=\count287
\calc@Adimen=\dimen156
\calc@Bdimen=\dimen157
\calc@Askip=\skip54
\calc@Bskip=\skip55
LaTeX Info: Redefining \setlength on input line 86.
LaTeX Info: Redefining \addtolength on input line 87.
\calc@Ccount=\count288
\calc@Cskip=\skip56
)
(/usr/share/texlive/texmf-dist/tex/latex/mathtools/mhsetup.sty
Package: mhsetup 2021/03/18 v1.4 programming setup (MH)
)
(/usr/share/texlive/texmf-dist/tex/latex/amsmath/amsmath.sty
Package: amsmath 2025/07/09 v2.17z AMS math features
\@mathmargin=\skip57

For additional information on amsmath, use the `?' option.
(/usr/share/texlive/texmf-dist/tex/latex/amsmath/amstext.sty
Package: amstext 2024/11/17 v2.01 AMS text

(/usr/share/texlive/texmf-dist/tex/latex/amsmath/amsgen.sty
File: amsgen.sty 1999/11/30 v2.0 generic functions
\@emptytoks=\toks26
\ex@=\dimen158
))
(/usr/share/texlive/texmf-dist/tex/latex/amsmath/amsbsy.sty
Package: amsbsy 1999/11/29 v1.2d Bold Symbols
\pmbraise@=\dimen159
)
(/usr/share/texlive/texmf-dist/tex/latex/amsmath/amsopn.sty
Package: amsopn 2022/04/08 v2.04 operator names
)
\inf@bad=\count289
LaTeX Info: Redefining \frac on input line 235.
\uproot@=\count290
\leftroot@=\count291
LaTeX Info: Redefining \overline on input line 398.
LaTeX Info: Redefining \colon on input line 409.
\classnum@=\count292
\DOTSCASE@=\count293
LaTeX Info: Redefining \ldots on input line 495.
LaTeX Info: Redefining \dots on input line 498.
LaTeX Info: Redefining \cdots on input line 619.
\Mathstrutbox@=\box53
\strutbox@=\box54
LaTeX Info: Redefining \big on input line 721.
LaTeX Info: Redefining \Big on input line 722.
LaTeX Info: Redefining \bigg on input line 723.
LaTeX Info: Redefining \Bigg on input line 724.
\big@size=\dimen160
LaTeX Font Info:    Redeclaring font encoding OML on input line 742.
LaTeX Font Info:    Redeclaring font encoding OMS on input line 743.
\macc@depth=\count294
LaTeX Info: Redefining \bmod on input line 904.
LaTeX Info: Redefining \pmod on input line 909.
LaTeX Info: Redefining \smash on input line 939.
LaTeX Info: Redefining \relbar on input line 969.
LaTeX Info: Redefining \Relbar on input line 970.
\c@MaxMatrixCols=\count295
\dotsspace@=\muskip17
\c@parentequation=\count296
\dspbrk@lvl=\count297
\tag@help=\toks27
\row@=\count298
\column@=\count299
\maxfields@=\count300
\andhelp@=\toks28
\eqnshift@=\dimen161
\alignsep@=\dimen162
\tagshift@=\dimen163
\tagwidth@=\dimen164
\totwidth@=\dimen165
\lineht@=\dimen166
\@envbody=\toks29
\multlinegap=\skip58
\multlinetaggap=\skip59
\mathdisplay@stack=\toks30
LaTeX Info: Redefining \[ on input line 2950.
LaTeX Info: Redefining \] on input line 2951.
)
\g_MT_multlinerow_int=\count301
\l_MT_multwidth_dim=\dimen167
\origjot=\skip60
\l_MT_shortvdotswithinadjustabove_dim=\dimen168
\l_MT_shortvdotswithinadjustbelow_dim=\dimen169
\l_MT_above_intertext_sep=\dimen170
\l_MT_below_intertext_sep=\dimen171
\l_MT_above_shortintertext_sep=\dimen172
\l_MT_below_shortintertext_sep=\dimen173
\xmathstrut@box=\box55
\xmathstrut@dim=\dimen174
)
(/usr/share/texlive/texmf-dist/tex/latex/hyperref/hyperref.sty
Package: hyperref 2025-07-12 v7.01o Hypertext links for LaTeX

(/usr/share/texlive/texmf-dist/tex/latex/kvsetkeys/kvsetkeys.sty
Package: kvsetkeys 2022-10-05 v1.19 Key value parser (HO)
)
(/usr/share/texlive/texmf-dist/tex/generic/kvdefinekeys/kvdefinekeys.sty
Package: kvdefinekeys 2019-12-19 v1.6 Define keys (HO)
)
(/usr/share/texlive/texmf-dist/tex/generic/pdfescape/pdfescape.sty
Package: pdfescape 2019/12/09 v1.15 Implements pdfTeX's escape features (HO)

(/usr/share/texlive/texmf-dist/tex/generic/ltxcmds/ltxcmds.sty
Package: ltxcmds 2023-12-04 v1.26 LaTeX kernel commands for general use (HO)
)
(/usr/share/texlive/texmf-dist/tex/generic/pdftexcmds/pdftexcmds.sty
Package: pdftexcmds 2020-06-27 v0.33 Utility functions of pdfTeX for LuaTeX (HO
)

(/usr/share/texlive/texmf-dist/tex/generic/infwarerr/infwarerr.sty
Package: infwarerr 2019/12/03 v1.5 Providing info/warning/error messages (HO)
)
Package pdftexcmds Info: \pdf@primitive is available.
Package pdftexcmds Info: \pdf@ifprimitive is available.
Package pdftexcmds Info: \pdfdraftmode found.
\pdftexcmds@toks=\toks31
))
(/usr/share/texlive/texmf-dist/tex/latex/hycolor/hycolor.sty
Package: hycolor 2020-01-27 v1.10 Color options for hyperref/bookmark (HO)
)
(/usr/share/texlive/texmf-dist/tex/latex/hyperref/nameref.sty
Package: nameref 2025-06-21 v2.57 Cross-referencing by name of section

(/usr/share/texlive/texmf-dist/tex/latex/refcount/refcount.sty
Package: refcount 2019/12/15 v3.6 Data extraction from label references (HO)
)
(/usr/share/texlive/texmf-dist/tex/generic/gettitlestring/gettitlestring.sty
Package: gettitlestring 2019/12/15 v1.6 Cleanup title references (HO)

(/usr/share/texlive/texmf-dist/tex/latex/kvoptions/kvoptions.sty
Package: kvoptions 2022-06-15 v3.15 Key value format for package options (HO)
))
\c@section@level=\count302
)
(/usr/share/texlive/texmf-dist/tex/latex/etoolbox/etoolbox.sty
Package: etoolbox 2025/10/02 v2.5m e-TeX tools for LaTeX (JAW)
\etb@tempcnta=\count303
)
(/usr/share/texlive/texmf-dist/tex/generic/stringenc/stringenc.sty
Package: stringenc 2019/11/29 v1.12 Convert strings between diff. encodings (HO
)
)
\@linkdim=\dimen175
\Hy@linkcounter=\count304
\Hy@pagecounter=\count305

(/usr/share/texlive/texmf-dist/tex/latex/hyperref/pd1enc.def
File: pd1enc.def 2025-07-12 v7.01o Hyperref: PDFDocEncoding definition (HO)
)
(/usr/share/texlive/texmf-dist/tex/generic/intcalc/intcalc.sty
Package: intcalc 2019/12/15 v1.3 Expandable calculations with integers (HO)
)
\Hy@SavedSpaceFactor=\count306

(/usr/share/texlive/texmf-dist/tex/latex/hyperref/puenc.def
File: puenc.def 2025-07-12 v7.01o Hyperref: PDF Unicode definition (HO)
)
Package hyperref Info: Option `unicode' set `true' on input line 4066.
Package hyperref Info: Option `colorlinks' set `true' on input line 4066.
Package hyperref Info: Hyper figures OFF on input line 4195.
Package hyperref Info: Link nesting OFF on input line 4200.
Package hyperref Info: Hyper index ON on input line 4203.
Package hyperref Info: Plain pages OFF on input line 4210.
Package hyperref Info: Backreferencing OFF on input line 4215.
Package hyperref Info: Implicit mode ON; LaTeX internals redefined.
Package hyperref Info: Bookmarks ON on input line 4462.
\c@Hy@tempcnt=\count307

(/usr/share/texlive/texmf-dist/tex/latex/url/url.sty
\Urlmuskip=\muskip18
Package: url 2013/09/16  ver 3.4  Verb mode for urls, etc.
)
LaTeX Info: Redefining \url on input line 4801.
\XeTeXLinkMargin=\dimen176

(/usr/share/texlive/texmf-dist/tex/generic/bitset/bitset.sty
Package: bitset 2019/12/09 v1.3 Handle bit-vector datatype (HO)

(/usr/share/texlive/texmf-dist/tex/generic/bigintcalc/bigintcalc.sty
Package: bigintcalc 2019/12/15 v1.5 Expandable calculations on big integers (HO
)
))
\Fld@menulength=\count308
\Field@Width=\dimen177
\Fld@charsize=\dimen178
Package hyperref Info: Hyper figures OFF on input line 6078.
Package hyperref Info: Link nesting OFF on input line 6083.
Package hyperref Info: Hyper index ON on input line 6086.
Package hyperref Info: backreferencing OFF on input line 6093.
Package hyperref Info: Link coloring ON on input line 6096.
Package hyperref Info: Link coloring with OCG OFF on input line 6103.
Package hyperref Info: PDF/A mode OFF on input line 6108.
\Hy@abspage=\count309
\c@Item=\count310
\c@Hfootnote=\count311
)
Package hyperref Info: Driver (autodetected): hluatex.

(/usr/share/texlive/texmf-dist/tex/latex/hyperref/hluatex.def
File: hluatex.def 2025-07-12 v7.01o Hyperref driver for luaTeX
\Fld@listcount=\count312
\c@bookmark@seq@number=\count313

(/usr/share/texlive/texmf-dist/tex/latex/rerunfilecheck/rerunfilecheck.sty
Package: rerunfilecheck 2025-06-21 v1.11 Rerun checks for auxiliary files (HO)

(/usr/share/texlive/texmf-dist/tex/generic/uniquecounter/uniquecounter.sty
Package: uniquecounter 2019/12/15 v1.4 Provide unlimited unique counter (HO)
)
Package uniquecounter Info: New unique counter `rerunfilecheck' on input line 2
84.
)
\Hy@SectionHShift=\skip61
)
(/usr/share/texlive/texmf-dist/tex/latex/unicode-math/unicode-math.sty
Package: unicode-math 2023/08/13 v0.8r Unicode maths in XeLaTeX and LuaLaTeX

(/usr/share/texlive/texmf-dist/tex/latex/unicode-math/unicode-math-luatex.sty
Package: unicode-math-luatex 2023/08/13 v0.8r Unicode maths in XeLaTeX and LuaL
aTeX

(/usr/share/texlive/texmf-dist/tex/latex/l3packages/xparse/xparse.sty
Package: xparse 2025-10-09 L3 Experimental document command parser
)
(/usr/share/texlive/texmf-dist/tex/latex/l3packages/l3keys2e/l3keys2e.sty
Package: l3keys2e 2025-10-09 LaTeX2e option processing using LaTeX3 keys
)
(/usr/share/texlive/texmf-dist/tex/latex/fontspec/fontspec.sty
Package: fontspec 2025/09/29 v2.9g Font selection for XeLaTeX and LuaLaTeX
Lua module: fontspec 2025/09/29 v2.9g Font selection for XeLaTeX and LuaLaTeX
(/usr/share/texlive/texmf-dist/tex/latex/fontspec/fontspec-luatex.sty
Package: fontspec-luatex 2025/09/29 v2.9g Font selection for XeLaTeX and LuaLaT
eX
\l__fontspec_script_int=\count314
\l__fontspec_language_int=\count315
\l__fontspec_strnum_int=\count316
\l__fontspec_tmp_int=\count317
\l__fontspec_tmpa_int=\count318
\l__fontspec_tmpb_int=\count319
\l__fontspec_tmpc_int=\count320
\l__fontspec_em_int=\count321
\l__fontspec_emdef_int=\count322
\l__fontspec_strong_int=\count323
\l__fontspec_strongdef_int=\count324
\l__fontspec_tmpa_dim=\dimen179
\l__fontspec_tmpb_dim=\dimen180
\l__fontspec_tmpc_dim=\dimen181

(/usr/share/texlive/texmf-dist/tex/latex/base/fontenc.sty
Package: fontenc 2025/07/18 v2.1d Standard LaTeX package
)
(/usr/share/texlive/texmf-dist/tex/latex/fontspec/fontspec.cfg)))
(/usr/share/texlive/texmf-dist/tex/latex/base/fix-cm.sty
Package: fix-cm 2020/11/24 v1.1t fixes to LaTeX

(/usr/share/texlive/texmf-dist/tex/latex/base/ts1enc.def
File: ts1enc.def 2001/06/05 v3.0e (jk/car/fm) Standard LaTeX file
LaTeX Font Info:    Redeclaring font encoding TS1 on input line 47.
LaTeX Encoding Info:    Redeclaring text command \capitalcedilla (encoding TS1)
 on input line 49.
LaTeX Encoding Info:    Redeclaring text command \capitalogonek (encoding TS1) 
on input line 52.
LaTeX Encoding Info:    Redeclaring text command \capitalgrave (encoding TS1) o
n input line 55.
LaTeX Encoding Info:    Redeclaring text command \capitalacute (encoding TS1) o
n input line 56.
LaTeX Encoding Info:    Redeclaring text command \capitalcircumflex (encoding T
S1) on input line 57.
LaTeX Encoding Info:    Redeclaring text command \capitaltilde (encoding TS1) o
n input line 58.
LaTeX Encoding Info:    Redeclaring text command \capitaldieresis (encoding TS1
) on input line 59.
LaTeX Encoding Info:    Redeclaring text command \capitalhungarumlaut (encoding
 TS1) on input line 60.
LaTeX Encoding Info:    Redeclaring text command \capitalring (encoding TS1) on
 input line 61.
LaTeX Encoding Info:    Redeclaring text command \capitalcaron (encoding TS1) o
n input line 62.
LaTeX Encoding Info:    Redeclaring text command \capitalbreve (encoding TS1) o
n input line 63.
LaTeX Encoding Info:    Redeclaring text command \capitalmacron (encoding TS1) 
on input line 64.
LaTeX Encoding Info:    Redeclaring text command \capitaldotaccent (encoding TS
1) on input line 65.
LaTeX Encoding Info:    Redeclaring text command \t (encoding TS1) on input lin
e 66.
LaTeX Encoding Info:    Redeclaring text command \capitaltie (encoding TS1) on 
input line 67.
LaTeX Encoding Info:    Redeclaring text command \newtie (encoding TS1) on inpu
t line 68.
LaTeX Encoding Info:    Redeclaring text command \capitalnewtie (encoding TS1) 
on input line 69.
LaTeX Encoding Info:    Redeclaring text symbol \textcapitalcompwordmark (encod
ing TS1) on input line 70.
LaTeX Encoding Info:    Redeclaring text symbol \textascendercompwordmark (enco
ding TS1) on input line 71.
LaTeX Encoding Info:    Redeclaring text symbol \textquotestraightbase (encodin
g TS1) on input line 72.
LaTeX Encoding Info:    Redeclaring text symbol \textquotestraightdblbase (enco
ding TS1) on input line 73.
LaTeX Encoding Info:    Redeclaring text symbol \texttwelveudash (encoding TS1)
 on input line 74.
LaTeX Encoding Info:    Redeclaring text symbol \textthreequartersemdash (encod
ing TS1) on input line 75.
LaTeX Encoding Info:    Redeclaring text symbol \textleftarrow (encoding TS1) o
n input line 76.
LaTeX Encoding Info:    Redeclaring text symbol \textrightarrow (encoding TS1) 
on input line 77.
LaTeX Encoding Info:    Redeclaring text symbol \textblank (encoding TS1) on in
put line 78.
LaTeX Encoding Info:    Redeclaring text symbol \textdollar (encoding TS1) on i
nput line 79.
LaTeX Encoding Info:    Redeclaring text symbol \textquotesingle (encoding TS1)
 on input line 80.
LaTeX Encoding Info:    Redeclaring text command \textasteriskcentered (encodin
g TS1) on input line 81.
LaTeX Encoding Info:    Redeclaring text symbol \textdblhyphen (encoding TS1) o
n input line 92.
LaTeX Encoding Info:    Redeclaring text symbol \textfractionsolidus (encoding 
TS1) on input line 93.
LaTeX Encoding Info:    Redeclaring text symbol \textzerooldstyle (encoding TS1
) on input line 94.
LaTeX Encoding Info:    Redeclaring text symbol \textoneoldstyle (encoding TS1)
 on input line 95.
LaTeX Encoding Info:    Redeclaring text symbol \texttwooldstyle (encoding TS1)
 on input line 96.
LaTeX Encoding Info:    Redeclaring text symbol \textthreeoldstyle (encoding TS
1) on input line 97.
LaTeX Encoding Info:    Redeclaring text symbol \textfouroldstyle (encoding TS1
) on input line 98.
LaTeX Encoding Info:    Redeclaring text symbol \textfiveoldstyle (encoding TS1
) on input line 99.
LaTeX Encoding Info:    Redeclaring text symbol \textsixoldstyle (encoding TS1)
 on input line 100.
LaTeX Encoding Info:    Redeclaring text symbol \textsevenoldstyle (encoding TS
1) on input line 101.
LaTeX Encoding Info:    Redeclaring text symbol \texteightoldstyle (encoding TS
1) on input line 102.
LaTeX Encoding Info:    Redeclaring text symbol \textnineoldstyle (encoding TS1
) on input line 103.
LaTeX Encoding Info:    Redeclaring text symbol \textlangle (encoding TS1) on i
nput line 104.
LaTeX Encoding Info:    Redeclaring text symbol \textminus (encoding TS1) on in
put line 105.
LaTeX Encoding Info:    Redeclaring text symbol \textrangle (encoding TS1) on i
nput line 106.
LaTeX Encoding Info:    Redeclaring text symbol \textmho (encoding TS1) on inpu
t line 107.
LaTeX Encoding Info:    Redeclaring text symbol \textbigcircle (encoding TS1) o
n input line 108.
LaTeX Encoding Info:    Redeclaring text command \textcircled (encoding TS1) on
 input line 109.
LaTeX Encoding Info:    Redeclaring text symbol \textohm (encoding TS1) on inpu
t line 115.
LaTeX Encoding Info:    Redeclaring text symbol \textlbrackdbl (encoding TS1) o
n input line 116.
LaTeX Encoding Info:    Redeclaring text symbol \textrbrackdbl (encoding TS1) o
n input line 117.
LaTeX Encoding Info:    Redeclaring text symbol \textuparrow (encoding TS1) on 
input line 118.
LaTeX Encoding Info:    Redeclaring text symbol \textdownarrow (encoding TS1) o
n input line 119.
LaTeX Encoding Info:    Redeclaring text symbol \textasciigrave (encoding TS1) 
on input line 120.
LaTeX Encoding Info:    Redeclaring text symbol \textborn (encoding TS1) on inp
ut line 121.
LaTeX Encoding Info:    Redeclaring text symbol \textdivorced (encoding TS1) on
 input line 122.
LaTeX Encoding Info:    Redeclaring text symbol \textdied (encoding TS1) on inp
ut line 123.
LaTeX Encoding Info:    Redeclaring text symbol \textleaf (encoding TS1) on inp
ut line 124.
LaTeX Encoding Info:    Redeclaring text symbol \textmarried (encoding TS1) on 
input line 125.
LaTeX Encoding Info:    Redeclaring text symbol \textmusicalnote (encoding TS1)
 on input line 126.
LaTeX Encoding Info:    Redeclaring text symbol \texttildelow (encoding TS1) on
 input line 127.
LaTeX Encoding Info:    Redeclaring text symbol \textdblhyphenchar (encoding TS
1) on input line 128.
LaTeX Encoding Info:    Redeclaring text symbol \textasciibreve (encoding TS1) 
on input line 129.
LaTeX Encoding Info:    Redeclaring text symbol \textasciicaron (encoding TS1) 
on input line 130.
LaTeX Encoding Info:    Redeclaring text symbol \textacutedbl (encoding TS1) on
 input line 131.
LaTeX Encoding Info:    Redeclaring text symbol \textgravedbl (encoding TS1) on
 input line 132.
LaTeX Encoding Info:    Redeclaring text symbol \textdagger (encoding TS1) on i
nput line 133.
LaTeX Encoding Info:    Redeclaring text symbol \textdaggerdbl (encoding TS1) o
n input line 134.
LaTeX Encoding Info:    Redeclaring text symbol \textbardbl (encoding TS1) on i
nput line 135.
LaTeX Encoding Info:    Redeclaring text symbol \textperthousand (encoding TS1)
 on input line 136.
LaTeX Encoding Info:    Redeclaring text symbol \textbullet (encoding TS1) on i
nput line 137.
LaTeX Encoding Info:    Redeclaring text symbol \textcelsius (encoding TS1) on 
input line 138.
LaTeX Encoding Info:    Redeclaring text symbol \textdollaroldstyle (encoding T
S1) on input line 139.
LaTeX Encoding Info:    Redeclaring text symbol \textcentoldstyle (encoding TS1
) on input line 140.
LaTeX Encoding Info:    Redeclaring text symbol \textflorin (encoding TS1) on i
nput line 141.
LaTeX Encoding Info:    Redeclaring text symbol \textcolonmonetary (encoding TS
1) on input line 142.
LaTeX Encoding Info:    Redeclaring text symbol \textwon (encoding TS1) on inpu
t line 143.
LaTeX Encoding Info:    Redeclaring text symbol \textnaira (encoding TS1) on in
put line 144.
LaTeX Encoding Info:    Redeclaring text symbol \textguarani (encoding TS1) on 
input line 145.
LaTeX Encoding Info:    Redeclaring text symbol \textpeso (encoding TS1) on inp
ut line 146.
LaTeX Encoding Info:    Redeclaring text symbol \textlira (encoding TS1) on inp
ut line 147.
LaTeX Encoding Info:    Redeclaring text symbol \textrecipe (encoding TS1) on i
nput line 148.
LaTeX Encoding Info:    Redeclaring text symbol \textinterrobang (encoding TS1)
 on input line 149.
LaTeX Encoding Info:    Redeclaring text symbol \textinterrobangdown (encoding 
TS1) on input line 150.
LaTeX Encoding Info:    Redeclaring text symbol \textdong (encoding TS1) on inp
ut line 151.
LaTeX Encoding Info:    Redeclaring text symbol \texttrademark (encoding TS1) o
n input line 152.
LaTeX Encoding Info:    Redeclaring text symbol \textpertenthousand (encoding T
S1) on input line 153.
LaTeX Encoding Info:    Redeclaring text symbol \textpilcrow (encoding TS1) on 
input line 154.
LaTeX Encoding Info:    Redeclaring text symbol \textbaht (encoding TS1) on inp
ut line 155.
LaTeX Encoding Info:    Redeclaring text symbol \textnumero (encoding TS1) on i
nput line 156.
LaTeX Encoding Info:    Redeclaring text symbol \textdiscount (encoding TS1) on
 input line 157.
LaTeX Encoding Info:    Redeclaring text symbol \textestimated (encoding TS1) o
n input line 158.
LaTeX Encoding Info:    Redeclaring text symbol \textopenbullet (encoding TS1) 
on input line 159.
LaTeX Encoding Info:    Redeclaring text symbol \textservicemark (encoding TS1)
 on input line 160.
LaTeX Encoding Info:    Redeclaring text symbol \textlquill (encoding TS1) on i
nput line 161.
LaTeX Encoding Info:    Redeclaring text symbol \textrquill (encoding TS1) on i
nput line 162.
LaTeX Encoding Info:    Redeclaring text symbol \textcent (encoding TS1) on inp
ut line 163.
LaTeX Encoding Info:    Redeclaring text symbol \textsterling (encoding TS1) on
 input line 164.
LaTeX Encoding Info:    Redeclaring text symbol \textcurrency (encoding TS1) on
 input line 165.
LaTeX Encoding Info:    Redeclaring text symbol \textyen (encoding TS1) on inpu
t line 166.
LaTeX Encoding Info:    Redeclaring text symbol \textbrokenbar (encoding TS1) o
n input line 167.
LaTeX Encoding Info:    Redeclaring text symbol \textsection (encoding TS1) on 
input line 168.
LaTeX Encoding Info:    Redeclaring text symbol \textasciidieresis (encoding TS
1) on input line 169.
LaTeX Encoding Info:    Redeclaring text symbol \textcopyright (encoding TS1) o
n input line 170.
LaTeX Encoding Info:    Redeclaring text symbol \textordfeminine (encoding TS1)
 on input line 171.
LaTeX Encoding Info:    Redeclaring text symbol \textcopyleft (encoding TS1) on
 input line 172.
LaTeX Encoding Info:    Redeclaring text symbol \textlnot (encoding TS1) on inp
ut line 173.
LaTeX Encoding Info:    Redeclaring text symbol \textcircledP (encoding TS1) on
 input line 174.
LaTeX Encoding Info:    Redeclaring text symbol \textregistered (encoding TS1) 
on input line 175.
LaTeX Encoding Info:    Redeclaring text symbol \textasciimacron (encoding TS1)
 on input line 176.
LaTeX Encoding Info:    Redeclaring text symbol \textdegree (encoding TS1) on i
nput line 177.
LaTeX Encoding Info:    Redeclaring text symbol \textpm (encoding TS1) on input
 line 178.
LaTeX Encoding Info:    Redeclaring text symbol \texttwosuperior (encoding TS1)
 on input line 179.
LaTeX Encoding Info:    Redeclaring text symbol \textthreesuperior (encoding TS
1) on input line 180.
LaTeX Encoding Info:    Redeclaring text symbol \textasciiacute (encoding TS1) 
on input line 181.
LaTeX Encoding Info:    Redeclaring text symbol \textmu (encoding TS1) on input
 line 182.
LaTeX Encoding Info:    Redeclaring text symbol \textparagraph (encoding TS1) o
n input line 183.
LaTeX Encoding Info:    Redeclaring text symbol \textperiodcentered (encoding T
S1) on input line 184.
LaTeX Encoding Info:    Redeclaring text symbol \textreferencemark (encoding TS
1) on input line 185.
LaTeX Encoding Info:    Redeclaring text symbol \textonesuperior (encoding TS1)
 on input line 186.
LaTeX Encoding Info:    Redeclaring text symbol \textordmasculine (encoding TS1
) on input line 187.
LaTeX Encoding Info:    Redeclaring text symbol \textsurd (encoding TS1) on inp
ut line 188.
LaTeX Encoding Info:    Redeclaring text symbol \textonequarter (encoding TS1) 
on input line 189.
LaTeX Encoding Info:    Redeclaring text symbol \textonehalf (encoding TS1) on 
input line 190.
LaTeX Encoding Info:    Redeclaring text symbol \textthreequarters (encoding TS
1) on input line 191.
LaTeX Encoding Info:    Redeclaring text symbol \texteuro (encoding TS1) on inp
ut line 192.
LaTeX Encoding Info:    Redeclaring text symbol \texttimes (encoding TS1) on in
put line 193.
LaTeX Encoding Info:    Redeclaring text symbol \textdiv (encoding TS1) on inpu
t line 194.
))
(/usr/share/texlive/texmf-dist/tex/lualatex/lualatex-math/lualatex-math.sty
Package: lualatex-math 2022/01/01 v1.12 Patches for mathematics typesetting wit
h LuaLaTeX
Lua module: lualatex-math 2013/08/03 v1.3 Patches for mathematics typesetting wi
th LuaLaTeX)
\g__um_fam_int=\count325
\g__um_fonts_used_int=\count326
\l__um_primecount_int=\count327
\g__um_primekern_muskip=\muskip19

(/usr/share/texlive/texmf-dist/tex/latex/unicode-math/unicode-math-table.tex))) (./macros/common.tex
\c@theorem=\count328
) (./macros/print.tex)
No file print.aux.

\openout1 = print.aux
LaTeX Font Info:    Checking defaults for OML/cmm/m/it on input line 31.
LaTeX Font Info:    ... okay on input line 31.
LaTeX Font Info:    Checking defaults for OMS/cmsy/m/n on input line 31.
LaTeX Font Info:    ... okay on input line 31.
LaTeX Font Info:    Checking defaults for OT1/cmr/m/n on input line 31.
LaTeX Font Info:    ... okay on input line 31.
LaTeX Font Info:    Checking defaults for T1/cmr/m/n on input line 31.
LaTeX Font Info:    ... okay on input line 31.
LaTeX Font Info:    Checking defaults for TS1/cmr/m/n on input line 31.
LaTeX Font Info:    ... okay on input line 31.
LaTeX Font Info:    Checking defaults for TU/lmr/m/n on input line 31.
LaTeX Font Info:    ... okay on input line 31.
LaTeX Font Info:    Checking defaults for OMX/cmex/m/n on input line 31.
LaTeX Font Info:    ... okay on input line 31.
LaTeX Font Info:    Checking defaults for U/cmr/m/n on input line 31.
LaTeX Font Info:    ... okay on input line 31.
LaTeX Font Info:    Checking defaults for PD1/pdf/m/n on input line 31.
LaTeX Font Info:    ... okay on input line 31.
LaTeX Font Info:    Checking defaults for PU/pdf/m/n on input line 31.
LaTeX Font Info:    ... okay on input line 31.
*geometry* driver: auto-detecting
*geometry* detected driver: luatex
*geometry* verbose mode - [ preamble ] result:
* driver: luatex
* paper: a4paper
* layout: <same size as paper>
* layoutoffset:(h,v)=(0.0pt,0.0pt)
* modes: 
* h-part:(L,W,R)=(89.62709pt, 418.25368pt, 89.6271pt)
* v-part:(T,H,B)=(101.40665pt, 591.5302pt, 152.11pt)
* \paperwidth=597.50787pt
* \paperheight=845.04684pt
* \textwidth=418.25368pt
* \textheight=591.5302pt
* \oddsidemargin=17.3571pt
* \evensidemargin=17.3571pt
* \topmargin=-7.86334pt
* \headheight=12.0pt
* \headsep=25.0pt
* \topskip=10.0pt
* \footskip=30.0pt
* \marginparwidth=57.0pt
* \marginparsep=11.0pt
* \columnsep=10.0pt
* \skip\footins=9.0pt plus 4.0pt minus 2.0pt
* \hoffset=0.0pt
* \voffset=0.0pt
* \mag=1000
* \@twocolumnfalse
* \@twosidefalse
* \@mparswitchfalse
* \@reversemarginfalse
* (1in=72.27pt=25.4mm, 1cm=28.453pt)

(/usr/share/texlive/texmf-dist/tex/latex/graphics/graphicx.sty
Package: graphicx 2024/12/31 v1.2e Enhanced LaTeX Graphics (DPC,SPQR)

(/usr/share/texlive/texmf-dist/tex/latex/graphics/graphics.sty
Package: graphics 2024/08/06 v1.4g Standard LaTeX Graphics (DPC,SPQR)

(/usr/share/texlive/texmf-dist/tex/latex/graphics/trig.sty
Package: trig 2023/12/02 v1.11 sin cos tan (DPC)
)
(/usr/share/texlive/texmf-dist/tex/latex/graphics-cfg/graphics.cfg
File: graphics.cfg 2016/06/04 v1.11 sample graphics configuration
)
Package graphics Info: Driver file: luatex.def on input line 106.

(/usr/share/texlive/texmf-dist/tex/latex/graphics-def/luatex.def
File: luatex.def 2025/09/29 v1.2f Graphics/color driver for luatex

(/usr/share/texlive/texmf-dist/tex/context/base/mkii/supp-pdf.mkii
[Loading MPS to PDF converter (version 2006.09.02).]
\scratchcounter=\count329
\scratchdimen=\dimen182
\scratchbox=\box56
\nofMPsegments=\count330
\nofMParguments=\count331
\everyMPshowfont=\toks32
\MPscratchCnt=\count332
\MPscratchDim=\dimen183
\MPnumerator=\count333
\makeMPintoPDFobject=\count334
\everyMPtoPDFconversion=\toks33
))) (/usr/share/texlive/texmf-dist/tex/latex/epstopdf-pkg/epstopdf-base.sty
Package: epstopdf-base 2020-01-24 v2.11 Base part for package epstopdf
Package epstopdf-base Info: Redefining graphics rule for `.eps' on input line 4
85.

(/usr/share/texlive/texmf-dist/tex/latex/latexconfig/epstopdf-sys.cfg
File: epstopdf-sys.cfg 2010/07/13 v1.3 Configuration of (r)epstopdf for TeX Liv
e
))
\Gin@req@height=\dimen184
\Gin@req@width=\dimen185
)
(/usr/share/texlive/texmf-dist/tex/latex/graphics/color.sty
Package: color 2025/01/14 v1.3e Standard LaTeX Color (DPC)

(/usr/share/texlive/texmf-dist/tex/latex/graphics-cfg/color.cfg
File: color.cfg 2016/01/02 v1.6 sample color configuration
)
Package color Info: Driver file: luatex.def on input line 149.

(/usr/share/texlive/texmf-dist/tex/latex/graphics/mathcolor.ltx))
Package hyperref Info: Link coloring ON on input line 31.
\@outlinefile=\write3

\openout3 = print.out
LaTeX Font Info:    Overwriting math alphabet `\mathrm' in version `normal'
(Font)                  OT1/cmr/m/n --> TU/lmr/m/n on input line 31.
LaTeX Font Info:    Overwriting math alphabet `\mathit' in version `normal'
(Font)                  OT1/cmr/m/it --> TU/lmr/m/it on input line 31.
LaTeX Font Info:    Overwriting math alphabet `\mathbf' in version `normal'
(Font)                  OT1/cmr/bx/n --> TU/lmr/bx/n on input line 31.
LaTeX Font Info:    Overwriting math alphabet `\mathsf' in version `normal'
(Font)                  OT1/cmss/m/n --> TU/lmss/m/n on input line 31.
LaTeX Font Info:    Overwriting math alphabet `\mathsf' in version `bold'
(Font)                  OT1/cmss/bx/n --> TU/lmss/bx/n on input line 31.
LaTeX Font Info:    Overwriting math alphabet `\mathtt' in version `normal'
(Font)                  OT1/cmtt/m/n --> TU/lmtt/m/n on input line 31.
LaTeX Font Info:    Overwriting math alphabet `\mathtt' in version `bold'
(Font)                  OT1/cmtt/m/n --> TU/lmtt/bx/n on input line 31.

Package fontspec Info: 
(fontspec)             Font family 'latinmodern-math.otf(0)' created for font
(fontspec)             'latinmodern-math.otf' with options
(fontspec)             [Renderer=Basic,BoldItalicFont={},ItalicFont={},SmallCap
sFont={},Script=Math,RawFeature={mathfontdimen=xetex},BoldFont={latinmodern-mat
h.otf}].
(fontspec)              
(fontspec)              This font family consists of the following NFSS
(fontspec)             series/shapes:
(fontspec)              
(fontspec)             - 'normal' (m/n) with NFSS spec.:
(fontspec)             <->"[latinmodern-math.otf]:mode=base;script=math;languag
e=dflt;mathfontdimen=xetex;"
(fontspec)             - 'bold' (b/n) with NFSS spec.:
(fontspec)             <->"[latinmodern-math.otf]:mode=base;script=math;languag
e=dflt;mathfontdimen=xetex;"


Package fontspec Info: 
(fontspec)             Font family 'latinmodern-math.otf(1)' created for font
(fontspec)             'latinmodern-math.otf' with options
(fontspec)             [Renderer=Basic,BoldItalicFont={},ItalicFont={},SmallCap
sFont={},Script=Math,SizeFeatures={{Size=8.5-},{Size=6-8.5,Font=latinmodern-mat
h.otf,Style=MathScript},{Size=-6,Font=latinmodern-math.otf,Style=MathScriptScri
pt}},RawFeature={mathfontdimen=xetex},BoldFont={latinmodern-math.otf}].
(fontspec)              
(fontspec)              This font family consists of the following NFSS
(fontspec)             series/shapes:
(fontspec)              
(fontspec)             - 'normal' (m/n) with NFSS spec.:
(fontspec)             <8.5->"[latinmodern-math.otf]:mode=base;script=math;lang
uage=dflt;mathfontdimen=xetex;"<6-8.5>"[latinmodern-math.otf]:mode=base;script=
math;language=dflt;mathfontdimen=xetex;+ssty=0;"<-6>"[latinmodern-math.otf]:mod
e=base;script=math;language=dflt;mathfontdimen=xetex;+ssty=1;"
(fontspec)             - 'bold' (b/n) with NFSS spec.:
(fontspec)             <->"[latinmodern-math.otf]:mode=base;script=math;languag
e=dflt;mathfontdimen=xetex;"

LaTeX Font Info:    Encoding `OT1' has changed to `TU' for symbol font
(Font)              `operators' in the math version `normal' on input line 31.
LaTeX Font Info:    Overwriting symbol font `operators' in version `normal'
(Font)                  OT1/cmr/m/n --> TU/latinmodern-math.otf(1)/m/n on input
 line 31.
LaTeX Font Info:    Encoding `OT1' has changed to `TU' for symbol font
(Font)              `operators' in the math version `bold' on input line 31.
LaTeX Font Info:    Overwriting symbol font `operators' in version `bold'
(Font)                  OT1/cmr/bx/n --> TU/latinmodern-math.otf(1)/b/n on inpu
t line 31.

Package fontspec Info: 
(fontspec)             Font family 'latinmodern-math.otf(2)' created for font
(fontspec)             'latinmodern-math.otf' with options
(fontspec)             [Renderer=Basic,BoldItalicFont={},ItalicFont={},SmallCap
sFont={},Script=Math,SizeFeatures={{Size=8.5-},{Size=6-8.5,Font=latinmodern-mat
h.otf,Style=MathScript},{Size=-6,Font=latinmodern-math.otf,Style=MathScriptScri
pt}},RawFeature={mathfontdimen=xetex},BoldFont={latinmodern-math.otf},RawFeatur
e={mathfontdimen=tex2}].
(fontspec)              
(fontspec)              This font family consists of the following NFSS
(fontspec)             series/shapes:
(fontspec)              
(fontspec)             - 'normal' (m/n) with NFSS spec.:
(fontspec)             <8.5->"[latinmodern-math.otf]:mode=base;script=math;lang
uage=dflt;mathfontdimen=xetex;mathfontdimen=tex2;"<6-8.5>"[latinmodern-math.otf
]:mode=base;script=math;language=dflt;mathfontdimen=xetex;mathfontdimen=tex2;+s
sty=0;"<-6>"[latinmodern-math.otf]:mode=base;script=math;language=dflt;mathfont
dimen=xetex;mathfontdimen=tex2;+ssty=1;"
(fontspec)             - 'bold' (b/n) with NFSS spec.:
(fontspec)             <->"[latinmodern-math.otf]:mode=base;script=math;languag
e=dflt;mathfontdimen=xetex;mathfontdimen=tex2;"

LaTeX Font Info:    Encoding `OMS' has changed to `TU' for symbol font
(Font)              `symbols' in the math version `normal' on input line 31.
LaTeX Font Info:    Overwriting symbol font `symbols' in version `normal'
(Font)                  OMS/cmsy/m/n --> TU/latinmodern-math.otf(2)/m/n on inpu
t line 31.
LaTeX Font Info:    Encoding `OMS' has changed to `TU' for symbol font
(Font)              `symbols' in the math version `bold' on input line 31.
LaTeX Font Info:    Overwriting symbol font `symbols' in version `bold'
(Font)                  OMS/cmsy/b/n --> TU/latinmodern-math.otf(2)/b/n on inpu
t line 31.

Package fontspec Info: 
(fontspec)             Font family 'latinmodern-math.otf(3)' created for font
(fontspec)             'latinmodern-math.otf' with options
(fontspec)             [Renderer=Basic,BoldItalicFont={},ItalicFont={},SmallCap
sFont={},Script=Math,SizeFeatures={{Size=8.5-},{Size=6-8.5,Font=latinmodern-mat
h.otf,Style=MathScript},{Size=-6,Font=latinmodern-math.otf,Style=MathScriptScri
pt}},RawFeature={mathfontdimen=xetex},BoldFont={latinmodern-math.otf},RawFeatur
e={mathfontdimen=tex3}].
(fontspec)              
(fontspec)              This font family consists of the following NFSS
(fontspec)             series/shapes:
(fontspec)              
(fontspec)             - 'normal' (m/n) with NFSS spec.:
(fontspec)             <8.5->"[latinmodern-math.otf]:mode=base;script=math;lang
uage=dflt;mathfontdimen=xetex;mathfontdimen=tex3;"<6-8.5>"[latinmodern-math.otf
]:mode=base;script=math;language=dflt;mathfontdimen=xetex;mathfontdimen=tex3;+s
sty=0;"<-6>"[latinmodern-math.otf]:mode=base;script=math;language=dflt;mathfont
dimen=xetex;mathfontdimen=tex3;+ssty=1;"
(fontspec)             - 'bold' (b/n) with NFSS spec.:
(fontspec)             <->"[latinmodern-math.otf]:mode=base;script=math;languag
e=dflt;mathfontdimen=xetex;mathfontdimen=tex3;"

LaTeX Font Info:    Encoding `OMX' has changed to `TU' for symbol font
(Font)              `largesymbols' in the math version `normal' on input line 3
1.
LaTeX Font Info:    Overwriting symbol font `largesymbols' in version `normal'
(Font)                  OMX/cmex/m/n --> TU/latinmodern-math.otf(3)/m/n on inpu
t line 31.
LaTeX Font Info:    Encoding `OMX' has changed to `TU' for symbol font
(Font)              `largesymbols' in the math version `bold' on input line 31.

LaTeX Font Info:    Overwriting symbol font `largesymbols' in version `bold'
(Font)                  OMX/cmex/m/n --> TU/latinmodern-math.otf(3)/b/n on inpu
t line 31.
LaTeX Font Info:    Trying to load font information for U+msa on input line 31.


(/usr/share/texlive/texmf-dist/tex/latex/amsfonts/umsa.fd
File: umsa.fd 2013/01/14 v3.01 AMS symbols A
)
LaTeX Font Info:    Trying to load font information for U+msb on input line 31.


(/usr/share/texlive/texmf-dist/tex/latex/amsfonts/umsb.fd
File: umsb.fd 2013/01/14 v3.01 AMS symbols B
) [1

{/var/lib/texmf/fonts/map/pdftex/updmap/pdftex.map}] (./content.tex (./chapters
/Challenge.tex
Chapter 1.

LaTeX Warning: Reference `def:moduleKSheaf' on page 1 undefined on input line 2
1.


LaTeX Warning: Reference `def:HModule' on page 1 undefined on input line 21.


LaTeX Warning: Reference `def:moduleKSheaf' on page 1 undefined on input line 2
7.


LaTeX Warning: Reference `def:HModule' on page 1 undefined on input line 29.


LaTeX Warning: Reference `def:pic0Functor' on page 1 undefined on input line 37
.


LaTeX Warning: Reference `def:jacobian' on page 1 undefined on input line 46.


LaTeX Warning: Reference `def:genus' on page 1 undefined on input line 54.


LaTeX Warning: Reference `def:jacobian' on page 1 undefined on input line 54.


LaTeX Warning: Reference `def:jacobian' on page 1 undefined on input line 61.


LaTeX Warning: Reference `def:jacobian' on page 1 undefined on input line 68.


warning  (pdf backend): ignoring duplicate destination with the name 'page.1'
[1

]

LaTeX Warning: Reference `def:jacobian' on page 2 undefined on input line 79.


LaTeX Warning: Reference `def:ofCurve' on page 2 undefined on input line 88.


LaTeX Warning: Reference `prop:jacobian_grpobj' on page 2 undefined on input li
ne 88.


LaTeX Warning: Reference `def:ofCurve' on page 2 undefined on input line 96.


LaTeX Warning: Reference `lem:comp_ofCurve' on page 2 undefined on input line 9
6.


LaTeX Warning: Reference `prop:jacobian_grpobj' on page 2 undefined on input li
ne 96.

) (./chapters/BaseChange.tex [2]
Chapter 2.

LaTeX Warning: Reference `def:Curve' on page 3 undefined on input line 20.


LaTeX Warning: Reference `def:jacobian' on page 3 undefined on input line 20.


LaTeX Warning: Reference `prop:jacobian_grpobj' on page 3 undefined on input li
ne 20.


LaTeX Warning: Reference `def:jacobian_functor' on page 3 undefined on input li
ne 47.


LaTeX Warning: Reference `def:baseChange' on page 3 undefined on input line 47.



LaTeX Warning: Reference `thm:baseChangeIso' on page 3 undefined on input line 
58.


LaTeX Warning: Reference `thm:baseChangeIso' on page 3 undefined on input line 
66.

[3

]

LaTeX Warning: Reference `thm:baseChangeIso' on page 4 undefined on input line 
75.


LaTeX Warning: Reference `def:ofCurve' on page 4 undefined on input line 75.

) (./chapters/Curves.tex [4]
Chapter 3.

LaTeX Warning: Reference `chap:Challenge' on page 5 undefined on input line 4.


LaTeX Warning: Reference `lem:unramified_flat_reduced' on page 5 undefined on i
nput line 44.


LaTeX Warning: Reference `lem:unramified_flat_reduced' on page 5 undefined on i
nput line 46.


LaTeX Warning: Reference `lem:etale_reduced_domain' on page 5 undefined on inpu
t line 60.


LaTeX Warning: Reference `lem:etale_reduced_domain' on page 5 undefined on inpu
t line 64.

[5

]

LaTeX Warning: Reference `lem:standard_smooth_reduced_ringhom' on page 6 undefi
ned on input line 75.


LaTeX Warning: Reference `lem:standard_smooth_reduced_ringhom' on page 6 undefi
ned on input line 77.


LaTeX Warning: Reference `lem:standard_smooth_reduced_ringhom' on page 6 undefi
ned on input line 89.


LaTeX Warning: Reference `lem:standard_smooth_reduced_ringhom' on page 6 undefi
ned on input line 95.


LaTeX Warning: Reference `thm:smooth_reduced_field' on page 6 undefined on inpu
t line 110.


LaTeX Warning: Reference `thm:smooth_reduced_field' on page 6 undefined on inpu
t line 112.


LaTeX Warning: Reference `thm:smooth_geometrically_reduced' on page 6 undefined
 on input line 135.


LaTeX Warning: Reference `thm:smooth_geometrically_reduced' on page 6 undefined
 on input line 136.


LaTeX Warning: Reference `thm:smooth_geometrically_reduced' on page 6 undefined
 on input line 148.


LaTeX Warning: Reference `thm:smooth_geometrically_reduced' on page 6 undefined
 on input line 150.


LaTeX Warning: Reference `thm:smooth_geometrically_integral' on page 6 undefine
d on input line 163.


LaTeX Warning: Reference `thm:smooth_geometrically_integral' on page 6 undefine
d on input line 164.

[6]

LaTeX Warning: Reference `lem:irreducible_of_geomirred' on page 7 undefined on 
input line 221.


LaTeX Warning: Reference `lem:irreducible_of_geomirred' on page 7 undefined on 
input line 223.


Overfull \hbox (11.09645pt too wide) in paragraph at lines 227--227
[]\TU/lmr/bx/n/14.4 Global sec-tions of a proper ge-o-met-ri-cally in-te-gral sc
heme 
 []

[7]

LaTeX Warning: Reference `lem:pushout_field_epi' on page 8 undefined on input l
ine 286.


LaTeX Warning: Reference `lem:sections_field' on page 8 undefined on input line
 286.


LaTeX Warning: Reference `lem:curve_compact' on page 8 undefined on input line 
286.


LaTeX Warning: Reference `lem:curve_quasiseparated' on page 8 undefined on inpu
t line 286.


LaTeX Warning: Reference `lem:sections_field' on page 8 undefined on input line
 291.


LaTeX Warning: Reference `lem:sections_field' on page 8 undefined on input line
 300.


LaTeX Warning: Reference `lem:curve_compact' on page 8 undefined on input line 
301.


LaTeX Warning: Reference `lem:curve_quasiseparated' on page 8 undefined on inpu
t line 301.


LaTeX Warning: Reference `lem:pushout_field_epi' on page 8 undefined on input l
ine 314.


LaTeX Warning: Reference `thm:sections_k' on page 8 undefined on input line 321
.


LaTeX Warning: Reference `thm:sections_k' on page 8 undefined on input line 326
.


LaTeX Warning: Reference `cor:sections_iso' on page 8 undefined on input line 3
41.


LaTeX Warning: Reference `cor:sections_iso' on page 8 undefined on input line 3
43.


LaTeX Warning: Reference `lem:smooth_of_relDim_one' on page 8 undefined on inpu
t line 350.


LaTeX Warning: Reference `lem:relDim_geometrically_reduced' on page 8 undefined
 on input line 350.


LaTeX Warning: Reference `thm:relDim_geometrically_integral' on page 8 undefine
d on input line 350.


LaTeX Warning: Reference `lem:irreducible_of_geomirred' on page 8 undefined on 
input line 350.


LaTeX Warning: Reference `lem:curve_compact' on page 8 undefined on input line 
350.


LaTeX Warning: Reference `lem:curve_quasiseparated' on page 8 undefined on inpu
t line 350.


LaTeX Warning: Reference `prop:curve_integral' on page 8 undefined on input lin
e 350.


LaTeX Warning: Reference `cor:curve_sections' on page 8 undefined on input line
 350.


LaTeX Warning: Reference `chap:Challenge' on page 8 undefined on input line 353
.


LaTeX Warning: Reference `lem:smooth_of_relDim_one' on page 8 undefined on inpu
t line 354.


LaTeX Warning: Reference `lem:relDim_geometrically_reduced' on page 8 undefined
 on input line 355.


LaTeX Warning: Reference `thm:relDim_geometrically_integral' on page 8 undefine
d on input line 356.


LaTeX Warning: Reference `lem:irreducible_of_geomirred' on page 8 undefined on 
input line 357.


LaTeX Warning: Reference `lem:curve_compact' on page 8 undefined on input line 
357.


LaTeX Warning: Reference `lem:curve_quasiseparated' on page 8 undefined on inpu
t line 358.


LaTeX Warning: Reference `prop:curve_integral' on page 8 undefined on input lin
e 359.


LaTeX Warning: Reference `cor:curve_sections' on page 8 undefined on input line
 359.

[8]

LaTeX Warning: Reference `def:P1' on page 9 undefined on input line 393.


LaTeX Warning: Reference `def:P1_gradeZero' on page 9 undefined on input line 3
93.


LaTeX Warning: Reference `def:P1_gradeZero' on page 9 undefined on input line 3
97.


LaTeX Warning: Reference `def:P1_structureMap' on page 9 undefined on input lin
e 403.


LaTeX Warning: Reference `def:P1_gradeZero' on page 9 undefined on input line 4
09.


LaTeX Warning: Reference `def:P1_structureMap' on page 9 undefined on input lin
e 419.


LaTeX Warning: Reference `def:P1_structureMap' on page 9 undefined on input lin
e 422.


LaTeX Warning: Reference `def:P1' on page 9 undefined on input line 428.


LaTeX Warning: Reference `def:P1_chartOpen' on page 9 undefined on input line 4
37.


LaTeX Warning: Reference `def:P1_chartOpen' on page 9 undefined on input line 4
50.


LaTeX Warning: Reference `def:P1_chartOpen' on page 9 undefined on input line 4
66.


LaTeX Warning: Reference `def:P1' on page 9 undefined on input line 478.


LaTeX Warning: Reference `def:P1_chartOpen' on page 9 undefined on input line 4
78.


Overfull \hbox (0.92839pt too wide) in paragraph at lines 478--482
[][]\TU/lmr/bx/n/10 Def-i-ni-tion 46 \TU/lmr/m/n/10 (Affine mod-els of the chart
s)\TU/lmr/bx/n/10 . [][][]\TU/lmr/m/n/10 For $\TU/latinmodern-math.otf(1)/m/n/1
0 𝑖 ∈ {0, 1}$\TU/lmr/m/n/10 , the canon-i-cal mor-phism $[] \TU/latinmoder
n-math.otf(1)/m/n/10 𝐴[] →
 []


LaTeX Warning: Reference `def:P1_chartIota' on page 9 undefined on input line 4
87.


LaTeX Warning: Reference `def:P1_chartOpen' on page 9 undefined on input line 4
87.


LaTeX Warning: Reference `def:P1_chartIota' on page 9 undefined on input line 5
01.


LaTeX Warning: Reference `def:P1_structureMap' on page 9 undefined on input lin
e 501.


LaTeX Warning: Reference `def:P1_gradeZero' on page 9 undefined on input line 5
09.


LaTeX Warning: Reference `def:P1_gradeZero' on page 9 undefined on input line 5
12.


LaTeX Warning: Reference `def:P1' on page 9 undefined on input line 518.

[9]

LaTeX Warning: Reference `def:P1_chartCoord' on page 10 undefined on input line
 536.


LaTeX Warning: Reference `def:P1_dehomogenize' on page 10 undefined on input li
ne 545.


LaTeX Warning: Reference `def:P1_polyToAway' on page 10 undefined on input line
 562.


LaTeX Warning: Reference `def:P1_awayToPoly' on page 10 undefined on input line
 562.


LaTeX Warning: Reference `def:P1_polyToAway' on page 10 undefined on input line
 565.


LaTeX Warning: Reference `def:P1_awayToPoly' on page 10 undefined on input line
 565.


LaTeX Warning: Reference `def:P1_chartCoord' on page 10 undefined on input line
 576.


LaTeX Warning: Reference `def:P1_polyToAway' on page 10 undefined on input line
 593.


LaTeX Warning: Reference `def:P1_polyToAway' on page 10 undefined on input line
 595.


LaTeX Warning: Reference `lem:P1_away_monomial' on page 10 undefined on input l
ine 600.


LaTeX Warning: Reference `def:P1_gradeZero' on page 10 undefined on input line 
600.


LaTeX Warning: Reference `def:P1_gradeZero' on page 10 undefined on input line 
603.


LaTeX Warning: Reference `lem:P1_away_monomial' on page 10 undefined on input l
ine 604.


LaTeX Warning: Reference `def:P1_polyToAway' on page 10 undefined on input line
 613.


LaTeX Warning: Reference `def:P1_awayToPoly' on page 10 undefined on input line
 613.


LaTeX Warning: Reference `def:P1_awayToPoly' on page 10 undefined on input line
 616.


LaTeX Warning: Reference `def:P1_polyToAway' on page 10 undefined on input line
 616.


LaTeX Warning: Reference `lem:P1_polyToAway_surjective' on page 10 undefined on
 input line 620.


LaTeX Warning: Reference `lem:P1_awayToPoly_polyToAway' on page 10 undefined on
 input line 620.


LaTeX Warning: Reference `lem:P1_polyToAway_surjective' on page 10 undefined on
 input line 621.


LaTeX Warning: Reference `lem:P1_awayToPoly_polyToAway' on page 10 undefined on
 input line 623.


LaTeX Warning: Reference `def:P1_polyToAway' on page 10 undefined on input line
 629.


LaTeX Warning: Reference `def:P1_awayToPoly' on page 10 undefined on input line
 629.


LaTeX Warning: Reference `def:P1_awayToPoly' on page 10 undefined on input line
 633.


LaTeX Warning: Reference `def:P1_polyToAway' on page 10 undefined on input line
 633.


LaTeX Warning: Reference `lem:P1_awayToPoly_polyToAway' on page 10 undefined on
 input line 638.


LaTeX Warning: Reference `lem:P1_polyToAway_awayToPoly' on page 10 undefined on
 input line 638.


LaTeX Warning: Reference `lem:P1_awayToPoly_polyToAway' on page 10 undefined on
 input line 639.


LaTeX Warning: Reference `lem:P1_polyToAway_awayToPoly' on page 10 undefined on
 input line 640.

[10]

LaTeX Warning: Reference `def:P1' on page 11 undefined on input line 663.


LaTeX Warning: Reference `def:P1' on page 11 undefined on input line 672.


LaTeX Warning: Reference `def:P1_awayToOverlapLeft' on page 11 undefined on inp
ut line 681.


LaTeX Warning: Reference `def:P1_awayToOverlapRight' on page 11 undefined on in
put line 681.


LaTeX Warning: Reference `def:P1_chartCoord' on page 11 undefined on input line
 681.


LaTeX Warning: Reference `def:P1_awayToOverlapLeft' on page 11 undefined on inp
ut line 687.


LaTeX Warning: Reference `def:P1_awayToOverlapRight' on page 11 undefined on in
put line 688.


Overfull \hbox (5.23213pt too wide) in paragraph at lines 687--690
[]\TU/lmr/m/n/10 Com-put-ing with the for-mu-las of [] and []: $\TU/latinmodern
-math.otf(1)/m/n/10 𝜆(𝑡[]) = 𝑋[]/(𝑋[]𝑋[])$ \TU/lmr/m/n/10 and $\
TU/latinmodern-math.otf(1)/m/n/10 𝜌(𝑡[]) = 𝑋[]/(𝑋[]𝑋[])$\TU/lmr/
m/n/10 ,
 []


LaTeX Warning: Reference `def:P1_awayToOverlapLeft' on page 11 undefined on inp
ut line 699.


LaTeX Warning: Reference `def:P1_chartCoord' on page 11 undefined on input line
 699.


LaTeX Warning: Reference `def:P1_awayToOverlapLeft' on page 11 undefined on inp
ut line 701.


LaTeX Warning: Reference `def:P1' on page 11 undefined on input line 715.


LaTeX Warning: Reference `lem:P1_overlap_isLocalization' on page 11 undefined o
n input line 722.


LaTeX Warning: Reference `def:P1_awayAlgEquiv' on page 11 undefined on input li
ne 722.


LaTeX Warning: Reference `lem:P1_overlap_isLocalization' on page 11 undefined o
n input line 723.


LaTeX Warning: Reference `def:P1_awayAlgEquiv' on page 11 undefined on input li
ne 725.


LaTeX Warning: Reference `def:P1_overlapAlgEquiv' on page 11 undefined on input
 line 735.


LaTeX Warning: Reference `def:P1_awayAlgEquiv' on page 11 undefined on input li
ne 735.


LaTeX Warning: Reference `def:P1_awayToOverlapLeft' on page 11 undefined on inp
ut line 735.


LaTeX Warning: Reference `lem:P1_overlap_isLocalization' on page 11 undefined o
n input line 744.


LaTeX Warning: Reference `def:P1_overlapAlgEquiv' on page 11 undefined on input
 line 745.


LaTeX Warning: Reference `lem:P1_overlap_isLocalization' on page 11 undefined o
n input line 747.


LaTeX Warning: Reference `def:P1_overlapAlgEquiv' on page 11 undefined on input
 line 754.


LaTeX Warning: Reference `def:P1_awayAlgEquiv' on page 11 undefined on input li
ne 754.


LaTeX Warning: Reference `def:P1_awayToOverlapRight' on page 11 undefined on in
put line 754.


LaTeX Warning: Reference `lem:P1_coord_mul' on page 11 undefined on input line 
763.


LaTeX Warning: Reference `lem:P1_overlap_res_left' on page 11 undefined on inpu
t line 763.


LaTeX Warning: Reference `lem:P1_polyToAway_surjective' on page 11 undefined on
 input line 763.


LaTeX Warning: Reference `lem:P1_overlap_res_left' on page 11 undefined on inpu
t line 764.


LaTeX Warning: Reference `lem:P1_coord_mul' on page 11 undefined on input line 
765.


LaTeX Warning: Reference `lem:P1_polyToAway_surjective' on page 11 undefined on
 input line 767.


LaTeX Warning: Reference `def:P1_awayToOverlapLeft' on page 11 undefined on inp
ut line 775.


LaTeX Warning: Reference `def:P1_awayToOverlapRight' on page 11 undefined on in
put line 775.

[11]

LaTeX Warning: Reference `lem:laurent_span' on page 12 undefined on input line 
783.


LaTeX Warning: Reference `def:P1_overlapAlgEquiv' on page 12 undefined on input
 line 783.


LaTeX Warning: Reference `lem:P1_overlap_res_left' on page 12 undefined on inpu
t line 783.


LaTeX Warning: Reference `lem:P1_overlap_res_right' on page 12 undefined on inp
ut line 783.


LaTeX Warning: Reference `def:P1_awayAlgEquiv' on page 12 undefined on input li
ne 783.


LaTeX Warning: Reference `lem:laurent_span' on page 12 undefined on input line 
784.


LaTeX Warning: Reference `lem:P1_overlap_res_left' on page 12 undefined on inpu
t line 786.


LaTeX Warning: Reference `lem:P1_overlap_res_right' on page 12 undefined on inp
ut line 786.


LaTeX Warning: Reference `lem:P1_chartOpen_inf' on page 12 undefined on input l
ine 796.


LaTeX Warning: Reference `def:P1_chartOpen' on page 12 undefined on input line 
809.


LaTeX Warning: Reference `def:P1_chartIota' on page 12 undefined on input line 
809.


LaTeX Warning: Reference `def:P1_awayAlgEquiv' on page 12 undefined on input li
ne 809.


LaTeX Warning: Reference `def:P1_chartIota' on page 12 undefined on input line 
813.


LaTeX Warning: Reference `def:P1_awayAlgEquiv' on page 12 undefined on input li
ne 814.


LaTeX Warning: Reference `def:P1_chartOpen' on page 12 undefined on input line 
820.


LaTeX Warning: Reference `def:P1_chartIota' on page 12 undefined on input line 
820.


LaTeX Warning: Reference `def:P1_awayAlgEquiv' on page 12 undefined on input li
ne 820.


LaTeX Warning: Reference `def:P1_chartSectionsEquiv0' on page 12 undefined on i
nput line 823.


LaTeX Warning: Reference `lem:P1_chartOpen_inf' on page 12 undefined on input l
ine 830.


LaTeX Warning: Reference `def:P1_overlapAlgEquiv' on page 12 undefined on input
 line 830.


LaTeX Warning: Reference `def:P1_overlapAlgEquiv' on page 12 undefined on input
 line 834.


LaTeX Warning: Reference `def:P1_chartSectionsEquiv0' on page 12 undefined on i
nput line 840.


LaTeX Warning: Reference `def:P1_overlapSectionsEquiv' on page 12 undefined on 
input line 840.


LaTeX Warning: Reference `lem:P1_overlap_res_left' on page 12 undefined on inpu
t line 851.


LaTeX Warning: Reference `lem:P1_overlap_res_left' on page 12 undefined on inpu
t line 855.


LaTeX Warning: Reference `def:P1_chartSectionsEquiv1' on page 12 undefined on i
nput line 861.


LaTeX Warning: Reference `def:P1_overlapSectionsEquiv' on page 12 undefined on 
input line 861.


LaTeX Warning: Reference `lem:P1_overlap_res_right' on page 12 undefined on inp
ut line 872.


LaTeX Warning: Reference `lem:P1_res_left' on page 12 undefined on input line 8
73.


LaTeX Warning: Reference `lem:P1_overlap_res_right' on page 12 undefined on inp
ut line 874.


LaTeX Warning: Reference `def:P1' on page 12 undefined on input line 880.


LaTeX Warning: Reference `def:LaurentChartPair' on page 12 undefined on input l
ine 898.


LaTeX Warning: Reference `lem:laurent_span' on page 12 undefined on input line 
907.


LaTeX Warning: Reference `lem:laurent_span' on page 12 undefined on input line 
908.


LaTeX Warning: Reference `def:LaurentChartPair' on page 12 undefined on input l
ine 918.


LaTeX Warning: Reference `def:P1_chartOpen' on page 12 undefined on input line 
918.


LaTeX Warning: Reference `def:P1_chartSectionsEquiv0' on page 12 undefined on i
nput line 918.


LaTeX Warning: Reference `def:P1_chartSectionsEquiv1' on page 12 undefined on i
nput line 918.


LaTeX Warning: Reference `def:P1_overlapSectionsEquiv' on page 12 undefined on 
input line 918.


LaTeX Warning: Reference `def:P1_chartSectionsEquiv0' on page 12 undefined on i
nput line 922.


LaTeX Warning: Reference `def:P1_overlapSectionsEquiv' on page 12 undefined on 
input line 922.

[12]

LaTeX Warning: Reference `lem:P1_chartOpen_affine' on page 13 undefined on inpu
t line 927.


LaTeX Warning: Reference `lem:P1_chartOpen_sup' on page 13 undefined on input l
ine 927.


LaTeX Warning: Reference `lem:P1_chartOpen_inf' on page 13 undefined on input l
ine 927.


LaTeX Warning: Reference `lem:P1_overlap_affine' on page 13 undefined on input 
line 927.


LaTeX Warning: Reference `lem:P1_res_left' on page 13 undefined on input line 9
27.


LaTeX Warning: Reference `lem:P1_res_right' on page 13 undefined on input line 
927.


LaTeX Warning: Reference `lem:P1_chartOpen_inf' on page 13 undefined on input l
ine 928.


LaTeX Warning: Reference `lem:P1_chartOpen_affine' on page 13 undefined on inpu
t line 929.


LaTeX Warning: Reference `lem:P1_overlap_affine' on page 13 undefined on input 
line 929.


LaTeX Warning: Reference `lem:P1_chartOpen_sup' on page 13 undefined on input l
ine 930.


LaTeX Warning: Reference `lem:P1_res_left' on page 13 undefined on input line 9
30.


LaTeX Warning: Reference `lem:P1_res_right' on page 13 undefined on input line 
931.


Overfull \hbox (0.26768pt too wide) in paragraph at lines 934--934
[]\TU/lmr/bx/n/14.4 Un-ram-i-fied finite-type al-ge-bras over Dedekind do-mains 
 []


LaTeX Warning: Reference `thm:unramified_finiteType_dedekind_dvr' on page 13 un
defined on input line 996.


LaTeX Warning: Reference `thm:unramified_finiteType_dedekind_dvr' on page 13 un
defined on input line 1004.

[13]

LaTeX Warning: Reference `lem:mvpoly_fin_one_pid' on page 14 undefined on input
 line 1024.


LaTeX Warning: Reference `cor:unramified_finiteType_dedekind' on page 14 undefi
ned on input line 1058.


LaTeX Warning: Reference `lem:mvpoly_fin_one_dedekind' on page 14 undefined on 
input line 1058.


LaTeX Warning: Reference `thm:standard_smooth_etale_structure' on page 14 undef
ined on input line 1058.


LaTeX Warning: Reference `thm:standard_smooth_etale_structure' on page 14 undef
ined on input line 1065.


LaTeX Warning: Reference `lem:mvpoly_fin_one_dedekind' on page 14 undefined on 
input line 1067.


LaTeX Warning: Reference `cor:unramified_finiteType_dedekind' on page 14 undefi
ned on input line 1068.


LaTeX Warning: Reference `thm:standard_smooth_etale_structure' on page 14 undef
ined on input line 1074.


LaTeX Warning: Reference `thm:standard_smooth_etale_structure' on page 14 undef
ined on input line 1081.


Overfull \hbox (20.60051pt too wide) in paragraph at lines 1098--1098
[]\TU/lmr/bx/n/14.4 Stalks, spe-cial-iza-tions and finite-ness on curve-like sch
emes 
 []

[14]

LaTeX Warning: Reference `lem:height_one_closed_points' on page 15 undefined on
 input line 1166.


LaTeX Warning: Reference `lem:height_one_closed_points' on page 15 undefined on
 input line 1178.


LaTeX Warning: Reference `thm:standard_smooth_dim_one_dedekind' on page 15 unde
fined on input line 1185.


LaTeX Warning: Reference `thm:standard_smooth_dim_one_dedekind' on page 15 unde
fined on input line 1199.


LaTeX Warning: Reference `thm:relDim1_dedekind_charts' on page 15 undefined on 
input line 1205.

[15]

LaTeX Warning: Reference `thm:affine_dedekind_stalk_valuation' on page 16 undef
ined on input line 1205.


LaTeX Warning: Reference `thm:relDim1_dedekind_charts' on page 16 undefined on 
input line 1212.


LaTeX Warning: Reference `thm:affine_dedekind_stalk_valuation' on page 16 undef
ined on input line 1213.


LaTeX Warning: Reference `thm:relDim1_dedekind_charts' on page 16 undefined on 
input line 1219.


LaTeX Warning: Reference `thm:affine_dedekind_specializes' on page 16 undefined
 on input line 1219.


LaTeX Warning: Reference `thm:relDim1_dedekind_charts' on page 16 undefined on 
input line 1227.


LaTeX Warning: Reference `thm:affine_dedekind_specializes' on page 16 undefined
 on input line 1227.


LaTeX Warning: Reference `thm:standard_smooth_transcendental' on page 16 undefi
ned on input line 1234.


LaTeX Warning: Reference `thm:relDim1_dedekind_charts' on page 16 undefined on 
input line 1248.


LaTeX Warning: Reference `thm:standard_smooth_transcendental' on page 16 undefi
ned on input line 1249.

[16]

LaTeX Warning: Reference `lem:ker_fromSpecResidueField_le' on page 17 undefined
 on input line 1323.


LaTeX Warning: Reference `lem:ker_fromSpecResidueField_le' on page 17 undefined
 on input line 1341.


LaTeX Warning: Reference `thm:height_one_finite_closed' on page 17 undefined on
 input line 1354.


LaTeX Warning: Reference `thm:relDim1_specializes' on page 17 undefined on inpu
t line 1354.


LaTeX Warning: Reference `thm:relDim1_specializes' on page 17 undefined on inpu
t line 1357.


LaTeX Warning: Reference `thm:height_one_finite_closed' on page 17 undefined on
 input line 1362.


LaTeX Warning: Reference `thm:overHom_isProper' on page 17 undefined on input l
ine 1381.


LaTeX Warning: Reference `thm:curve_finite_closed' on page 17 undefined on inpu
t line 1381.


LaTeX Warning: Reference `thm:closedpoint_isClosed' on page 17 undefined on inp
ut line 1381.


LaTeX Warning: Reference `lem:genericPoint_eq_of_surjective' on page 17 undefin
ed on input line 1381.


LaTeX Warning: Reference `thm:smooth_geometrically_reduced' on page 17 undefine
d on input line 1381.


LaTeX Warning: Reference `prop:curve_integral' on page 17 undefined on input li
ne 1381.


LaTeX Warning: Reference `lem:irreducible_of_geomirred' on page 17 undefined on
 input line 1381.


LaTeX Warning: Reference `thm:smooth_geometrically_reduced' on page 17 undefine
d on input line 1383.


LaTeX Warning: Reference `prop:curve_integral' on page 17 undefined on input li
ne 1384.


LaTeX Warning: Reference `lem:irreducible_of_geomirred' on page 17 undefined on
 input line 1385.


LaTeX Warning: Reference `thm:overHom_isProper' on page 17 undefined on input l
ine 1388.


LaTeX Warning: Reference `thm:closedpoint_isClosed' on page 17 undefined on inp
ut line 1395.

[17]

LaTeX Warning: Reference `lem:genericPoint_eq_of_surjective' on page 18 undefin
ed on input line 1400.


LaTeX Warning: Reference `thm:closedpoint_isClosed' on page 18 undefined on inp
ut line 1403.


LaTeX Warning: Reference `thm:closedpoint_isClosed' on page 18 undefined on inp
ut line 1411.


LaTeX Warning: Reference `thm:curve_finite_closed' on page 18 undefined on inpu
t line 1412.


LaTeX Warning: Reference `thm:overHom_isProper' on page 18 undefined on input l
ine 1413.


LaTeX Warning: Reference `def:P1_awayAlgEquiv' on page 18 undefined on input li
ne 1431.


LaTeX Warning: Reference `def:P1_overlapAlgEquiv' on page 18 undefined on input
 line 1431.


LaTeX Warning: Reference `def:P1_awayAlgEquiv' on page 18 undefined on input li
ne 1439.


LaTeX Warning: Reference `def:P1_overlapAlgEquiv' on page 18 undefined on input
 line 1440.


LaTeX Warning: Reference `def:P1_chartSectionsEquiv0' on page 18 undefined on i
nput line 1447.


LaTeX Warning: Reference `def:P1_chartSectionsEquiv1' on page 18 undefined on i
nput line 1447.


LaTeX Warning: Reference `def:P1_chartSectionsEquiv0' on page 18 undefined on i
nput line 1455.


LaTeX Warning: Reference `def:P1_chartSectionsEquiv1' on page 18 undefined on i
nput line 1455.


LaTeX Warning: Reference `def:P1_chartSectionsEquiv0' on page 18 undefined on i
nput line 1462.


LaTeX Warning: Reference `def:P1_chartSectionsEquiv1' on page 18 undefined on i
nput line 1462.


LaTeX Warning: Reference `lem:P1_chartSections_pid' on page 18 undefined on inp
ut line 1474.


LaTeX Warning: Reference `lem:P1_chartSections_domain' on page 18 undefined on 
input line 1474.


LaTeX Warning: Reference `lem:P1_chartSections_pid' on page 18 undefined on inp
ut line 1481.


LaTeX Warning: Reference `lem:P1_chartSections_domain' on page 18 undefined on 
input line 1481.


LaTeX Warning: Reference `lem:P1_chartOpen_sup' on page 18 undefined on input l
ine 1487.


LaTeX Warning: Reference `lem:P1_chartIota_range' on page 18 undefined on input
 line 1487.


LaTeX Warning: Reference `lem:P1_away_domains' on page 18 undefined on input li
ne 1487.


LaTeX Warning: Reference `lem:P1_chartOpen_sup' on page 18 undefined on input l
ine 1493.


LaTeX Warning: Reference `lem:P1_chartIota_range' on page 18 undefined on input
 line 1495.


LaTeX Warning: Reference `lem:P1_away_domains' on page 18 undefined on input li
ne 1496.


LaTeX Warning: Reference `lem:P1_away_domains' on page 18 undefined on input li
ne 1499.


LaTeX Warning: Reference `lem:P1_dense_chart' on page 18 undefined on input lin
e 1507.


LaTeX Warning: Reference `lem:P1_chartIota_range' on page 18 undefined on input
 line 1507.


LaTeX Warning: Reference `lem:P1_away_domains' on page 18 undefined on input li
ne 1507.

[18]

LaTeX Warning: Reference `lem:P1_dense_chart' on page 19 undefined on input lin
e 1515.


LaTeX Warning: Reference `lem:P1_chartIota_range' on page 19 undefined on input
 line 1516.


LaTeX Warning: Reference `lem:P1_away_domains' on page 19 undefined on input li
ne 1517.


LaTeX Warning: Reference `def:P1_chartIota' on page 19 undefined on input line 
1524.


LaTeX Warning: Reference `thm:P1_irreducible' on page 19 undefined on input lin
e 1524.


LaTeX Warning: Reference `def:P1_awayAlgEquiv' on page 19 undefined on input li
ne 1539.


LaTeX Warning: Reference `lem:P1_generic_point_chart' on page 19 undefined on i
nput line 1539.


LaTeX Warning: Reference `def:P1_awayAlgEquiv' on page 19 undefined on input li
ne 1545.


LaTeX Warning: Reference `lem:P1_generic_point_chart' on page 19 undefined on i
nput line 1548.


LaTeX Warning: Reference `lem:P1_chartOpen_sup' on page 19 undefined on input l
ine 1555.


LaTeX Warning: Reference `lem:P1_chartOpen_affine' on page 19 undefined on inpu
t line 1555.


LaTeX Warning: Reference `thm:P1_chartSections_dedekind' on page 19 undefined o
n input line 1555.


LaTeX Warning: Reference `thm:affine_dedekind_specializes' on page 19 undefined
 on input line 1555.


LaTeX Warning: Reference `lem:P1_chartOpen_sup' on page 19 undefined on input l
ine 1561.


LaTeX Warning: Reference `lem:P1_chartOpen_affine' on page 19 undefined on inpu
t line 1562.


LaTeX Warning: Reference `thm:P1_chartSections_dedekind' on page 19 undefined o
n input line 1563.


LaTeX Warning: Reference `thm:affine_dedekind_specializes' on page 19 undefined
 on input line 1563.


LaTeX Warning: Reference `lem:height_one_closed_points' on page 19 undefined on
 input line 1569.


LaTeX Warning: Reference `thm:P1_specializes' on page 19 undefined on input lin
e 1569.


LaTeX Warning: Reference `lem:height_one_closed_points' on page 19 undefined on
 input line 1575.


LaTeX Warning: Reference `thm:P1_specializes' on page 19 undefined on input lin
e 1575.


LaTeX Warning: Reference `thm:P1_proper' on page 19 undefined on input line 158
1.


LaTeX Warning: Reference `thm:P1_proper' on page 19 undefined on input line 158
7.


LaTeX Warning: Reference `def:P1_awayToPoly' on page 19 undefined on input line
 1595.


Overfull \hbox (25.41963pt too wide) detected at line 1604
\TU/latinmodern-math.otf(1)/m/n/10 𝐴[] ⟶ 𝐴,  𝑧 ⟼ [][]𝛼[](𝑧) 
∈ 𝑘[𝑡][][]𝑡 = 𝑎[]𝜎
 []


LaTeX Warning: Reference `def:P1_awayToPoly' on page 19 undefined on input line
 1605.


LaTeX Warning: Reference `def:P1_chartEval' on page 19 undefined on input line 
1612.


LaTeX Warning: Reference `def:P1_chartIota' on page 19 undefined on input line 
1612.


LaTeX Warning: Reference `def:P1_chartEval' on page 19 undefined on input line 
1615.


LaTeX Warning: Reference `def:P1_chartIota' on page 19 undefined on input line 
1617.


LaTeX Warning: Reference `def:P1_fromSpecChart' on page 19 undefined on input l
ine 1624.


LaTeX Warning: Reference `def:P1_structureMap' on page 19 undefined on input li
ne 1624.


LaTeX Warning: Reference `lem:P1_chartIota_structureMap' on page 19 undefined o
n input line 1624.


LaTeX Warning: Reference `def:P1_fromSpecChart' on page 19 undefined on input l
ine 1626.


LaTeX Warning: Reference `def:P1_chartEval' on page 19 undefined on input line 
1631.


LaTeX Warning: Reference `lem:P1_chartIota_structureMap' on page 19 undefined o
n input line 1632.


LaTeX Warning: Reference `def:P1_chartEval' on page 19 undefined on input line 
1633.


LaTeX Warning: Reference `def:P1_fromSpecChart' on page 19 undefined on input l
ine 1640.


LaTeX Warning: Reference `def:P1_fromSpecChart' on page 19 undefined on input l
ine 1644.


LaTeX Warning: Reference `def:P1_fromSpecChart' on page 19 undefined on input l
ine 1645.

[19]

LaTeX Warning: Reference `def:P1_awayToOverlapLeft' on page 20 undefined on inp
ut line 1657.


LaTeX Warning: Reference `def:P1_awayToOverlapRight' on page 20 undefined on in
put line 1657.


LaTeX Warning: Reference `def:P1_chartIota' on page 20 undefined on input line 
1657.


LaTeX Warning: Reference `def:P1_awayToOverlapLeft' on page 20 undefined on inp
ut line 1661.


LaTeX Warning: Reference `def:P1_awayToOverlapRight' on page 20 undefined on in
put line 1661.


LaTeX Warning: Reference `def:P1_fromSpecChart' on page 20 undefined on input l
ine 1676.


LaTeX Warning: Reference `lem:P1_SpecMap_overlap_chartIota' on page 20 undefine
d on input line 1676.


LaTeX Warning: Reference `lem:P1_overlap_isLocalization' on page 20 undefined o
n input line 1676.


LaTeX Warning: Reference `lem:P1_coord_mul' on page 20 undefined on input line 
1676.


LaTeX Warning: Reference `lem:P1_polyToAway_surjective' on page 20 undefined on
 input line 1676.


LaTeX Warning: Reference `def:P1_fromSpecChart' on page 20 undefined on input l
ine 1680.


LaTeX Warning: Reference `def:P1_chartEval' on page 20 undefined on input line 
1684.


LaTeX Warning: Reference `def:P1_chartEval' on page 20 undefined on input line 
1688.


LaTeX Warning: Reference `lem:P1_overlap_isLocalization' on page 20 undefined o
n input line 1690.


LaTeX Warning: Reference `lem:P1_coord_mul' on page 20 undefined on input line 
1695.


LaTeX Warning: Reference `lem:P1_polyToAway_surjective' on page 20 undefined on
 input line 1700.


LaTeX Warning: Reference `lem:P1_SpecMap_overlap_chartIota' on page 20 undefine
d on input line 1705.


LaTeX Warning: Reference `def:P1_fromSpecChart' on page 20 undefined on input l
ine 1721.


LaTeX Warning: Reference `lem:P1_polyToAway_surjective' on page 20 undefined on
 input line 1721.


LaTeX Warning: Reference `lem:P1_generic_point_chart' on page 20 undefined on i
nput line 1721.


LaTeX Warning: Reference `def:P1_fromSpecChart' on page 20 undefined on input l
ine 1726.


LaTeX Warning: Reference `def:P1_chartEval' on page 20 undefined on input line 
1731.


LaTeX Warning: Reference `lem:P1_polyToAway_surjective' on page 20 undefined on
 input line 1734.


LaTeX Warning: Reference `lem:P1_generic_point_chart' on page 20 undefined on i
nput line 1738.

[20]

LaTeX Warning: Reference `def:rational_map_machinery' on page 21 undefined on i
nput line 1808.


LaTeX Warning: Reference `lem:fromSpecStalkOfMem_stalkSpecializes' on page 21 u
ndefined on input line 1808.


LaTeX Warning: Reference `lem:fromSpecStalkOfMem_stalkSpecializes' on page 21 u
ndefined on input line 1825.

[21]

LaTeX Warning: Reference `def:structureStalk' on page 22 undefined on input lin
e 1842.


LaTeX Warning: Reference `def:structureStalk' on page 22 undefined on input lin
e 1846.


LaTeX Warning: Reference `def:P1_structureMap' on page 22 undefined on input li
ne 1866.


LaTeX Warning: Reference `thm:relDim1_transcendental' on page 22 undefined on i
nput line 1880.


LaTeX Warning: Reference `thm:relDim1_stalks_valuation' on page 22 undefined on
 input line 1880.


LaTeX Warning: Reference `thm:relDim1_specializes' on page 22 undefined on inpu
t line 1880.


LaTeX Warning: Reference `def:structureStalk' on page 22 undefined on input lin
e 1880.


LaTeX Warning: Reference `lem:structureStalk_coherence' on page 22 undefined on
 input line 1880.


LaTeX Warning: Reference `def:P1_fromSpecChart' on page 22 undefined on input l
ine 1880.


LaTeX Warning: Reference `lem:P1_fromSpecChart_over' on page 22 undefined on in
put line 1880.


LaTeX Warning: Reference `lem:P1_fromSpecChart_natural' on page 22 undefined on
 input line 1880.


LaTeX Warning: Reference `thm:P1_gluing_identity' on page 22 undefined on input
 line 1880.


LaTeX Warning: Reference `thm:P1_fromSpecChart_generic' on page 22 undefined on
 input line 1880.


LaTeX Warning: Reference `def:rational_map_machinery' on page 22 undefined on i
nput line 1880.


LaTeX Warning: Reference `lem:partialMap_fromFunctionField_eq' on page 22 undef
ined on input line 1880.


LaTeX Warning: Reference `lem:height_one_closed_points' on page 22 undefined on
 input line 1880.


LaTeX Warning: Reference `thm:height_one_finite_closed' on page 22 undefined on
 input line 1880.


LaTeX Warning: Reference `lem:P1_exists_ne_generic' on page 22 undefined on inp
ut line 1880.


LaTeX Warning: Reference `lem:P1_closed_points' on page 22 undefined on input l
ine 1880.


LaTeX Warning: Reference `thm:P1_separated' on page 22 undefined on input line 
1880.


LaTeX Warning: Reference `thm:P1_proper' on page 22 undefined on input line 188
0.


LaTeX Warning: Reference `def:structureStalk' on page 22 undefined on input lin
e 1882.


LaTeX Warning: Reference `thm:relDim1_transcendental' on page 22 undefined on i
nput line 1884.


LaTeX Warning: Reference `def:P1_fromSpecChart' on page 22 undefined on input l
ine 1888.


LaTeX Warning: Reference `lem:P1_fromSpecChart_over' on page 22 undefined on in
put line 1889.


LaTeX Warning: Reference `lem:structureStalk_coherence' on page 22 undefined on
 input line 1890.


LaTeX Warning: Reference `thm:relDim1_stalks_valuation' on page 22 undefined on
 input line 1893.


LaTeX Warning: Reference `lem:P1_fromSpecChart_over' on page 22 undefined on in
put line 1898.


LaTeX Warning: Reference `lem:structureStalk_coherence' on page 22 undefined on
 input line 1898.


LaTeX Warning: Reference `lem:P1_fromSpecChart_natural' on page 22 undefined on
 input line 1900.


LaTeX Warning: Reference `lem:structureStalk_coherence' on page 22 undefined on
 input line 1901.


LaTeX Warning: Reference `thm:P1_gluing_identity' on page 22 undefined on input
 line 1904.


LaTeX Warning: Reference `thm:P1_proper' on page 22 undefined on input line 190
8.


LaTeX Warning: Reference `def:rational_map_machinery' on page 22 undefined on i
nput line 1908.


LaTeX Warning: Reference `def:rational_map_machinery' on page 22 undefined on i
nput line 1912.


LaTeX Warning: Reference `lem:partialMap_fromFunctionField_eq' on page 22 undef
ined on input line 1913.


LaTeX Warning: Reference `thm:P1_separated' on page 22 undefined on input line 
1915.


LaTeX Warning: Reference `def:rational_map_machinery' on page 22 undefined on i
nput line 1916.

[22]

LaTeX Warning: Reference `thm:P1_fromSpecChart_generic' on page 23 undefined on
 input line 1934.


LaTeX Warning: Reference `thm:relDim1_specializes' on page 23 undefined on inpu
t line 1940.


LaTeX Warning: Reference `lem:height_one_closed_points' on page 23 undefined on
 input line 1944.


LaTeX Warning: Reference `lem:P1_exists_ne_generic' on page 23 undefined on inp
ut line 1946.


LaTeX Warning: Reference `lem:P1_closed_points' on page 23 undefined on input l
ine 1950.


LaTeX Warning: Reference `thm:height_one_finite_closed' on page 23 undefined on
 input line 1953.


LaTeX Warning: Reference `def:P1_structureMap' on page 23 undefined on input li
ne 1966.


LaTeX Warning: Reference `thm:exists_lqf_dominant_toP1' on page 23 undefined on
 input line 1974.


LaTeX Warning: Reference `thm:exists_lqf_dominant_toP1' on page 23 undefined on
 input line 1975.


LaTeX Warning: Reference `def:P1_structureMap' on page 23 undefined on input li
ne 1996.


LaTeX Warning: Reference `thm:zmt_cancellation' on page 23 undefined on input l
ine 2004.


LaTeX Warning: Reference `thm:P1_proper' on page 23 undefined on input line 200
4.


LaTeX Warning: Reference `thm:P1_proper' on page 23 undefined on input line 200
5.


LaTeX Warning: Reference `thm:zmt_cancellation' on page 23 undefined on input l
ine 2007.


LaTeX Warning: Reference `def:P1_structureMap' on page 23 undefined on input li
ne 2013.


LaTeX Warning: Reference `lem:finite_toP1_of_lqf' on page 23 undefined on input
 line 2020.


LaTeX Warning: Reference `lem:finite_toP1_of_lqf' on page 23 undefined on input
 line 2021.


LaTeX Warning: Reference `def:P1' on page 23 undefined on input line 2028.


LaTeX Warning: Reference `def:P1_structureMap' on page 23 undefined on input li
ne 2028.


LaTeX Warning: Reference `lem:relDim_geometrically_reduced' on page 23 undefine
d on input line 2037.


LaTeX Warning: Reference `prop:curve_integral' on page 23 undefined on input li
ne 2037.


LaTeX Warning: Reference `thm:exists_lqf_toP1' on page 23 undefined on input li
ne 2037.


LaTeX Warning: Reference `lem:exists_finite_of_lqf' on page 23 undefined on inp
ut line 2037.


LaTeX Warning: Reference `lem:relDim_geometrically_reduced' on page 23 undefine
d on input line 2038.


LaTeX Warning: Reference `prop:curve_integral' on page 23 undefined on input li
ne 2040.


LaTeX Warning: Reference `thm:exists_lqf_toP1' on page 23 undefined on input li
ne 2040.


LaTeX Warning: Reference `lem:exists_finite_of_lqf' on page 23 undefined on inp
ut line 2041.

[23]

LaTeX Warning: Reference `def:P1' on page 24 undefined on input line 2048.


LaTeX Warning: Reference `def:P1_structureMap' on page 24 undefined on input li
ne 2048.


LaTeX Warning: Reference `lem:relDim_geometrically_reduced' on page 24 undefine
d on input line 2059.


LaTeX Warning: Reference `prop:curve_integral' on page 24 undefined on input li
ne 2059.


LaTeX Warning: Reference `thm:exists_lqf_dominant_toP1' on page 24 undefined on
 input line 2059.


LaTeX Warning: Reference `lem:finite_toP1_of_lqf' on page 24 undefined on input
 line 2059.


LaTeX Warning: Reference `lem:relDim_geometrically_reduced' on page 24 undefine
d on input line 2060.


LaTeX Warning: Reference `prop:curve_integral' on page 24 undefined on input li
ne 2062.


LaTeX Warning: Reference `thm:exists_lqf_dominant_toP1' on page 24 undefined on
 input line 2062.


LaTeX Warning: Reference `lem:finite_toP1_of_lqf' on page 24 undefined on input
 line 2064.


LaTeX Warning: Reference `def:P1_chartOpen' on page 24 undefined on input line 
2072.


LaTeX Warning: Reference `lem:P1_chartOpen_affine' on page 24 undefined on inpu
t line 2079.


LaTeX Warning: Reference `lem:P1_chartOpen_affine' on page 24 undefined on inpu
t line 2080.


LaTeX Warning: Reference `def:P1_chartOpen' on page 24 undefined on input line 
2087.


LaTeX Warning: Reference `lem:P1_chartOpen_sup' on page 24 undefined on input l
ine 2094.


LaTeX Warning: Reference `lem:P1_chartOpen_sup' on page 24 undefined on input l
ine 2095.


LaTeX Warning: Reference `def:P1_chartOpen' on page 24 undefined on input line 
2101.


LaTeX Warning: Reference `def:P1_chartSectionsEquiv0' on page 24 undefined on i
nput line 2105.


LaTeX Warning: Reference `def:P1_chartSectionsEquiv1' on page 24 undefined on i
nput line 2105.


LaTeX Warning: Reference `lem:P1_chartOpen_affine' on page 24 undefined on inpu
t line 2110.


LaTeX Warning: Reference `lem:P1_chartOpen_affine' on page 24 undefined on inpu
t line 2112.


LaTeX Warning: Reference `lem:P1_chartOpen_inf' on page 24 undefined on input l
ine 2118.


LaTeX Warning: Reference `def:P1_overlapSectionsEquiv' on page 24 undefined on 
input line 2122.


LaTeX Warning: Reference `lem:P1_overlap_affine' on page 24 undefined on input 
line 2127.


LaTeX Warning: Reference `lem:finite_app_chart' on page 24 undefined on input l
ine 2128.


LaTeX Warning: Reference `lem:P1_overlap_affine' on page 24 undefined on input 
line 2128.


LaTeX Warning: Reference `def:AffineTwoCover' on page 24 undefined on input lin
e 2151.


LaTeX Warning: Reference `thm:exists_finite_toP1' on page 24 undefined on input
 line 2151.


LaTeX Warning: Reference `lem:preimage_chart_affine' on page 24 undefined on in
put line 2151.


LaTeX Warning: Reference `lem:preimage_chart_sup' on page 24 undefined on input
 line 2151.


LaTeX Warning: Reference `lem:P1_chartOpen_inf' on page 24 undefined on input l
ine 2151.


LaTeX Warning: Reference `lem:P1_overlap_affine' on page 24 undefined on input 
line 2151.


LaTeX Warning: Reference `thm:exists_finite_toP1' on page 24 undefined on input
 line 2158.


LaTeX Warning: Reference `def:P1_chartOpen' on page 24 undefined on input line 
2160.


LaTeX Warning: Reference `lem:preimage_chart_affine' on page 24 undefined on in
put line 2162.


LaTeX Warning: Reference `lem:preimage_chart_sup' on page 24 undefined on input
 line 2163.


LaTeX Warning: Reference `lem:P1_chartOpen_inf' on page 24 undefined on input l
ine 2165.


LaTeX Warning: Reference `lem:P1_overlap_affine' on page 24 undefined on input 
line 2165.

[24]

LaTeX Warning: Reference `def:AffineTwoCover' on page 25 undefined on input lin
e 2173.


LaTeX Warning: Reference `def:productChart' on page 25 undefined on input line 
2237.

[25]

LaTeX Warning: Reference `def:productChartSections' on page 26 undefined on inp
ut line 2282.


LaTeX Warning: Reference `def:productChartSections' on page 26 undefined on inp
ut line 2301.


LaTeX Warning: Reference `def:productChart' on page 26 undefined on input line 
2314.


LaTeX Warning: Reference `def:productChartSections' on page 26 undefined on inp
ut line 2314.


LaTeX Warning: Reference `def:productChart' on page 26 undefined on input line 
2336.


LaTeX Warning: Reference `def:productChartSections' on page 26 undefined on inp
ut line 2336.


LaTeX Warning: Reference `def:productChart' on page 26 undefined on input line 
2346.


LaTeX Warning: Reference `def:productChartSections' on page 26 undefined on inp
ut line 2349.

[26]

LaTeX Warning: Reference `def:productChart' on page 27 undefined on input line 
2370.


Overfull \hbox (1.55829pt too wide) in paragraph at lines 2378--2384
\TU/lmr/m/n/10 For opens $\TU/latinmodern-math.otf(1)/m/n/10 𝑈, 𝑉$ \TU/lm
r/m/n/10 of $\TU/latinmodern-math.otf(1)/m/n/10 𝐶$ \TU/lmr/m/n/10 its preim-a
ge of a prod-uct chart is the in-ter-sec-tion of the fac-tors, $\TU/latinmodern
-math.otf(1)/m/n/10 𝛿[]𝔚(𝑈, 𝑉) =
 []


LaTeX Warning: Reference `def:diagonalSetup' on page 27 undefined on input line
 2407.


LaTeX Warning: Reference `thm:exists_idempotent_lift' on page 27 undefined on i
nput line 2408.


LaTeX Warning: Reference `def:productChart' on page 27 undefined on input line 
2422.


LaTeX Warning: Reference `def:productChartSections' on page 27 undefined on inp
ut line 2422.


LaTeX Warning: Reference `def:diagonal' on page 27 undefined on input line 2422
.


LaTeX Warning: Reference `def:diagonalSetup' on page 27 undefined on input line
 2422.


LaTeX Warning: Reference `def:productChartSections' on page 27 undefined on inp
ut line 2425.

[27]

LaTeX Warning: Reference `thm:appLE_productChartSections' on page 28 undefined 
on input line 2443.


LaTeX Warning: Reference `thm:isLocalization_away_basicOpen_productChartSection
s' on page 28 undefined on input line 2443.


LaTeX Warning: Reference `thm:isLocalization_away_basicOpen_productChartSection
s' on page 28 undefined on input line 2445.


LaTeX Warning: Reference `thm:appLE_productChartSections' on page 28 undefined 
on input line 2446.


LaTeX Warning: Reference `def:diagonal' on page 28 undefined on input line 2456
.


LaTeX Warning: Reference `def:diagonal' on page 28 undefined on input line 2462
.


LaTeX Warning: Reference `def:diagonalChart' on page 28 undefined on input line
 2462.


LaTeX Warning: Reference `thm:isLocalization_away_basicOpen_productChartSection
s' on page 28 undefined on input line 2474.


LaTeX Warning: Reference `thm:ker_map_localization_eq' on page 28 undefined on 
input line 2474.


LaTeX Warning: Reference `thm:exists_diagonalLocalization' on page 28 undefined
 on input line 2474.


LaTeX Warning: Reference `def:diagonalSetup' on page 28 undefined on input line
 2474.


LaTeX Warning: Reference `thm:exists_diagonalLocalization' on page 28 undefined
 on input line 2477.


LaTeX Warning: Reference `def:diagonalChart' on page 28 undefined on input line
 2478.


LaTeX Warning: Reference `thm:isLocalization_away_basicOpen_productChartSection
s' on page 28 undefined on input line 2483.


LaTeX Warning: Reference `def:diagonalChart' on page 28 undefined on input line
 2488.


LaTeX Warning: Reference `def:diagonalSetup' on page 28 undefined on input line
 2493.


LaTeX Warning: Reference `thm:ker_map_localization_eq' on page 28 undefined on 
input line 2504.


LaTeX Warning: Reference `lem:flat_mem_nonZeroDivisors' on page 28 undefined on
 input line 2512.


LaTeX Warning: Reference `lem:flat_mem_nonZeroDivisors' on page 28 undefined on
 input line 2523.


LaTeX Warning: Reference `def:diagonalChart' on page 28 undefined on input line
 2530.


LaTeX Warning: Reference `thm:diagonal_regularity_engine' on page 28 undefined 
on input line 2540.


LaTeX Warning: Reference `lem:flat_mem_nonZeroDivisors' on page 28 undefined on
 input line 2540.


LaTeX Warning: Reference `lem:affineOpen_germ_mem_nonZeroDivisors' on page 28 u
ndefined on input line 2540.


LaTeX Warning: Reference `def:productChartSections' on page 28 undefined on inp
ut line 2540.


LaTeX Warning: Reference `thm:isLocalization_away_basicOpen_productChartSection
s' on page 28 undefined on input line 2540.


LaTeX Warning: Reference `thm:diagonal_regularity_engine' on page 28 undefined 
on input line 2542.


LaTeX Warning: Reference `def:productChartSections' on page 28 undefined on inp
ut line 2544.


LaTeX Warning: Reference `thm:isLocalization_away_basicOpen_productChartSection
s' on page 28 undefined on input line 2546.


LaTeX Warning: Reference `lem:flat_mem_nonZeroDivisors' on page 28 undefined on
 input line 2548.


LaTeX Warning: Reference `def:diagonalChart' on page 28 undefined on input line
 2550.


LaTeX Warning: Reference `lem:affineOpen_germ_mem_nonZeroDivisors' on page 28 u
ndefined on input line 2551.


LaTeX Warning: Reference `def:diagonal' on page 28 undefined on input line 2558
.

[28]

LaTeX Warning: Reference `def:diagonalChart' on page 29 undefined on input line
 2558.


LaTeX Warning: Reference `thm:diagonal_ker_ideal_diagonalChart' on page 29 unde
fined on input line 2569.


LaTeX Warning: Reference `thm:diagonal_ker_ideal_diagonalChart' on page 29 unde
fined on input line 2571.


LaTeX Warning: Reference `def:diagonal' on page 29 undefined on input line 2573
.


LaTeX Warning: Reference `def:diagonalSetup' on page 29 undefined on input line
 2584.


LaTeX Warning: Reference `def:diagonalSetup' on page 29 undefined on input line
 2597.


LaTeX Warning: Reference `thm:exists_diagonalLocalization' on page 29 undefined
 on input line 2597.


LaTeX Warning: Reference `thm:exists_diagonalLocalization' on page 29 undefined
 on input line 2607.


LaTeX Warning: Reference `thm:exists_diagonalLocalization' on page 29 undefined
 on input line 2623.


LaTeX Warning: Reference `def:diagonalChartData' on page 29 undefined on input 
line 2637.


LaTeX Warning: Reference `def:diagonalChart' on page 29 undefined on input line
 2637.


LaTeX Warning: Reference `thm:diagonal_ker_ideal_diagonalChart' on page 29 unde
fined on input line 2637.


LaTeX Warning: Reference `thm:diagonalChartEqn_regular' on page 29 undefined on
 input line 2637.


LaTeX Warning: Reference `thm:diagonalChart_inf_diagonalComplement' on page 29 
undefined on input line 2637.


LaTeX Warning: Reference `def:diagonalChart' on page 29 undefined on input line
 2641.

[29]

LaTeX Warning: Reference `thm:diagonal_ker_ideal_diagonalChart' on page 30 unde
fined on input line 2655.


LaTeX Warning: Reference `thm:diagonalChartEqn_regular' on page 30 undefined on
 input line 2656.


LaTeX Warning: Reference `thm:diagonalChart_inf_diagonalComplement' on page 30 
undefined on input line 2656.


LaTeX Warning: Reference `def:diagonal' on page 30 undefined on input line 2688
.


LaTeX Warning: Reference `def:diagonalChart' on page 30 undefined on input line
 2688.


LaTeX Warning: Reference `def:diagonalChartData' on page 30 undefined on input 
line 2688.


LaTeX Warning: Reference `thm:diagonalChartData_equation' on page 30 undefined 
on input line 2688.


LaTeX Warning: Reference `def:diagonalChart' on page 30 undefined on input line
 2707.


LaTeX Warning: Reference `def:diagonalCover' on page 30 undefined on input line
 2720.


LaTeX Warning: Reference `thm:diagonalChartData_equation' on page 30 undefined 
on input line 2720.


LaTeX Warning: Reference `lem:exists_isUnit_of_span_singleton_eq' on page 30 un
defined on input line 2720.


LaTeX Warning: Reference `def:localEquations' on page 30 undefined on input lin
e 2720.


LaTeX Warning: Reference `def:localEquations_picClass' on page 30 undefined on 
input line 2720.


LaTeX Warning: Reference `def:diagonalChartData' on page 30 undefined on input 
line 2720.


LaTeX Warning: Reference `def:diagonalCover' on page 30 undefined on input line
 2724.


LaTeX Warning: Reference `def:localEquations' on page 30 undefined on input lin
e 2725.


LaTeX Warning: Reference `thm:diagonalChartData_equation' on page 30 undefined 
on input line 2734.


LaTeX Warning: Reference `thm:diagonalChartData_equation' on page 30 undefined 
on input line 2741.


LaTeX Warning: Reference `lem:exists_isUnit_of_span_singleton_eq' on page 30 un
defined on input line 2742.


LaTeX Warning: Reference `thm:diagonalChartData_equation' on page 30 undefined 
on input line 2744.


LaTeX Warning: Reference `def:localEquations_picClass' on page 30 undefined on 
input line 2749.

[30]

LaTeX Warning: Reference `def:diagonalCover' on page 31 undefined on input line
 2791.


LaTeX Warning: Reference `thm:diagonalChartData_equation' on page 31 undefined 
on input line 2791.


LaTeX Warning: Reference `def:diagonalChart' on page 31 undefined on input line
 2791.


LaTeX Warning: Reference `def:productChart' on page 31 undefined on input line 
2791.


LaTeX Warning: Reference `def:productChartSections' on page 31 undefined on inp
ut line 2791.


LaTeX Warning: Reference `thm:appLE_productChartSections' on page 31 undefined 
on input line 2791.


LaTeX Warning: Reference `thm:diagonal_regularity_engine' on page 31 undefined 
on input line 2791.


LaTeX Warning: Reference `lem:flat_mem_nonZeroDivisors' on page 31 undefined on
 input line 2791.


LaTeX Warning: Reference `lem:affineOpen_germ_mem_nonZeroDivisors' on page 31 u
ndefined on input line 2791.


LaTeX Warning: Reference `def:localEquations_pullback' on page 31 undefined on 
input line 2791.


LaTeX Warning: Reference `def:diagonalChartData' on page 31 undefined on input 
line 2791.


LaTeX Warning: Reference `def:diagonalSetup' on page 31 undefined on input line
 2791.


LaTeX Warning: Reference `def:productChart' on page 31 undefined on input line 
2806.


LaTeX Warning: Reference `thm:appLE_productChartSections' on page 31 undefined 
on input line 2809.


LaTeX Warning: Reference `def:diagonalSetup' on page 31 undefined on input line
 2811.


LaTeX Warning: Reference `def:productChartSections' on page 31 undefined on inp
ut line 2814.


LaTeX Warning: Reference `thm:diagonal_regularity_engine' on page 31 undefined 
on input line 2817.


LaTeX Warning: Reference `lem:flat_mem_nonZeroDivisors' on page 31 undefined on
 input line 2821.


LaTeX Warning: Reference `lem:affineOpen_germ_mem_nonZeroDivisors' on page 31 u
ndefined on input line 2822.


LaTeX Warning: Reference `thm:diagonalLocalEquations' on page 31 undefined on i
nput line 2832.


LaTeX Warning: Reference `def:localEquations_pullback' on page 31 undefined on 
input line 2832.


LaTeX Warning: Reference `thm:graph_pullback_regular' on page 31 undefined on i
nput line 2832.


LaTeX Warning: Reference `thm:localEquations_picClass_pullback' on page 31 unde
fined on input line 2832.


LaTeX Warning: Reference `thm:diagonalLocalEquations' on page 31 undefined on i
nput line 2838.


LaTeX Warning: Reference `thm:graph_pullback_regular' on page 31 undefined on i
nput line 2840.


LaTeX Warning: Reference `thm:diagonalLocalEquations' on page 31 undefined on i
nput line 2849.


LaTeX Warning: Reference `def:localEquations_pullback' on page 31 undefined on 
input line 2851.


LaTeX Warning: Reference `thm:graph_pullback_regular' on page 31 undefined on i
nput line 2852.


LaTeX Warning: Reference `thm:localEquations_picClass_pullback' on page 31 unde
fined on input line 2853.

[31]

LaTeX Warning: Reference `def:graphLocalEquations' on page 32 undefined on inpu
t line 2861.


LaTeX Warning: Reference `lem:whiskerLeft_comp_graphLift' on page 32 undefined 
on input line 2861.


LaTeX Warning: Reference `def:graphLocalEquations' on page 32 undefined on inpu
t line 2872.


LaTeX Warning: Reference `lem:whiskerLeft_comp_graphLift' on page 32 undefined 
on input line 2877.


LaTeX Warning: Reference `def:sectionOfPoint' on page 32 undefined on input lin
e 2890.


LaTeX Warning: Reference `def:diagonal' on page 32 undefined on input line 2890
.


LaTeX Warning: Reference `def:sectionOfPoint' on page 32 undefined on input lin
e 2906.


LaTeX Warning: Reference `def:diagonal' on page 32 undefined on input line 2906
.


LaTeX Warning: Reference `lem:sectionOfPoint_comp_graphLift' on page 32 undefin
ed on input line 2913.


LaTeX Warning: Reference `lem:over_isPullback_left' on page 32 undefined on inp
ut line 2913.


LaTeX Warning: Reference `def:sectionOfPoint' on page 32 undefined on input lin
e 2913.


LaTeX Warning: Reference `def:diagonal' on page 32 undefined on input line 2913
.


LaTeX Warning: Reference `lem:over_isPullback_left' on page 32 undefined on inp
ut line 2931.


LaTeX Warning: Reference `lem:sectionOfPoint_comp_graphLift' on page 32 undefin
ed on input line 2939.


LaTeX Warning: Reference `thm:isPullback_graphLift' on page 32 undefined on inp
ut line 2946.


LaTeX Warning: Reference `thm:isPullback_graphLift' on page 32 undefined on inp
ut line 2958.

[32]

LaTeX Warning: Reference `thm:range_sectionOfPoint_left' on page 33 undefined o
n input line 2971.


LaTeX Warning: Reference `def:sectionOfPoint' on page 33 undefined on input lin
e 2971.


LaTeX Warning: Reference `thm:range_sectionOfPoint_left' on page 33 undefined o
n input line 2985.


LaTeX Warning: Reference `def:sectionOfPoint' on page 33 undefined on input lin
e 2988.


LaTeX Warning: Reference `lem:sectionOfPoint_comp_graphLift' on page 33 undefin
ed on input line 2989.


LaTeX Warning: Reference `def:ratPt' on page 33 undefined on input line 3040.


LaTeX Warning: Reference `lem:sepClosed_infinite' on page 33 undefined on input
 line 3040.


LaTeX Warning: Reference `def:ratPt' on page 33 undefined on input line 3053.

[33]

LaTeX Warning: Reference `lem:exists_ratPt_mem_range' on page 34 undefined on i
nput line 3074.


LaTeX Warning: Reference `lem:exists_algHom_to_base' on page 34 undefined on in
put line 3074.


LaTeX Warning: Reference `lem:sepClosed_infinite' on page 34 undefined on input
 line 3074.


LaTeX Warning: Reference `def:ratPt' on page 34 undefined on input line 3074.


LaTeX Warning: Reference `lem:sepClosed_infinite' on page 34 undefined on input
 line 3081.


LaTeX Warning: Reference `lem:exists_ratPt_mem_range' on page 34 undefined on i
nput line 3083.


LaTeX Warning: Reference `lem:exists_algHom_to_base' on page 34 undefined on in
put line 3090.


Overfull \hbox (6.12598pt too wide) in paragraph at lines 3081--3092
[]$\TU/latinmodern-math.otf(1)/m/n/10 𝐾$ \TU/lmr/m/n/10 is in-fi-nite (Lemma []); pick a $\TU/latinmodern-math.otf(1)/m/n/10 
𝐾$\TU/lmr/m/n/10 -rational point $\TU/latinmodern-math.otf(1)/m/n/10 𝑥$ \
TU/lmr/m/n/10 of $\TU/latinmodern-math.otf(1)/m/n/10 𝔸[]$ \TU/lmr/m/n/10 in 
the im-age of $[] \TU/latinmodern-math.otf(1)/m/n/10 𝑆$ \TU/lmr/m/n/10 (Lemma
 []).
 []


LaTeX Warning: Reference `thm:exists_algHom_of_etale_mvPoly' on page 34 undefin
ed on input line 3097.


LaTeX Warning: Reference `thm:standard_smooth_etale_structure' on page 34 undef
ined on input line 3097.


LaTeX Warning: Reference `thm:standard_smooth_etale_structure' on page 34 undef
ined on input line 3107.


LaTeX Warning: Reference `thm:exists_algHom_of_etale_mvPoly' on page 34 undefin
ed on input line 3110.


LaTeX Warning: Reference `thm:exists_rationalPoint_sepClosed' on page 34 undefi
ned on input line 3122.


LaTeX Warning: Reference `thm:exists_rationalPoint_sepClosed' on page 34 undefi
ned on input line 3134.

[34]

LaTeX Warning: Reference `lem:coheight_open_embedding' on page 35 undefined on 
input line 3194.


LaTeX Warning: Reference `lem:coheight_spec_height' on page 35 undefined on inp
ut line 3194.


LaTeX Warning: Reference `lem:coheight_open_embedding' on page 35 undefined on 
input line 3206.


LaTeX Warning: Reference `lem:coheight_spec_height' on page 35 undefined on inp
ut line 3210.


LaTeX Warning: Reference `thm:stalk_dim_coheight' on page 35 undefined on input
 line 3217.


LaTeX Warning: Reference `thm:stalk_dim_coheight' on page 35 undefined on input
 line 3224.


Overfull \hbox (1.89485pt too wide) in paragraph at lines 3227--3227
[]\TU/lmr/bx/n/14.4 The di-men-sion of a standard-smooth al-ge-bra at a max-
 []

[35]

LaTeX Warning: Reference `thm:mvpoly_maximal_height' on page 36 undefined on in
put line 3263.


LaTeX Warning: Reference `thm:mvpoly_maximal_height' on page 36 undefined on in
put line 3277.


LaTeX Warning: Reference `thm:standard_smooth_height_lower' on page 36 undefine
d on input line 3292.


LaTeX Warning: Reference `thm:standard_smooth_height_lower' on page 36 undefine
d on input line 3294.


LaTeX Warning: Reference `thm:standard_smooth_height_lower' on page 36 undefine
d on input line 3302.

[36]

LaTeX Warning: Reference `lem:polynomial_step_height_trdeg' on page 37 undefine
d on input line 3372.


LaTeX Warning: Reference `lem:polynomial_step_height_trdeg' on page 37 undefine
d on input line 3391.


LaTeX Warning: Reference `thm:trdeg_height_polynomial' on page 37 undefined on 
input line 3404.


LaTeX Warning: Reference `thm:standard_smooth_height_lower' on page 37 undefine
d on input line 3417.


LaTeX Warning: Reference `thm:trdeg_height_polynomial' on page 37 undefined on 
input line 3421.

[37]

LaTeX Warning: Reference `thm:trdeg_height_standard_smooth' on page 38 undefine
d on input line 3494.


LaTeX Warning: Reference `thm:kaehler_rank_trdeg' on page 38 undefined on input
 line 3494.


LaTeX Warning: Reference `thm:conormal_dim_identity' on page 38 undefined on in
put line 3494.


LaTeX Warning: Reference `lem:regular_of_cotangent_le_dim' on page 38 undefined
 on input line 3494.


LaTeX Warning: Reference `thm:conormal_dim_identity' on page 38 undefined on in
put line 3514.


LaTeX Warning: Reference `thm:kaehler_rank_trdeg' on page 38 undefined on input
 line 3519.


LaTeX Warning: Reference `thm:trdeg_height_standard_smooth' on page 38 undefine
d on input line 3521.


LaTeX Warning: Reference `lem:regular_of_cotangent_le_dim' on page 38 undefined
 on input line 3533.

) (./chapters/Algebra.tex [38]
Chapter 4.

LaTeX Warning: Reference `chap:Curves' on page 39 undefined on input line 6.


LaTeX Warning: Reference `lem:T_pow_stable' on page 39 undefined on input line 
55.

[39

]

LaTeX Warning: Reference `lem:T_pow_stable' on page 40 undefined on input line 
91.


LaTeX Warning: Reference `lem:T_inv_pow_stable' on page 40 undefined on input l
ine 91.


LaTeX Warning: Reference `lem:T_inv_pow_stable' on page 40 undefined on input l
ine 95.


LaTeX Warning: Reference `lem:T_pow_stable' on page 40 undefined on input line 
110.


LaTeX Warning: Reference `lem:T_inv_pow_stable' on page 40 undefined on input l
ine 116.

[40]

LaTeX Warning: Reference `thm:two_lattice_span' on page 41 undefined on input l
ine 141.


LaTeX Warning: Reference `thm:two_lattice_span' on page 41 undefined on input l
ine 169.


LaTeX Warning: Reference `thm:two_lattice_span' on page 41 undefined on input l
ine 193.


LaTeX Warning: Reference `cor:two_lattice_loc' on page 41 undefined on input li
ne 201.

[41]

LaTeX Warning: Reference `cor:two_lattice_loc' on page 42 undefined on input li
ne 215.


LaTeX Warning: Reference `cor:two_lattice_loc' on page 42 undefined on input li
ne 219.


LaTeX Warning: Reference `def:tensorAwayAlgebra' on page 42 undefined on input 
line 257.


LaTeX Warning: Reference `def:tensorAwayAlgebra' on page 42 undefined on input 
line 259.


LaTeX Warning: Reference `thm:isLocalization_away_tensor' on page 42 undefined 
on input line 281.

[42]

LaTeX Warning: Reference `def:tensorAwayEquiv' on page 43 undefined on input li
ne 294.


LaTeX Warning: Reference `def:piDoubleEquivA' on page 43 undefined on input lin
e 327.


LaTeX Warning: Reference `def:piDoubleEquivA' on page 43 undefined on input lin
e 358.


LaTeX Warning: Reference `def:indexwiseMaps' on page 43 undefined on input line
 358.


LaTeX Warning: Reference `def:piDoubleEquivA' on page 43 undefined on input lin
e 367.


LaTeX Warning: Reference `def:piTripleEquivA' on page 43 undefined on input lin
e 377.


LaTeX Warning: Reference `def:piDoubleEquivA' on page 43 undefined on input lin
e 377.


LaTeX Warning: Reference `def:indexwiseMaps' on page 43 undefined on input line
 377.


LaTeX Warning: Reference `def:piDoubleEquivA' on page 43 undefined on input lin
e 389.


LaTeX Warning: Reference `def:piTripleEquivA' on page 43 undefined on input lin
e 389.

[43]

LaTeX Warning: Reference `def:piDoubleEquivA' on page 44 undefined on input lin
e 400.


LaTeX Warning: Reference `def:indexwiseMaps' on page 44 undefined on input line
 400.


LaTeX Warning: Reference `def:module_descent_cocycle' on page 44 undefined on i
nput line 440.


LaTeX Warning: Reference `def:module_tensorCollapse' on page 44 undefined on in
put line 441.


LaTeX Warning: Reference `def:piDoubleEquivA' on page 44 undefined on input lin
e 448.


LaTeX Warning: Reference `def:piDoubleEquivA' on page 44 undefined on input lin
e 454.


LaTeX Warning: Reference `def:piAssemblyUnit' on page 44 undefined on input lin
e 461.


LaTeX Warning: Reference `def:module_descent_cocycle' on page 44 undefined on i
nput line 461.


LaTeX Warning: Reference `def:indexwiseMaps' on page 44 undefined on input line
 461.


LaTeX Warning: Reference `def:piTripleEquivA' on page 44 undefined on input lin
e 461.


LaTeX Warning: Reference `lem:lmul_transport' on page 44 undefined on input lin
e 461.


LaTeX Warning: Reference `lem:descentFace_transport' on page 44 undefined on in
put line 461.


LaTeX Warning: Reference `def:indexwiseMaps' on page 44 undefined on input line
 467.


LaTeX Warning: Reference `def:module_descent_cocycle' on page 44 undefined on i
nput line 479.


LaTeX Warning: Reference `lem:lmul_transport' on page 44 undefined on input lin
e 484.


LaTeX Warning: Reference `def:piTripleEquivA' on page 44 undefined on input lin
e 488.


LaTeX Warning: Reference `lem:descentFace_transport' on page 44 undefined on in
put line 492.

[44]

LaTeX Warning: Reference `thm:isLocalization_away_tensor' on page 45 undefined 
on input line 509.


LaTeX Warning: Reference `thm:isLocalization_away_tensor' on page 45 undefined 
on input line 517.


LaTeX Warning: Reference `def:componentCollapse' on page 45 undefined on input 
line 524.


LaTeX Warning: Reference `def:piDoubleEquivA' on page 45 undefined on input lin
e 524.


LaTeX Warning: Reference `def:module_tensorCollapse' on page 45 undefined on in
put line 524.


LaTeX Warning: Reference `def:piDoubleEquivA' on page 45 undefined on input lin
e 527.


LaTeX Warning: Reference `def:module_tensorCollapse' on page 45 undefined on in
put line 530.


LaTeX Warning: Reference `def:piAssemblyUnit' on page 45 undefined on input lin
e 550.


LaTeX Warning: Reference `def:componentCollapse' on page 45 undefined on input 
line 550.


LaTeX Warning: Reference `lem:piDoubleEquiv_tensorCollapse' on page 45 undefine
d on input line 550.


LaTeX Warning: Reference `def:module_tensorCollapse' on page 45 undefined on in
put line 550.


LaTeX Warning: Reference `def:module_descent_cocycle' on page 45 undefined on i
nput line 550.


LaTeX Warning: Reference `lem:piDoubleEquiv_tensorCollapse' on page 45 undefine
d on input line 567.


LaTeX Warning: Reference `def:piAssemblyUnit' on page 45 undefined on input lin
e 570.


LaTeX Warning: Reference `def:componentCollapse' on page 45 undefined on input 
line 579.


LaTeX Warning: Reference `def:indexwiseMaps' on page 45 undefined on input line
 579.

[45]

LaTeX Warning: Reference `thm:isDescentCocycle_piAssemblyUnit' on page 46 undef
ined on input line 603.


LaTeX Warning: Reference `def:indexwiseMaps' on page 46 undefined on input line
 614.


LaTeX Warning: Reference `def:componentCollapse' on page 46 undefined on input 
line 614.


LaTeX Warning: Reference `def:tensorAwayAlgebra' on page 46 undefined on input 
line 614.


LaTeX Warning: Reference `def:module_descent_cocycle' on page 46 undefined on i
nput line 614.


LaTeX Warning: Reference `def:tensorAwayAlgebra' on page 46 undefined on input 
line 617.

[46]

LaTeX Warning: Reference `thm:isUnit_map_rTensor_generator' on page 47 undefine
d on input line 709.


LaTeX Warning: Reference `thm:isUnit_map_rTensor_generator' on page 47 undefine
d on input line 720.

[47]
Overfull \hbox (14.06541pt too wide) detected at line 791
[][] \TU/latinmodern-math.otf(1)/m/n/10 𝑉[] − [][] 𝑉[] + [][] 𝑉[] 
− [][] 𝑉[] + [][] 𝑉[] = 𝑟[] − (𝑟[] + 𝑟[]) + (𝑟[] + 𝑟[]
) − (𝑟[] + [][] 𝑉[]) + [][] 𝑉[] = 0.
 []


LaTeX Warning: Reference `thm:finrank_add_of_exact' on page 48 undefined on inp
ut line 834.


LaTeX Warning: Reference `thm:finrank_quotSucc_jump' on page 48 undefined on in
put line 834.

[48]

LaTeX Warning: Reference `thm:finrank_add_of_exact' on page 49 undefined on inp
ut line 852.


LaTeX Warning: Reference `thm:finrank_quotSucc_jump' on page 49 undefined on in
put line 853.


Overfull \hbox (23.46034pt too wide) in paragraph at lines 851--855
\TU/lmr/m/n/10 By [], $[][]\TU/latinmodern-math.otf(1)/m/n/10 (𝐵/𝐼[]) = [
][](𝐼[]/𝐼[]) + [][](𝐵/𝐼[])$\TU/lmr/m/n/10 , and by the fil-tra-tion jump [], $[][]\TU/latinmodern-math.otf(1)/m/n/10 (
𝐼[]/𝐼[]) =
 []


LaTeX Warning: Reference `thm:finrank_quotient_pow_succ' on page 49 undefined o
n input line 860.


LaTeX Warning: Reference `thm:finrank_quotient_pow_succ' on page 49 undefined o
n input line 873.


LaTeX Warning: Reference `def:quotAlgEquivPiFactors' on page 49 undefined on in
put line 920.


LaTeX Warning: Reference `def:quotAlgEquivPiFactors' on page 49 undefined on in
put line 921.


LaTeX Warning: Reference `thm:finrank_quotient_eq_sum_factors_pow' on page 49 u
ndefined on input line 930.


LaTeX Warning: Reference `thm:finrank_quotient_span_pow' on page 49 undefined o
n input line 930.

[49]

LaTeX Warning: Reference `thm:finrank_quotient_eq_sum_factors_pow' on page 50 u
ndefined on input line 944.


LaTeX Warning: Reference `thm:finrank_quotient_span_pow' on page 50 undefined o
n input line 947.


Overfull \hbox (5.2514pt too wide) in paragraph at lines 944--950
[]\TU/lmr/m/n/10 Since $\TU/latinmodern-math.otf(1)/m/n/10 𝑓 ≠ 0$\TU/lmr/m
/n/10 , the ideal $\TU/latinmodern-math.otf(1)/m/n/10 (𝑓)$ \TU/lmr/m/n/10 is nonzero, and [] gives $[][]\TU/latinmodern-math.otf(1)/m/n/10 (
𝐵/(𝑓)) = [][] [][](𝐵/𝑃[])$\TU/lmr/m/n/10 .
 []


LaTeX Warning: Reference `thm:finrank_quotient_span_eq_sum_ord' on page 50 unde
fined on input line 955.


LaTeX Warning: Reference `thm:finrank_quotient_span_pow' on page 50 undefined o
n input line 960.


LaTeX Warning: Reference `thm:finrank_quotSucc_jump' on page 50 undefined on in
put line 979.


LaTeX Warning: Reference `thm:finrank_quotSucc_jump' on page 50 undefined on in
put line 983.


LaTeX Warning: Reference `lem:adic_valuation_count' on page 50 undefined on inp
ut line 1011.


LaTeX Warning: Reference `lem:adic_valuation_count' on page 50 undefined on inp
ut line 1024.


LaTeX Warning: Reference `lem:mem_pow_iff_le_count' on page 50 undefined on inp
ut line 1030.

[50]

LaTeX Warning: Reference `lem:mem_pow_iff_le_count' on page 51 undefined on inp
ut line 1055.


LaTeX Warning: Reference `def:quotPowLinearEquiv' on page 51 undefined on input
 line 1089.


LaTeX Warning: Reference `thm:moduleFinite_quotient_pow_of_isPrincipal' on page
 51 undefined on input line 1098.


LaTeX Warning: Reference `def:quotPowLinearEquiv' on page 51 undefined on input
 line 1101.


LaTeX Warning: Reference `thm:moduleFinite_quotient_pow_of_isPrincipal' on page
 51 undefined on input line 1103.


LaTeX Warning: Reference `def:quotPowLinearEquiv' on page 51 undefined on input
 line 1105.


LaTeX Warning: Reference `def:quotPowLinearEquiv' on page 51 undefined on input
 line 1111.


LaTeX Warning: Reference `thm:moduleFinite_quotient_pow_atPrime' on page 51 und
efined on input line 1113.


LaTeX Warning: Reference `thm:moduleFinite_quotient_pow_of_isPrincipal' on page
 51 undefined on input line 1121.


LaTeX Warning: Reference `thm:finrank_quotient_span_pow' on page 51 undefined o
n input line 1121.


LaTeX Warning: Reference `thm:moduleFinite_quotient_pow_atPrime' on page 51 und
efined on input line 1122.


LaTeX Warning: Reference `thm:moduleFinite_quotient_pow_of_isPrincipal' on page
 51 undefined on input line 1125.


LaTeX Warning: Reference `thm:finrank_quotient_span_pow' on page 51 undefined o
n input line 1126.


LaTeX Warning: Reference `def:quotPowLinearEquiv' on page 51 undefined on input
 line 1129.


Overfull \hbox (1.18903pt too wide) in paragraph at lines 1121--1130
\TU/lmr/m/n/10 tients $\TU/latinmodern-math.otf(1)/m/n/10 𝑆/𝔪[]$ \TU/lmr/
m/n/10 are finite-dimensional ([]), and the prime-power for-mula [] in $\TU/lat
inmodern-math.otf(1)/m/n/10 𝑆$ \TU/lmr/m/n/10 gives $[][]\TU/latinmodern-mat
h.otf(1)/m/n/10 (𝑆/𝔪[]) =
 []

[51]

LaTeX Warning: Reference `def:quotAlgEquivPiFactors' on page 52 undefined on in
put line 1149.


LaTeX Warning: Reference `lem:prime_factor_span' on page 52 undefined on input 
line 1157.


LaTeX Warning: Reference `thm:moduleFinite_quotient_pow_atPrime' on page 52 und
efined on input line 1157.


LaTeX Warning: Reference `def:quotAlgEquivPiFactors' on page 52 undefined on in
put line 1159.


LaTeX Warning: Reference `lem:prime_factor_span' on page 52 undefined on input 
line 1161.


LaTeX Warning: Reference `thm:moduleFinite_quotient_pow_atPrime' on page 52 und
efined on input line 1163.


LaTeX Warning: Reference `thm:finrank_quotient_eq_sum_factors_pow' on page 52 u
ndefined on input line 1171.


LaTeX Warning: Reference `thm:finrank_quotient_span_eq_sum_ord' on page 52 unde
fined on input line 1182.


LaTeX Warning: Reference `lem:prime_factor_span' on page 52 undefined on input 
line 1187.


LaTeX Warning: Reference `thm:moduleFinite_quotient_pow_atPrime' on page 52 und
efined on input line 1187.


LaTeX Warning: Reference `thm:finrank_quotient_pow_atPrime' on page 52 undefine
d on input line 1187.


LaTeX Warning: Reference `lem:prime_factor_span' on page 52 undefined on input 
line 1188.


LaTeX Warning: Reference `thm:moduleFinite_quotient_pow_atPrime' on page 52 und
efined on input line 1189.


LaTeX Warning: Reference `thm:finrank_quotient_eq_sum_factors_pow' on page 52 u
ndefined on input line 1191.


LaTeX Warning: Reference `thm:finrank_quotient_pow_atPrime' on page 52 undefine
d on input line 1193.

[52]

LaTeX Warning: Reference `def:diagonalSetup' on page 53 undefined on input line
 1253.


LaTeX Warning: Reference `def:diagonalSetup' on page 53 undefined on input line
 1277.


LaTeX Warning: Reference `lem:diagonal_telescoping' on page 53 undefined on inp
ut line 1277.


LaTeX Warning: Reference `lem:diagonal_telescoping' on page 53 undefined on inp
ut line 1293.


LaTeX Warning: Reference `def:diagonalSetup' on page 53 undefined on input line
 1303.


LaTeX Warning: Reference `lem:diagonal_section' on page 53 undefined on input l
ine 1303.


LaTeX Warning: Reference `def:diagonalSetup' on page 53 undefined on input line
 1314.


LaTeX Warning: Reference `lem:diagonal_section' on page 53 undefined on input l
ine 1315.


LaTeX Warning: Reference `def:diagonalSetup' on page 53 undefined on input line
 1324.

[53]

LaTeX Warning: Reference `def:diagonalSetup' on page 54 undefined on input line
 1346.


LaTeX Warning: Reference `thm:ker_baseChange' on page 54 undefined on input lin
e 1346.


LaTeX Warning: Reference `thm:exists_idempotent_lift' on page 54 undefined on i
nput line 1346.


LaTeX Warning: Reference `thm:ker_baseChange' on page 54 undefined on input lin
e 1359.


LaTeX Warning: Reference `thm:ker_baseChange' on page 54 undefined on input lin
e 1379.


LaTeX Warning: Reference `thm:exists_idempotent_lift' on page 54 undefined on i
nput line 1379.


LaTeX Warning: Reference `thm:ker_map_localization_eq' on page 54 undefined on 
input line 1379.


LaTeX Warning: Reference `thm:ker_map_localization_eq' on page 54 undefined on 
input line 1384.


LaTeX Warning: Reference `thm:exists_idempotent_lift' on page 54 undefined on i
nput line 1389.


LaTeX Warning: Reference `def:diagonalSetup' on page 54 undefined on input line
 1391.


LaTeX Warning: Reference `thm:exists_idempotent_lift' on page 54 undefined on i
nput line 1392.


LaTeX Warning: Reference `thm:ker_map_localization_eq' on page 54 undefined on 
input line 1393.


LaTeX Warning: Reference `def:diagonalSetup' on page 54 undefined on input line
 1423.


LaTeX Warning: Reference `lem:flat_mem_nonZeroDivisors' on page 54 undefined on
 input line 1423.

[54]

LaTeX Warning: Reference `lem:flat_mem_nonZeroDivisors' on page 55 undefined on
 input line 1446.


LaTeX Warning: Reference `chap:Cohomology' on page 55 undefined on input line 1
463.


LaTeX Warning: Reference `lem:fibre_vanishing_iff_localization_zero' on page 55
 undefined on input line 1516.


LaTeX Warning: Reference `lem:zero_of_forall_localization_zero' on page 55 unde
fined on input line 1516.


LaTeX Warning: Reference `lem:fibre_vanishing_iff_localization_zero' on page 55
 undefined on input line 1525.


LaTeX Warning: Reference `lem:zero_of_forall_localization_zero' on page 55 unde
fined on input line 1526.


LaTeX Warning: Reference `lem:fibre_vanishing_iff_localization_zero' on page 55
 undefined on input line 1533.

[55]

LaTeX Warning: Reference `lem:fibre_vanishing_iff_localization_zero' on page 56
 undefined on input line 1543.


LaTeX Warning: Reference `lem:fibre_vanishing_locus_compl_support' on page 56 u
ndefined on input line 1549.


LaTeX Warning: Reference `lem:fibre_vanishing_locus_compl_support' on page 56 u
ndefined on input line 1557.


LaTeX Warning: Reference `chap:Cohomology' on page 56 undefined on input line 1
580.


LaTeX Warning: Reference `lem:rigid_surjective_of_coker_zero' on page 56 undefi
ned on input line 1625.


LaTeX Warning: Reference `lem:rigid_surjective_of_coker_zero' on page 56 undefi
ned on input line 1628.


LaTeX Warning: Reference `lem:rigid_surjective_of_coker_zero' on page 56 undefi
ned on input line 1646.


LaTeX Warning: Reference `lem:tensor_right_exact' on page 56 undefined on input
 line 1646.


LaTeX Warning: Reference `lem:lTensor_injective_of_flat' on page 56 undefined o
n input line 1646.


LaTeX Warning: Reference `lem:lTensor_injective_of_flat' on page 56 undefined o
n input line 1663.


LaTeX Warning: Reference `lem:tensor_right_exact' on page 56 undefined on input
 line 1665.

[56]

LaTeX Warning: Reference `thm:rigid_ker_tensor' on page 57 undefined on input l
ine 1675.


LaTeX Warning: Reference `thm:rigid_ker_tensor' on page 57 undefined on input l
ine 1689.


LaTeX Warning: Reference `thm:rigid_flat_ker' on page 57 undefined on input lin
e 1738.


LaTeX Warning: Reference `lem:finitePresentation_of_finite' on page 57 undefine
d on input line 1738.


LaTeX Warning: Reference `lem:projective_of_finitePresentation' on page 57 unde
fined on input line 1738.


LaTeX Warning: Reference `thm:rigid_flat_ker' on page 57 undefined on input lin
e 1747.


LaTeX Warning: Reference `lem:finitePresentation_of_finite' on page 57 undefine
d on input line 1748.


LaTeX Warning: Reference `lem:projective_of_finitePresentation' on page 57 unde
fined on input line 1749.


LaTeX Warning: Reference `lem:tensor_right_exact' on page 57 undefined on input
 line 1755.


LaTeX Warning: Reference `lem:tensor_right_exact' on page 57 undefined on input
 line 1770.

[57]

LaTeX Warning: Reference `chap:Cohomology' on page 58 undefined on input line 1
792.


LaTeX Warning: Reference `lem:dualTensorHomEquiv_free' on page 58 undefined on 
input line 1807.


LaTeX Warning: Reference `lem:dualTensorHomEquiv_free' on page 58 undefined on 
input line 1827.


LaTeX Warning: Reference `thm:dualTensorHom_projective' on page 58 undefined on
 input line 1839.


LaTeX Warning: Reference `thm:dualTensorHom_projective' on page 58 undefined on
 input line 1853.


LaTeX Warning: Reference `thm:dualTensorHom_projective' on page 58 undefined on
 input line 1871.


LaTeX Warning: Reference `chap:Cohomology' on page 58 undefined on input line 1
879.


LaTeX Warning: Reference `thm:twoLattice_coh1' on page 58 undefined on input li
ne 1883.


LaTeX Warning: Reference `thm:twoLattice_coh0' on page 58 undefined on input li
ne 1883.

[58]

LaTeX Warning: Reference `sec:diagonal_ideal' on page 59 undefined on input lin
e 1982.

[59]

LaTeX Warning: Reference `def:diagonalSetup' on page 60 undefined on input line
 2007.


LaTeX Warning: Reference `def:diagonalSetup' on page 60 undefined on input line
 2024.


LaTeX Warning: Reference `def:pointGen_pointEv' on page 60 undefined on input l
ine 2038.


LaTeX Warning: Reference `lem:diagonal_telescoping' on page 60 undefined on inp
ut line 2038.


LaTeX Warning: Reference `lem:diagonal_section' on page 60 undefined on input l
ine 2038.


LaTeX Warning: Reference `thm:ker_baseChange' on page 60 undefined on input lin
e 2046.


LaTeX Warning: Reference `lem:diagonal_telescoping' on page 60 undefined on inp
ut line 2051.


LaTeX Warning: Reference `lem:diagonal_section' on page 60 undefined on input l
ine 2056.


LaTeX Warning: Reference `def:pointGen_pointEv' on page 60 undefined on input l
ine 2065.


LaTeX Warning: Reference `thm:ker_pointBaseChange' on page 60 undefined on inpu
t line 2096.


LaTeX Warning: Reference `thm:ker_pointEvTwo' on page 60 undefined on input lin
e 2096.


LaTeX Warning: Reference `def:pointGen_pointEv' on page 60 undefined on input l
ine 2096.


LaTeX Warning: Reference `thm:exists_idempotent_lift' on page 60 undefined on i
nput line 2096.


LaTeX Warning: Reference `thm:ker_map_localization_eq' on page 60 undefined on 
input line 2096.


LaTeX Warning: Reference `thm:exists_idempotent_lift' on page 60 undefined on i
nput line 2102.

[60]

LaTeX Warning: Reference `thm:ker_map_localization_eq' on page 61 undefined on 
input line 2113.


LaTeX Warning: Reference `def:pointGen_pointEv' on page 61 undefined on input l
ine 2117.


LaTeX Warning: Reference `thm:ker_pointEvTwo' on page 61 undefined on input lin
e 2118.


LaTeX Warning: Reference `def:pointGen_pointEv' on page 61 undefined on input l
ine 2120.


LaTeX Warning: Reference `thm:ker_pointBaseChange' on page 61 undefined on inpu
t line 2121.


LaTeX Warning: Reference `def:pointGen_pointEv' on page 61 undefined on input l
ine 2128.


LaTeX Warning: Reference `lem:ext_contravariant_les' on page 61 undefined on in
put line 2177.


LaTeX Warning: Reference `lem:ext_contravariant_les' on page 61 undefined on in
put line 2182.

[61]

LaTeX Warning: Reference `def:depth' on page 62 undefined on input line 2217.


LaTeX Warning: Reference `lem:ext_annihilator_smul' on page 62 undefined on inp
ut line 2217.


LaTeX Warning: Reference `lem:ext_covariant_les' on page 62 undefined on input 
line 2217.


LaTeX Warning: Reference `def:depth' on page 62 undefined on input line 2235.


LaTeX Warning: Reference `lem:ext_annihilator_smul' on page 62 undefined on inp
ut line 2242.


LaTeX Warning: Reference `lem:ext_covariant_les' on page 62 undefined on input 
line 2255.


LaTeX Warning: Reference `lem:ext_covariant_les' on page 62 undefined on input 
line 2257.


LaTeX Warning: Reference `lem:ext_covariant_les' on page 62 undefined on input 
line 2277.


LaTeX Warning: Reference `thm:depth_ext' on page 62 undefined on input line 229
2.


LaTeX Warning: Reference `lem:ext_covariant_les' on page 62 undefined on input 
line 2292.

[62]

LaTeX Warning: Reference `thm:depth_ext' on page 63 undefined on input line 230
6.


LaTeX Warning: Reference `lem:ext_covariant_les' on page 63 undefined on input 
line 2310.


LaTeX Warning: Reference `thm:depth_ext' on page 63 undefined on input line 231
1.


Overfull \hbox (5.14427pt too wide) in paragraph at lines 2314--2318
\TU/lmr/m/n/10 the outer terms van-ish, so by ex-act-ness at the mid-dle ev-ery class of $[][]\TU/latinmodern-math.otf(1)/m/n/10 (
𝜅, 𝑁)$ \TU/lmr/m/n/10 lifts to $[][]\TU/latinmodern-math.otf(1)/m/n/10 (
𝜅, 𝑁[]) =
 []


Overfull \hbox (3.44183pt too wide) in paragraph at lines 2319--2325
[]\TU/lmr/m/n/10 (2) For $\TU/latinmodern-math.otf(1)/m/n/10 𝑖 < 𝑎 ≤ []
{[](𝑁), [](𝑁[]) − 1}$\TU/lmr/m/n/10 : in $[][]\TU/latinmodern-math.otf(
1)/m/n/10 (𝜅, 𝑁) → [][](𝜅, 𝑁[]) [] [][](𝜅, 𝑁[])$\TU/lmr/m/n
/10 ,
 []


LaTeX Warning: Reference `lem:ext_covariant_les' on page 63 undefined on input 
line 2328.


LaTeX Warning: Reference `def:depth' on page 63 undefined on input line 2339.


LaTeX Warning: Reference `def:depth' on page 63 undefined on input line 2349.


LaTeX Warning: Reference `def:depth' on page 63 undefined on input line 2381.


LaTeX Warning: Reference `lem:ideal_smul_top_pi' on page 63 undefined on input 
line 2381.


LaTeX Warning: Reference `lem:depth_linearEquiv' on page 63 undefined on input 
line 2381.


LaTeX Warning: Reference `lem:ideal_smul_top_pi' on page 63 undefined on input 
line 2390.


LaTeX Warning: Reference `def:depth' on page 63 undefined on input line 2394.


LaTeX Warning: Reference `lem:ideal_smul_top_pi' on page 63 undefined on input 
line 2399.


LaTeX Warning: Reference `lem:depth_linearEquiv' on page 63 undefined on input 
line 2404.

[63]

LaTeX Warning: Reference `def:projectiveDimension' on page 64 undefined on inpu
t line 2434.


LaTeX Warning: Reference `def:projectiveDimension' on page 64 undefined on inpu
t line 2442.


LaTeX Warning: Reference `lem:ext_covariant_les' on page 64 undefined on input 
line 2450.


LaTeX Warning: Reference `lem:ext_contravariant_les' on page 64 undefined on in
put line 2450.


LaTeX Warning: Reference `lem:ext_contravariant_les' on page 64 undefined on in
put line 2460.


LaTeX Warning: Reference `lem:ext_contravariant_les' on page 64 undefined on in
put line 2472.


LaTeX Warning: Reference `lem:ext_contravariant_les' on page 64 undefined on in
put line 2481.


LaTeX Warning: Reference `thm:depth_ses' on page 64 undefined on input line 249
3.


LaTeX Warning: Reference `lem:depth_pi_const' on page 64 undefined on input lin
e 2493.


LaTeX Warning: Reference `thm:depth_ses' on page 64 undefined on input line 250
7.


LaTeX Warning: Reference `lem:depth_pi_const' on page 64 undefined on input lin
e 2508.


LaTeX Warning: Reference `thm:depth_ext' on page 64 undefined on input line 251
5.

[64]

LaTeX Warning: Reference `thm:depth_ext' on page 65 undefined on input line 252
3.


LaTeX Warning: Reference `lem:ext_annihilator_smul' on page 65 undefined on inp
ut line 2531.


LaTeX Warning: Reference `lem:ext_annihilator_smul' on page 65 undefined on inp
ut line 2546.


LaTeX Warning: Reference `lem:minimal_surjection' on page 65 undefined on input
 line 2555.


LaTeX Warning: Reference `lem:pd_lt_of_pd_eq' on page 65 undefined on input lin
e 2555.


LaTeX Warning: Reference `lem:syzygy_descent' on page 65 undefined on input lin
e 2555.


LaTeX Warning: Reference `lem:syzygy_ascent' on page 65 undefined on input line
 2555.


LaTeX Warning: Reference `lem:depth_ses_kernel' on page 65 undefined on input l
ine 2555.


LaTeX Warning: Reference `lem:ext_nonzero_at_depth' on page 65 undefined on inp
ut line 2555.


LaTeX Warning: Reference `lem:ext_matrix_collapse' on page 65 undefined on inpu
t line 2555.


LaTeX Warning: Reference `lem:ext_covariant_les' on page 65 undefined on input 
line 2555.


LaTeX Warning: Reference `thm:depth_ext' on page 65 undefined on input line 255
5.


LaTeX Warning: Reference `thm:depth_ses' on page 65 undefined on input line 255
5.


LaTeX Warning: Reference `lem:depth_pi_const' on page 65 undefined on input lin
e 2555.


LaTeX Warning: Reference `lem:ideal_smul_top_pi' on page 65 undefined on input 
line 2555.


LaTeX Warning: Reference `lem:depth_linearEquiv' on page 65 undefined on input 
line 2555.


LaTeX Warning: Reference `lem:minimal_surjection' on page 65 undefined on input
 line 2570.


LaTeX Warning: Reference `lem:pd_lt_of_pd_eq' on page 65 undefined on input lin
e 2571.


LaTeX Warning: Reference `lem:syzygy_descent' on page 65 undefined on input lin
e 2571.


LaTeX Warning: Reference `lem:ideal_smul_top_pi' on page 65 undefined on input 
line 2578.


LaTeX Warning: Reference `thm:depth_ses' on page 65 undefined on input line 258
1.


LaTeX Warning: Reference `lem:depth_pi_const' on page 65 undefined on input lin
e 2584.


LaTeX Warning: Reference `lem:ext_nonzero_at_depth' on page 65 undefined on inp
ut line 2592.


LaTeX Warning: Reference `lem:ext_matrix_collapse' on page 65 undefined on inpu
t line 2593.


LaTeX Warning: Reference `lem:ext_covariant_les' on page 65 undefined on input 
line 2595.


LaTeX Warning: Reference `lem:ext_covariant_les' on page 65 undefined on input 
line 2597.


LaTeX Warning: Reference `thm:depth_ext' on page 65 undefined on input line 260
4.


LaTeX Warning: Reference `lem:minimal_surjection' on page 65 undefined on input
 line 2609.


LaTeX Warning: Reference `lem:pd_lt_of_pd_eq' on page 65 undefined on input lin
e 2611.


LaTeX Warning: Reference `lem:syzygy_descent' on page 65 undefined on input lin
e 2611.


LaTeX Warning: Reference `lem:syzygy_ascent' on page 65 undefined on input line
 2612.


LaTeX Warning: Reference `lem:depth_ses_kernel' on page 65 undefined on input l
ine 2616.

[65]

LaTeX Warning: Reference `thm:auslander_buchsbaum_succ' on page 66 undefined on
 input line 2639.


LaTeX Warning: Reference `lem:depth_pi_const' on page 66 undefined on input lin
e 2639.


LaTeX Warning: Reference `lem:depth_linearEquiv' on page 66 undefined on input 
line 2639.


LaTeX Warning: Reference `def:projectiveDimension' on page 66 undefined on inpu
t line 2639.


LaTeX Warning: Reference `def:projectiveDimension' on page 66 undefined on inpu
t line 2651.


LaTeX Warning: Reference `lem:depth_linearEquiv' on page 66 undefined on input 
line 2653.


LaTeX Warning: Reference `lem:depth_pi_const' on page 66 undefined on input lin
e 2654.


LaTeX Warning: Reference `thm:auslander_buchsbaum_succ' on page 66 undefined on
 input line 2656.


LaTeX Warning: Reference `def:depth' on page 66 undefined on input line 2675.


LaTeX Warning: Reference `def:depth' on page 66 undefined on input line 2679.


Overfull \hbox (0.88853pt too wide) in paragraph at lines 2675--2681
[][]\TU/lmr/bx/n/10 Def-i-ni-tion 276 \TU/lmr/m/n/10 (Cohen--Macaulay lo-cal rin
g)\TU/lmr/bx/n/10 . [][]\TU/lmr/m/n/10 A Noethe-rian lo-cal ring $\TU/latinmode
rn-math.otf(1)/m/n/10 (𝑅, 𝔪)$ \TU/lmr/m/n/10 is \TU/lmr/m/it/10 Cohen--Mac
aulay
 []


LaTeX Warning: Reference `thm:cotangent_dim_drop' on page 66 undefined on input
 line 2743.


LaTeX Warning: Reference `lem:notMemSq_witness' on page 66 undefined on input l
ine 2743.

[66]

LaTeX Warning: Reference `thm:cotangent_dim_drop' on page 67 undefined on input
 line 2753.


LaTeX Warning: Reference `lem:notMemSq_witness' on page 67 undefined on input l
ine 2767.


LaTeX Warning: Reference `lem:regular_quotient' on page 67 undefined on input l
ine 2767.


LaTeX Warning: Reference `lem:notMemSq_witness' on page 67 undefined on input l
ine 2780.


LaTeX Warning: Reference `lem:regular_quotient' on page 67 undefined on input l
ine 2780.


LaTeX Warning: Reference `lem:regular_quotient' on page 67 undefined on input l
ine 2806.


LaTeX Warning: Reference `lem:notMemSq_witness' on page 67 undefined on input l
ine 2816.


LaTeX Warning: Reference `thm:regular_isDomain' on page 67 undefined on input l
ine 2816.


LaTeX Warning: Reference `lem:regular_quotient' on page 67 undefined on input l
ine 2816.


LaTeX Warning: Reference `lem:notMemSq_witness' on page 67 undefined on input l
ine 2825.


LaTeX Warning: Reference `thm:regular_isDomain' on page 67 undefined on input l
ine 2827.


LaTeX Warning: Reference `lem:regular_quotient' on page 67 undefined on input l
ine 2828.


LaTeX Warning: Reference `def:cohen_macaulay' on page 67 undefined on input lin
e 2841.


LaTeX Warning: Reference `def:depth' on page 67 undefined on input line 2841.


LaTeX Warning: Reference `thm:regular_system_isRegular' on page 67 undefined on
 input line 2841.


LaTeX Warning: Reference `def:depth' on page 67 undefined on input line 2849.


LaTeX Warning: Reference `thm:regular_system_isRegular' on page 67 undefined on
 input line 2852.

[67]

LaTeX Warning: Reference `def:cohen_macaulay' on page 68 undefined on input lin
e 2865.

) (./chapters/Cohomology.tex [68]
Chapter 5.

LaTeX Warning: Reference `chap:Algebra' on page 69 undefined on input line 13.


LaTeX Warning: Reference `def:genus' on page 69 undefined on input line 15.


LaTeX Warning: Reference `def:constModuleSheaf' on page 69 undefined on input l
ine 39.


LaTeX Warning: Reference `def:HModule' on page 69 undefined on input line 52.

[69

]

LaTeX Warning: Reference `def:HModule' on page 70 undefined on input line 67.


LaTeX Warning: Reference `def:constModuleSheaf' on page 70 undefined on input l
ine 100.


LaTeX Warning: Reference `def:constAdjHomEquiv' on page 70 undefined on input l
ine 100.


LaTeX Warning: Reference `def:constAdjHomEquiv' on page 70 undefined on input l
ine 103.


LaTeX Warning: Reference `def:constHomEquiv' on page 70 undefined on input line
 110.


LaTeX Warning: Reference `def:constHomEquiv' on page 70 undefined on input line
 112.


LaTeX Warning: Reference `def:HModule' on page 70 undefined on input line 125.


LaTeX Warning: Reference `def:constHomEquiv' on page 70 undefined on input line
 125.


LaTeX Warning: Reference `def:constHomEquiv' on page 70 undefined on input line
 128.


LaTeX Warning: Reference `def:HModule_linearEquiv0' on page 70 undefined on inp
ut line 134.


LaTeX Warning: Reference `def:HModule_map' on page 70 undefined on input line 1
34.


LaTeX Warning: Reference `def:HModule_linearEquiv0' on page 70 undefined on inp
ut line 136.


LaTeX Warning: Reference `lem:constHomEquiv_naturality' on page 70 undefined on
 input line 142.


LaTeX Warning: Reference `lem:constHomEquiv_naturality' on page 70 undefined on
 input line 144.


LaTeX Warning: Reference `sec:mv-in-text' on page 70 undefined on input line 15
3.


LaTeX Warning: Reference `def:HModule_linearEquivHModule'' on page 70 undefined
 on input line 154.


LaTeX Warning: Reference `def:freeModuleSheaf' on page 70 undefined on input li
ne 169.


LaTeX Warning: Reference `def:freeModuleSheaf' on page 70 undefined on input li
ne 180.

[70]
Overfull \hbox (7.82265pt too wide) in paragraph at lines 194--196
[]\TU/lmr/m/n/10 sheafi-fi-ca-tion is left ad-joint to the in-clu-sion of sheave
s into presheaves, giv-ing $[]\TU/latinmodern-math.otf(1)/m/n/10 (𝑅[𝑈], 
𝐹) ≅
 []


LaTeX Warning: Reference `def:freeModuleSheafHomEquiv' on page 71 undefined on 
input line 212.


LaTeX Warning: Reference `def:freeModuleSheafMap' on page 71 undefined on input
 line 212.


LaTeX Warning: Reference `def:freeModuleSheafHomEquiv' on page 71 undefined on 
input line 214.


LaTeX Warning: Reference `def:freeModuleSheafHomEquiv' on page 71 undefined on 
input line 227.


LaTeX Warning: Reference `def:freeModuleSheaf' on page 71 undefined on input li
ne 237.


LaTeX Warning: Reference `def:HModule'' on page 71 undefined on input line 249.



LaTeX Warning: Reference `def:freeModuleSheafHomEquiv' on page 71 undefined on 
input line 249.


LaTeX Warning: Reference `def:freeModuleSheafHomEquiv' on page 71 undefined on 
input line 252.


LaTeX Warning: Reference `def:HModule'' on page 71 undefined on input line 258.



LaTeX Warning: Reference `def:freeModuleSheafMap' on page 71 undefined on input
 line 258.


LaTeX Warning: Reference `def:HModule'' on page 71 undefined on input line 270.



LaTeX Warning: Reference `def:HModule'_res' on page 71 undefined on input line 
276.

[71]

LaTeX Warning: Reference `def:HModule'_mapCoeff' on page 72 undefined on input 
line 290.


LaTeX Warning: Reference `def:HModule'_mapCoeff' on page 72 undefined on input 
line 297.


LaTeX Warning: Reference `def:HModule'_congrCoeff' on page 72 undefined on inpu
t line 306.


LaTeX Warning: Reference `def:HModule'_congrCoeff' on page 72 undefined on inpu
t line 313.


LaTeX Warning: Reference `def:freeModuleSheaf' on page 72 undefined on input li
ne 321.


LaTeX Warning: Reference `def:constModuleSheaf' on page 72 undefined on input l
ine 321.


LaTeX Warning: Reference `def:freeModuleSheafHomEquiv' on page 72 undefined on 
input line 321.


LaTeX Warning: Reference `def:constHomEquiv' on page 72 undefined on input line
 321.


LaTeX Warning: Reference `def:freeModuleSheafHomEquiv' on page 72 undefined on 
input line 329.


LaTeX Warning: Reference `def:constHomEquiv' on page 72 undefined on input line
 330.


LaTeX Warning: Reference `def:HModule' on page 72 undefined on input line 340.


LaTeX Warning: Reference `def:HModule'' on page 72 undefined on input line 340.



LaTeX Warning: Reference `def:freeModuleSheafIsoConstModuleSheaf' on page 72 un
defined on input line 340.


LaTeX Warning: Reference `def:freeModuleSheafIsoConstModuleSheaf' on page 72 un
defined on input line 348.

[72]

LaTeX Warning: Reference `def:overAlgebraMap' on page 73 undefined on input lin
e 380.


LaTeX Warning: Reference `def:overAlgebraMap' on page 73 undefined on input lin
e 384.


LaTeX Warning: Reference `def:overAlgebraMap' on page 73 undefined on input lin
e 389.


LaTeX Warning: Reference `def:moduleKSheaf' on page 73 undefined on input line 
398.


LaTeX Warning: Reference `def:HModule_linearEquiv0' on page 73 undefined on inp
ut line 398.


LaTeX Warning: Reference `def:HModule_linearEquiv0' on page 73 undefined on inp
ut line 405.


LaTeX Warning: Reference `lem:denominator_clearing' on page 73 undefined on inp
ut line 446.


LaTeX Warning: Reference `lem:denominator_clearing' on page 73 undefined on inp
ut line 472.


LaTeX Warning: Reference `lem:section_annihilation' on page 73 undefined on inp
ut line 472.

[73]

LaTeX Warning: Reference `lem:denominator_clearing' on page 74 undefined on inp
ut line 478.


LaTeX Warning: Reference `lem:section_annihilation' on page 74 undefined on inp
ut line 492.


LaTeX Warning: Reference `thm:affine_open_cech_cobounding' on page 74 undefined
 on input line 518.


LaTeX Warning: Reference `thm:affine_open_cech_cobounding' on page 74 undefined
 on input line 523.


LaTeX Warning: Reference `thm:affine_open_cech_cobounding' on page 74 undefined
 on input line 529.

[74]

LaTeX Warning: Reference `lem:sections_left_exact' on page 75 undefined on inpu
t line 586.


LaTeX Warning: Reference `def:moduleKSheaf' on page 75 undefined on input line 
593.


LaTeX Warning: Reference `lem:sections_left_exact' on page 75 undefined on inpu
t line 603.


LaTeX Warning: Reference `lem:app_injective_of_mono' on page 75 undefined on in
put line 603.


LaTeX Warning: Reference `thm:affine_open_cech_cobounding' on page 75 undefined
 on input line 603.


LaTeX Warning: Reference `lem:sections_left_exact' on page 75 undefined on inpu
t line 617.


LaTeX Warning: Reference `lem:app_injective_of_mono' on page 75 undefined on in
put line 623.


LaTeX Warning: Reference `thm:affine_open_cech_cobounding' on page 75 undefined
 on input line 625.


LaTeX Warning: Reference `def:HModule'' on page 75 undefined on input line 638.



LaTeX Warning: Reference `def:moduleKSheaf' on page 75 undefined on input line 
638.


LaTeX Warning: Reference `thm:cokernel_app_surjective_affine_open' on page 75 u
ndefined on input line 638.


LaTeX Warning: Reference `lem:ext_one_vanishing_criterion' on page 75 undefined
 on input line 650.


LaTeX Warning: Reference `def:freeModuleSheafHomEquiv' on page 75 undefined on 
input line 650.


LaTeX Warning: Reference `lem:ext_one_vanishing_criterion' on page 75 undefined
 on input line 654.


LaTeX Warning: Reference `def:freeModuleSheafHomEquiv' on page 75 undefined on 
input line 656.


LaTeX Warning: Reference `thm:cokernel_app_surjective_affine_open' on page 75 u
ndefined on input line 659.


LaTeX Warning: Reference `def:HModule' on page 75 undefined on input line 665.


LaTeX Warning: Reference `def:moduleKSheaf' on page 75 undefined on input line 
665.


LaTeX Warning: Reference `lem:ext_one_vanishing_criterion' on page 75 undefined
 on input line 676.


LaTeX Warning: Reference `thm:cokernel_app_surjective_affine_open' on page 75 u
ndefined on input line 676.


LaTeX Warning: Reference `def:constHomEquiv' on page 75 undefined on input line
 676.


LaTeX Warning: Reference `lem:constHomEquiv_naturality' on page 75 undefined on
 input line 676.


LaTeX Warning: Reference `lem:ext_one_vanishing_criterion' on page 75 undefined
 on input line 680.


LaTeX Warning: Reference `def:constHomEquiv' on page 75 undefined on input line
 682.


LaTeX Warning: Reference `lem:constHomEquiv_naturality' on page 75 undefined on
 input line 682.


LaTeX Warning: Reference `thm:cokernel_app_surjective_affine_open' on page 75 u
ndefined on input line 686.

[75]

LaTeX Warning: Reference `def:qcohOn' on page 76 undefined on input line 733.


LaTeX Warning: Reference `def:moduleKSheaf' on page 76 undefined on input line 
733.


LaTeX Warning: Reference `lem:denominator_clearing' on page 76 undefined on inp
ut line 733.


LaTeX Warning: Reference `lem:section_annihilation' on page 76 undefined on inp
ut line 733.


LaTeX Warning: Reference `lem:denominator_clearing' on page 76 undefined on inp
ut line 744.


LaTeX Warning: Reference `lem:section_annihilation' on page 76 undefined on inp
ut line 745.


LaTeX Warning: Reference `def:qcohOn' on page 76 undefined on input line 751.

[76]

LaTeX Warning: Reference `thm:affine_open_cech_cobounding' on page 77 undefined
 on input line 761.


LaTeX Warning: Reference `def:qcohOn' on page 77 undefined on input line 776.


LaTeX Warning: Reference `thm:cech_cobounding_qcoh' on page 77 undefined on inp
ut line 776.


LaTeX Warning: Reference `lem:sections_left_exact' on page 77 undefined on inpu
t line 776.


LaTeX Warning: Reference `lem:app_injective_of_mono' on page 77 undefined on in
put line 776.


LaTeX Warning: Reference `thm:cokernel_app_surjective_affine_open' on page 77 u
ndefined on input line 785.


LaTeX Warning: Reference `lem:sections_left_exact' on page 77 undefined on inpu
t line 789.


LaTeX Warning: Reference `lem:app_injective_of_mono' on page 77 undefined on in
put line 790.


LaTeX Warning: Reference `thm:cech_cobounding_qcoh' on page 77 undefined on inp
ut line 791.


LaTeX Warning: Reference `def:qcohOn' on page 77 undefined on input line 799.


LaTeX Warning: Reference `def:HModule'' on page 77 undefined on input line 799.



LaTeX Warning: Reference `thm:cokernel_app_surjective_qcoh' on page 77 undefine
d on input line 799.


LaTeX Warning: Reference `lem:ext_one_vanishing_criterion' on page 77 undefined
 on input line 799.


LaTeX Warning: Reference `def:freeModuleSheafHomEquiv' on page 77 undefined on 
input line 799.


LaTeX Warning: Reference `thm:affine_open_h1_vanishing' on page 77 undefined on
 input line 807.


LaTeX Warning: Reference `thm:affine_open_h1_vanishing' on page 77 undefined on
 input line 811.


LaTeX Warning: Reference `lem:ext_one_vanishing_criterion' on page 77 undefined
 on input line 812.


LaTeX Warning: Reference `def:freeModuleSheafHomEquiv' on page 77 undefined on 
input line 814.


LaTeX Warning: Reference `thm:cokernel_app_surjective_qcoh' on page 77 undefine
d on input line 816.


LaTeX Warning: Reference `def:qcohOn' on page 77 undefined on input line 822.


LaTeX Warning: Reference `def:HModule' on page 77 undefined on input line 822.


LaTeX Warning: Reference `thm:hModule1_vanishing_qcoh' on page 77 undefined on 
input line 822.


LaTeX Warning: Reference `def:HModule_linearEquivHModule'' on page 77 undefined
 on input line 822.


LaTeX Warning: Reference `thm:affine_vanishing' on page 77 undefined on input l
ine 826.


LaTeX Warning: Reference `thm:hModule1_vanishing_qcoh' on page 77 undefined on 
input line 830.


LaTeX Warning: Reference `def:HModule_linearEquivHModule'' on page 77 undefined
 on input line 832.


LaTeX Warning: Reference `def:qcohOn' on page 77 undefined on input line 845.

[77]

LaTeX Warning: Reference `def:qcohOn_module' on page 78 undefined on input line
 857.


LaTeX Warning: Reference `def:qcohOn_module' on page 78 undefined on input line
 860.


LaTeX Warning: Reference `def:qcohOn' on page 78 undefined on input line 868.


LaTeX Warning: Reference `def:qcohOn_module' on page 78 undefined on input line
 868.


LaTeX Warning: Reference `def:qcohOn_secRes_linear' on page 78 undefined on inp
ut line 868.


LaTeX Warning: Reference `def:qcohOn_module' on page 78 undefined on input line
 872.


LaTeX Warning: Reference `thm:qcohOn_isLocalizedModule' on page 78 undefined on
 input line 901.


LaTeX Warning: Reference `thm:moduleKSheaf_qcohOn' on page 78 undefined on inpu
t line 901.


LaTeX Warning: Reference `def:moduleKSheaf' on page 78 undefined on input line 
901.


LaTeX Warning: Reference `thm:moduleKSheaf_qcohOn' on page 78 undefined on inpu
t line 910.


LaTeX Warning: Reference `thm:qcohOn_isLocalizedModule' on page 78 undefined on
 input line 912.


LaTeX Warning: Reference `thm:qcohOn_isLocalizedModule' on page 78 undefined on
 input line 915.


Package hyperref Warning: Token not allowed in a PDF string (Unicode):
(hyperref)                removing `math shift' on input line 918.

[78]

LaTeX Warning: Reference `def:MayerVietorisSquare' on page 79 undefined on inpu
t line 953.


LaTeX Warning: Reference `def:MayerVietorisSquare' on page 79 undefined on inpu
t line 968.


LaTeX Warning: Reference `def:freeModuleSheaf' on page 79 undefined on input li
ne 968.


LaTeX Warning: Reference `def:freeModuleSheafMap' on page 79 undefined on input
 line 968.


LaTeX Warning: Reference `def:moduleShortComplex' on page 79 undefined on input
 line 982.


LaTeX Warning: Reference `def:moduleShortComplex' on page 79 undefined on input
 line 984.


LaTeX Warning: Reference `def:freeModuleSheafMap' on page 79 undefined on input
 line 993.


LaTeX Warning: Reference `def:MayerVietorisSquare' on page 79 undefined on inpu
t line 997.


LaTeX Warning: Reference `def:moduleShortComplex' on page 79 undefined on input
 line 1009.


LaTeX Warning: Reference `def:MayerVietorisSquare' on page 79 undefined on inpu
t line 1031.

[79]

LaTeX Warning: Reference `def:moduleDiff' on page 80 undefined on input line 10
45.


LaTeX Warning: Reference `def:mv_sheaf_condition' on page 80 undefined on input
 line 1045.


LaTeX Warning: Reference `def:moduleDiff' on page 80 undefined on input line 10
53.


LaTeX Warning: Reference `def:mv_sheaf_condition' on page 80 undefined on input
 line 1058.


Overfull \hbox (13.13705pt too wide) detected at line 1080
[][]\TU/latinmodern-math.otf(1)/m/n/10 (𝐶, 𝑌) [] [][](𝐵, 𝑌) [] [][]
(𝐴, 𝑌) [] [][](𝐶, 𝑌) [] [][](𝐵, 𝑌) [] [][](𝐴, 𝑌)
 []


LaTeX Warning: Reference `def:HModule'_linearEquiv0' on page 80 undefined on in
put line 1092.


LaTeX Warning: Reference `thm:moduleShortComplex_shortExact' on page 80 undefin
ed on input line 1092.


LaTeX Warning: Reference `lem:ext_contravariant_les' on page 80 undefined on in
put line 1092.


LaTeX Warning: Reference `def:HModule'_linearEquiv0' on page 80 undefined on in
put line 1096.


LaTeX Warning: Reference `lem:ext_contravariant_les' on page 80 undefined on in
put line 1098.


LaTeX Warning: Reference `thm:moduleShortComplex_shortExact' on page 80 undefin
ed on input line 1099.


LaTeX Warning: Reference `def:moduleDelta' on page 80 undefined on input line 1
107.


LaTeX Warning: Reference `def:moduleDiff' on page 80 undefined on input line 11
07.


LaTeX Warning: Reference `lem:ext_contravariant_les' on page 80 undefined on in
put line 1117.


LaTeX Warning: Reference `thm:moduleShortComplex_shortExact' on page 80 undefin
ed on input line 1117.


LaTeX Warning: Reference `lem:freeModuleSheafHomEquiv_naturality' on page 80 un
defined on input line 1117.


LaTeX Warning: Reference `lem:ext_contravariant_les' on page 80 undefined on in
put line 1118.


LaTeX Warning: Reference `thm:moduleShortComplex_shortExact' on page 80 undefin
ed on input line 1119.


LaTeX Warning: Reference `lem:ext_contravariant_les' on page 80 undefined on in
put line 1121.


LaTeX Warning: Reference `def:HModule'_linearEquiv0' on page 80 undefined on in
put line 1122.


LaTeX Warning: Reference `lem:freeModuleSheafHomEquiv_naturality' on page 80 un
defined on input line 1126.


LaTeX Warning: Reference `def:moduleDelta' on page 80 undefined on input line 1
135.


LaTeX Warning: Reference `def:HModule'_res' on page 80 undefined on input line 
1135.


LaTeX Warning: Reference `def:HModule'_res' on page 80 undefined on input line 
1141.


LaTeX Warning: Reference `lem:ext_contravariant_les' on page 80 undefined on in
put line 1147.


LaTeX Warning: Reference `thm:moduleShortComplex_shortExact' on page 80 undefin
ed on input line 1147.


LaTeX Warning: Reference `lem:mv_exact_at_X1' on page 80 undefined on input lin
e 1148.


LaTeX Warning: Reference `lem:ext_contravariant_les' on page 80 undefined on in
put line 1149.

[80]

LaTeX Warning: Reference `lem:mv_exact_at_H1X4' on page 81 undefined on input l
ine 1158.


LaTeX Warning: Reference `lem:mv_exact_at_H1X4' on page 81 undefined on input l
ine 1165.


LaTeX Warning: Reference `def:moduleDelta' on page 81 undefined on input line 1
173.


LaTeX Warning: Reference `lem:mv_exact_at_X1' on page 81 undefined on input lin
e 1173.


LaTeX Warning: Reference `lem:mv_exact_at_X1' on page 81 undefined on input lin
e 1176.


Overfull \hbox (17.9284pt too wide) in paragraph at lines 1173--1177
[][]\TU/lmr/bx/n/10 Def-i-ni-tion 338 \TU/lmr/m/n/10 (The con-nect-ing map on th
e cok-er-nel)\TU/lmr/bx/n/10 . [][][]\TU/lmr/m/n/10 Since $[]\TU/latinmodern-ma
th.otf(1)/m/n/10 ([]) ⊆ []([])$
 []


LaTeX Warning: Reference `def:moduleDeltaQuotient' on page 81 undefined on inpu
t line 1185.


LaTeX Warning: Reference `lem:mv_exact_at_X1' on page 81 undefined on input lin
e 1185.


LaTeX Warning: Reference `thm:moduleDelta_surjective' on page 81 undefined on i
nput line 1185.


LaTeX Warning: Reference `def:moduleDeltaQuotient' on page 81 undefined on inpu
t line 1189.


Overfull \hbox (17.19624pt too wide) in paragraph at lines 1185--1190
[][]\TU/lmr/bx/n/10 The-o-rem 339 \TU/lmr/m/n/10 (The Mayer--Vietoris two-cover cok-er-nel com-pu-ta-tion)\TU/lmr/bx/n/10 . [][][][]\TU/lmr/m/it/10 If $\TU/latinmodern-math.otf(1)/m/n/10 
𝐻[](𝑋[], 𝐹)$ \TU/lmr/m/it/10 and $\TU/latinmodern-math.otf(1)/m/n/10 
𝐻[](𝑋[], 𝐹)$
 []


LaTeX Warning: Reference `lem:mv_exact_at_X1' on page 81 undefined on input lin
e 1197.


LaTeX Warning: Reference `thm:moduleDelta_surjective' on page 81 undefined on i
nput line 1199.


LaTeX Warning: Reference `thm:h1LinearEquiv' on page 81 undefined on input line
 1205.


LaTeX Warning: Reference `thm:h1LinearEquiv' on page 81 undefined on input line
 1207.


LaTeX Warning: Reference `def:moduleDeltaQuotient' on page 81 undefined on inpu
t line 1212.


LaTeX Warning: Reference `thm:h1LinearEquiv' on page 81 undefined on input line
 1213.


LaTeX Warning: Reference `sec:mv-in-text' on page 81 undefined on input line 12
26.


LaTeX Warning: Reference `thm:affine_open_h1_vanishing' on page 81 undefined on
 input line 1228.


LaTeX Warning: Reference `def:MayerVietorisSquare' on page 81 undefined on inpu
t line 1235.


LaTeX Warning: Reference `def:MayerVietorisSquare' on page 81 undefined on inpu
t line 1240.


LaTeX Warning: Reference `def:opens_mayerVietorisSquare'' on page 81 undefined 
on input line 1247.


LaTeX Warning: Reference `def:opens_mayerVietorisSquare'' on page 81 undefined 
on input line 1251.


LaTeX Warning: Reference `def:twoCoverSquare' on page 81 undefined on input lin
e 1258.


LaTeX Warning: Reference `def:HModule_linearEquivHModule'' on page 81 undefined
 on input line 1258.


LaTeX Warning: Reference `thm:h1LinearEquiv' on page 81 undefined on input line
 1258.


LaTeX Warning: Reference `def:HModule_linearEquivHModule'' on page 81 undefined
 on input line 1273.


LaTeX Warning: Reference `thm:h1LinearEquiv' on page 81 undefined on input line
 1274.


LaTeX Warning: Reference `def:twoCoverSquare' on page 81 undefined on input lin
e 1275.

[81]

LaTeX Warning: Reference `def:moduleKSheaf' on page 82 undefined on input line 
1282.


LaTeX Warning: Reference `def:moduleDiff' on page 82 undefined on input line 12
90.


LaTeX Warning: Reference `def:twoCoverSquare' on page 82 undefined on input lin
e 1291.


LaTeX Warning: Reference `def:TwoCover_diff' on page 82 undefined on input line
 1297.


LaTeX Warning: Reference `def:TwoCover_diff' on page 82 undefined on input line
 1300.


LaTeX Warning: Reference `def:TwoCover_H1Cok' on page 82 undefined on input lin
e 1307.


LaTeX Warning: Reference `def:TwoCover_H1Cok' on page 82 undefined on input lin
e 1310.


LaTeX Warning: Reference `def:TwoCover_diff' on page 82 undefined on input line
 1316.


LaTeX Warning: Reference `def:twoCoverSquare' on page 82 undefined on input lin
e 1322.


LaTeX Warning: Reference `def:HModule_linearEquivHModule'' on page 82 undefined
 on input line 1322.


LaTeX Warning: Reference `def:moduleDelta' on page 82 undefined on input line 1
322.


LaTeX Warning: Reference `def:moduleDelta' on page 82 undefined on input line 1
326.


LaTeX Warning: Reference `def:twoCoverSquare' on page 82 undefined on input lin
e 1326.


LaTeX Warning: Reference `def:HModule_linearEquivHModule'' on page 82 undefined
 on input line 1329.


LaTeX Warning: Reference `def:TwoCover_delta' on page 82 undefined on input lin
e 1335.


LaTeX Warning: Reference `def:TwoCover_diff' on page 82 undefined on input line
 1335.


LaTeX Warning: Reference `lem:mv_exact_at_X1' on page 82 undefined on input lin
e 1335.


LaTeX Warning: Reference `def:TwoCover_diff' on page 82 undefined on input line
 1342.


LaTeX Warning: Reference `lem:mv_exact_at_X1' on page 82 undefined on input lin
e 1343.


LaTeX Warning: Reference `def:HModule_linearEquivHModule'' on page 82 undefined
 on input line 1344.


LaTeX Warning: Reference `lem:TwoCover_delta_diff' on page 82 undefined on inpu
t line 1352.


LaTeX Warning: Reference `def:TwoCover_diff' on page 82 undefined on input line
 1360.


LaTeX Warning: Reference `lem:TwoCover_delta_diff' on page 82 undefined on inpu
t line 1360.


LaTeX Warning: Reference `def:TwoCover_delta' on page 82 undefined on input lin
e 1367.


LaTeX Warning: Reference `thm:affine_open_h1_vanishing' on page 82 undefined on
 input line 1367.


LaTeX Warning: Reference `thm:moduleDelta_surjective' on page 82 undefined on i
nput line 1367.


LaTeX Warning: Reference `thm:affine_open_h1_vanishing' on page 82 undefined on
 input line 1374.


LaTeX Warning: Reference `thm:moduleDelta_surjective' on page 82 undefined on i
nput line 1375.


LaTeX Warning: Reference `def:HModule_linearEquivHModule'' on page 82 undefined
 on input line 1377.


LaTeX Warning: Reference `thm:affine_open_h1_vanishing' on page 82 undefined on
 input line 1385.


LaTeX Warning: Reference `thm:h1LinearEquiv' on page 82 undefined on input line
 1385.


LaTeX Warning: Reference `def:HModule_linearEquivHModule'' on page 82 undefined
 on input line 1385.


LaTeX Warning: Reference `def:TwoCover_H1Cok' on page 82 undefined on input lin
e 1385.


LaTeX Warning: Reference `def:TwoCover_diff' on page 82 undefined on input line
 1394.


LaTeX Warning: Reference `thm:moduleShortComplex_shortExact' on page 82 undefin
ed on input line 1396.


LaTeX Warning: Reference `thm:affine_open_h1_vanishing' on page 82 undefined on
 input line 1397.


LaTeX Warning: Reference `thm:affine_open_h1_vanishing' on page 82 undefined on
 input line 1403.


LaTeX Warning: Reference `thm:h1LinearEquiv' on page 82 undefined on input line
 1404.


LaTeX Warning: Reference `def:twoCoverSquare' on page 82 undefined on input lin
e 1404.


LaTeX Warning: Reference `def:HModule_linearEquivHModule'' on page 82 undefined
 on input line 1409.

[82]

LaTeX Warning: Reference `thm:TwoCover_h1CokEquiv' on page 83 undefined on inpu
t line 1415.


LaTeX Warning: Reference `def:TwoCover_delta' on page 83 undefined on input lin
e 1415.


LaTeX Warning: Reference `lem:h1LinearEquiv_mk' on page 83 undefined on input l
ine 1415.


LaTeX Warning: Reference `thm:TwoCover_h1CokEquiv' on page 83 undefined on inpu
t line 1417.


LaTeX Warning: Reference `def:TwoCover_delta' on page 83 undefined on input lin
e 1418.


LaTeX Warning: Reference `thm:TwoCover_h1CokEquiv' on page 83 undefined on inpu
t line 1424.


LaTeX Warning: Reference `def:TwoCover_delta' on page 83 undefined on input lin
e 1424.


LaTeX Warning: Reference `thm:h1LinearEquiv' on page 83 undefined on input line
 1425.


LaTeX Warning: Reference `def:HModule_linearEquivHModule'' on page 83 undefined
 on input line 1426.


LaTeX Warning: Reference `lem:h1LinearEquiv_mk' on page 83 undefined on input l
ine 1426.


LaTeX Warning: Reference `lem:TwoCover_h1CokEquiv_delta' on page 83 undefined o
n input line 1433.


LaTeX Warning: Reference `thm:TwoCover_h1CokEquiv' on page 83 undefined on inpu
t line 1435.


LaTeX Warning: Reference `thm:TwoCover_h1CokEquiv' on page 83 undefined on inpu
t line 1440.


LaTeX Warning: Reference `lem:TwoCover_h1CokEquiv_delta' on page 83 undefined o
n input line 1441.


LaTeX Warning: Reference `sec:mv-in-text' on page 83 undefined on input line 14
49.


LaTeX Warning: Reference `chap:Curves' on page 83 undefined on input line 1449.



LaTeX Warning: Reference `def:relCurve' on page 83 undefined on input line 1467
.


LaTeX Warning: Reference `def:AffineTwoCover' on page 83 undefined on input lin
e 1467.


LaTeX Warning: Reference `thm:AffineTwoCover_pullbackProd' on page 83 undefined
 on input line 1467.


LaTeX Warning: Reference `def:AffineTwoCover' on page 83 undefined on input lin
e 1469.


LaTeX Warning: Reference `thm:AffineTwoCover_pullbackProd' on page 83 undefined
 on input line 1473.


LaTeX Warning: Reference `def:relCover' on page 83 undefined on input line 1480
.


LaTeX Warning: Reference `thm:AffineTwoCover_pullbackProd' on page 83 undefined
 on input line 1487.


LaTeX Warning: Reference `thm:AffineTwoCover_pullbackProd' on page 83 undefined
 on input line 1489.


LaTeX Warning: Reference `def:relCover' on page 83 undefined on input line 1495
.


LaTeX Warning: Reference `def:relCurve' on page 83 undefined on input line 1510
.


LaTeX Warning: Reference `def:relCover' on page 83 undefined on input line 1510
.


LaTeX Warning: Reference `def:moduleKSheaf' on page 83 undefined on input line 
1510.


LaTeX Warning: Reference `def:TwoCover_diff' on page 83 undefined on input line
 1510.


LaTeX Warning: Reference `def:TwoCover_H1Cok' on page 83 undefined on input lin
e 1510.


LaTeX Warning: Reference `def:TwoCover_diff' on page 83 undefined on input line
 1520.

[83]

LaTeX Warning: Reference `thm:TwoCover_h1CokEquiv' on page 84 undefined on inpu
t line 1524.


LaTeX Warning: Reference `lem:relCover_charts' on page 84 undefined on input li
ne 1524.


LaTeX Warning: Reference `lem:relCover_charts' on page 84 undefined on input li
ne 1525.


LaTeX Warning: Reference `thm:TwoCover_h1CokEquiv' on page 84 undefined on inpu
t line 1526.


LaTeX Warning: Reference `def:relCurve' on page 84 undefined on input line 1534
.


LaTeX Warning: Reference `thm:isIso_appLE_snd' on page 84 undefined on input li
ne 1534.


LaTeX Warning: Reference `def:moduleKSheafHZero' on page 84 undefined on input 
line 1549.


LaTeX Warning: Reference `def:moduleKSheafHZero' on page 84 undefined on input 
line 1551.


LaTeX Warning: Reference `thm:isIso_appLE_snd' on page 84 undefined on input li
ne 1552.


LaTeX Warning: Reference `thm:isIso_appLE_snd' on page 84 undefined on input li
ne 1555.


Overfull \hbox (0.98727pt too wide) in paragraph at lines 1549--1558
\TU/lmr/m/n/10 met-ri-cally re-duced --- hold for a smooth curve). Com-pos-ing 
with the iden-ti-fi-ca-tion $\TU/latinmodern-math.otf(1)/m/n/10 Γ([] 𝑅, 
⊤) ≅
 []


LaTeX Warning: Reference `chap:Curves' on page 84 undefined on input line 1566.



LaTeX Warning: Reference `def:P1_chartOpen' on page 84 undefined on input line 
1567.


LaTeX Warning: Reference `def:P1_chartCoord' on page 84 undefined on input line
 1567.


LaTeX Warning: Reference `def:P1_chartSectionsEquiv0' on page 84 undefined on i
nput line 1568.


LaTeX Warning: Reference `def:P1_overlapSectionsEquiv' on page 84 undefined on 
input line 1568.


Overfull \hbox (5.5034pt too wide) detected at line 1587
\TU/latinmodern-math.otf(1)/m/n/10 Γ([] 𝑘, ⊤) → Γ(𝑌, ⊤) → Γ(
𝑌, 𝑈) [] Γ(𝑋, 𝑉) [] Γ([] 𝑘, ⊤) → Γ(𝑋, ⊤) → Γ(
𝑋, 𝑉)
 []


LaTeX Warning: Reference `def:overAlgebraMap' on page 84 undefined on input lin
e 1602.


LaTeX Warning: Reference `lem:appTop_map_appLE' on page 84 undefined on input l
ine 1602.


LaTeX Warning: Reference `lem:appTop_map_appLE' on page 84 undefined on input l
ine 1604.


LaTeX Warning: Reference `def:overAlgebraMap' on page 84 undefined on input lin
e 1606.

[84]

LaTeX Warning: Reference `lem:appTop_map_appLE' on page 85 undefined on input l
ine 1611.


LaTeX Warning: Reference `def:P1_structureMap' on page 85 undefined on input li
ne 1618.


LaTeX Warning: Reference `lem:P1_chartIota_structureMap' on page 85 undefined o
n input line 1623.


LaTeX Warning: Reference `def:P1_gradeZero' on page 85 undefined on input line 
1628.


LaTeX Warning: Reference `lem:P1_chartIota_structureMap' on page 85 undefined o
n input line 1629.


LaTeX Warning: Reference `def:P1_gradeZero' on page 85 undefined on input line 
1632.


LaTeX Warning: Reference `def:P1' on page 85 undefined on input line 1638.


LaTeX Warning: Reference `def:P1_structureMap' on page 85 undefined on input li
ne 1654.


LaTeX Warning: Reference `lem:P1_awayi_structureMap' on page 85 undefined on in
put line 1654.


LaTeX Warning: Reference `lem:P1_basicOpen_iota_eq' on page 85 undefined on inp
ut line 1654.


LaTeX Warning: Reference `lem:P1_basicOpen_iota_eq' on page 85 undefined on inp
ut line 1666.


LaTeX Warning: Reference `lem:P1_awayi_structureMap' on page 85 undefined on in
put line 1666.


LaTeX Warning: Reference `def:P1_chartCoord' on page 85 undefined on input line
 1678.


LaTeX Warning: Reference `def:P1_chartOpen' on page 85 undefined on input line 
1693.


LaTeX Warning: Reference `def:P1_chartCoord' on page 85 undefined on input line
 1693.


LaTeX Warning: Reference `lem:P1_basicOpen_iota_eq' on page 85 undefined on inp
ut line 1693.


LaTeX Warning: Reference `lem:P1_isLocalizationElem_X_eq' on page 85 undefined 
on input line 1693.

[85]

LaTeX Warning: Reference `lem:P1_basicOpen_iota_eq' on page 86 undefined on inp
ut line 1718.


LaTeX Warning: Reference `lem:P1_isLocalizationElem_X_eq' on page 86 undefined 
on input line 1721.


LaTeX Warning: Reference `def:P1_overlapSectionsEquiv' on page 86 undefined on 
input line 1731.


LaTeX Warning: Reference `def:P1_chartCoord' on page 86 undefined on input line
 1731.


LaTeX Warning: Reference `def:P1_overlapSectionsEquiv' on page 86 undefined on 
input line 1735.


LaTeX Warning: Reference `lem:P1_res_left' on page 86 undefined on input line 1
747.


LaTeX Warning: Reference `lem:P1_res_right' on page 86 undefined on input line 
1747.


LaTeX Warning: Reference `lem:P1_res_left' on page 86 undefined on input line 1
748.


LaTeX Warning: Reference `lem:P1_res_right' on page 86 undefined on input line 
1748.


LaTeX Warning: Reference `def:P1_overlapAlgEquiv' on page 86 undefined on input
 line 1753.


LaTeX Warning: Reference `chap:Algebra' on page 86 undefined on input line 1760
.


LaTeX Warning: Reference `def:HModule' on page 86 undefined on input line 1773.



LaTeX Warning: Reference `def:moduleKSheaf' on page 86 undefined on input line 
1773.


LaTeX Warning: Reference `def:P1_structureMap' on page 86 undefined on input li
ne 1773.


LaTeX Warning: Reference `lem:preimage_chart_affine' on page 86 undefined on in
put line 1787.


LaTeX Warning: Reference `lem:preimage_chart_sup' on page 86 undefined on input
 line 1787.


LaTeX Warning: Reference `lem:finite_app_overlap' on page 86 undefined on input
 line 1787.


LaTeX Warning: Reference `lem:P1_chartOpen_inf' on page 86 undefined on input l
ine 1787.


LaTeX Warning: Reference `thm:TwoCover_h1CokEquiv' on page 86 undefined on inpu
t line 1787.


LaTeX Warning: Reference `def:TwoCover_diff' on page 86 undefined on input line
 1787.


LaTeX Warning: Reference `def:TwoCover_H1Cok' on page 86 undefined on input lin
e 1787.


LaTeX Warning: Reference `def:P1_overlapSectionsEquiv' on page 86 undefined on 
input line 1787.


LaTeX Warning: Reference `def:P1_chartCoord' on page 86 undefined on input line
 1787.


LaTeX Warning: Reference `lem:P1_laurent_generators' on page 86 undefined on in
put line 1787.


LaTeX Warning: Reference `lem:appLE_overAlgebraMap' on page 86 undefined on inp
ut line 1787.


LaTeX Warning: Reference `lem:P1_structureMap_appTop_awayToSection' on page 86 
undefined on input line 1787.


LaTeX Warning: Reference `thm:P1_basicOpen_chartCoord' on page 86 undefined on 
input line 1787.


LaTeX Warning: Reference `cor:two_lattice_loc_pow' on page 86 undefined on inpu
t line 1787.


LaTeX Warning: Reference `lem:preimage_chart_affine' on page 86 undefined on in
put line 1792.


LaTeX Warning: Reference `lem:preimage_chart_sup' on page 86 undefined on input
 line 1793.


LaTeX Warning: Reference `thm:TwoCover_h1CokEquiv' on page 86 undefined on inpu
t line 1794.


LaTeX Warning: Reference `def:TwoCover_diff' on page 86 undefined on input line
 1801.

[86]

LaTeX Warning: Reference `lem:P1_chartOpen_inf' on page 87 undefined on input l
ine 1805.


LaTeX Warning: Reference `def:P1_overlapSectionsEquiv' on page 87 undefined on 
input line 1812.


LaTeX Warning: Reference `lem:P1_laurent_generators' on page 87 undefined on in
put line 1815.


LaTeX Warning: Reference `lem:P1_structureMap_appTop_awayToSection' on page 87 
undefined on input line 1816.


LaTeX Warning: Reference `lem:appLE_overAlgebraMap' on page 87 undefined on inp
ut line 1818.


LaTeX Warning: Reference `lem:finite_app_overlap' on page 87 undefined on input
 line 1825.


LaTeX Warning: Reference `def:P1_chartCoord' on page 87 undefined on input line
 1842.


LaTeX Warning: Reference `lem:P1_laurent_generators' on page 87 undefined on in
put line 1842.


LaTeX Warning: Reference `lem:P1_laurent_generators' on page 87 undefined on in
put line 1845.


LaTeX Warning: Reference `thm:P1_basicOpen_chartCoord' on page 87 undefined on 
input line 1855.


LaTeX Warning: Reference `cor:two_lattice_loc_pow' on page 87 undefined on inpu
t line 1872.


LaTeX Warning: Reference `def:HModule' on page 87 undefined on input line 1880.



LaTeX Warning: Reference `def:moduleKSheaf' on page 87 undefined on input line 
1880.


LaTeX Warning: Reference `thm:exists_finite_toP1' on page 87 undefined on input
 line 1889.


LaTeX Warning: Reference `thm:moduleFinite_hModule_one_of_isFinite_toP1' on pag
e 87 undefined on input line 1889.


LaTeX Warning: Reference `thm:exists_finite_toP1' on page 87 undefined on input
 line 1890.


LaTeX Warning: Reference `thm:moduleFinite_hModule_one_of_isFinite_toP1' on pag
e 87 undefined on input line 1891.


LaTeX Warning: Reference `def:genus' on page 87 undefined on input line 1896.


LaTeX Warning: Reference `thm:moduleFinite_hModule_one' on page 87 undefined on
 input line 1896.


LaTeX Warning: Reference `def:genus' on page 87 undefined on input line 1898.


LaTeX Warning: Reference `thm:moduleFinite_hModule_one' on page 87 undefined on
 input line 1900.

[87]

LaTeX Warning: Reference `def:moduleKSheaf' on page 88 undefined on input line 
1909.


LaTeX Warning: Reference `sec:qcoh_vanishing' on page 88 undefined on input lin
e 1916.


LaTeX Warning: Reference `def:qcohOn' on page 88 undefined on input line 1922.


LaTeX Warning: Reference `def:qcohOn' on page 88 undefined on input line 1928.


LaTeX Warning: Reference `def:moduleKSheaf' on page 88 undefined on input line 
1946.


LaTeX Warning: Reference `def:twistSections' on page 88 undefined on input line
 1964.


LaTeX Warning: Reference `lem:twistSections_presheaf' on page 88 undefined on i
nput line 1981.

[88]

LaTeX Warning: Reference `def:twistSections' on page 89 undefined on input line
 2003.


LaTeX Warning: Reference `def:twistTriv' on page 89 undefined on input line 202
8.


LaTeX Warning: Reference `lem:twistSections_presheaf' on page 89 undefined on i
nput line 2028.


LaTeX Warning: Reference `thm:twistSheaf' on page 89 undefined on input line 20
44.


LaTeX Warning: Reference `def:qcohOn_transport' on page 89 undefined on input l
ine 2044.


LaTeX Warning: Reference `def:twistTriv' on page 89 undefined on input line 204
4.


LaTeX Warning: Reference `lem:twistTriv_res' on page 89 undefined on input line
 2044.


LaTeX Warning: Reference `thm:moduleKSheaf_qcohOn' on page 89 undefined on inpu
t line 2044.


LaTeX Warning: Reference `lem:twistTriv_res' on page 89 undefined on input line
 2053.


LaTeX Warning: Reference `thm:moduleKSheaf_qcohOn' on page 89 undefined on inpu
t line 2054.


LaTeX Warning: Reference `def:qcohOn_transport' on page 89 undefined on input l
ine 2055.


LaTeX Warning: Reference `def:HModule'' on page 89 undefined on input line 2062
.


LaTeX Warning: Reference `thm:twistSheaf_qcohOn' on page 89 undefined on input 
line 2062.


LaTeX Warning: Reference `thm:hModule1_vanishing_qcoh' on page 89 undefined on 
input line 2062.


Overfull \hbox (10.56946pt too wide) in paragraph at lines 2062--2066
[][]\TU/lmr/bx/n/10 The-o-rem 378 \TU/lmr/m/n/10 (Twisted affine van-ish-ing)\T
U/lmr/bx/n/10 . [][][][]\TU/lmr/m/it/10 If $\TU/latinmodern-math.otf(1)/m/n/10 
𝑉[]$ \TU/lmr/m/it/10 (resp. $\TU/latinmodern-math.otf(1)/m/n/10 𝑉[]$\TU/l
mr/m/it/10 ) is an affine open of $\TU/latinmodern-math.otf(1)/m/n/10 𝑋$\TU/
lmr/m/it/10 , then $\TU/latinmodern-math.otf(1)/m/n/10 𝐻[](𝑉[], 𝐹[]) =
 []


LaTeX Warning: Reference `thm:hModule1_vanishing_qcoh' on page 89 undefined on 
input line 2069.


LaTeX Warning: Reference `thm:twistSheaf_qcohOn' on page 89 undefined on input 
line 2070.


LaTeX Warning: Reference `thm:twistSheaf' on page 89 undefined on input line 20
77.


LaTeX Warning: Reference `def:twoCoverSquare' on page 89 undefined on input lin
e 2077.


LaTeX Warning: Reference `thm:twistSheaf_affine_vanishing' on page 89 undefined
 on input line 2077.


LaTeX Warning: Reference `thm:twoCoverH1LinearEquiv' on page 89 undefined on in
put line 2077.


LaTeX Warning: Reference `def:twoCoverSquare' on page 89 undefined on input lin
e 2088.


LaTeX Warning: Reference `def:twistTriv' on page 89 undefined on input line 209
0.


LaTeX Warning: Reference `thm:twistSheaf_affine_vanishing' on page 89 undefined
 on input line 2095.


LaTeX Warning: Reference `thm:twoCoverH1LinearEquiv' on page 89 undefined on in
put line 2096.


LaTeX Warning: Reference `def:relCurve' on page 89 undefined on input line 2102
.


LaTeX Warning: Reference `def:relCover' on page 89 undefined on input line 2102
.


LaTeX Warning: Reference `lem:relCover_inf' on page 89 undefined on input line 
2102.


LaTeX Warning: Reference `def:twistSections' on page 89 undefined on input line
 2102.


LaTeX Warning: Reference `thm:twistSheaf' on page 89 undefined on input line 21
02.


LaTeX Warning: Reference `lem:relCover_inf' on page 89 undefined on input line 
2111.


LaTeX Warning: Reference `def:relTwistSheaf' on page 89 undefined on input line
 2119.

[89]

LaTeX Warning: Reference `def:twistTwoCoverH1' on page 90 undefined on input li
ne 2119.


LaTeX Warning: Reference `lem:relCover_charts' on page 90 undefined on input li
ne 2119.


LaTeX Warning: Reference `def:relTwistSheaf' on page 90 undefined on input line
 2121.


LaTeX Warning: Reference `lem:relCover_charts' on page 90 undefined on input li
ne 2132.


LaTeX Warning: Reference `def:twistTwoCoverH1' on page 90 undefined on input li
ne 2133.


Package hyperref Warning: Token not allowed in a PDF string (Unicode):
(hyperref)                removing `math shift' on input line 2136.


Package hyperref Warning: Token not allowed in a PDF string (Unicode):
(hyperref)                removing `superscript' on input line 2136.


LaTeX Warning: Reference `sec:mv-in-text' on page 90 undefined on input line 21
43.


LaTeX Warning: Reference `chap:Algebra' on page 90 undefined on input line 2147
.


LaTeX Warning: Reference `def:relCurve' on page 90 undefined on input line 2152
.

[90]

LaTeX Warning: Reference `thm:sectionsBaseChange' on page 91 undefined on input
 line 2203.


LaTeX Warning: Reference `thm:sectionsBaseChange' on page 91 undefined on input
 line 2205.


LaTeX Warning: Reference `thm:sectionsBaseChange' on page 91 undefined on input
 line 2208.


LaTeX Warning: Reference `def:relCurve' on page 91 undefined on input line 2230
.


LaTeX Warning: Reference `def:relCurveMap' on page 91 undefined on input line 2
245.


LaTeX Warning: Reference `def:relCurveMap' on page 91 undefined on input line 2
262.


LaTeX Warning: Reference `lem:relCurveMap_proj' on page 91 undefined on input l
ine 2262.


LaTeX Warning: Reference `lem:relCurveMap_proj' on page 91 undefined on input l
ine 2265.


LaTeX Warning: Reference `def:relSectionsMap' on page 91 undefined on input lin
e 2276.


LaTeX Warning: Reference `lem:relCurveMap_proj' on page 91 undefined on input l
ine 2276.


LaTeX Warning: Reference `def:relSectionsBaseChange' on page 91 undefined on in
put line 2276.


LaTeX Warning: Reference `def:relSectionsBaseChange' on page 91 undefined on in
put line 2288.


LaTeX Warning: Reference `lem:relCurveMap_proj' on page 91 undefined on input l
ine 2295.


LaTeX Warning: Reference `def:relSectionsBaseChange' on page 91 undefined on in
put line 2305.


LaTeX Warning: Reference `lem:relSectionsMap_props' on page 91 undefined on inp
ut line 2305.

[91]

LaTeX Warning: Reference `def:relSectionsBaseChange' on page 92 undefined on in
put line 2316.


LaTeX Warning: Reference `lem:relSectionsMap_props' on page 92 undefined on inp
ut line 2329.


LaTeX Warning: Reference `thm:relTermBaseChange' on page 92 undefined on input 
line 2337.


LaTeX Warning: Reference `def:TwoCover_diff' on page 92 undefined on input line
 2337.


LaTeX Warning: Reference `def:relCover' on page 92 undefined on input line 2337
.


LaTeX Warning: Reference `lem:relCover_charts' on page 92 undefined on input li
ne 2337.


LaTeX Warning: Reference `lem:relCover_inf' on page 92 undefined on input line 
2337.


LaTeX Warning: Reference `lem:relSectionsMap_props' on page 92 undefined on inp
ut line 2337.


LaTeX Warning: Reference `def:TwoCover_diff' on page 92 undefined on input line
 2341.


LaTeX Warning: Reference `def:relCover' on page 92 undefined on input line 2342
.


LaTeX Warning: Reference `thm:relTermBaseChange' on page 92 undefined on input 
line 2342.


LaTeX Warning: Reference `lem:relSectionsMap_props' on page 92 undefined on inp
ut line 2357.


LaTeX Warning: Reference `thm:quot_range_baseChange' on page 92 undefined on in
put line 2366.


LaTeX Warning: Reference `lem:relDiffBaseChange' on page 92 undefined on input 
line 2366.


LaTeX Warning: Reference `def:TwoCover_H1Cok' on page 92 undefined on input lin
e 2366.


LaTeX Warning: Reference `lem:relDiffBaseChange' on page 92 undefined on input 
line 2368.


LaTeX Warning: Reference `def:TwoCover_H1Cok' on page 92 undefined on input lin
e 2376.


LaTeX Warning: Reference `thm:quot_range_baseChange' on page 92 undefined on in
put line 2380.


LaTeX Warning: Reference `lem:relDiffBaseChange' on page 92 undefined on input 
line 2385.


LaTeX Warning: Reference `thm:relTermBaseChange' on page 92 undefined on input 
line 2387.


LaTeX Warning: Reference `def:relTwoCoverH1' on page 92 undefined on input line
 2393.


LaTeX Warning: Reference `thm:relH1CokBaseChange' on page 92 undefined on input
 line 2393.


LaTeX Warning: Reference `thm:relH1CokBaseChange' on page 92 undefined on input
 line 2409.


LaTeX Warning: Reference `def:relTwoCoverH1' on page 92 undefined on input line
 2411.


Overfull \hbox (37.57265pt too wide) in paragraph at lines 2409--2413
[]\TU/lmr/m/n/10 Con-ju-gate the cok-er-nel equiv-a-lence of [] by the rel-a-tiv
e two-cover iden-ti-fi-ca-tions $\TU/latinmodern-math.otf(1)/m/n/10 𝐻[](
𝐶[], 𝒪[]) ≅
 []


LaTeX Warning: Reference `def:relTwistSheaf' on page 92 undefined on input line
 2418.


LaTeX Warning: Reference `def:relSectionsMap' on page 92 undefined on input lin
e 2418.


LaTeX Warning: Reference `lem:relCurveMap_proj' on page 92 undefined on input l
ine 2418.


LaTeX Warning: Reference `lem:relCurveMap_proj' on page 92 undefined on input l
ine 2423.


LaTeX Warning: Reference `def:relTwistSheaf' on page 92 undefined on input line
 2431.

[92]

LaTeX Warning: Reference `def:relCocycleBaseChange' on page 93 undefined on inp
ut line 2431.


LaTeX Warning: Reference `def:twistTriv' on page 93 undefined on input line 243
1.


LaTeX Warning: Reference `thm:relTermBaseChange' on page 93 undefined on input 
line 2431.


LaTeX Warning: Reference `lem:relDiffBaseChange' on page 93 undefined on input 
line 2431.


LaTeX Warning: Reference `def:relCocycleBaseChange' on page 93 undefined on inp
ut line 2434.


LaTeX Warning: Reference `def:twistTriv' on page 93 undefined on input line 243
6.


LaTeX Warning: Reference `thm:relTermBaseChange' on page 93 undefined on input 
line 2437.


LaTeX Warning: Reference `lem:relDiffBaseChange' on page 93 undefined on input 
line 2438.


LaTeX Warning: Reference `def:overSpecMap' on page 93 undefined on input line 2
461.


LaTeX Warning: Reference `thm:sectionsBaseChange' on page 93 undefined on input
 line 2470.


LaTeX Warning: Reference `lem:over_isPullback_left' on page 93 undefined on inp
ut line 2502.


LaTeX Warning: Reference `thm:isPullback_whiskerLeft_snd' on page 93 undefined 
on input line 2515.

[93]

LaTeX Warning: Reference `thm:isPullback_whiskerLeft_left' on page 94 undefined
 on input line 2533.


LaTeX Warning: Reference `def:overSpecMap' on page 94 undefined on input line 2
533.


Overfull \hbox (1.20384pt too wide) in paragraph at lines 2533--2537
[][]\TU/lmr/bx/n/10 The-o-rem 396 \TU/lmr/m/n/10 (The base-field tran-si-tion sq
uare)\TU/lmr/bx/n/10 . [][][]\TU/lmr/m/it/10 Let $\TU/latinmodern-math.otf(1)/m
/n/10 𝑘$ \TU/lmr/m/it/10 be a com-mu-ta-tive ring, $\TU/latinmodern-math.otf
(1)/m/n/10 𝐶 ∈ []([] 𝑘)$\TU/lmr/m/it/10 ,
 []


LaTeX Warning: Reference `thm:isPullback_whiskerLeft_left' on page 94 undefined
 on input line 2549.


LaTeX Warning: Reference `def:overSpecMap' on page 94 undefined on input line 2
551.


LaTeX Warning: Reference `lem:over_isPullback_left' on page 94 undefined on inp
ut line 2567.


LaTeX Warning: Reference `lem:over_isPullback_left' on page 94 undefined on inp
ut line 2590.


LaTeX Warning: Reference `thm:over_isPullback_crossBase' on page 94 undefined o
n input line 2611.

[94]

LaTeX Warning: Reference `lem:over_isPullback_left' on page 95 undefined on inp
ut line 2611.


LaTeX Warning: Reference `thm:over_isPullback_crossBase' on page 95 undefined o
n input line 2613.


LaTeX Warning: Reference `thm:over_isPullback_crossBase' on page 95 undefined o
n input line 2620.


LaTeX Warning: Reference `lem:over_isPullback_left' on page 95 undefined on inp
ut line 2622.


LaTeX Warning: Reference `def:crossBaseIso' on page 95 undefined on input line 
2638.


LaTeX Warning: Reference `lem:over_isPullback_left' on page 95 undefined on inp
ut line 2638.


LaTeX Warning: Reference `def:crossBaseIso' on page 95 undefined on input line 
2641.


LaTeX Warning: Reference `lem:over_isPullback_left' on page 95 undefined on inp
ut line 2659.


LaTeX Warning: Reference `def:crossBaseIso' on page 95 undefined on input line 
2662.


LaTeX Warning: Reference `thm:over_isPullback_crossBase' on page 95 undefined o
n input line 2675.


LaTeX Warning: Reference `def:crossBaseIso' on page 95 undefined on input line 
2675.


LaTeX Warning: Reference `thm:crossBaseIso_naturality' on page 95 undefined on 
input line 2675.


LaTeX Warning: Reference `def:baseChange' on page 95 undefined on input line 26
75.


LaTeX Warning: Reference `def:baseChange' on page 95 undefined on input line 26
79.


LaTeX Warning: Reference `def:baseChange' on page 95 undefined on input line 26
93.


LaTeX Warning: Reference `thm:over_isPullback_crossBase' on page 95 undefined o
n input line 2693.


LaTeX Warning: Reference `def:crossBaseIso' on page 95 undefined on input line 
2694.


LaTeX Warning: Reference `thm:crossBaseIso_naturality' on page 95 undefined on 
input line 2694.

[95]

LaTeX Warning: Reference `thm:crossBase_baseChange' on page 96 undefined on inp
ut line 2737.


LaTeX Warning: Reference `def:mapOverSpecIso' on page 96 undefined on input lin
e 2737.


LaTeX Warning: Reference `def:baseChange' on page 96 undefined on input line 27
37.


LaTeX Warning: Reference `def:baseChange' on page 96 undefined on input line 27
41.


LaTeX Warning: Reference `thm:crossBase_baseChange' on page 96 undefined on inp
ut line 2749.


LaTeX Warning: Reference `def:mapOverSpecIso' on page 96 undefined on input lin
e 2755.


LaTeX Warning: Reference `thm:crossBase_baseChange' on page 96 undefined on inp
ut line 2760.


LaTeX Warning: Reference `def:mapOverSpecIso' on page 96 undefined on input lin
e 2762.


LaTeX Warning: Reference `def:crossBaseAffineIso' on page 96 undefined on input
 line 2771.


LaTeX Warning: Reference `def:crossBaseIso' on page 96 undefined on input line 
2771.


LaTeX Warning: Reference `def:mapOverSpecIso' on page 96 undefined on input lin
e 2771.


LaTeX Warning: Reference `def:crossBaseAffineIso' on page 96 undefined on input
 line 2773.


LaTeX Warning: Reference `def:crossBaseAffineIso' on page 96 undefined on input
 line 2789.


LaTeX Warning: Reference `def:mapOverSpecIso' on page 96 undefined on input lin
e 2793.


LaTeX Warning: Reference `def:crossBaseIso' on page 96 undefined on input line 
2794.

[96]

LaTeX Warning: Reference `def:crossBaseAffineIso' on page 97 undefined on input
 line 2807.


LaTeX Warning: Reference `thm:crossBase_baseChange' on page 97 undefined on inp
ut line 2807.


LaTeX Warning: Reference `thm:crossBaseIso_naturality' on page 97 undefined on 
input line 2807.


LaTeX Warning: Reference `def:mapOverSpecIso' on page 97 undefined on input lin
e 2807.


LaTeX Warning: Reference `def:overSpecMap' on page 97 undefined on input line 2
807.


LaTeX Warning: Reference `def:crossBaseAffineIso' on page 97 undefined on input
 line 2812.


LaTeX Warning: Reference `def:overSpecMap' on page 97 undefined on input line 2
814.


LaTeX Warning: Reference `def:mapOverSpecIso' on page 97 undefined on input lin
e 2836.


LaTeX Warning: Reference `def:crossBaseAffineIso' on page 97 undefined on input
 line 2845.


LaTeX Warning: Reference `thm:crossBaseIso_naturality' on page 97 undefined on 
input line 2850.


LaTeX Warning: Reference `thm:crossBase_baseChange' on page 97 undefined on inp
ut line 2851.


Package amsthm Warning: The \qedhere command may not work correctly here on inp
ut line 2859.


Overfull \hbox (28.85616pt too wide) detected at line 2860
\TU/latinmodern-math.otf(1)/m/n/10 (𝐶 \U/msa/m/n/10 C [][] \TU/latinmodern-m
ath.otf(1)/m/n/10 𝑓)[] ∘ 𝑐[] = 𝑤[] ∘ []𝐶 \U/msa/m/n/10 C \TU/la
tinmodern-math.otf(1)/m/n/10 𝜎[]([][] 𝑓)[][] ∘ 𝑏[] = 𝑤[] ∘ 
𝑏[] ∘ (𝜎[]𝐶 \U/msa/m/n/10 C [][] \TU/latinmodern-math.otf(1)/m/n/10 
𝑓)[] = 𝑐[] ∘ (𝜎[]𝐶 \U/msa/m/n/10 C [][] \TU/latinmodern-math.otf(
1)/m/n/10 𝑓)[].
 []


LaTeX Warning: Reference `thm:isPullback_baseFieldTransition' on page 97 undefi
ned on input line 2869.


LaTeX Warning: Reference `thm:isPullback_baseFieldTransition' on page 97 undefi
ned on input line 2884.


LaTeX Warning: Reference `lem:genericPoint_eq_of_surjective' on page 97 undefin
ed on input line 2909.


LaTeX Warning: Reference `lem:baseFieldTransition_flat_affine_surjective' on pa
ge 97 undefined on input line 2909.


LaTeX Warning: Reference `thm:baseChangeCurve_integral' on page 97 undefined on
 input line 2909.

[97]

LaTeX Warning: Reference `thm:baseChangeCurve_integral' on page 98 undefined on
 input line 2917.


LaTeX Warning: Reference `lem:baseFieldTransition_flat_affine_surjective' on pa
ge 98 undefined on input line 2919.


LaTeX Warning: Reference `lem:genericPoint_eq_of_surjective' on page 98 undefin
ed on input line 2920.


LaTeX Warning: Reference `lem:baseFieldTransition_genericPoint' on page 98 unde
fined on input line 2937.


LaTeX Warning: Reference `def:functionFieldMap' on page 98 undefined on input l
ine 2946.


LaTeX Warning: Reference `def:functionFieldMap' on page 98 undefined on input l
ine 2948.


LaTeX Warning: Reference `thm:isPullback_baseFieldTransition' on page 98 undefi
ned on input line 2971.


LaTeX Warning: Reference `thm:isPullback_baseFieldTransition' on page 98 undefi
ned on input line 2989.


LaTeX Warning: Reference `thm:baseChangeCurve_bundle' on page 98 undefined on i
nput line 3002.


LaTeX Warning: Reference `thm:baseChangeCurve_bundle' on page 98 undefined on i
nput line 3006.


LaTeX Warning: Reference `def:baseChangeSectionsAlgebra' on page 98 undefined o
n input line 3020.


LaTeX Warning: Reference `def:baseChangeSectionsAlgebra' on page 98 undefined o
n input line 3023.

[98]

LaTeX Warning: Reference `thm:isPushout_transitionSections' on page 99 undefine
d on input line 3039.


LaTeX Warning: Reference `def:baseChangeSectionsAlgebra' on page 99 undefined o
n input line 3039.


LaTeX Warning: Reference `thm:isPushout_transitionSections' on page 99 undefine
d on input line 3041.


LaTeX Warning: Reference `def:baseChangeSectionsAlgebra' on page 99 undefined o
n input line 3050.


LaTeX Warning: Reference `thm:isPushout_transitionSections' on page 99 undefine
d on input line 3057.


LaTeX Warning: Reference `def:baseChangeSectionsAlgebra' on page 99 undefined o
n input line 3060.


LaTeX Warning: Reference `thm:isPushout_algebraMap_transitionSections' on page 
99 undefined on input line 3068.


LaTeX Warning: Reference `def:baseChangeSectionsAlgebra' on page 99 undefined o
n input line 3068.


LaTeX Warning: Reference `def:baseChangeSectionsAlgebra' on page 99 undefined o
n input line 3079.


LaTeX Warning: Reference `thm:isPushout_algebraMap_transitionSections' on page 
99 undefined on input line 3086.


LaTeX Warning: Reference `def:transitionSectionsBaseChange' on page 99 undefine
d on input line 3095.


LaTeX Warning: Reference `def:transitionSectionsBaseChange' on page 99 undefine
d on input line 3097.


LaTeX Warning: Reference `thm:isPushout_algebraMap_transitionSections' on page 
99 undefined on input line 3110.


LaTeX Warning: Reference `def:transitionSectionsBaseChange' on page 99 undefine
d on input line 3119.


LaTeX Warning: Reference `lem:transitionSectionsBaseChange_tmul' on page 99 und
efined on input line 3119.


LaTeX Warning: Reference `lem:baseChangeResAlgHom' on page 99 undefined on inpu
t line 3119.


LaTeX Warning: Reference `lem:baseChangeResAlgHom' on page 99 undefined on inpu
t line 3133.


LaTeX Warning: Reference `lem:transitionSectionsBaseChange_tmul' on page 99 und
efined on input line 3138.

[99]

LaTeX Warning: Reference `lem:denominator_clearing' on page 100 undefined on in
put line 3155.


LaTeX Warning: Reference `lem:section_annihilation' on page 100 undefined on in
put line 3155.


LaTeX Warning: Reference `def:TwoCover_diff' on page 100 undefined on input lin
e 3156.


LaTeX Warning: Reference `def:TwoCover_H1Cok' on page 100 undefined on input li
ne 3156.


LaTeX Warning: Reference `chap:Algebra' on page 100 undefined on input line 316
3.


LaTeX Warning: Reference `sec:nakayama_vanishing' on page 100 undefined on inpu
t line 3163.


LaTeX Warning: Reference `sec:split_rigidity' on page 100 undefined on input li
ne 3164.


LaTeX Warning: Reference `def:twoLatticePair' on page 100 undefined on input li
ne 3206.


LaTeX Warning: Reference `def:twoLattice_diff' on page 100 undefined on input l
ine 3220.

[100]

LaTeX Warning: Reference `def:twoLatticePair' on page 101 undefined on input li
ne 3234.


LaTeX Warning: Reference `def:twoLattice_diff' on page 101 undefined on input l
ine 3248.


LaTeX Warning: Reference `def:twoLattice_H1' on page 101 undefined on input lin
e 3248.


LaTeX Warning: Reference `def:twoLattice_diff' on page 101 undefined on input l
ine 3252.


LaTeX Warning: Reference `def:twoLatticePair' on page 101 undefined on input li
ne 3265.


LaTeX Warning: Reference `def:twoLattice_hom' on page 101 undefined on input li
ne 3285.


LaTeX Warning: Reference `def:twoLattice_diff' on page 101 undefined on input l
ine 3285.


LaTeX Warning: Reference `def:twoLattice_hom' on page 101 undefined on input li
ne 3303.


LaTeX Warning: Reference `def:twoLattice_H0' on page 101 undefined on input lin
e 3303.


LaTeX Warning: Reference `lem:twoLattice_diff_natural' on page 101 undefined on
 input line 3310.


LaTeX Warning: Reference `lem:twoLattice_diff_natural' on page 101 undefined on
 input line 3313.


LaTeX Warning: Reference `def:twoLattice_hom' on page 101 undefined on input li
ne 3321.


LaTeX Warning: Reference `def:twoLattice_H1' on page 101 undefined on input lin
e 3321.


LaTeX Warning: Reference `def:twoLattice_h1Map' on page 101 undefined on input 
line 3336.

[101]

LaTeX Warning: Reference `def:twoLattice_hom' on page 102 undefined on input li
ne 3363.


LaTeX Warning: Reference `def:twoLattice_shortExact' on page 102 undefined on i
nput line 3375.


LaTeX Warning: Reference `def:twoLattice_H0' on page 102 undefined on input lin
e 3375.


LaTeX Warning: Reference `def:twoLattice_H1' on page 102 undefined on input lin
e 3375.


LaTeX Warning: Reference `lem:twoLattice_diff_natural' on page 102 undefined on
 input line 3389.


LaTeX Warning: Reference `lem:twoLattice_range_diff' on page 102 undefined on i
nput line 3389.


LaTeX Warning: Reference `lem:twoLattice_diff_natural' on page 102 undefined on
 input line 3393.


LaTeX Warning: Reference `lem:twoLattice_range_diff' on page 102 undefined on i
nput line 3407.


LaTeX Warning: Reference `def:twoLattice_shortExact' on page 102 undefined on i
nput line 3419.


LaTeX Warning: Reference `def:twoLattice_h0Map' on page 102 undefined on input 
line 3419.


LaTeX Warning: Reference `def:twoLattice_shortExact' on page 102 undefined on i
nput line 3433.


LaTeX Warning: Reference `def:twoLattice_h0Map' on page 102 undefined on input 
line 3433.


LaTeX Warning: Reference `thm:twoLattice_h0Map_injective' on page 102 undefined
 on input line 3435.


LaTeX Warning: Reference `lem:twoLattice_diff_natural' on page 102 undefined on
 input line 3440.


LaTeX Warning: Reference `lem:twoLattice_diff_natural' on page 102 undefined on
 input line 3446.


LaTeX Warning: Reference `def:twoLattice_delta' on page 102 undefined on input 
line 3454.


LaTeX Warning: Reference `def:twoLattice_h0Map' on page 102 undefined on input 
line 3454.


LaTeX Warning: Reference `thm:twoLattice_h0Map_injective' on page 102 undefined
 on input line 3456.


LaTeX Warning: Reference `lem:twoLattice_range_diff' on page 102 undefined on i
nput line 3461.


LaTeX Warning: Reference `lem:twoLattice_diff_natural' on page 102 undefined on
 input line 3461.


LaTeX Warning: Reference `def:twoLattice_delta' on page 102 undefined on input 
line 3464.


LaTeX Warning: Reference `lem:twoLattice_range_diff' on page 102 undefined on i
nput line 3469.

[102]

LaTeX Warning: Reference `def:twoLattice_delta' on page 103 undefined on input 
line 3480.


LaTeX Warning: Reference `def:twoLattice_h1Map' on page 103 undefined on input 
line 3480.


LaTeX Warning: Reference `thm:twoLattice_h0Map_injective' on page 103 undefined
 on input line 3482.


LaTeX Warning: Reference `lem:twoLattice_range_diff' on page 103 undefined on i
nput line 3487.


LaTeX Warning: Reference `lem:twoLattice_diff_natural' on page 103 undefined on
 input line 3487.


LaTeX Warning: Reference `lem:twoLattice_range_diff' on page 103 undefined on i
nput line 3490.


LaTeX Warning: Reference `def:twoLattice_delta' on page 103 undefined on input 
line 3497.


LaTeX Warning: Reference `def:twoLattice_shortExact' on page 103 undefined on i
nput line 3503.


LaTeX Warning: Reference `def:twoLattice_h1Map' on page 103 undefined on input 
line 3503.


LaTeX Warning: Reference `thm:twoLattice_h0Map_injective' on page 103 undefined
 on input line 3505.


LaTeX Warning: Reference `lem:twoLattice_range_diff' on page 103 undefined on i
nput line 3510.


LaTeX Warning: Reference `lem:twoLattice_diff_natural' on page 103 undefined on
 input line 3510.


LaTeX Warning: Reference `lem:twoLattice_range_diff' on page 103 undefined on i
nput line 3519.


LaTeX Warning: Reference `def:twoLattice_shortExact' on page 103 undefined on i
nput line 3526.


LaTeX Warning: Reference `def:twoLattice_h1Map' on page 103 undefined on input 
line 3526.


LaTeX Warning: Reference `thm:twoLattice_h0Map_injective' on page 103 undefined
 on input line 3528.


LaTeX Warning: Reference `lem:twoLattice_h1Map_surjective' on page 103 undefine
d on input line 3533.


LaTeX Warning: Reference `lem:twoLattice_h1Map_surjective' on page 103 undefine
d on input line 3535.


LaTeX Warning: Reference `def:twoLatticePair' on page 103 undefined on input li
ne 3555.

[103]

LaTeX Warning: Reference `def:twoLattice_model' on page 104 undefined on input 
line 3595.


LaTeX Warning: Reference `def:twoLattice_H1' on page 104 undefined on input lin
e 3595.


LaTeX Warning: Reference `cor:two_lattice_loc_pow' on page 104 undefined on inp
ut line 3605.


LaTeX Warning: Reference `cor:two_lattice_loc_pow' on page 104 undefined on inp
ut line 3606.


LaTeX Warning: Reference `def:twoLattice_model' on page 104 undefined on input 
line 3612.


LaTeX Warning: Reference `def:twoLattice_model' on page 104 undefined on input 
line 3614.


LaTeX Warning: Reference `def:twoLattice_model' on page 104 undefined on input 
line 3621.


LaTeX Warning: Reference `def:twoLattice_H0' on page 104 undefined on input lin
e 3621.


LaTeX Warning: Reference `def:twoLattice_model' on page 104 undefined on input 
line 3634.


LaTeX Warning: Reference `def:twoLatticePair' on page 104 undefined on input li
ne 3644.


LaTeX Warning: Reference `def:twoLattice_laurentToEnd' on page 104 undefined on
 input line 3662.


LaTeX Warning: Reference `def:twoLattice_model' on page 104 undefined on input 
line 3686.

[104]

LaTeX Warning: Reference `def:twoLattice_hom' on page 105 undefined on input li
ne 3686.


LaTeX Warning: Reference `def:twoLattice_laurentToEnd' on page 105 undefined on
 input line 3686.


LaTeX Warning: Reference `def:twoLattice_laurentToEnd' on page 105 undefined on
 input line 3701.


LaTeX Warning: Reference `lem:twoLattice_laurent_intertwine' on page 105 undefi
ned on input line 3705.


LaTeX Warning: Reference `def:twoLattice_hom' on page 105 undefined on input li
ne 3706.


LaTeX Warning: Reference `lem:twoLattice_laurent_intertwine' on page 105 undefi
ned on input line 3713.


LaTeX Warning: Reference `def:twoLattice_model' on page 105 undefined on input 
line 3724.


LaTeX Warning: Reference `def:twoLattice_modelHom' on page 105 undefined on inp
ut line 3739.


LaTeX Warning: Reference `def:twoLatticePair' on page 105 undefined on input li
ne 3748.


LaTeX Warning: Reference `lem:twoLattice_laurent_intertwine' on page 105 undefi
ned on input line 3748.


LaTeX Warning: Reference `def:twoLatticePair' on page 105 undefined on input li
ne 3752.


LaTeX Warning: Reference `def:twoLattice_modelHom' on page 105 undefined on inp
ut line 3759.


LaTeX Warning: Reference `sec:nakayama_vanishing' on page 105 undefined on inpu
t line 3785.

[105]

LaTeX Warning: Reference `def:twoLattice_hom' on page 106 undefined on input li
ne 3791.


LaTeX Warning: Reference `def:twoLatticePair' on page 106 undefined on input li
ne 3801.


LaTeX Warning: Reference `def:twoLattice_hom' on page 106 undefined on input li
ne 3804.


LaTeX Warning: Reference `def:twoLattice_kernelPair' on page 106 undefined on i
nput line 3821.


LaTeX Warning: Reference `def:twoLattice_shortExact' on page 106 undefined on i
nput line 3821.


LaTeX Warning: Reference `def:twoLattice_kernelPair' on page 106 undefined on i
nput line 3840.


LaTeX Warning: Reference `def:twoLatticePair' on page 106 undefined on input li
ne 3857.


LaTeX Warning: Reference `def:twoLattice_H1' on page 106 undefined on input lin
e 3857.


LaTeX Warning: Reference `thm:exists_hom_model_surjective' on page 106 undefine
d on input line 3866.


LaTeX Warning: Reference `thm:moduleFinite_h1_model' on page 106 undefined on i
nput line 3866.


LaTeX Warning: Reference `lem:twoLattice_h1Map_surjective' on page 106 undefine
d on input line 3866.


LaTeX Warning: Reference `thm:exists_hom_model_surjective' on page 106 undefine
d on input line 3868.


LaTeX Warning: Reference `lem:twoLattice_h1Map_surjective' on page 106 undefine
d on input line 3870.


LaTeX Warning: Reference `thm:moduleFinite_h1_model' on page 106 undefined on i
nput line 3871.


LaTeX Warning: Reference `def:twoLatticePair' on page 106 undefined on input li
ne 3878.


LaTeX Warning: Reference `def:twoLattice_H0' on page 106 undefined on input lin
e 3878.


LaTeX Warning: Reference `thm:exists_hom_model_surjective' on page 106 undefine
d on input line 3888.


LaTeX Warning: Reference `def:twoLattice_kernelPair' on page 106 undefined on i
nput line 3888.


LaTeX Warning: Reference `lem:twoLattice_kernelPair_shortExact' on page 106 und
efined on input line 3888.


LaTeX Warning: Reference `lem:moduleFinite_aeval_kernelPair' on page 106 undefi
ned on input line 3888.


LaTeX Warning: Reference `lem:moduleFinite_aeval_model' on page 106 undefined o
n input line 3888.


LaTeX Warning: Reference `def:twoLattice_delta' on page 106 undefined on input 
line 3888.


LaTeX Warning: Reference `thm:twoLattice_exact_h0_delta' on page 106 undefined 
on input line 3888.


LaTeX Warning: Reference `thm:twoLattice_coh1' on page 106 undefined on input l
ine 3888.


LaTeX Warning: Reference `thm:moduleFinite_h0_model' on page 106 undefined on i
nput line 3888.


LaTeX Warning: Reference `thm:exists_hom_model_surjective' on page 106 undefine
d on input line 3890.


LaTeX Warning: Reference `lem:twoLattice_kernelPair_shortExact' on page 106 und
efined on input line 3892.


LaTeX Warning: Reference `def:twoLattice_delta' on page 106 undefined on input 
line 3893.

[106]

LaTeX Warning: Reference `thm:twoLattice_exact_h0_delta' on page 107 undefined 
on input line 3896.


LaTeX Warning: Reference `thm:moduleFinite_h0_model' on page 107 undefined on i
nput line 3897.


LaTeX Warning: Reference `lem:moduleFinite_aeval_model' on page 107 undefined o
n input line 3900.


LaTeX Warning: Reference `lem:moduleFinite_aeval_kernelPair' on page 107 undefi
ned on input line 3901.


LaTeX Warning: Reference `thm:twoLattice_coh1' on page 107 undefined on input l
ine 3902.


LaTeX Warning: Reference `thm:twoLattice_coh1' on page 107 undefined on input l
ine 3914.


LaTeX Warning: Reference `thm:twoLattice_coh0' on page 107 undefined on input l
ine 3914.


LaTeX Warning: Reference `sec:nakayama_vanishing' on page 107 undefined on inpu
t line 3915.


LaTeX Warning: Reference `sec:split_rigidity' on page 107 undefined on input li
ne 3916.


LaTeX Warning: Reference `def:qcohOn' on page 107 undefined on input line 3918.



LaTeX Warning: Reference `thm:twoCoverH1LinearEquiv' on page 107 undefined on i
nput line 3926.


LaTeX Warning: Reference `def:moduleDiff' on page 107 undefined on input line 3
935.


LaTeX Warning: Reference `lem:mv_exact_degree0' on page 107 undefined on input 
line 3935.


LaTeX Warning: Reference `def:moduleDiff' on page 107 undefined on input line 3
939.


LaTeX Warning: Reference `lem:mv_exact_degree0' on page 107 undefined on input 
line 3949.


LaTeX Warning: Reference `thm:sectionsKerEquiv' on page 107 undefined on input 
line 3958.


LaTeX Warning: Reference `def:twoCoverSquare' on page 107 undefined on input li
ne 3958.


LaTeX Warning: Reference `def:HModule_linearEquivHModule'' on page 107 undefine
d on input line 3958.


LaTeX Warning: Reference `def:HModule'_linearEquiv0' on page 107 undefined on i
nput line 3958.


LaTeX Warning: Reference `def:HModule_linearEquivHModule'' on page 107 undefine
d on input line 3973.


LaTeX Warning: Reference `def:HModule'_linearEquiv0' on page 107 undefined on i
nput line 3973.


LaTeX Warning: Reference `thm:sectionsKerEquiv' on page 107 undefined on input 
line 3974.


LaTeX Warning: Reference `def:twoCoverSquare' on page 107 undefined on input li
ne 3975.


LaTeX Warning: Reference `def:qcohOn' on page 107 undefined on input line 3982.



LaTeX Warning: Reference `def:qcohOn' on page 107 undefined on input line 3985.


[107]

LaTeX Warning: Reference `def:twoCoverPairData' on page 108 undefined on input 
line 4013.


LaTeX Warning: Reference `def:twoLatticePair' on page 108 undefined on input li
ne 4013.


LaTeX Warning: Reference `def:qcohOn_module' on page 108 undefined on input lin
e 4013.


LaTeX Warning: Reference `def:qcohOn_secRes_linear' on page 108 undefined on in
put line 4013.


LaTeX Warning: Reference `thm:qcohOn_isLocalizedModule' on page 108 undefined o
n input line 4013.


LaTeX Warning: Reference `def:twoCoverSquare' on page 108 undefined on input li
ne 4013.


LaTeX Warning: Reference `def:moduleDiff' on page 108 undefined on input line 4
013.


LaTeX Warning: Reference `def:twoLatticePair' on page 108 undefined on input li
ne 4024.


LaTeX Warning: Reference `thm:qcohOn_isLocalizedModule' on page 108 undefined o
n input line 4039.


LaTeX Warning: Reference `def:moduleDiff' on page 108 undefined on input line 4
042.


LaTeX Warning: Reference `def:twoCoverSquare' on page 108 undefined on input li
ne 4043.


LaTeX Warning: Reference `def:twoCoverPairData_pair' on page 108 undefined on i
nput line 4052.


LaTeX Warning: Reference `thm:twoCoverH0LinearEquiv' on page 108 undefined on i
nput line 4052.


LaTeX Warning: Reference `thm:twoCoverH1LinearEquiv' on page 108 undefined on i
nput line 4052.


LaTeX Warning: Reference `thm:hModule1_vanishing_qcoh' on page 108 undefined on
 input line 4052.


LaTeX Warning: Reference `def:twoLattice_H0' on page 108 undefined on input lin
e 4052.


LaTeX Warning: Reference `def:twoLattice_H1' on page 108 undefined on input lin
e 4052.


LaTeX Warning: Reference `lem:twoLattice_range_diff' on page 108 undefined on i
nput line 4052.


LaTeX Warning: Reference `def:twoCoverPairData_pair' on page 108 undefined on i
nput line 4056.


LaTeX Warning: Reference `thm:twoCoverH0LinearEquiv' on page 108 undefined on i
nput line 4065.


LaTeX Warning: Reference `def:twoCoverPairData_pair' on page 108 undefined on i
nput line 4067.


LaTeX Warning: Reference `def:twoLattice_H0' on page 108 undefined on input lin
e 4068.


LaTeX Warning: Reference `thm:hModule1_vanishing_qcoh' on page 108 undefined on
 input line 4070.


LaTeX Warning: Reference `thm:twoCoverH1LinearEquiv' on page 108 undefined on i
nput line 4071.


LaTeX Warning: Reference `lem:twoLattice_range_diff' on page 108 undefined on i
nput line 4073.


LaTeX Warning: Reference `def:twoLattice_H1' on page 108 undefined on input lin
e 4073.


LaTeX Warning: Reference `def:twoCoverPairData_pair' on page 108 undefined on i
nput line 4080.


LaTeX Warning: Reference `lem:twoLattice_range_diff' on page 108 undefined on i
nput line 4080.


LaTeX Warning: Reference `lem:rigid_surjective_of_coker_zero' on page 108 undef
ined on input line 4080.


LaTeX Warning: Reference `def:twoCoverPairData_pair' on page 108 undefined on i
nput line 4082.


LaTeX Warning: Reference `lem:twoLattice_range_diff' on page 108 undefined on i
nput line 4088.


LaTeX Warning: Reference `lem:rigid_surjective_of_coker_zero' on page 108 undef
ined on input line 4090.


LaTeX Warning: Reference `def:twoCoverPair_h0h1' on page 108 undefined on input
 line 4096.

[108]

LaTeX Warning: Reference `def:twoCoverPairData_pair' on page 109 undefined on i
nput line 4096.


LaTeX Warning: Reference `thm:twoLattice_coh1' on page 109 undefined on input l
ine 4127.


LaTeX Warning: Reference `thm:twoLattice_coh0' on page 109 undefined on input l
ine 4127.


LaTeX Warning: Reference `thm:fibrewise_vanishing_propagates' on page 109 undef
ined on input line 4127.


LaTeX Warning: Reference `lem:twoCoverPair_surjective_diff' on page 109 undefin
ed on input line 4127.


LaTeX Warning: Reference `thm:rigid_projective_ker' on page 109 undefined on in
put line 4127.


LaTeX Warning: Reference `thm:twoLattice_coh1' on page 109 undefined on input l
ine 4128.


LaTeX Warning: Reference `thm:fibrewise_vanishing_propagates' on page 109 undef
ined on input line 4130.


LaTeX Warning: Reference `def:twoCoverPair_h0h1' on page 109 undefined on input
 line 4131.


LaTeX Warning: Reference `lem:twoCoverPair_surjective_diff' on page 109 undefin
ed on input line 4132.


LaTeX Warning: Reference `thm:twoLattice_coh0' on page 109 undefined on input l
ine 4133.


LaTeX Warning: Reference `thm:rigid_projective_ker' on page 109 undefined on in
put line 4135.


LaTeX Warning: Reference `def:twoCoverPair_h0h1' on page 109 undefined on input
 line 4136.


LaTeX Warning: Reference `def:twoCoverPairData_pair' on page 109 undefined on i
nput line 4142.


LaTeX Warning: Reference `thm:twoLattice_coh1' on page 109 undefined on input l
ine 4142.


LaTeX Warning: Reference `thm:isOpen_fibre_vanishing' on page 109 undefined on 
input line 4142.


LaTeX Warning: Reference `def:twoCoverPairData_pair' on page 109 undefined on i
nput line 4145.


LaTeX Warning: Reference `thm:twoLattice_coh1' on page 109 undefined on input l
ine 4158.


LaTeX Warning: Reference `thm:isOpen_fibre_vanishing' on page 109 undefined on 
input line 4159.


LaTeX Warning: Reference `def:twoCoverPair_h0h1' on page 109 undefined on input
 line 4165.


LaTeX Warning: Reference `lem:twoCoverPair_surjective_diff' on page 109 undefin
ed on input line 4165.


LaTeX Warning: Reference `thm:rigid_ker_tensor' on page 109 undefined on input 
line 4165.


LaTeX Warning: Reference `def:twoCoverPair_h0h1' on page 109 undefined on input
 line 4168.


LaTeX Warning: Reference `lem:twoCoverPair_surjective_diff' on page 109 undefin
ed on input line 4183.


LaTeX Warning: Reference `thm:rigid_ker_tensor' on page 109 undefined on input 
line 4184.


LaTeX Warning: Reference `def:twoCoverPair_h0h1' on page 109 undefined on input
 line 4186.


LaTeX Warning: Reference `def:twoCoverPair_h0h1' on page 109 undefined on input
 line 4192.


LaTeX Warning: Reference `lem:twoCoverPair_surjective_diff' on page 109 undefin
ed on input line 4192.


LaTeX Warning: Reference `thm:rigid_ker_baseChange' on page 109 undefined on in
put line 4192.


LaTeX Warning: Reference `def:twoCoverPair_h0TensorEquiv' on page 109 undefined
 on input line 4194.


LaTeX Warning: Reference `def:relTwistH0BaseChange' on page 109 undefined on in
put line 4202.

[109]

LaTeX Warning: Reference `def:twoCoverPair_h0TensorEquiv' on page 110 undefined
 on input line 4206.


LaTeX Warning: Reference `thm:rigid_ker_baseChange' on page 110 undefined on in
put line 4207.


LaTeX Warning: Reference `sec:twisted_sheaf' on page 110 undefined on input lin
e 4214.


LaTeX Warning: Reference `def:twoCoverPairData' on page 110 undefined on input 
line 4215.


LaTeX Warning: Reference `def:moduleKSheaf' on page 110 undefined on input line
 4221.


LaTeX Warning: Reference `def:moduleKSheaf' on page 110 undefined on input line
 4225.


LaTeX Warning: Reference `thm:twistSheaf_qcohOn' on page 110 undefined on input
 line 4234.


LaTeX Warning: Reference `def:twistTriv' on page 110 undefined on input line 42
34.


LaTeX Warning: Reference `def:qcohOn_transport' on page 110 undefined on input 
line 4234.


LaTeX Warning: Reference `thm:twistSheaf_qcohOn' on page 110 undefined on input
 line 4237.


LaTeX Warning: Reference `def:qcohOn_transport' on page 110 undefined on input 
line 4248.


LaTeX Warning: Reference `def:twistTriv' on page 110 undefined on input line 42
49.


LaTeX Warning: Reference `def:twistTriv' on page 110 undefined on input line 42
58.


LaTeX Warning: Reference `def:twistSections' on page 110 undefined on input lin
e 4258.


LaTeX Warning: Reference `def:twistSections' on page 110 undefined on input lin
e 4270.


LaTeX Warning: Reference `def:twistTriv' on page 110 undefined on input line 42
71.


LaTeX Warning: Reference `lem:twistSheaf_qsmul_eq' on page 110 undefined on inp
ut line 4278.


LaTeX Warning: Reference `lem:twistTriv_inf_eq' on page 110 undefined on input 
line 4278.


LaTeX Warning: Reference `lem:twistSheaf_qsmul_eq' on page 110 undefined on inp
ut line 4288.


LaTeX Warning: Reference `lem:twistTriv_inf_eq' on page 110 undefined on input 
line 4288.


LaTeX Warning: Reference `def:twoCoverPairData' on page 110 undefined on input 
line 4300.


LaTeX Warning: Reference `thm:twistSheaf_qcohOn' on page 110 undefined on input
 line 4300.


LaTeX Warning: Reference `lem:twistSheaf_qsmul_eq' on page 110 undefined on inp
ut line 4300.


LaTeX Warning: Reference `lem:twistSheaf_qsmul_inverse' on page 110 undefined o
n input line 4300.


LaTeX Warning: Reference `def:twoCoverPairData' on page 110 undefined on input 
line 4304.


LaTeX Warning: Reference `lem:twistSheaf_qsmul_eq' on page 110 undefined on inp
ut line 4306.


LaTeX Warning: Reference `lem:twistSheaf_qsmul_inverse' on page 110 undefined o
n input line 4307.

[110]

LaTeX Warning: Reference `def:twistPairData' on page 111 undefined on input lin
e 4315.


LaTeX Warning: Reference `def:twoCoverPairData_pair' on page 111 undefined on i
nput line 4315.


LaTeX Warning: Reference `def:mulSectionEnd' on page 111 undefined on input lin
e 4315.


LaTeX Warning: Reference `def:twistTriv' on page 111 undefined on input line 43
15.


LaTeX Warning: Reference `lem:aevalCongr' on page 111 undefined on input line 4
315.


LaTeX Warning: Reference `def:twistPairData' on page 111 undefined on input lin
e 4317.


LaTeX Warning: Reference `def:mulSectionEnd' on page 111 undefined on input lin
e 4319.


LaTeX Warning: Reference `def:twoCoverPairData_pair' on page 111 undefined on i
nput line 4320.


LaTeX Warning: Reference `def:twistTriv' on page 111 undefined on input line 43
25.


LaTeX Warning: Reference `lem:twistSheaf_qsmul_eq' on page 111 undefined on inp
ut line 4326.


LaTeX Warning: Reference `lem:aevalCongr' on page 111 undefined on input line 4
328.


LaTeX Warning: Reference `def:twistTriv' on page 111 undefined on input line 43
34.


LaTeX Warning: Reference `def:twistTriv' on page 111 undefined on input line 43
38.


LaTeX Warning: Reference `def:AffineTwoCover' on page 111 undefined on input li
ne 4360.


LaTeX Warning: Reference `lem:preimage_chart_affine' on page 111 undefined on i
nput line 4360.


LaTeX Warning: Reference `lem:preimage_chart_sup' on page 111 undefined on inpu
t line 4360.


LaTeX Warning: Reference `def:fiberCover' on page 111 undefined on input line 4
360.


LaTeX Warning: Reference `lem:P1_chartOpen_inf' on page 111 undefined on input 
line 4360.


LaTeX Warning: Reference `def:AffineTwoCover' on page 111 undefined on input li
ne 4364.


LaTeX Warning: Reference `lem:preimage_chart_affine' on page 111 undefined on i
nput line 4365.


LaTeX Warning: Reference `lem:preimage_chart_sup' on page 111 undefined on inpu
t line 4366.


LaTeX Warning: Reference `lem:P1_chartOpen_inf' on page 111 undefined on input 
line 4367.


LaTeX Warning: Reference `def:fiberCover' on page 111 undefined on input line 4
369.


LaTeX Warning: Reference `def:fiberCover' on page 111 undefined on input line 4
376.


LaTeX Warning: Reference `def:fiberCoordUnit' on page 111 undefined on input li
ne 4376.


LaTeX Warning: Reference `thm:P1_basicOpen_chartCoord' on page 111 undefined on
 input line 4376.


LaTeX Warning: Reference `def:fiberCoordUnit' on page 111 undefined on input li
ne 4379.


LaTeX Warning: Reference `def:fiberCover' on page 111 undefined on input line 4
380.


LaTeX Warning: Reference `thm:P1_basicOpen_chartCoord' on page 111 undefined on
 input line 4385.


LaTeX Warning: Reference `def:P1_chartSectionsEquiv0' on page 111 undefined on 
input line 4395.


LaTeX Warning: Reference `def:P1_chartSectionsEquiv1' on page 111 undefined on 
input line 4395.


LaTeX Warning: Reference `def:fiberCover' on page 111 undefined on input line 4
395.


LaTeX Warning: Reference `def:fiberCoordUnit' on page 111 undefined on input li
ne 4395.


LaTeX Warning: Reference `def:P1_chartSectionsEquiv0' on page 111 undefined on 
input line 4402.


LaTeX Warning: Reference `def:P1_chartSectionsEquiv1' on page 111 undefined on 
input line 4403.


LaTeX Warning: Reference `def:fiberCover' on page 111 undefined on input line 4
405.


LaTeX Warning: Reference `def:fiberCoordUnit' on page 111 undefined on input li
ne 4406.

[111]

LaTeX Warning: Reference `def:fiberPolyHom' on page 112 undefined on input line
 4418.


LaTeX Warning: Reference `lem:finite_app_chart' on page 112 undefined on input 
line 4418.


LaTeX Warning: Reference `lem:finite_app_chart' on page 112 undefined on input 
line 4426.


LaTeX Warning: Reference `def:fiberPolyHom' on page 112 undefined on input line
 4434.


LaTeX Warning: Reference `lem:P1_structureMap_appTop_awayToSection' on page 112
 undefined on input line 4434.


LaTeX Warning: Reference `lem:appLE_overAlgebraMap' on page 112 undefined on in
put line 4434.


LaTeX Warning: Reference `def:overAlgebraMap' on page 112 undefined on input li
ne 4434.


LaTeX Warning: Reference `def:overAlgebraMap' on page 112 undefined on input li
ne 4439.


LaTeX Warning: Reference `lem:P1_structureMap_appTop_awayToSection' on page 112
 undefined on input line 4449.


LaTeX Warning: Reference `lem:appLE_overAlgebraMap' on page 112 undefined on in
put line 4451.


LaTeX Warning: Reference `thm:fiberPolyHom_finite' on page 112 undefined on inp
ut line 4459.


LaTeX Warning: Reference `thm:fiberPolyHom_algebraMap' on page 112 undefined on
 input line 4459.


LaTeX Warning: Reference `lem:moduleFinite_aeval_ringHom' on page 112 undefined
 on input line 4459.


LaTeX Warning: Reference `thm:fiberPolyHom_algebraMap' on page 112 undefined on
 input line 4461.


LaTeX Warning: Reference `lem:moduleFinite_aeval_ringHom' on page 112 undefined
 on input line 4467.


LaTeX Warning: Reference `thm:fiberPolyHom_finite' on page 112 undefined on inp
ut line 4468.


LaTeX Warning: Reference `def:fiberPolyHom' on page 112 undefined on input line
 4469.


LaTeX Warning: Reference `thm:fiberPolyHom_algebraMap' on page 112 undefined on
 input line 4471.


LaTeX Warning: Reference `def:relSectionsBaseChange' on page 112 undefined on i
nput line 4479.


LaTeX Warning: Reference `def:relCover' on page 112 undefined on input line 447
9.


LaTeX Warning: Reference `def:fiberTwoCover' on page 112 undefined on input lin
e 4479.


LaTeX Warning: Reference `def:fiberCover' on page 112 undefined on input line 4
479.


LaTeX Warning: Reference `def:fiberCoordUnit' on page 112 undefined on input li
ne 4479.


LaTeX Warning: Reference `def:relCover' on page 112 undefined on input line 448
3.


LaTeX Warning: Reference `def:fiberTwoCover' on page 112 undefined on input lin
e 4483.


LaTeX Warning: Reference `def:relSectionsBaseChange' on page 112 undefined on i
nput line 4489.


LaTeX Warning: Reference `def:relFiberCoord' on page 112 undefined on input lin
e 4497.


LaTeX Warning: Reference `lem:relCover_inf' on page 112 undefined on input line
 4497.


LaTeX Warning: Reference `def:fiberCover' on page 112 undefined on input line 4
497.


LaTeX Warning: Reference `thm:preimage_inf_eq_basicOpen_fiberCoord1' on page 11
2 undefined on input line 4497.


LaTeX Warning: Reference `lem:relCover_inf' on page 112 undefined on input line
 4507.


LaTeX Warning: Reference `def:fiberCover' on page 112 undefined on input line 4
508.


LaTeX Warning: Reference `thm:preimage_inf_eq_basicOpen_fiberCoord1' on page 11
2 undefined on input line 4508.


LaTeX Warning: Reference `def:relFiberCoord' on page 112 undefined on input lin
e 4515.


LaTeX Warning: Reference `def:fiberCoordUnit' on page 112 undefined on input li
ne 4515.


LaTeX Warning: Reference `lem:relCover_inf' on page 112 undefined on input line
 4515.


LaTeX Warning: Reference `def:fiberCoordUnit' on page 112 undefined on input li
ne 4523.


LaTeX Warning: Reference `lem:relCover_inf' on page 112 undefined on input line
 4525.


LaTeX Warning: Reference `thm:moduleFinite_aeval_fiberCoord' on page 112 undefi
ned on input line 4533.


LaTeX Warning: Reference `thm:moduleFinite_aeval_baseChange' on page 112 undefi
ned on input line 4533.


LaTeX Warning: Reference `lem:aevalCongr' on page 112 undefined on input line 4
533.


LaTeX Warning: Reference `def:relSectionsBaseChange' on page 112 undefined on i
nput line 4533.


LaTeX Warning: Reference `def:relFiberCoord' on page 112 undefined on input lin
e 4533.


LaTeX Warning: Reference `def:mulSectionEnd' on page 112 undefined on input lin
e 4533.


LaTeX Warning: Reference `thm:moduleFinite_aeval_fiberCoord' on page 112 undefi
ned on input line 4535.


LaTeX Warning: Reference `def:mulSectionEnd' on page 112 undefined on input lin
e 4538.


LaTeX Warning: Reference `thm:moduleFinite_aeval_fiberCoord' on page 112 undefi
ned on input line 4543.


LaTeX Warning: Reference `thm:moduleFinite_aeval_baseChange' on page 112 undefi
ned on input line 4544.


LaTeX Warning: Reference `def:relSectionsBaseChange' on page 112 undefined on i
nput line 4546.


LaTeX Warning: Reference `def:relFiberCoord' on page 112 undefined on input lin
e 4551.


LaTeX Warning: Reference `lem:aevalCongr' on page 112 undefined on input line 4
552.

[112]

LaTeX Warning: Reference `def:relSectionsBaseChange' on page 113 undefined on i
nput line 4558.


LaTeX Warning: Reference `def:relSectionsBaseChange' on page 113 undefined on i
nput line 4563.


Overfull \hbox (3.21312pt too wide) in paragraph at lines 4558--4566
[][]\TU/lmr/bx/n/10 The-o-rem 475 \TU/lmr/m/n/10 (Free-ness of the rel-a-tive se
c-tion mod-ules)\TU/lmr/bx/n/10 . [][]\TU/lmr/m/it/10 For ev-ery quasi-compact 
quasi-separated
 []


LaTeX Warning: Reference `def:relSectionsBaseChange' on page 113 undefined on i
nput line 4571.


LaTeX Warning: Reference `sec:rigid_engine_assembly' on page 113 undefined on i
nput line 4577.


LaTeX Warning: Reference `sec:relative_h1_base_change' on page 113 undefined on
 input line 4580.


LaTeX Warning: Reference `chap:RiemannRoch' on page 113 undefined on input line
 4587.


LaTeX Warning: Reference `def:relTwistSheaf' on page 113 undefined on input lin
e 4595.


LaTeX Warning: Reference `def:relTwistSheaf' on page 113 undefined on input lin
e 4602.


LaTeX Warning: Reference `def:twistPairData' on page 113 undefined on input lin
e 4602.


LaTeX Warning: Reference `thm:twistSheaf_qcohOn' on page 113 undefined on input
 line 4602.


LaTeX Warning: Reference `def:relFiberCoord' on page 113 undefined on input lin
e 4602.


LaTeX Warning: Reference `thm:relCover_inf_eq_basicOpen' on page 113 undefined 
on input line 4602.


LaTeX Warning: Reference `thm:relFiberCoord_mul' on page 113 undefined on input
 line 4602.


LaTeX Warning: Reference `def:fiberTwoCover' on page 113 undefined on input lin
e 4602.


LaTeX Warning: Reference `thm:twistSheaf_qcohOn' on page 113 undefined on input
 line 4605.


LaTeX Warning: Reference `def:twistPairData' on page 113 undefined on input lin
e 4606.


LaTeX Warning: Reference `thm:relCover_inf_eq_basicOpen' on page 113 undefined 
on input line 4608.


LaTeX Warning: Reference `thm:relFiberCoord_mul' on page 113 undefined on input
 line 4609.


LaTeX Warning: Reference `def:relTwistPairData' on page 113 undefined on input 
line 4618.


LaTeX Warning: Reference `thm:moduleFinite_aeval_twistPair' on page 113 undefin
ed on input line 4618.


LaTeX Warning: Reference `thm:moduleFinite_aeval_relFiberCoord' on page 113 und
efined on input line 4618.


LaTeX Warning: Reference `thm:fiberPolyHom_algebraMap' on page 113 undefined on
 input line 4621.


LaTeX Warning: Reference `def:relTwistPairData' on page 113 undefined on input 
line 4622.


LaTeX Warning: Reference `thm:moduleFinite_aeval_relFiberCoord' on page 113 und
efined on input line 4627.


LaTeX Warning: Reference `thm:moduleFinite_aeval_twistPair' on page 113 undefin
ed on input line 4629.


LaTeX Warning: Reference `thm:free_relSections' on page 113 undefined on input 
line 4637.


LaTeX Warning: Reference `thm:free_twistSheafSections' on page 113 undefined on
 input line 4637.


LaTeX Warning: Reference `def:fiberTwoCover' on page 113 undefined on input lin
e 4637.


LaTeX Warning: Reference `def:relTwistPairData' on page 113 undefined on input 
line 4637.


LaTeX Warning: Reference `def:fiberTwoCover' on page 113 undefined on input lin
e 4645.


LaTeX Warning: Reference `thm:free_relSections' on page 113 undefined on input 
line 4647.


LaTeX Warning: Reference `thm:free_twistSheafSections' on page 113 undefined on
 input line 4648.


LaTeX Warning: Reference `thm:twoCoverPair_rigidEngine' on page 113 undefined o
n input line 4655.


LaTeX Warning: Reference `def:relTwistPairData' on page 113 undefined on input 
line 4655.


LaTeX Warning: Reference `thm:moduleFinite_aeval_relTwistPair' on page 113 unde
fined on input line 4655.


LaTeX Warning: Reference `thm:free_relTwistSections' on page 113 undefined on i
nput line 4655.


LaTeX Warning: Reference `lem:relCover_charts' on page 113 undefined on input l
ine 4655.

[113]

LaTeX Warning: Reference `lem:relCover_charts' on page 114 undefined on input l
ine 4677.


LaTeX Warning: Reference `def:relTwistPairData' on page 114 undefined on input 
line 4677.


LaTeX Warning: Reference `thm:moduleFinite_aeval_relTwistPair' on page 114 unde
fined on input line 4678.


LaTeX Warning: Reference `thm:free_relTwistSections' on page 114 undefined on i
nput line 4679.


LaTeX Warning: Reference `thm:twoCoverPair_rigidEngine' on page 114 undefined o
n input line 4681.


LaTeX Warning: Reference `thm:moduleFinite_aeval_relTwistPair' on page 114 unde
fined on input line 4688.


LaTeX Warning: Reference `thm:twoLattice_coh1' on page 114 undefined on input l
ine 4688.


LaTeX Warning: Reference `thm:fibrewise_vanishing_propagates' on page 114 undef
ined on input line 4688.


LaTeX Warning: Reference `thm:twoLattice_coh1' on page 114 undefined on input l
ine 4698.


LaTeX Warning: Reference `thm:moduleFinite_aeval_relTwistPair' on page 114 unde
fined on input line 4699.


LaTeX Warning: Reference `thm:fibrewise_vanishing_propagates' on page 114 undef
ined on input line 4700.


LaTeX Warning: Reference `thm:twoCoverPair_isOpen_vanishing' on page 114 undefi
ned on input line 4706.


LaTeX Warning: Reference `thm:moduleFinite_aeval_relTwistPair' on page 114 unde
fined on input line 4706.


LaTeX Warning: Reference `thm:twoCoverPair_isOpen_vanishing' on page 114 undefi
ned on input line 4717.


LaTeX Warning: Reference `thm:moduleFinite_aeval_relTwistPair' on page 114 unde
fined on input line 4718.


LaTeX Warning: Reference `def:twoCoverPair_h0TensorEquiv' on page 114 undefined
 on input line 4724.


LaTeX Warning: Reference `thm:free_relTwistSections' on page 114 undefined on i
nput line 4724.


LaTeX Warning: Reference `def:relTwistPairData' on page 114 undefined on input 
line 4724.


LaTeX Warning: Reference `def:twoCoverPair_h0TensorEquiv' on page 114 undefined
 on input line 4738.


LaTeX Warning: Reference `thm:free_relTwistSections' on page 114 undefined on i
nput line 4740.


LaTeX Warning: Reference `def:twoCoverPair_h0BaseChangeEquiv' on page 114 undef
ined on input line 4746.


LaTeX Warning: Reference `thm:free_relTwistSections' on page 114 undefined on i
nput line 4746.


LaTeX Warning: Reference `def:relTwistPairData' on page 114 undefined on input 
line 4746.


LaTeX Warning: Reference `def:twoCoverPair_h0BaseChangeEquiv' on page 114 undef
ined on input line 4757.


LaTeX Warning: Reference `thm:free_relTwistSections' on page 114 undefined on i
nput line 4758.


LaTeX Warning: Reference `def:twistTriv' on page 114 undefined on input line 47
64.


LaTeX Warning: Reference `lem:twistTriv_res' on page 114 undefined on input lin
e 4764.


LaTeX Warning: Reference `lem:twistTriv_inf_eq' on page 114 undefined on input 
line 4764.


LaTeX Warning: Reference `def:twistSections' on page 114 undefined on input lin
e 4773.


LaTeX Warning: Reference `lem:twistTriv_res' on page 114 undefined on input lin
e 4778.


LaTeX Warning: Reference `lem:twistTriv_inf_eq' on page 114 undefined on input 
line 4781.


LaTeX Warning: Reference `lem:twistTriv_res' on page 114 undefined on input lin
e 4782.

[114]

LaTeX Warning: Reference `def:relTwistTermBaseChange' on page 115 undefined on 
input line 4792.


LaTeX Warning: Reference `thm:relTermBaseChange' on page 115 undefined on input
 line 4792.


LaTeX Warning: Reference `def:relSectionsMap' on page 115 undefined on input li
ne 4792.


LaTeX Warning: Reference `def:twistTriv' on page 115 undefined on input line 47
92.


LaTeX Warning: Reference `lem:relDiffBaseChange' on page 115 undefined on input
 line 4792.


LaTeX Warning: Reference `def:relTwistTermBaseChange' on page 115 undefined on 
input line 4797.


LaTeX Warning: Reference `thm:relTermBaseChange' on page 115 undefined on input
 line 4805.


LaTeX Warning: Reference `lem:relDiffBaseChange' on page 115 undefined on input
 line 4806.


LaTeX Warning: Reference `def:relTwistTermBaseChange' on page 115 undefined on 
input line 4811.


LaTeX Warning: Reference `thm:relTermBaseChange' on page 115 undefined on input
 line 4814.


LaTeX Warning: Reference `lem:twistTriv_pairDiff' on page 115 undefined on inpu
t line 4824.


LaTeX Warning: Reference `def:relTwistDomBaseChange' on page 115 undefined on i
nput line 4824.


LaTeX Warning: Reference `def:relCocycleBaseChange' on page 115 undefined on in
put line 4824.


LaTeX Warning: Reference `lem:relSectionsMap_props' on page 115 undefined on in
put line 4824.


LaTeX Warning: Reference `def:relTwistTermBaseChange' on page 115 undefined on 
input line 4824.


LaTeX Warning: Reference `def:relTwistSheaf' on page 115 undefined on input lin
e 4824.


LaTeX Warning: Reference `def:relTwistDomBaseChange' on page 115 undefined on i
nput line 4826.


LaTeX Warning: Reference `def:relTwistDomBaseChange' on page 115 undefined on i
nput line 4829.


LaTeX Warning: Reference `def:relTwistTermBaseChange' on page 115 undefined on 
input line 4830.


LaTeX Warning: Reference `lem:relDiffBaseChange' on page 115 undefined on input
 line 4837.


LaTeX Warning: Reference `lem:twistTriv_pairDiff' on page 115 undefined on inpu
t line 4844.


LaTeX Warning: Reference `def:relTwistDomBaseChange' on page 115 undefined on i
nput line 4851.


LaTeX Warning: Reference `def:relCocycleBaseChange' on page 115 undefined on in
put line 4855.


LaTeX Warning: Reference `lem:relSectionsMap_props' on page 115 undefined on in
put line 4856.


LaTeX Warning: Reference `thm:relTwistDiffBaseChange' on page 115 undefined on 
input line 4867.


LaTeX Warning: Reference `lem:twoCoverPair_surjective_diff' on page 115 undefin
ed on input line 4867.


LaTeX Warning: Reference `lem:kerCongr' on page 115 undefined on input line 486
7.


LaTeX Warning: Reference `def:twoCoverPair_h0h1' on page 115 undefined on input
 line 4867.


LaTeX Warning: Reference `lem:twoLattice_range_diff' on page 115 undefined on i
nput line 4867.


LaTeX Warning: Reference `def:relTwistPairData' on page 115 undefined on input 
line 4867.


LaTeX Warning: Reference `lem:twoCoverPair_surjective_diff' on page 115 undefin
ed on input line 4879.


LaTeX Warning: Reference `thm:relTwistDiffBaseChange' on page 115 undefined on 
input line 4881.


LaTeX Warning: Reference `lem:kerCongr' on page 115 undefined on input line 488
2.


LaTeX Warning: Reference `lem:twoLattice_range_diff' on page 115 undefined on i
nput line 4883.


LaTeX Warning: Reference `def:twoCoverPair_h0h1' on page 115 undefined on input
 line 4884.


LaTeX Warning: Reference `def:relTwistPairData' on page 115 undefined on input 
line 4885.


LaTeX Warning: Reference `def:relTwistH0BaseChangeEquiv' on page 115 undefined 
on input line 4893.


LaTeX Warning: Reference `lem:kerCongr' on page 115 undefined on input line 489
3.


LaTeX Warning: Reference `thm:relTwistDiffBaseChange' on page 115 undefined on 
input line 4893.


LaTeX Warning: Reference `def:twoCoverPair_h0h1' on page 115 undefined on input
 line 4893.


LaTeX Warning: Reference `def:relTwistPairData' on page 115 undefined on input 
line 4893.

[115]

LaTeX Warning: Reference `def:relTwistH0BaseChangeEquiv' on page 116 undefined 
on input line 4909.


LaTeX Warning: Reference `lem:kerCongr' on page 116 undefined on input line 491
1.


LaTeX Warning: Reference `thm:relTwistDiffBaseChange' on page 116 undefined on 
input line 4912.


LaTeX Warning: Reference `def:twoCoverPair_h0h1' on page 116 undefined on input
 line 4913.


LaTeX Warning: Reference `def:relTwistPairData' on page 116 undefined on input 
line 4913.


Package hyperref Warning: Token not allowed in a PDF string (Unicode):
(hyperref)                removing `math shift' on input line 4917.


Package hyperref Warning: Token not allowed in a PDF string (Unicode):
(hyperref)                removing `superscript' on input line 4917.


Package hyperref Warning: Token not allowed in a PDF string (Unicode):
(hyperref)                removing `math shift' on input line 4917.


Package hyperref Warning: Token not allowed in a PDF string (Unicode):
(hyperref)                removing `superscript' on input line 4917.


LaTeX Warning: Reference `sec:relative_h1_base_change' on page 116 undefined on
 input line 4921.


LaTeX Warning: Reference `def:relSectionsBaseChange' on page 116 undefined on i
nput line 4925.


LaTeX Warning: Reference `def:relSectionsBaseChange' on page 116 undefined on i
nput line 4934.


LaTeX Warning: Reference `def:relSectionsBaseChange' on page 116 undefined on i
nput line 4957.


LaTeX Warning: Reference `def:relCover' on page 116 undefined on input line 495
7.


LaTeX Warning: Reference `lem:relCover_inf' on page 116 undefined on input line
 4957.


LaTeX Warning: Reference `def:AffineTwoCover' on page 116 undefined on input li
ne 4957.


LaTeX Warning: Reference `def:relSectionsBaseChange' on page 116 undefined on i
nput line 4961.


LaTeX Warning: Reference `lem:relCover_inf' on page 116 undefined on input line
 4973.


LaTeX Warning: Reference `def:curveDiffTermsBaseChange' on page 116 undefined o
n input line 4981.


LaTeX Warning: Reference `def:TwoCover_diff' on page 116 undefined on input lin
e 4981.


LaTeX Warning: Reference `lem:relPullbackSection_resHom' on page 116 undefined 
on input line 4981.


LaTeX Warning: Reference `def:curveDiffTermsBaseChange' on page 116 undefined o
n input line 4983.


LaTeX Warning: Reference `def:TwoCover_diff' on page 116 undefined on input lin
e 4985.


LaTeX Warning: Reference `lem:relPullbackSection_resHom' on page 116 undefined 
on input line 4999.

[116]

LaTeX Warning: Reference `thm:quot_range_baseChange' on page 117 undefined on i
nput line 5011.


LaTeX Warning: Reference `thm:curveDiffBaseChange' on page 117 undefined on inp
ut line 5011.


LaTeX Warning: Reference `def:TwoCover_H1Cok' on page 117 undefined on input li
ne 5011.


LaTeX Warning: Reference `def:TwoCover_H1Cok' on page 117 undefined on input li
ne 5023.


LaTeX Warning: Reference `thm:quot_range_baseChange' on page 117 undefined on i
nput line 5024.


LaTeX Warning: Reference `def:curveDiffTermsBaseChange' on page 117 undefined o
n input line 5027.


LaTeX Warning: Reference `thm:curveDiffBaseChange' on page 117 undefined on inp
ut line 5028.


LaTeX Warning: Reference `thm:TwoCover_h1CokEquiv' on page 117 undefined on inp
ut line 5039.


LaTeX Warning: Reference `thm:curveH1CokBaseChange' on page 117 undefined on in
put line 5039.


LaTeX Warning: Reference `def:relTwoCoverH1' on page 117 undefined on input lin
e 5039.


LaTeX Warning: Reference `def:moduleKSheaf' on page 117 undefined on input line
 5039.


LaTeX Warning: Reference `def:HModule' on page 117 undefined on input line 5039
.


LaTeX Warning: Reference `thm:TwoCover_h1CokEquiv' on page 117 undefined on inp
ut line 5052.


LaTeX Warning: Reference `thm:curveH1CokBaseChange' on page 117 undefined on in
put line 5055.


LaTeX Warning: Reference `def:relTwoCoverH1' on page 117 undefined on input lin
e 5056.


LaTeX Warning: Reference `thm:AffineTwoCover_nonempty_of_curve' on page 117 und
efined on input line 5062.


LaTeX Warning: Reference `thm:AffineTwoCover_nonempty_of_curve' on page 117 und
efined on input line 5066.


LaTeX Warning: Reference `def:moduleKSheafHZero' on page 117 undefined on input
 line 5073.


LaTeX Warning: Reference `def:relSectionsBaseChange' on page 117 undefined on i
nput line 5073.


LaTeX Warning: Reference `def:moduleKSheafHZero' on page 117 undefined on input
 line 5083.


LaTeX Warning: Reference `def:relSectionsBaseChange' on page 117 undefined on i
nput line 5086.


LaTeX Warning: Reference `thm:curveH1BaseChange' on page 117 undefined on input
 line 5094.


LaTeX Warning: Reference `def:curveCover' on page 117 undefined on input line 5
094.


LaTeX Warning: Reference `thm:baseChangeCurve_bundle' on page 117 undefined on 
input line 5094.


LaTeX Warning: Reference `thm:baseChangeCurve_bundle' on page 117 undefined on 
input line 5102.


LaTeX Warning: Reference `thm:curveH1BaseChange' on page 117 undefined on input
 line 5106.


LaTeX Warning: Reference `def:curveCover' on page 117 undefined on input line 5
107.


LaTeX Warning: Reference `thm:baseChangeCurve_bundle' on page 117 undefined on 
input line 5108.


LaTeX Warning: Reference `thm:curveH0BaseChange' on page 117 undefined on input
 line 5114.


LaTeX Warning: Reference `thm:baseChangeCurve_bundle' on page 117 undefined on 
input line 5114.


LaTeX Warning: Reference `thm:h1BaseFieldEquiv' on page 117 undefined on input 
line 5116.


LaTeX Warning: Reference `thm:curveH0BaseChange' on page 117 undefined on input
 line 5122.

[117]

LaTeX Warning: Reference `thm:h1BaseFieldEquiv' on page 118 undefined on input 
line 5129.


LaTeX Warning: Reference `thm:h0BaseFieldEquiv' on page 118 undefined on input 
line 5129.


LaTeX Warning: Reference `def:genus' on page 118 undefined on input line 5129.


Overfull \hbox (2.66815pt too wide) detected at line 5137
[][] \TU/latinmodern-math.otf(1)/m/n/10 𝐻[][]𝐶[], 𝒪[][] = [][] 𝐻[][
]𝐶, 𝒪[][] = [](𝐶),  [][] 𝐻[][]𝐶[], 𝒪[][] = [][] 𝐻[][]𝐶, 
𝒪[][].
 []


LaTeX Warning: Reference `thm:h1BaseFieldEquiv' on page 118 undefined on input 
line 5143.


LaTeX Warning: Reference `thm:h0BaseFieldEquiv' on page 118 undefined on input 
line 5143.


LaTeX Warning: Reference `def:genus' on page 118 undefined on input line 5144.


LaTeX Warning: Reference `thm:finrank_h1_baseField' on page 118 undefined on in
put line 5150.


LaTeX Warning: Reference `thm:baseChangeCurve_bundle' on page 118 undefined on 
input line 5150.


LaTeX Warning: Reference `def:genus' on page 118 undefined on input line 5150.


LaTeX Warning: Reference `thm:baseChangeCurve_bundle' on page 118 undefined on 
input line 5154.


LaTeX Warning: Reference `def:genus' on page 118 undefined on input line 5161.


LaTeX Warning: Reference `thm:finrank_h1_baseField' on page 118 undefined on in
put line 5163.


Overfull \hbox (1.51198pt too wide) in paragraph at lines 5161--5164
[]\TU/lmr/m/n/10 By Def-i-ni-tion [] ap-plied over $\TU/latinmodern-math.otf(1)
/m/n/10 𝐾$\TU/lmr/m/n/10 , $[]\TU/latinmodern-math.otf(1)/m/n/10 (𝐶[]) = 
[][] 𝐻[](𝐶[], 𝒪[])$\TU/lmr/m/n/10 , which equals $[]\TU/latinmodern-ma
th.otf(1)/m/n/10 (𝐶)$
 []

) (./chapters/RiemannRoch.tex [118]
Chapter 6.

LaTeX Warning: Reference `chap:Curves' on page 119 undefined on input line 18.


LaTeX Warning: Reference `thm:affine_dedekind_dvr_stalk' on page 119 undefined 
on input line 46.


LaTeX Warning: Reference `thm:relDim1_dedekind_charts' on page 119 undefined on
 input line 46.


LaTeX Warning: Reference `thm:relDim1_dedekind_charts' on page 119 undefined on
 input line 54.


LaTeX Warning: Reference `thm:affine_dedekind_dvr_stalk' on page 119 undefined 
on input line 55.

[119

]

LaTeX Warning: Reference `thm:closedpoint_dvr_stalk' on page 120 undefined on i
nput line 61.


LaTeX Warning: Reference `thm:closedpoint_dvr_stalk' on page 120 undefined on i
nput line 63.


LaTeX Warning: Reference `thm:closedpoint_dvr_stalk' on page 120 undefined on i
nput line 69.


LaTeX Warning: Reference `thm:relDim1_specializes' on page 120 undefined on inp
ut line 75.


LaTeX Warning: Reference `lem:height_one_closed_points' on page 120 undefined o
n input line 75.


LaTeX Warning: Reference `thm:relDim1_specializes' on page 120 undefined on inp
ut line 82.


LaTeX Warning: Reference `lem:height_one_closed_points' on page 120 undefined o
n input line 85.


LaTeX Warning: Reference `thm:closedpoint_dvr_stalk' on page 120 undefined on i
nput line 91.


LaTeX Warning: Reference `thm:closedpoint_dedekind_stalk' on page 120 undefined
 on input line 91.


LaTeX Warning: Reference `thm:closedpoint_dvr_stalk' on page 120 undefined on i
nput line 102.


LaTeX Warning: Reference `thm:closedpoint_dedekind_stalk' on page 120 undefined
 on input line 103.


LaTeX Warning: Reference `chap:Cohomology' on page 120 undefined on input line 
114.


LaTeX Warning: Reference `def:overAlgebraMap' on page 120 undefined on input li
ne 121.


LaTeX Warning: Reference `def:overAlgebraMap' on page 120 undefined on input li
ne 128.


LaTeX Warning: Reference `def:overAlgebraMap' on page 120 undefined on input li
ne 137.


LaTeX Warning: Reference `def:residueOverAlgebraMap' on page 120 undefined on i
nput line 143.


LaTeX Warning: Reference `def:residueOverAlgebraMap' on page 120 undefined on i
nput line 152.

[120]

LaTeX Warning: Reference `thm:closedpoint_isClosed' on page 121 undefined on in
put line 169.


LaTeX Warning: Reference `thm:closedpoint_isClosed' on page 121 undefined on in
put line 180.


LaTeX Warning: Reference `def:curveDivisor' on page 121 undefined on input line
 187.


LaTeX Warning: Reference `def:residueDeg' on page 121 undefined on input line 1
87.


LaTeX Warning: Reference `def:residueDeg' on page 121 undefined on input line 1
96.


LaTeX Warning: Reference `def:curveDivisor_deg' on page 121 undefined on input 
line 204.


LaTeX Warning: Reference `def:curveDivisor_deg' on page 121 undefined on input 
line 224.


LaTeX Warning: Reference `def:curveDivisor_deg' on page 121 undefined on input 
line 235.


Package hyperref Warning: Token not allowed in a PDF string (Unicode):
(hyperref)                removing `math shift' on input line 239.


Package hyperref Warning: Token not allowed in a PDF string (Unicode):
(hyperref)                removing `superscript' on input line 239.

[121]

LaTeX Warning: Reference `def:skyModule' on page 122 undefined on input line 26
4.


LaTeX Warning: Reference `def:HModule_linearEquiv0' on page 122 undefined on in
put line 264.


LaTeX Warning: Reference `def:skyModule' on page 122 undefined on input line 27
4.


LaTeX Warning: Reference `def:HModule_linearEquiv0' on page 122 undefined on in
put line 276.


LaTeX Warning: Reference `def:skyModule' on page 122 undefined on input line 28
2.


LaTeX Warning: Reference `lem:sections_left_exact' on page 122 undefined on inp
ut line 282.


LaTeX Warning: Reference `lem:app_injective_of_mono' on page 122 undefined on i
nput line 282.


LaTeX Warning: Reference `lem:sections_left_exact' on page 122 undefined on inp
ut line 303.


LaTeX Warning: Reference `lem:app_injective_of_mono' on page 122 undefined on i
nput line 311.


LaTeX Warning: Reference `def:skyModule' on page 122 undefined on input line 32
2.


Overfull \hbox (7.73853pt too wide) in paragraph at lines 320--324
[]\TU/lmr/m/n/10 (e) \TU/lmr/m/it/10 Re-stric-tion to $\TU/latinmodern-math.otf
(1)/m/n/10 𝑊[]$ \TU/lmr/m/it/10 is in-jec-tive. \TU/lmr/m/n/10 For ev-ery ope
n $\TU/latinmodern-math.otf(1)/m/n/10 𝐴$\TU/lmr/m/n/10 , the re-stric-tion $
[][]\TU/latinmodern-math.otf(1)/m/n/10 (𝑀)(𝐴) → [][](𝑀)(𝐴 ∩
 []

[122]

LaTeX Warning: Reference `def:skyModule' on page 123 undefined on input line 35
1.


LaTeX Warning: Reference `def:HModule' on page 123 undefined on input line 351.



LaTeX Warning: Reference `lem:ext_one_vanishing_criterion' on page 123 undefine
d on input line 361.


LaTeX Warning: Reference `thm:sky_cokernel_app_top_surjective' on page 123 unde
fined on input line 361.


LaTeX Warning: Reference `def:constHomEquiv' on page 123 undefined on input lin
e 361.


LaTeX Warning: Reference `lem:constHomEquiv_naturality' on page 123 undefined o
n input line 361.


LaTeX Warning: Reference `lem:ext_one_vanishing_criterion' on page 123 undefine
d on input line 365.


LaTeX Warning: Reference `def:constHomEquiv' on page 123 undefined on input lin
e 367.


LaTeX Warning: Reference `lem:constHomEquiv_naturality' on page 123 undefined o
n input line 367.


LaTeX Warning: Reference `thm:sky_cokernel_app_top_surjective' on page 123 unde
fined on input line 370.


LaTeX Warning: Reference `thm:relDim1_dedekind_charts' on page 123 undefined on
 input line 382.


LaTeX Warning: Reference `thm:affine_dedekind_dvr_stalk' on page 123 undefined 
on input line 382.


LaTeX Warning: Reference `def:residueOverAlgebraMap' on page 123 undefined on i
nput line 382.


LaTeX Warning: Reference `thm:relDim1_dedekind_charts' on page 123 undefined on
 input line 392.


LaTeX Warning: Reference `thm:affine_dedekind_dvr_stalk' on page 123 undefined 
on input line 395.


LaTeX Warning: Reference `def:residueOverAlgebraMap' on page 123 undefined on i
nput line 398.


LaTeX Warning: Reference `thm:residueDeg_finite' on page 123 undefined on input
 line 408.


LaTeX Warning: Reference `def:residueDeg' on page 123 undefined on input line 4
08.


LaTeX Warning: Reference `thm:residueDeg_finite' on page 123 undefined on input
 line 410.


LaTeX Warning: Reference `thm:residueDeg_finite' on page 123 undefined on input
 line 415.

[123]

LaTeX Warning: Reference `def:scheme_ord' on page 124 undefined on input line 4
29.


LaTeX Warning: Reference `def:scheme_ord' on page 124 undefined on input line 4
36.


LaTeX Warning: Reference `def:scheme_ord' on page 124 undefined on input line 4
43.


LaTeX Warning: Reference `def:scheme_ord' on page 124 undefined on input line 4
52.


LaTeX Warning: Reference `thm:closedpoint_dvr_stalk' on page 124 undefined on i
nput line 452.


LaTeX Warning: Reference `thm:closedpoint_dvr_stalk' on page 124 undefined on i
nput line 463.


LaTeX Warning: Reference `lem:ord_eq_one_of_mem_basicOpen' on page 124 undefine
d on input line 470.


LaTeX Warning: Reference `thm:height_one_finite_closed' on page 124 undefined o
n input line 470.


LaTeX Warning: Reference `thm:relDim1_specializes' on page 124 undefined on inp
ut line 470.


LaTeX Warning: Reference `lem:ord_eq_one_of_mem_basicOpen' on page 124 undefine
d on input line 482.


LaTeX Warning: Reference `thm:relDim1_specializes' on page 124 undefined on inp
ut line 485.


LaTeX Warning: Reference `thm:height_one_finite_closed' on page 124 undefined o
n input line 486.


LaTeX Warning: Reference `def:curveDivisor' on page 124 undefined on input line
 493.


LaTeX Warning: Reference `def:scheme_ordZ' on page 124 undefined on input line 
493.


LaTeX Warning: Reference `thm:ordZ_support_finite' on page 124 undefined on inp
ut line 493.


LaTeX Warning: Reference `thm:ordZ_support_finite' on page 124 undefined on inp
ut line 502.


LaTeX Warning: Reference `def:divOf' on page 124 undefined on input line 508.


LaTeX Warning: Reference `def:scheme_ordZ' on page 124 undefined on input line 
508.


LaTeX Warning: Reference `def:scheme_ordZ' on page 124 undefined on input line 
520.


LaTeX Warning: Reference `def:divOf' on page 124 undefined on input line 522.


Overfull \hbox (0.35844pt too wide) in paragraph at lines 519--523
[]\TU/lmr/m/n/10 At each closed point $\TU/latinmodern-math.otf(1)/m/n/10 𝑥$
 \TU/lmr/m/n/10 the or-der $[][]$ is a ho-mo-mor-phism $\TU/latinmodern-math.ot
f(1)/m/n/10 𝐾(𝑋)[] → ℤ$ \TU/lmr/m/n/10 ([]), so $[][]\TU/latinmodern-
math.otf(1)/m/n/10 (𝑔𝑔[]) =
 []

[124]

LaTeX Warning: Reference `def:overAlgebraMap' on page 125 undefined on input li
ne 535.


LaTeX Warning: Reference `def:overAlgebraMap' on page 125 undefined on input li
ne 542.


LaTeX Warning: Reference `thm:closedpoint_dvr_stalk' on page 125 undefined on i
nput line 550.


LaTeX Warning: Reference `def:scheme_ord' on page 125 undefined on input line 5
50.


LaTeX Warning: Reference `thm:closedpoint_dvr_stalk' on page 125 undefined on i
nput line 557.


LaTeX Warning: Reference `def:scheme_ord' on page 125 undefined on input line 5
59.


LaTeX Warning: Reference `lem:ord_algebraMap_stalk_le_one' on page 125 undefine
d on input line 566.


LaTeX Warning: Reference `def:functionFieldOverAlgebraMap' on page 125 undefine
d on input line 566.


LaTeX Warning: Reference `def:functionFieldOverAlgebraMap' on page 125 undefine
d on input line 574.


LaTeX Warning: Reference `lem:ord_algebraMap_stalk_le_one' on page 125 undefine
d on input line 575.


LaTeX Warning: Reference `def:scheme_ord' on page 125 undefined on input line 5
82.


LaTeX Warning: Reference `lem:ord_functionFieldOverAlgebraMap_le_one' on page 1
25 undefined on input line 582.


LaTeX Warning: Reference `def:curveDivisor' on page 125 undefined on input line
 582.


LaTeX Warning: Reference `def:functionFieldOverAlgebraMap' on page 125 undefine
d on input line 582.


LaTeX Warning: Reference `lem:ord_functionFieldOverAlgebraMap_le_one' on page 1
25 undefined on input line 596.


LaTeX Warning: Reference `def:divisorSections' on page 125 undefined on input l
ine 614.


LaTeX Warning: Reference `lem:opens_inf_nonempty' on page 125 undefined on inpu
t line 614.


LaTeX Warning: Reference `def:divisorSections' on page 125 undefined on input l
ine 616.


LaTeX Warning: Reference `lem:opens_inf_nonempty' on page 125 undefined on inpu
t line 624.


LaTeX Warning: Reference `def:divisorSheaf' on page 125 undefined on input line
 634.


LaTeX Warning: Reference `def:curveDivisor' on page 125 undefined on input line
 634.

[125]

LaTeX Warning: Reference `thm:closedpoint_dvr_stalk' on page 126 undefined on i
nput line 651.


LaTeX Warning: Reference `thm:closedpoint_dedekind_stalk' on page 126 undefined
 on input line 651.


LaTeX Warning: Reference `def:scheme_ord' on page 126 undefined on input line 6
51.


LaTeX Warning: Reference `thm:closedpoint_dvr_stalk' on page 126 undefined on i
nput line 659.


LaTeX Warning: Reference `thm:closedpoint_dedekind_stalk' on page 126 undefined
 on input line 660.


LaTeX Warning: Reference `def:scheme_ord' on page 126 undefined on input line 6
61.


Package hyperref Warning: Token not allowed in a PDF string (Unicode):
(hyperref)                removing `math shift' on input line 667.


Package hyperref Warning: Token not allowed in a PDF string (Unicode):
(hyperref)                removing `\symcal' on input line 667.


LaTeX Warning: Reference `lem:germ_generic_eq_algebraMap_germ' on page 126 unde
fined on input line 691.


LaTeX Warning: Reference `lem:ord_algebraMap_stalk_le_one' on page 126 undefine
d on input line 691.


LaTeX Warning: Reference `def:divisorSections' on page 126 undefined on input l
ine 691.


LaTeX Warning: Reference `lem:germ_generic_eq_algebraMap_germ' on page 126 unde
fined on input line 700.


LaTeX Warning: Reference `lem:ord_algebraMap_stalk_le_one' on page 126 undefine
d on input line 701.


LaTeX Warning: Reference `lem:exists_stalk_of_ord_le_one' on page 126 undefined
 on input line 708.


LaTeX Warning: Reference `lem:germ_generic_eq_algebraMap_germ' on page 126 unde
fined on input line 708.


LaTeX Warning: Reference `def:divisorSections' on page 126 undefined on input l
ine 708.


LaTeX Warning: Reference `lem:exists_stalk_of_ord_le_one' on page 126 undefined
 on input line 717.


LaTeX Warning: Reference `lem:germ_generic_eq_algebraMap_germ' on page 126 unde
fined on input line 720.


LaTeX Warning: Reference `lem:exists_local_section' on page 126 undefined on in
put line 726.


LaTeX Warning: Reference `lem:exists_local_section' on page 126 undefined on in
put line 733.


LaTeX Warning: Reference `lem:germGenericLinear_mem' on page 126 undefined on i
nput line 743.


LaTeX Warning: Reference `lem:exists_section_germ_eq' on page 126 undefined on 
input line 743.


LaTeX Warning: Reference `def:divisorSheaf' on page 126 undefined on input line
 743.


LaTeX Warning: Reference `def:moduleKSheaf' on page 126 undefined on input line
 743.

[126]

LaTeX Warning: Reference `lem:germGenericLinear_mem' on page 127 undefined on i
nput line 753.


LaTeX Warning: Reference `lem:exists_section_germ_eq' on page 127 undefined on 
input line 755.


LaTeX Warning: Reference `def:scheme_ord' on page 127 undefined on input line 7
70.


LaTeX Warning: Reference `lem:ord_functionFieldOverAlgebraMap_le_one' on page 1
27 undefined on input line 770.


LaTeX Warning: Reference `def:divisorSections' on page 127 undefined on input l
ine 775.


LaTeX Warning: Reference `lem:ord_functionFieldOverAlgebraMap_le_one' on page 1
27 undefined on input line 776.


LaTeX Warning: Reference `def:pointLattice' on page 127 undefined on input line
 783.


LaTeX Warning: Reference `def:curveDivisor' on page 127 undefined on input line
 783.


LaTeX Warning: Reference `def:jumpModule' on page 127 undefined on input line 7
97.


LaTeX Warning: Reference `def:divisorSections' on page 127 undefined on input l
ine 797.


LaTeX Warning: Reference `def:pointLattice' on page 127 undefined on input line
 797.


LaTeX Warning: Reference `def:curveDivisor' on page 127 undefined on input line
 808.


LaTeX Warning: Reference `def:jumpProj' on page 127 undefined on input line 818
.


LaTeX Warning: Reference `def:skyModule' on page 127 undefined on input line 81
8.


LaTeX Warning: Reference `def:divisorSheaf' on page 127 undefined on input line
 818.


LaTeX Warning: Reference `def:devissagePi' on page 127 undefined on input line 
830.


LaTeX Warning: Reference `def:devissageDivisor' on page 127 undefined on input 
line 830.


LaTeX Warning: Reference `thm:divisorSheafLE' on page 127 undefined on input li
ne 830.


LaTeX Warning: Reference `def:jumpProj' on page 127 undefined on input line 830
.


LaTeX Warning: Reference `lem:devissage_comp_eq_zero' on page 127 undefined on 
input line 846.


LaTeX Warning: Reference `thm:divisorSheafLE' on page 127 undefined on input li
ne 846.


LaTeX Warning: Reference `def:devissagePi' on page 127 undefined on input line 
846.


LaTeX Warning: Reference `thm:divisorSheafLE' on page 127 undefined on input li
ne 853.


LaTeX Warning: Reference `lem:devissage_comp_eq_zero' on page 127 undefined on 
input line 855.

[127]

LaTeX Warning: Reference `thm:divisorSheafLE' on page 128 undefined on input li
ne 859.


LaTeX Warning: Reference `def:devissageSES' on page 128 undefined on input line
 865.


LaTeX Warning: Reference `def:jumpModule' on page 128 undefined on input line 8
73.


LaTeX Warning: Reference `thm:ordZ_support_finite' on page 128 undefined on inp
ut line 873.


LaTeX Warning: Reference `def:divOf' on page 128 undefined on input line 873.


LaTeX Warning: Reference `thm:closedpoint_isClosed' on page 128 undefined on in
put line 873.


LaTeX Warning: Reference `def:pointLattice' on page 128 undefined on input line
 873.


LaTeX Warning: Reference `def:divisorSections' on page 128 undefined on input l
ine 873.


LaTeX Warning: Reference `def:jumpProj' on page 128 undefined on input line 873
.


LaTeX Warning: Reference `thm:ordZ_support_finite' on page 128 undefined on inp
ut line 887.


LaTeX Warning: Reference `thm:closedpoint_isClosed' on page 128 undefined on in
put line 888.


LaTeX Warning: Reference `lem:devissage_local_lift' on page 128 undefined on in
put line 897.


LaTeX Warning: Reference `def:devissagePi' on page 128 undefined on input line 
897.


LaTeX Warning: Reference `def:skyModule' on page 128 undefined on input line 89
7.


LaTeX Warning: Reference `def:devissageSES' on page 128 undefined on input line
 897.


LaTeX Warning: Reference `lem:devissage_local_lift' on page 128 undefined on in
put line 906.


LaTeX Warning: Reference `def:jumpProj' on page 128 undefined on input line 914
.


LaTeX Warning: Reference `def:pointLattice' on page 128 undefined on input line
 914.


LaTeX Warning: Reference `def:devissageDivisor' on page 128 undefined on input 
line 914.


LaTeX Warning: Reference `thm:divisorSheafLE' on page 128 undefined on input li
ne 914.


LaTeX Warning: Reference `def:devissagePi' on page 128 undefined on input line 
914.


LaTeX Warning: Reference `def:divisorSections' on page 128 undefined on input l
ine 914.


LaTeX Warning: Reference `lem:devissageSES_map_exact' on page 128 undefined on 
input line 934.


LaTeX Warning: Reference `def:devissageSES' on page 128 undefined on input line
 934.


LaTeX Warning: Reference `def:devissagePi' on page 128 undefined on input line 
934.


LaTeX Warning: Reference `lem:devissageSES_map_exact' on page 128 undefined on 
input line 940.


LaTeX Warning: Reference `def:devissageSES' on page 128 undefined on input line
 941.

[128]

LaTeX Warning: Reference `def:devissageSES' on page 129 undefined on input line
 951.


LaTeX Warning: Reference `thm:devissageSES_epi_g' on page 129 undefined on inpu
t line 951.


LaTeX Warning: Reference `thm:devissageSES_exact' on page 129 undefined on inpu
t line 951.


LaTeX Warning: Reference `def:devissageSES' on page 129 undefined on input line
 962.


LaTeX Warning: Reference `thm:devissageSES_epi_g' on page 129 undefined on inpu
t line 963.


LaTeX Warning: Reference `thm:devissageSES_exact' on page 129 undefined on inpu
t line 964.


LaTeX Warning: Reference `thm:closedpoint_dvr_stalk' on page 129 undefined on i
nput line 977.


LaTeX Warning: Reference `def:scheme_ord' on page 129 undefined on input line 9
77.


LaTeX Warning: Reference `thm:closedpoint_dvr_stalk' on page 129 undefined on i
nput line 980.


LaTeX Warning: Reference `def:scheme_ord' on page 129 undefined on input line 9
86.


LaTeX Warning: Reference `lem:uniformizer' on page 129 undefined on input line 
993.


LaTeX Warning: Reference `def:pointLattice' on page 129 undefined on input line
 993.


LaTeX Warning: Reference `lem:exists_stalk_of_ord_le_one' on page 129 undefined
 on input line 1012.


LaTeX Warning: Reference `def:pointLattice' on page 129 undefined on input line
 1012.


LaTeX Warning: Reference `def:residueOverAlgebraMap' on page 129 undefined on i
nput line 1012.


LaTeX Warning: Reference `thm:closedpoint_dvr_stalk' on page 129 undefined on i
nput line 1012.


LaTeX Warning: Reference `lem:exists_stalk_of_ord_le_one' on page 129 undefined
 on input line 1020.


LaTeX Warning: Reference `def:residueOverAlgebraMap' on page 129 undefined on i
nput line 1022.


LaTeX Warning: Reference `thm:closedpoint_dvr_stalk' on page 129 undefined on i
nput line 1023.


LaTeX Warning: Reference `thm:shiftMap' on page 129 undefined on input line 103
2.


LaTeX Warning: Reference `thm:baseHom' on page 129 undefined on input line 1032
.


LaTeX Warning: Reference `def:jumpModule' on page 129 undefined on input line 1
032.


LaTeX Warning: Reference `thm:shiftMap' on page 129 undefined on input line 104
1.


LaTeX Warning: Reference `thm:baseHom' on page 129 undefined on input line 1043
.


LaTeX Warning: Reference `thm:jumpEquivResidueField' on page 129 undefined on i
nput line 1051.

[129]

LaTeX Warning: Reference `def:residueDeg' on page 130 undefined on input line 1
051.


LaTeX Warning: Reference `thm:jumpEquivResidueField' on page 130 undefined on i
nput line 1060.


LaTeX Warning: Reference `def:residueDeg' on page 130 undefined on input line 1
061.


LaTeX Warning: Reference `thm:jumpEquivResidueField' on page 130 undefined on i
nput line 1067.


LaTeX Warning: Reference `thm:residueDeg_finite' on page 130 undefined on input
 line 1067.


LaTeX Warning: Reference `thm:jumpEquivResidueField' on page 130 undefined on i
nput line 1073.


LaTeX Warning: Reference `thm:residueDeg_finite' on page 130 undefined on input
 line 1074.


LaTeX Warning: Reference `def:divOf' on page 130 undefined on input line 1086.


LaTeX Warning: Reference `def:divisorSections' on page 130 undefined on input l
ine 1086.


LaTeX Warning: Reference `def:scheme_ord' on page 130 undefined on input line 1
086.


LaTeX Warning: Reference `def:divOf' on page 130 undefined on input line 1096.


LaTeX Warning: Reference `def:divisorSections' on page 130 undefined on input l
ine 1101.


LaTeX Warning: Reference `thm:mem_boundedSections_mul_iff' on page 130 undefine
d on input line 1107.


LaTeX Warning: Reference `def:divisorSheaf' on page 130 undefined on input line
 1107.


LaTeX Warning: Reference `def:divOf' on page 130 undefined on input line 1107.


LaTeX Warning: Reference `thm:mem_boundedSections_mul_iff' on page 130 undefine
d on input line 1119.


LaTeX Warning: Reference `def:HModule' on page 130 undefined on input line 1135
.


LaTeX Warning: Reference `def:HModule_map' on page 130 undefined on input line 
1143.

[130]

LaTeX Warning: Reference `def:HModule_map' on page 131 undefined on input line 
1156.


LaTeX Warning: Reference `def:HModule' on page 131 undefined on input line 1165
.


LaTeX Warning: Reference `def:h0_h1_chi' on page 131 undefined on input line 11
85.


LaTeX Warning: Reference `def:HModule_mapEquiv' on page 131 undefined on input 
line 1185.


LaTeX Warning: Reference `def:HModule_mapEquiv' on page 131 undefined on input 
line 1193.


LaTeX Warning: Reference `def:h0_h1_chi' on page 131 undefined on input line 12
01.


LaTeX Warning: Reference `thm:finrank_alt_sum_exact5' on page 131 undefined on 
input line 1224.

[131]

LaTeX Warning: Reference `def:HModule' on page 132 undefined on input line 1248
.


LaTeX Warning: Reference `def:constModuleSheaf' on page 132 undefined on input 
line 1248.


LaTeX Warning: Reference `def:HModule_map' on page 132 undefined on input line 
1264.


LaTeX Warning: Reference `def:HModule_delta' on page 132 undefined on input lin
e 1264.


Overfull \hbox (66.29382pt too wide) detected at line 1272
\TU/latinmodern-math.otf(1)/m/n/10 𝐻[](𝑋[]) → 𝐻[](𝑋[]) → 𝐻[]
(𝑋[]),  𝐻[](𝑋[]) → 𝐻[](𝑋[]) [] 𝐻[](𝑋[]),  𝐻[](𝑋[]) [] 
𝐻[](𝑋[]) → 𝐻[](𝑋[]).
 []


LaTeX Warning: Reference `def:HModule_map' on page 132 undefined on input line 
1278.


LaTeX Warning: Reference `def:HModule_delta' on page 132 undefined on input lin
e 1279.


LaTeX Warning: Reference `def:HModule_map' on page 132 undefined on input line 
1287.


LaTeX Warning: Reference `thm:HModule_slice_exact' on page 132 undefined on inp
ut line 1301.


LaTeX Warning: Reference `thm:HModule_slice_exact' on page 132 undefined on inp
ut line 1309.


LaTeX Warning: Reference `thm:finiteDimensional_of_exact' on page 132 undefined
 on input line 1320.


LaTeX Warning: Reference `thm:HModule_slice_exact' on page 132 undefined on inp
ut line 1320.


LaTeX Warning: Reference `thm:HModule_injective_map_f_zero' on page 132 undefin
ed on input line 1320.


LaTeX Warning: Reference `def:HModule_delta' on page 132 undefined on input lin
e 1320.


LaTeX Warning: Reference `thm:HModule_slice_exact' on page 132 undefined on inp
ut line 1333.


LaTeX Warning: Reference `thm:finiteDimensional_of_exact' on page 132 undefined
 on input line 1334.


LaTeX Warning: Reference `thm:HModule_injective_map_f_zero' on page 132 undefin
ed on input line 1335.


LaTeX Warning: Reference `thm:HModule_slice_exact' on page 132 undefined on inp
ut line 1338.


LaTeX Warning: Reference `def:HModule_delta' on page 132 undefined on input lin
e 1339.


LaTeX Warning: Reference `thm:finiteDimensional_of_exact' on page 132 undefined
 on input line 1340.

[132]

LaTeX Warning: Reference `thm:finrank_alt_sum_exact5' on page 133 undefined on 
input line 1347.


LaTeX Warning: Reference `thm:HModule_injective_map_f_zero' on page 133 undefin
ed on input line 1347.


LaTeX Warning: Reference `thm:HModule_slice_exact' on page 133 undefined on inp
ut line 1347.


LaTeX Warning: Reference `thm:HModule_surjective_map_f' on page 133 undefined o
n input line 1347.


LaTeX Warning: Reference `def:HModule_delta' on page 133 undefined on input lin
e 1347.


LaTeX Warning: Reference `thm:chi_eq_h0' on page 133 undefined on input line 13
47.


LaTeX Warning: Reference `def:h0_h1_chi' on page 133 undefined on input line 13
47.


LaTeX Warning: Reference `thm:HModule_injective_map_f_zero' on page 133 undefin
ed on input line 1363.


LaTeX Warning: Reference `thm:HModule_slice_exact' on page 133 undefined on inp
ut line 1364.


LaTeX Warning: Reference `thm:HModule_surjective_map_f' on page 133 undefined o
n input line 1365.


LaTeX Warning: Reference `thm:finrank_alt_sum_exact5' on page 133 undefined on 
input line 1367.


LaTeX Warning: Reference `thm:chi_eq_h0' on page 133 undefined on input line 13
71.


LaTeX Warning: Reference `def:curveDivisor' on page 133 undefined on input line
 1393.


LaTeX Warning: Reference `def:curveDivisor_single' on page 133 undefined on inp
ut line 1406.


LaTeX Warning: Reference `lem:curveDivisor_deg_single' on page 133 undefined on
 input line 1406.


LaTeX Warning: Reference `def:residueDeg' on page 133 undefined on input line 1
406.


LaTeX Warning: Reference `lem:curveDivisor_deg_single' on page 133 undefined on
 input line 1422.


LaTeX Warning: Reference `def:residueDeg' on page 133 undefined on input line 1
423.


LaTeX Warning: Reference `def:devissageDivisor' on page 133 undefined on input 
line 1430.


LaTeX Warning: Reference `def:curveDivisor_single' on page 133 undefined on inp
ut line 1430.


LaTeX Warning: Reference `def:devissageDivisor' on page 133 undefined on input 
line 1432.

[133]

LaTeX Warning: Reference `lem:devissageDivisor_sub' on page 134 undefined on in
put line 1448.


LaTeX Warning: Reference `thm:curveDivisor_deg_hom' on page 134 undefined on in
put line 1448.


LaTeX Warning: Reference `lem:curveDivisor_single_arith' on page 134 undefined 
on input line 1448.


LaTeX Warning: Reference `thm:curveDivisor_deg_hom' on page 134 undefined on in
put line 1457.


LaTeX Warning: Reference `lem:devissageDivisor_sub' on page 134 undefined on in
put line 1459.


LaTeX Warning: Reference `lem:curveDivisor_single_arith' on page 134 undefined 
on input line 1460.


LaTeX Warning: Reference `def:curveDivisor' on page 134 undefined on input line
 1467.


LaTeX Warning: Reference `def:devissageDivisor' on page 134 undefined on input 
line 1467.


LaTeX Warning: Reference `lem:devissageDivisor_sub' on page 134 undefined on in
put line 1467.


LaTeX Warning: Reference `lem:devissageDivisor_sub' on page 134 undefined on in
put line 1486.


LaTeX Warning: Reference `def:skyModuleGammaEquiv' on page 134 undefined on inp
ut line 1493.


LaTeX Warning: Reference `thm:skyModule_h1_vanishing' on page 134 undefined on 
input line 1493.


LaTeX Warning: Reference `def:skyModuleGammaEquiv' on page 134 undefined on inp
ut line 1501.


LaTeX Warning: Reference `thm:skyModule_h1_vanishing' on page 134 undefined on 
input line 1503.


LaTeX Warning: Reference `thm:induction_devissage' on page 134 undefined on inp
ut line 1513.


LaTeX Warning: Reference `thm:divisorSheafZeroIso' on page 134 undefined on inp
ut line 1513.


LaTeX Warning: Reference `thm:devissageSES_shortExact' on page 134 undefined on
 input line 1513.


LaTeX Warning: Reference `thm:moduleFinite_skyModule' on page 134 undefined on 
input line 1513.


LaTeX Warning: Reference `cor:moduleFinite_jumpModule' on page 134 undefined on
 input line 1513.


LaTeX Warning: Reference `thm:HModule_finiteness_transfer' on page 134 undefine
d on input line 1513.


LaTeX Warning: Reference `def:jumpModule' on page 134 undefined on input line 1
513.


LaTeX Warning: Reference `thm:induction_devissage' on page 134 undefined on inp
ut line 1521.


LaTeX Warning: Reference `thm:divisorSheafZeroIso' on page 134 undefined on inp
ut line 1525.


LaTeX Warning: Reference `thm:devissageSES_shortExact' on page 134 undefined on
 input line 1530.


LaTeX Warning: Reference `def:jumpModule' on page 134 undefined on input line 1
531.


LaTeX Warning: Reference `cor:moduleFinite_jumpModule' on page 134 undefined on
 input line 1532.


LaTeX Warning: Reference `thm:moduleFinite_skyModule' on page 134 undefined on 
input line 1534.


LaTeX Warning: Reference `thm:HModule_finiteness_transfer' on page 134 undefine
d on input line 1536.

[134]

LaTeX Warning: Reference `def:skyModuleGammaEquiv' on page 135 undefined on inp
ut line 1563.


LaTeX Warning: Reference `thm:skyModule_h1_vanishing' on page 135 undefined on 
input line 1563.


LaTeX Warning: Reference `def:h0_h1_chi' on page 135 undefined on input line 15
63.


LaTeX Warning: Reference `thm:chi_eq_h0' on page 135 undefined on input line 15
63.


LaTeX Warning: Reference `def:skyModuleGammaEquiv' on page 135 undefined on inp
ut line 1574.


LaTeX Warning: Reference `thm:skyModule_h1_vanishing' on page 135 undefined on 
input line 1576.


LaTeX Warning: Reference `thm:chi_eq_h0' on page 135 undefined on input line 15
77.


LaTeX Warning: Reference `thm:chi_eq_add_of_shortExact' on page 135 undefined o
n input line 1586.


LaTeX Warning: Reference `thm:devissageSES_shortExact' on page 135 undefined on
 input line 1586.


LaTeX Warning: Reference `thm:chi_skyModule' on page 135 undefined on input lin
e 1586.


LaTeX Warning: Reference `thm:finrank_jumpModule' on page 135 undefined on inpu
t line 1586.


LaTeX Warning: Reference `thm:moduleFinite_divisorSheaf' on page 135 undefined 
on input line 1586.


LaTeX Warning: Reference `thm:moduleFinite_skyModule' on page 135 undefined on 
input line 1586.


LaTeX Warning: Reference `cor:moduleFinite_jumpModule' on page 135 undefined on
 input line 1586.


LaTeX Warning: Reference `def:devissageDivisor' on page 135 undefined on input 
line 1586.


LaTeX Warning: Reference `thm:chi_eq_add_of_shortExact' on page 135 undefined o
n input line 1596.


LaTeX Warning: Reference `thm:devissageSES_shortExact' on page 135 undefined on
 input line 1598.


LaTeX Warning: Reference `thm:moduleFinite_skyModule' on page 135 undefined on 
input line 1599.


LaTeX Warning: Reference `thm:moduleFinite_divisorSheaf' on page 135 undefined 
on input line 1601.


LaTeX Warning: Reference `cor:moduleFinite_jumpModule' on page 135 undefined on
 input line 1602.


LaTeX Warning: Reference `thm:chi_skyModule' on page 135 undefined on input lin
e 1604.


LaTeX Warning: Reference `thm:finrank_jumpModule' on page 135 undefined on inpu
t line 1605.


LaTeX Warning: Reference `thm:induction_devissage' on page 135 undefined on inp
ut line 1612.


LaTeX Warning: Reference `thm:divisorSheafZeroIso' on page 135 undefined on inp
ut line 1612.


LaTeX Warning: Reference `thm:chi_congr' on page 135 undefined on input line 16
12.


LaTeX Warning: Reference `thm:chi_step' on page 135 undefined on input line 161
2.


LaTeX Warning: Reference `lem:deg_devissageDivisor' on page 135 undefined on in
put line 1612.


LaTeX Warning: Reference `thm:curveDivisor_deg_hom' on page 135 undefined on in
put line 1612.


LaTeX Warning: Reference `lem:devissageDivisor_sub' on page 135 undefined on in
put line 1612.


LaTeX Warning: Reference `thm:induction_devissage' on page 135 undefined on inp
ut line 1621.


LaTeX Warning: Reference `thm:chi_congr' on page 135 undefined on input line 16
24.


LaTeX Warning: Reference `thm:divisorSheafZeroIso' on page 135 undefined on inp
ut line 1625.


LaTeX Warning: Reference `thm:curveDivisor_deg_hom' on page 135 undefined on in
put line 1626.


LaTeX Warning: Reference `thm:chi_step' on page 135 undefined on input line 162
8.


LaTeX Warning: Reference `lem:deg_devissageDivisor' on page 135 undefined on in
put line 1629.


LaTeX Warning: Reference `lem:devissageDivisor_sub' on page 135 undefined on in
put line 1632.


LaTeX Warning: Reference `thm:mulEquivDivisorSheaf' on page 135 undefined on in
put line 1638.


LaTeX Warning: Reference `thm:chi_congr' on page 135 undefined on input line 16
38.


LaTeX Warning: Reference `thm:chi_divisorSheaf' on page 135 undefined on input 
line 1638.


LaTeX Warning: Reference `thm:curveDivisor_deg_hom' on page 135 undefined on in
put line 1638.

[135]

LaTeX Warning: Reference `thm:mulEquivDivisorSheaf' on page 136 undefined on in
put line 1649.


LaTeX Warning: Reference `thm:chi_congr' on page 136 undefined on input line 16
50.


LaTeX Warning: Reference `thm:chi_divisorSheaf' on page 136 undefined on input 
line 1651.


LaTeX Warning: Reference `thm:curveDivisor_deg_hom' on page 136 undefined on in
put line 1657.


LaTeX Warning: Reference `thm:chi_divisorSheaf' on page 136 undefined on input 
line 1664.


LaTeX Warning: Reference `def:h0_h1_chi' on page 136 undefined on input line 16
64.


LaTeX Warning: Reference `thm:chi_divisorSheaf' on page 136 undefined on input 
line 1673.


LaTeX Warning: Reference `thm:chi_divisorSheaf' on page 136 undefined on input 
line 1682.


LaTeX Warning: Reference `lem:curveDivisor_single_arith' on page 136 undefined 
on input line 1682.


LaTeX Warning: Reference `thm:residueDeg_pos' on page 136 undefined on input li
ne 1682.


LaTeX Warning: Reference `def:h0_h1_chi' on page 136 undefined on input line 16
82.


LaTeX Warning: Reference `thm:chi_divisorSheaf' on page 136 undefined on input 
line 1693.


LaTeX Warning: Reference `lem:curveDivisor_single_arith' on page 136 undefined 
on input line 1694.


LaTeX Warning: Reference `thm:residueDeg_pos' on page 136 undefined on input li
ne 1696.


Overfull \hbox (7.36833pt too wide) in paragraph at lines 1693--1700
[]\TU/lmr/m/n/10 For each $\TU/latinmodern-math.otf(1)/m/n/10 𝑛$\TU/lmr/m/n/
10 , the closed ledger (The-o-rem []) and the de-gree of a one-point di-vi-sor 
(Lemma [])
 []


LaTeX Warning: Reference `def:overAlgebraMap' on page 136 undefined on input li
ne 1717.


LaTeX Warning: Reference `def:moduleKSheaf' on page 136 undefined on input line
 1717.


LaTeX Warning: Reference `def:overAlgebraMap' on page 136 undefined on input li
ne 1720.


LaTeX Warning: Reference `def:moduleKSheaf' on page 136 undefined on input line
 1721.


LaTeX Warning: Reference `def:overAlgebraMapTopLinear' on page 136 undefined on
 input line 1734.


LaTeX Warning: Reference `def:overAlgebraMapTopLinear' on page 136 undefined on
 input line 1750.

[136]

LaTeX Warning: Reference `thm:overAlgebraMapTopEquiv' on page 137 undefined on 
input line 1757.


LaTeX Warning: Reference `def:moduleKSheafHZero' on page 137 undefined on input
 line 1757.


LaTeX Warning: Reference `def:h0_h1_chi' on page 137 undefined on input line 17
57.


LaTeX Warning: Reference `def:moduleKSheafHZero' on page 137 undefined on input
 line 1766.


LaTeX Warning: Reference `thm:overAlgebraMapTopEquiv' on page 137 undefined on 
input line 1767.


LaTeX Warning: Reference `thm:h0_moduleKSheaf_bijective' on page 137 undefined 
on input line 1774.


LaTeX Warning: Reference `thm:sections_k' on page 137 undefined on input line 1
774.


Overfull \hbox (4.05588pt too wide) in paragraph at lines 1774--1779
\TU/lmr/m/it/10 smooth of rel-a-tive di-men-sion one and ge-o-met-ri-cally ir-re
-ducible over $\TU/latinmodern-math.otf(1)/m/n/10 𝑘$ \TU/lmr/m/it/10 --- the co-ho-mol-ogy $\TU/latinmodern-math.otf(1)/m/n/10 
𝐻[](𝐶, 𝒪[])$
 []


LaTeX Warning: Reference `thm:sections_k' on page 137 undefined on input line 1
784.


LaTeX Warning: Reference `thm:h0_moduleKSheaf_bijective' on page 137 undefined 
on input line 1785.


LaTeX Warning: Reference `thm:h0_moduleKSheaf_curve' on page 137 undefined on i
nput line 1791.


LaTeX Warning: Reference `def:genus' on page 137 undefined on input line 1791.


LaTeX Warning: Reference `def:h0_h1_chi' on page 137 undefined on input line 17
91.


LaTeX Warning: Reference `thm:h0_moduleKSheaf_curve' on page 137 undefined on i
nput line 1801.


LaTeX Warning: Reference `def:genus' on page 137 undefined on input line 1802.


LaTeX Warning: Reference `thm:chi_divisorSheaf' on page 137 undefined on input 
line 1810.


LaTeX Warning: Reference `thm:chi_moduleKSheaf_curve' on page 137 undefined on 
input line 1810.


LaTeX Warning: Reference `thm:h0_moduleKSheaf_curve' on page 137 undefined on i
nput line 1810.


LaTeX Warning: Reference `thm:moduleFinite_hModule_one' on page 137 undefined o
n input line 1810.


LaTeX Warning: Reference `thm:h0_moduleKSheaf_curve' on page 137 undefined on i
nput line 1820.


LaTeX Warning: Reference `thm:moduleFinite_hModule_one' on page 137 undefined o
n input line 1821.


LaTeX Warning: Reference `thm:chi_divisorSheaf' on page 137 undefined on input 
line 1822.


LaTeX Warning: Reference `thm:chi_moduleKSheaf_curve' on page 137 undefined on 
input line 1823.


Overfull \hbox (10.81398pt too wide) in paragraph at lines 1819--1825
[]\TU/lmr/m/n/10 The two stand-ing finite-ness hy-pothe-ses are met on the curve
: $\TU/latinmodern-math.otf(1)/m/n/10 𝐻[](𝐶, 𝒪[])$ \TU/lmr/m/n/10 is fi
nite-dimensional
 []


LaTeX Warning: Reference `thm:riemann_inequality' on page 137 undefined on inpu
t line 1831.


LaTeX Warning: Reference `thm:chi_moduleKSheaf_curve' on page 137 undefined on 
input line 1831.


LaTeX Warning: Reference `thm:h0_moduleKSheaf_curve' on page 137 undefined on i
nput line 1831.


LaTeX Warning: Reference `thm:moduleFinite_hModule_one' on page 137 undefined o
n input line 1831.


LaTeX Warning: Reference `thm:h0_moduleKSheaf_curve' on page 137 undefined on i
nput line 1841.


LaTeX Warning: Reference `thm:moduleFinite_hModule_one' on page 137 undefined o
n input line 1842.


LaTeX Warning: Reference `thm:riemann_inequality' on page 137 undefined on inpu
t line 1844.


LaTeX Warning: Reference `thm:chi_moduleKSheaf_curve' on page 137 undefined on 
input line 1845.


LaTeX Warning: Reference `thm:h0_nsmul_point_unbounded' on page 137 undefined o
n input line 1853.


LaTeX Warning: Reference `thm:h0_moduleKSheaf_curve' on page 137 undefined on i
nput line 1853.


LaTeX Warning: Reference `thm:moduleFinite_hModule_one' on page 137 undefined o
n input line 1853.

[137]

LaTeX Warning: Reference `thm:h0_moduleKSheaf_curve' on page 138 undefined on i
nput line 1860.


LaTeX Warning: Reference `thm:moduleFinite_hModule_one' on page 138 undefined o
n input line 1861.


LaTeX Warning: Reference `thm:h0_nsmul_point_unbounded' on page 138 undefined o
n input line 1862.


LaTeX Warning: Reference `def:overAlgebraMap' on page 138 undefined on input li
ne 1871.


LaTeX Warning: Reference `sec:localized_colength' on page 138 undefined on inpu
t line 1883.


LaTeX Warning: Reference `lem:fromSpec_base_mem' on page 138 undefined on input
 line 1901.


LaTeX Warning: Reference `lem:fromSpec_base_mem' on page 138 undefined on input
 line 1938.


LaTeX Warning: Reference `lem:primeIdealOf_ne_bot' on page 138 undefined on inp
ut line 1947.


LaTeX Warning: Reference `def:overAlgebraMap' on page 138 undefined on input li
ne 1955.


LaTeX Warning: Reference `def:overAlgebraMap' on page 138 undefined on input li
ne 1959.

[138]

LaTeX Warning: Reference `thm:relDim1_dedekind_charts' on page 139 undefined on
 input line 1978.


LaTeX Warning: Reference `thm:overAlgebraMap_finiteType' on page 139 undefined 
on input line 1985.


LaTeX Warning: Reference `thm:closedpoint_dvr_stalk' on page 139 undefined on i
nput line 1985.


LaTeX Warning: Reference `lem:fromSpec_base_mem' on page 139 undefined on input
 line 1985.


LaTeX Warning: Reference `lem:primeIdealOf_fromSpec_base' on page 139 undefined
 on input line 1985.


LaTeX Warning: Reference `lem:fromSpec_base_ne_genericPoint' on page 139 undefi
ned on input line 1985.


LaTeX Warning: Reference `thm:overAlgebraMap_finiteType' on page 139 undefined 
on input line 1988.


LaTeX Warning: Reference `lem:fromSpec_base_mem' on page 139 undefined on input
 line 1992.


LaTeX Warning: Reference `lem:fromSpec_base_ne_genericPoint' on page 139 undefi
ned on input line 1993.


LaTeX Warning: Reference `thm:closedpoint_dvr_stalk' on page 139 undefined on i
nput line 1994.


LaTeX Warning: Reference `lem:primeIdealOf_fromSpec_base' on page 139 undefined
 on input line 1997.


LaTeX Warning: Reference `def:overAlgebraMap' on page 139 undefined on input li
ne 2004.


LaTeX Warning: Reference `thm:isDedekindDomain_section' on page 139 undefined o
n input line 2006.


LaTeX Warning: Reference `thm:closedpoint_isClosed' on page 139 undefined on in
put line 2012.


LaTeX Warning: Reference `thm:overAlgebraMap_finiteType' on page 139 undefined 
on input line 2012.


LaTeX Warning: Reference `thm:closedpoint_isClosed' on page 139 undefined on in
put line 2013.


LaTeX Warning: Reference `thm:overAlgebraMap_finiteType' on page 139 undefined 
on input line 2017.


LaTeX Warning: Reference `def:residueDeg' on page 139 undefined on input line 2
025.


LaTeX Warning: Reference `thm:closedpoint_isClosed' on page 139 undefined on in
put line 2037.


LaTeX Warning: Reference `def:residueOverAlgebraMap' on page 139 undefined on i
nput line 2037.


LaTeX Warning: Reference `thm:moduleFinite_quotient_primeIdealOf' on page 139 u
ndefined on input line 2038.


LaTeX Warning: Reference `thm:closedpoint_isClosed' on page 139 undefined on in
put line 2039.


LaTeX Warning: Reference `def:residueOverAlgebraMap' on page 139 undefined on i
nput line 2045.


LaTeX Warning: Reference `def:residueDeg' on page 139 undefined on input line 2
048.


LaTeX Warning: Reference `def:scheme_ordZ' on page 139 undefined on input line 
2054.


LaTeX Warning: Reference `thm:isDedekindDomain_section' on page 139 undefined o
n input line 2058.


LaTeX Warning: Reference `lem:primeIdealOf_ne_bot' on page 139 undefined on inp
ut line 2071.


LaTeX Warning: Reference `thm:closedpoint_dvr_stalk' on page 139 undefined on i
nput line 2071.


LaTeX Warning: Reference `def:scheme_ord' on page 139 undefined on input line 2
071.


LaTeX Warning: Reference `lem:germ_generic_eq_algebraMap_germ' on page 139 unde
fined on input line 2071.


LaTeX Warning: Reference `lem:adic_valuation_count' on page 139 undefined on in
put line 2071.


LaTeX Warning: Reference `thm:count_factors_span_localization' on page 139 unde
fined on input line 2071.


LaTeX Warning: Reference `lem:primeIdealOf_ne_bot' on page 139 undefined on inp
ut line 2072.


LaTeX Warning: Reference `thm:closedpoint_dvr_stalk' on page 139 undefined on i
nput line 2074.


LaTeX Warning: Reference `lem:germ_generic_eq_algebraMap_germ' on page 139 unde
fined on input line 2078.


LaTeX Warning: Reference `def:scheme_ord' on page 139 undefined on input line 2
083.


LaTeX Warning: Reference `lem:adic_valuation_count' on page 139 undefined on in
put line 2086.


LaTeX Warning: Reference `thm:count_factors_span_localization' on page 139 unde
fined on input line 2088.

[139]

LaTeX Warning: Reference `def:overAlgebraMap' on page 140 undefined on input li
ne 2099.


LaTeX Warning: Reference `thm:isDedekindDomain_section' on page 140 undefined o
n input line 2110.


LaTeX Warning: Reference `lem:prime_factor_span' on page 140 undefined on input
 line 2110.


LaTeX Warning: Reference `lem:fromSpec_base_mem' on page 140 undefined on input
 line 2110.


LaTeX Warning: Reference `lem:primeIdealOf_fromSpec_base' on page 140 undefined
 on input line 2110.


LaTeX Warning: Reference `lem:fromSpec_base_ne_genericPoint' on page 140 undefi
ned on input line 2110.


LaTeX Warning: Reference `thm:moduleFinite_quotient_primeIdealOf' on page 140 u
ndefined on input line 2110.


LaTeX Warning: Reference `thm:moduleFinite_quotient_span' on page 140 undefined
 on input line 2110.


LaTeX Warning: Reference `thm:isDedekindDomain_section' on page 140 undefined o
n input line 2111.


LaTeX Warning: Reference `lem:prime_factor_span' on page 140 undefined on input
 line 2112.


LaTeX Warning: Reference `lem:fromSpec_base_mem' on page 140 undefined on input
 line 2113.


LaTeX Warning: Reference `lem:fromSpec_base_ne_genericPoint' on page 140 undefi
ned on input line 2114.


LaTeX Warning: Reference `lem:primeIdealOf_fromSpec_base' on page 140 undefined
 on input line 2115.


LaTeX Warning: Reference `thm:moduleFinite_quotient_primeIdealOf' on page 140 u
ndefined on input line 2117.


LaTeX Warning: Reference `thm:moduleFinite_quotient_span' on page 140 undefined
 on input line 2118.


LaTeX Warning: Reference `def:scheme_ordZ' on page 140 undefined on input line 
2124.


LaTeX Warning: Reference `def:residueDeg' on page 140 undefined on input line 2
124.


LaTeX Warning: Reference `thm:isDedekindDomain_section' on page 140 undefined o
n input line 2144.


LaTeX Warning: Reference `thm:finrank_quotient_span_eq_sum_count' on page 140 u
ndefined on input line 2144.


LaTeX Warning: Reference `thm:toAdd_ordZ_eq_count_factors' on page 140 undefine
d on input line 2144.


LaTeX Warning: Reference `thm:finrank_quotient_primeIdealOf' on page 140 undefi
ned on input line 2144.


LaTeX Warning: Reference `thm:moduleFinite_quotient_primeIdealOf' on page 140 u
ndefined on input line 2144.


LaTeX Warning: Reference `lem:prime_factor_span' on page 140 undefined on input
 line 2144.


LaTeX Warning: Reference `lem:primeIdealOf_ne_bot' on page 140 undefined on inp
ut line 2144.


LaTeX Warning: Reference `lem:fromSpec_base_mem' on page 140 undefined on input
 line 2144.


LaTeX Warning: Reference `lem:primeIdealOf_fromSpec_base' on page 140 undefined
 on input line 2144.


LaTeX Warning: Reference `lem:fromSpec_base_ne_genericPoint' on page 140 undefi
ned on input line 2144.


LaTeX Warning: Reference `lem:ord_eq_one_of_mem_basicOpen' on page 140 undefine
d on input line 2144.


LaTeX Warning: Reference `lem:mem_pow_iff_le_count' on page 140 undefined on in
put line 2144.


LaTeX Warning: Reference `thm:isDedekindDomain_section' on page 140 undefined o
n input line 2145.


LaTeX Warning: Reference `thm:moduleFinite_quotient_span_section' on page 140 u
ndefined on input line 2147.


LaTeX Warning: Reference `thm:finrank_quotient_span_eq_sum_count' on page 140 u
ndefined on input line 2149.


LaTeX Warning: Reference `lem:ord_eq_one_of_mem_basicOpen' on page 140 undefine
d on input line 2163.


LaTeX Warning: Reference `lem:primeIdealOf_ne_bot' on page 140 undefined on inp
ut line 2165.


LaTeX Warning: Reference `lem:mem_pow_iff_le_count' on page 140 undefined on in
put line 2167.


LaTeX Warning: Reference `lem:primeIdealOf_fromSpec_base' on page 140 undefined
 on input line 2171.


LaTeX Warning: Reference `lem:prime_factor_span' on page 140 undefined on input
 line 2172.


LaTeX Warning: Reference `lem:fromSpec_base_mem' on page 140 undefined on input
 line 2173.


LaTeX Warning: Reference `lem:fromSpec_base_ne_genericPoint' on page 140 undefi
ned on input line 2174.


LaTeX Warning: Reference `lem:primeIdealOf_fromSpec_base' on page 140 undefined
 on input line 2175.


LaTeX Warning: Reference `thm:toAdd_ordZ_eq_count_factors' on page 140 undefine
d on input line 2181.


LaTeX Warning: Reference `thm:finrank_quotient_primeIdealOf' on page 140 undefi
ned on input line 2183.


LaTeX Warning: Reference `thm:curveDivisor_picClass_eq_iff' on page 140 undefin
ed on input line 2192.

[140]

LaTeX Warning: Reference `def:curveDivisor_deg' on page 141 undefined on input 
line 2203.


LaTeX Warning: Reference `thm:curveDivisor_picClass_eq_iff' on page 141 undefin
ed on input line 2203.


LaTeX Warning: Reference `thm:deg_divOf' on page 141 undefined on input line 22
03.


LaTeX Warning: Reference `thm:curveDivisor_deg_hom' on page 141 undefined on in
put line 2203.


LaTeX Warning: Reference `thm:curveDivisor_picClass_eq_iff' on page 141 undefin
ed on input line 2210.


LaTeX Warning: Reference `thm:deg_divOf' on page 141 undefined on input line 22
12.


LaTeX Warning: Reference `thm:curveDivisor_deg_hom' on page 141 undefined on in
put line 2213.


LaTeX Warning: Reference `def:divisorSheaf' on page 141 undefined on input line
 2221.


LaTeX Warning: Reference `def:h0_h1_chi' on page 141 undefined on input line 22
21.


LaTeX Warning: Reference `thm:curveDivisor_picClass_eq_iff' on page 141 undefin
ed on input line 2221.


LaTeX Warning: Reference `thm:mulEquivDivisorSheaf' on page 141 undefined on in
put line 2221.


LaTeX Warning: Reference `thm:chi_congr' on page 141 undefined on input line 22
21.


LaTeX Warning: Reference `thm:curveDivisor_picClass_eq_iff' on page 141 undefin
ed on input line 2229.


LaTeX Warning: Reference `thm:mulEquivDivisorSheaf' on page 141 undefined on in
put line 2232.


LaTeX Warning: Reference `thm:chi_congr' on page 141 undefined on input line 22
33.


LaTeX Warning: Reference `lem:deg_eq_deg_of_picClass_eq' on page 141 undefined 
on input line 2240.


LaTeX Warning: Reference `def:curveDivisor_picClass' on page 141 undefined on i
nput line 2240.


LaTeX Warning: Reference `def:curveDivisor_deg' on page 141 undefined on input 
line 2240.


LaTeX Warning: Reference `def:curveDivisor_picClass' on page 141 undefined on i
nput line 2254.


LaTeX Warning: Reference `lem:deg_eq_deg_of_picClass_eq' on page 141 undefined 
on input line 2256.


LaTeX Warning: Reference `def:curveDivisor_deg' on page 141 undefined on input 
line 2261.


Overfull \hbox (9.83827pt too wide) in paragraph at lines 2253--2262
[][] \TU/latinmodern-math.otf(1)/m/n/10 𝐷[]$ \TU/lmr/m/n/10 (Lemma []). Ap-pl
y-ing this to a di-vi-sor’s own class gives the nor-mal-iza-tion $[][] \TU/la
tinmodern-math.otf(1)/m/n/10 𝒪[](𝐷) =
 []


LaTeX Warning: Reference `def:classDeg' on page 141 undefined on input line 226
8.


LaTeX Warning: Reference `def:curveDivisor_picClass' on page 141 undefined on i
nput line 2268.


LaTeX Warning: Reference `thm:curveDivisor_picClass_hom' on page 141 undefined 
on input line 2268.


LaTeX Warning: Reference `thm:curveDivisor_deg_hom' on page 141 undefined on in
put line 2268.


LaTeX Warning: Reference `def:curveDivisor_picClass' on page 141 undefined on i
nput line 2278.


LaTeX Warning: Reference `thm:curveDivisor_picClass_hom' on page 141 undefined 
on input line 2279.


LaTeX Warning: Reference `def:classDeg' on page 141 undefined on input line 228
0.


LaTeX Warning: Reference `thm:curveDivisor_deg_hom' on page 141 undefined on in
put line 2281.


LaTeX Warning: Reference `def:classDeg' on page 141 undefined on input line 229
1.


LaTeX Warning: Reference `thm:chi_divisorSheaf' on page 141 undefined on input 
line 2291.


LaTeX Warning: Reference `def:classDeg' on page 141 undefined on input line 230
0.


LaTeX Warning: Reference `thm:chi_divisorSheaf' on page 141 undefined on input 
line 2302.


Overfull \hbox (7.44672pt too wide) in paragraph at lines 2300--2303
[]\TU/lmr/m/n/10 By the nor-mal-iza-tion $[][] \TU/latinmodern-math.otf(1)/m/n/
10 𝒪[](𝐷) = [][] 𝐷$ \TU/lmr/m/n/10 ([]), the claim is the closed ledger
 $\TU/latinmodern-math.otf(1)/m/n/10 𝜒(𝒪(𝐷)) =
 []

[141]

LaTeX Warning: Reference `def:classDeg' on page 142 undefined on input line 230
8.


LaTeX Warning: Reference `def:divisorClass' on page 142 undefined on input line
 2308.


LaTeX Warning: Reference `thm:divisorClass_eq_picClass' on page 142 undefined o
n input line 2308.


LaTeX Warning: Reference `thm:divisorClass_eq_picClass' on page 142 undefined o
n input line 2318.


LaTeX Warning: Reference `def:classDeg' on page 142 undefined on input line 232
0.


LaTeX Warning: Reference `def:classDeg' on page 142 undefined on input line 232
6.


LaTeX Warning: Reference `thm:chi_divisorSheaf_curve' on page 142 undefined on 
input line 2326.


LaTeX Warning: Reference `thm:chi_divisorSheaf_curve' on page 142 undefined on 
input line 2337.


LaTeX Warning: Reference `def:classDeg' on page 142 undefined on input line 233
8.


LaTeX Warning: Reference `thm:chi_divisorSheaf_eq_of_picClass_eq' on page 142 u
ndefined on input line 2346.


LaTeX Warning: Reference `thm:curveDivisor_picClass_eq_iff' on page 142 undefin
ed on input line 2352.


LaTeX Warning: Reference `thm:mulEquivDivisorSheaf' on page 142 undefined on in
put line 2354.


LaTeX Warning: Reference `def:divisorSheaf' on page 142 undefined on input line
 2362.


LaTeX Warning: Reference `def:h0_h1_chi' on page 142 undefined on input line 23
62.


LaTeX Warning: Reference `thm:curveDivisor_picClass_eq_iff' on page 142 undefin
ed on input line 2362.


LaTeX Warning: Reference `thm:mulEquivDivisorSheaf' on page 142 undefined on in
put line 2362.


LaTeX Warning: Reference `thm:chi_congr' on page 142 undefined on input line 23
62.


LaTeX Warning: Reference `thm:chi_congr' on page 142 undefined on input line 23
78.


LaTeX Warning: Reference `def:divisorSheaf' on page 142 undefined on input line
 2385.


LaTeX Warning: Reference `def:HModule' on page 142 undefined on input line 2385
.


LaTeX Warning: Reference `thm:curveDivisor_picClass_eq_iff' on page 142 undefin
ed on input line 2385.


LaTeX Warning: Reference `thm:mulEquivDivisorSheaf' on page 142 undefined on in
put line 2385.


LaTeX Warning: Reference `def:HModule_mapEquiv' on page 142 undefined on input 
line 2385.


LaTeX Warning: Reference `def:HModule_mapEquiv' on page 142 undefined on input 
line 2394.

[142]

LaTeX Warning: Reference `def:divisorSheaf' on page 143 undefined on input line
 2405.


LaTeX Warning: Reference `def:HModule' on page 143 undefined on input line 2405
.


LaTeX Warning: Reference `thm:curveDivisor_picClass_eq_iff' on page 143 undefin
ed on input line 2405.


LaTeX Warning: Reference `thm:mulEquivDivisorSheaf' on page 143 undefined on in
put line 2405.


LaTeX Warning: Reference `def:HModule_mapEquiv' on page 143 undefined on input 
line 2405.


LaTeX Warning: Reference `def:HModule_mapEquiv' on page 143 undefined on input 
line 2414.


LaTeX Warning: Reference `def:relCurve' on page 143 undefined on input line 243
1.


LaTeX Warning: Reference `def:relCurve' on page 143 undefined on input line 244
6.


LaTeX Warning: Reference `thm:baseChangeCurve_bundle' on page 143 undefined on 
input line 2453.


LaTeX Warning: Reference `prop:curve_integral' on page 143 undefined on input l
ine 2453.


LaTeX Warning: Reference `thm:baseChangeCurve_bundle' on page 143 undefined on 
input line 2461.


LaTeX Warning: Reference `prop:curve_integral' on page 143 undefined on input l
ine 2462.


LaTeX Warning: Reference `thm:baseChangeCurve_bundle' on page 143 undefined on 
input line 2470.


LaTeX Warning: Reference `thm:h0_moduleKSheaf_curve' on page 143 undefined on i
nput line 2470.


LaTeX Warning: Reference `thm:moduleFinite_hModule_one' on page 143 undefined o
n input line 2470.


LaTeX Warning: Reference `thm:baseChangeCurve_bundle' on page 143 undefined on 
input line 2479.


LaTeX Warning: Reference `thm:h0_moduleKSheaf_curve' on page 143 undefined on i
nput line 2482.


LaTeX Warning: Reference `thm:moduleFinite_hModule_one' on page 143 undefined o
n input line 2483.


LaTeX Warning: Reference `thm:baseChangeCurve_bundle' on page 143 undefined on 
input line 2489.


LaTeX Warning: Reference `thm:baseChangeCurve_integral' on page 143 undefined o
n input line 2489.


LaTeX Warning: Reference `thm:baseChangeCurve_cohomFinite' on page 143 undefine
d on input line 2489.


LaTeX Warning: Reference `def:classDeg' on page 143 undefined on input line 248
9.


LaTeX Warning: Reference `thm:baseChangeCurve_bundle' on page 143 undefined on 
input line 2491.


LaTeX Warning: Reference `thm:baseChangeCurve_integral' on page 143 undefined o
n input line 2491.


LaTeX Warning: Reference `thm:baseChangeCurve_cohomFinite' on page 143 undefine
d on input line 2492.


LaTeX Warning: Reference `def:classDeg' on page 143 undefined on input line 249
4.


LaTeX Warning: Reference `chap:Cohomology' on page 143 undefined on input line 
2505.


LaTeX Warning: Reference `sec:base_field_transition' on page 143 undefined on i
nput line 2505.


LaTeX Warning: Reference `rem:classDeg_baseChange' on page 143 undefined on inp
ut line 2506.

[143]

LaTeX Warning: Reference `def:classDeg' on page 144 undefined on input line 252
4.


LaTeX Warning: Reference `thm:classDeg_mul' on page 144 undefined on input line
 2524.


LaTeX Warning: Reference `def:classDeg' on page 144 undefined on input line 252
6.


LaTeX Warning: Reference `def:classDeg' on page 144 undefined on input line 253
5.


LaTeX Warning: Reference `thm:classDeg_mul' on page 144 undefined on input line
 2535.


LaTeX Warning: Reference `def:scheme_ordZ' on page 144 undefined on input line 
2545.


LaTeX Warning: Reference `def:residueDeg' on page 144 undefined on input line 2
545.


LaTeX Warning: Reference `lem:baseFieldTransition_genericPoint' on page 144 und
efined on input line 2545.


LaTeX Warning: Reference `def:functionFieldMap' on page 144 undefined on input 
line 2545.


LaTeX Warning: Reference `thm:finrank_quotient_span_section' on page 144 undefi
ned on input line 2569.


LaTeX Warning: Reference `def:transitionSectionsBaseChange' on page 144 undefin
ed on input line 2569.


LaTeX Warning: Reference `lem:transitionSectionsBaseChange_tmul' on page 144 un
defined on input line 2569.


LaTeX Warning: Reference `lem:baseFieldTransition_flat_affine_surjective' on pa
ge 144 undefined on input line 2569.


LaTeX Warning: Reference `lem:functionFieldMap_germ' on page 144 undefined on i
nput line 2569.


LaTeX Warning: Reference `thm:baseChangeCurve_integral' on page 144 undefined o
n input line 2569.


LaTeX Warning: Reference `thm:baseChangeCurve_bundle' on page 144 undefined on 
input line 2569.


LaTeX Warning: Reference `lem:baseFieldTransition_flat_affine_surjective' on pa
ge 144 undefined on input line 2573.


LaTeX Warning: Reference `lem:baseFieldTransition_genericPoint' on page 144 und
efined on input line 2575.


LaTeX Warning: Reference `thm:baseChangeCurve_bundle' on page 144 undefined on 
input line 2576.


LaTeX Warning: Reference `thm:baseChangeCurve_integral' on page 144 undefined o
n input line 2577.


LaTeX Warning: Reference `lem:functionFieldMap_germ' on page 144 undefined on i
nput line 2578.


LaTeX Warning: Reference `thm:finrank_quotient_span_section' on page 144 undefi
ned on input line 2582.


LaTeX Warning: Reference `def:transitionSectionsBaseChange' on page 144 undefin
ed on input line 2598.


LaTeX Warning: Reference `lem:transitionSectionsBaseChange_tmul' on page 144 un
defined on input line 2600.

[144]

LaTeX Warning: Reference `def:localEquations_pullback' on page 145 undefined on
 input line 2623.


LaTeX Warning: Reference `def:localEquations' on page 145 undefined on input li
ne 2623.


LaTeX Warning: Reference `lem:functionFieldMap_germ' on page 145 undefined on i
nput line 2623.


LaTeX Warning: Reference `def:localEquations_pullback' on page 145 undefined on
 input line 2627.


LaTeX Warning: Reference `lem:functionFieldMap_germ' on page 145 undefined on i
nput line 2642.


LaTeX Warning: Reference `def:localEquations' on page 145 undefined on input li
ne 2645.


LaTeX Warning: Reference `def:pointEquations' on page 145 undefined on input li
ne 2655.


LaTeX Warning: Reference `lem:pointUniformizerData' on page 145 undefined on in
put line 2655.


LaTeX Warning: Reference `def:localEquations_pullback' on page 145 undefined on
 input line 2655.


LaTeX Warning: Reference `lem:pullbackEqn_regular' on page 145 undefined on inp
ut line 2655.


LaTeX Warning: Reference `lem:baseFieldTransition_genericPoint' on page 145 und
efined on input line 2655.


LaTeX Warning: Reference `def:functionFieldMap' on page 145 undefined on input 
line 2655.


LaTeX Warning: Reference `lem:uniformizer' on page 145 undefined on input line 
2655.


LaTeX Warning: Reference `thm:baseChangeCurve_integral' on page 145 undefined o
n input line 2655.


LaTeX Warning: Reference `def:pointEquations' on page 145 undefined on input li
ne 2658.


LaTeX Warning: Reference `lem:pointUniformizerData' on page 145 undefined on in
put line 2659.


LaTeX Warning: Reference `def:localEquations_pullback' on page 145 undefined on
 input line 2661.


LaTeX Warning: Reference `lem:pullbackEqn_regular' on page 145 undefined on inp
ut line 2662.


LaTeX Warning: Reference `thm:baseChangeCurve_integral' on page 145 undefined o
n input line 2662.


LaTeX Warning: Reference `lem:baseFieldTransition_genericPoint' on page 145 und
efined on input line 2663.


LaTeX Warning: Reference `lem:uniformizer' on page 145 undefined on input line 
2666.


LaTeX Warning: Reference `def:functionFieldMap' on page 145 undefined on input 
line 2666.


LaTeX Warning: Reference `def:pointTransitionEquations' on page 145 undefined o
n input line 2674.


LaTeX Warning: Reference `lem:localEquations_presentation' on page 145 undefine
d on input line 2674.


LaTeX Warning: Reference `def:pointEquations' on page 145 undefined on input li
ne 2674.


LaTeX Warning: Reference `lem:functionFieldMap_germ' on page 145 undefined on i
nput line 2674.


LaTeX Warning: Reference `lem:localEquations_presentation' on page 145 undefine
d on input line 2676.


LaTeX Warning: Reference `def:pointTransitionEquations' on page 145 undefined o
n input line 2691.


LaTeX Warning: Reference `def:pointEquations' on page 145 undefined on input li
ne 2693.


LaTeX Warning: Reference `def:pointEquations' on page 145 undefined on input li
ne 2695.


LaTeX Warning: Reference `lem:functionFieldMap_germ' on page 145 undefined on i
nput line 2696.


LaTeX Warning: Reference `def:classDeg' on page 145 undefined on input line 270
4.


LaTeX Warning: Reference `thm:baseChangeCurve_bundle' on page 145 undefined on 
input line 2704.


LaTeX Warning: Reference `thm:baseChangeCurve_integral' on page 145 undefined o
n input line 2704.


LaTeX Warning: Reference `thm:baseChangeCurve_cohomFinite' on page 145 undefine
d on input line 2704.


LaTeX Warning: Reference `def:overSpecMap' on page 145 undefined on input line 
2704.

[145]

LaTeX Warning: Reference `def:curveDivisor_picClass' on page 146 undefined on i
nput line 2723.


LaTeX Warning: Reference `thm:curveDivisor_picClass_hom' on page 146 undefined 
on input line 2723.


LaTeX Warning: Reference `lem:classDeg_zpow' on page 146 undefined on input lin
e 2723.


LaTeX Warning: Reference `thm:curveDivisor_picClass_single' on page 146 undefin
ed on input line 2723.


LaTeX Warning: Reference `thm:localEquations_picClass_pullback' on page 146 und
efined on input line 2723.


LaTeX Warning: Reference `def:pointTransitionEquations' on page 146 undefined o
n input line 2723.


LaTeX Warning: Reference `lem:pointTransitionEquations_elem' on page 146 undefi
ned on input line 2723.


LaTeX Warning: Reference `lem:localEquations_presentation' on page 146 undefine
d on input line 2723.


LaTeX Warning: Reference `def:presentationDivisor' on page 146 undefined on inp
ut line 2723.


LaTeX Warning: Reference `def:curveDivisor_single' on page 146 undefined on inp
ut line 2723.


LaTeX Warning: Reference `lem:curveDivisor_single_arith' on page 146 undefined 
on input line 2723.


LaTeX Warning: Reference `thm:sum_ordZ_residueDeg_baseFieldTransition' on page 
146 undefined on input line 2723.


LaTeX Warning: Reference `lem:uniformizer' on page 146 undefined on input line 
2723.


LaTeX Warning: Reference `lem:pointUniformizerData' on page 146 undefined on in
put line 2723.


LaTeX Warning: Reference `thm:ordZ_germGenericUnits' on page 146 undefined on i
nput line 2723.


LaTeX Warning: Reference `lem:baseFieldTransition_genericPoint' on page 146 und
efined on input line 2723.


LaTeX Warning: Reference `def:scheme_ordZ' on page 146 undefined on input line 
2723.


LaTeX Warning: Reference `def:residueDeg' on page 146 undefined on input line 2
723.


LaTeX Warning: Reference `def:curveDivisor_picClass' on page 146 undefined on i
nput line 2725.


LaTeX Warning: Reference `thm:curveDivisor_picClass_hom' on page 146 undefined 
on input line 2729.


LaTeX Warning: Reference `lem:classDeg_zpow' on page 146 undefined on input lin
e 2730.


LaTeX Warning: Reference `thm:curveDivisor_picClass_single' on page 146 undefin
ed on input line 2736.


LaTeX Warning: Reference `thm:localEquations_picClass_pullback' on page 146 und
efined on input line 2737.


LaTeX Warning: Reference `def:pointTransitionEquations' on page 146 undefined o
n input line 2738.


LaTeX Warning: Reference `lem:localEquations_presentation' on page 146 undefine
d on input line 2741.


LaTeX Warning: Reference `def:curveDivisor_picClass' on page 146 undefined on i
nput line 2741.


LaTeX Warning: Reference `def:presentationDivisor' on page 146 undefined on inp
ut line 2743.


LaTeX Warning: Reference `def:classDeg' on page 146 undefined on input line 274
3.


LaTeX Warning: Reference `lem:curveDivisor_single_arith' on page 146 undefined 
on input line 2749.


LaTeX Warning: Reference `def:presentationDivisor' on page 146 undefined on inp
ut line 2753.


LaTeX Warning: Reference `lem:pointTransitionEquations_elem' on page 146 undefi
ned on input line 2754.


LaTeX Warning: Reference `lem:pointTransitionEquations_elem' on page 146 undefi
ned on input line 2761.


LaTeX Warning: Reference `lem:pointUniformizerData' on page 146 undefined on in
put line 2767.


LaTeX Warning: Reference `thm:sum_ordZ_residueDeg_baseFieldTransition' on page 
146 undefined on input line 2769.


LaTeX Warning: Reference `thm:ordZ_germGenericUnits' on page 146 undefined on i
nput line 2777.


LaTeX Warning: Reference `lem:uniformizer' on page 146 undefined on input line 
2785.


LaTeX Warning: Reference `def:classDeg' on page 146 undefined on input line 279
2.


LaTeX Warning: Reference `def:classDeg' on page 146 undefined on input line 280
7.

[146]

LaTeX Warning: Reference `lem:classDeg_picFromBase' on page 147 undefined on in
put line 2813.


LaTeX Warning: Reference `def:classDeg' on page 147 undefined on input line 281
3.


LaTeX Warning: Reference `chap:PicardEtale' on page 147 undefined on input line
 2817.


LaTeX Warning: Reference `lem:classDeg_picFromBase' on page 147 undefined on in
put line 2819.


LaTeX Warning: Reference `def:relPicDeg' on page 147 undefined on input line 28
37.


LaTeX Warning: Reference `def:relPicAlgMap' on page 147 undefined on input line
 2837.


LaTeX Warning: Reference `thm:classDeg_cechPicMap_baseFieldTransition' on page 
147 undefined on input line 2837.


LaTeX Warning: Reference `def:relPicAlgMap' on page 147 undefined on input line
 2845.


LaTeX Warning: Reference `thm:sum_ordZ_residueDeg_baseFieldTransition' on page 
147 undefined on input line 2850.


LaTeX Warning: Reference `def:relPicAlgMap' on page 147 undefined on input line
 2856.


LaTeX Warning: Reference `def:relPicDeg' on page 147 undefined on input line 28
57.


LaTeX Warning: Reference `thm:classDeg_cechPicMap_baseFieldTransition' on page 
147 undefined on input line 2858.


Package amsthm Warning: The \qedhere command may not work correctly here on inp
ut line 2863.


LaTeX Warning: Reference `sec:degree_base_field_invariance' on page 147 undefin
ed on input line 2873.


LaTeX Warning: Reference `def:overAlgebraMap' on page 147 undefined on input li
ne 2887.


LaTeX Warning: Reference `def:overAlgebraMap' on page 147 undefined on input li
ne 2892.

[147]

LaTeX Warning: Reference `def:overAlgebraMap' on page 148 undefined on input li
ne 2903.


LaTeX Warning: Reference `def:residueDeg' on page 148 undefined on input line 2
914.


LaTeX Warning: Reference `def:residueOverAlgebraMap' on page 148 undefined on i
nput line 2914.


LaTeX Warning: Reference `lem:overAlgebraMap_app' on page 148 undefined on inpu
t line 2924.


LaTeX Warning: Reference `def:overAlgebraMap' on page 148 undefined on input li
ne 2924.


LaTeX Warning: Reference `def:residueOverAlgebraMap' on page 148 undefined on i
nput line 2933.


LaTeX Warning: Reference `lem:overAlgebraMap_app' on page 148 undefined on inpu
t line 2935.


LaTeX Warning: Reference `def:residueDeg' on page 148 undefined on input line 2
946.


LaTeX Warning: Reference `def:pointEquations' on page 148 undefined on input li
ne 2954.


LaTeX Warning: Reference `lem:pointUniformizerData' on page 148 undefined on in
put line 2954.


LaTeX Warning: Reference `def:localEquations_pullback' on page 148 undefined on
 input line 2954.


LaTeX Warning: Reference `lem:pullbackEqn_regular' on page 148 undefined on inp
ut line 2954.


LaTeX Warning: Reference `def:functionFieldMap' on page 148 undefined on input 
line 2954.


LaTeX Warning: Reference `lem:uniformizer' on page 148 undefined on input line 
2954.


LaTeX Warning: Reference `def:pointEquations' on page 148 undefined on input li
ne 2957.


LaTeX Warning: Reference `lem:pointUniformizerData' on page 148 undefined on in
put line 2958.


LaTeX Warning: Reference `def:localEquations_pullback' on page 148 undefined on
 input line 2961.


LaTeX Warning: Reference `lem:pullbackEqn_regular' on page 148 undefined on inp
ut line 2962.


LaTeX Warning: Reference `lem:uniformizer' on page 148 undefined on input line 
2964.


LaTeX Warning: Reference `def:functionFieldMap' on page 148 undefined on input 
line 2964.


LaTeX Warning: Reference `def:pointTransitionEquations' on page 148 undefined o
n input line 2966.


LaTeX Warning: Reference `def:pointPullbackEquations' on page 148 undefined on 
input line 2975.


LaTeX Warning: Reference `lem:localEquations_presentation' on page 148 undefine
d on input line 2975.


LaTeX Warning: Reference `def:pointEquations' on page 148 undefined on input li
ne 2975.


LaTeX Warning: Reference `lem:functionFieldMap_germ' on page 148 undefined on i
nput line 2975.


LaTeX Warning: Reference `def:pointPullbackEquations' on page 148 undefined on 
input line 2977.


LaTeX Warning: Reference `lem:localEquations_presentation' on page 148 undefine
d on input line 2978.


LaTeX Warning: Reference `def:pointPullbackEquations' on page 148 undefined on 
input line 2993.


LaTeX Warning: Reference `def:pointEquations' on page 148 undefined on input li
ne 2994.


LaTeX Warning: Reference `def:pointEquations' on page 148 undefined on input li
ne 2996.


LaTeX Warning: Reference `lem:functionFieldMap_germ' on page 148 undefined on i
nput line 2997.


LaTeX Warning: Reference `def:pointPullbackEquations' on page 148 undefined on 
input line 3005.


LaTeX Warning: Reference `def:scheme_ordZ' on page 148 undefined on input line 
3005.


LaTeX Warning: Reference `lem:uniformizer' on page 148 undefined on input line 
3005.


LaTeX Warning: Reference `lem:pointUniformizerData' on page 148 undefined on in
put line 3005.

[148]

LaTeX Warning: Reference `lem:functionFieldMap_germ' on page 149 undefined on i
nput line 3020.


LaTeX Warning: Reference `lem:germ_generic_eq_algebraMap_germ' on page 149 unde
fined on input line 3020.


LaTeX Warning: Reference `thm:closedpoint_dvr_stalk' on page 149 undefined on i
nput line 3020.


LaTeX Warning: Reference `thm:closedpoint_dedekind_stalk' on page 149 undefined
 on input line 3020.


LaTeX Warning: Reference `def:scheme_ord' on page 149 undefined on input line 3
020.


LaTeX Warning: Reference `lem:adic_valuation_count' on page 149 undefined on in
put line 3020.


LaTeX Warning: Reference `lem:mem_pow_iff_le_count' on page 149 undefined on in
put line 3020.


LaTeX Warning: Reference `lem:pointUniformizerData' on page 149 undefined on in
put line 3023.


LaTeX Warning: Reference `def:scheme_ord' on page 149 undefined on input line 3
029.


LaTeX Warning: Reference `thm:closedpoint_dvr_stalk' on page 149 undefined on i
nput line 3030.


LaTeX Warning: Reference `thm:closedpoint_dedekind_stalk' on page 149 undefined
 on input line 3030.


LaTeX Warning: Reference `lem:adic_valuation_count' on page 149 undefined on in
put line 3034.


LaTeX Warning: Reference `lem:germ_generic_eq_algebraMap_germ' on page 149 unde
fined on input line 3036.


LaTeX Warning: Reference `lem:functionFieldMap_germ' on page 149 undefined on i
nput line 3039.


LaTeX Warning: Reference `lem:germ_generic_eq_algebraMap_germ' on page 149 unde
fined on input line 3042.


LaTeX Warning: Reference `lem:mem_pow_iff_le_count' on page 149 undefined on in
put line 3055.


LaTeX Warning: Reference `lem:uniformizer' on page 149 undefined on input line 
3059.


LaTeX Warning: Reference `def:classDeg' on page 149 undefined on input line 306
5.


LaTeX Warning: Reference `lem:genericPoint_eq_of_surjective' on page 149 undefi
ned on input line 3084.


LaTeX Warning: Reference `def:curveDivisor_picClass' on page 149 undefined on i
nput line 3084.


LaTeX Warning: Reference `thm:curveDivisor_picClass_hom' on page 149 undefined 
on input line 3084.


LaTeX Warning: Reference `thm:classDeg_mul' on page 149 undefined on input line
 3084.


LaTeX Warning: Reference `lem:classDeg_zpow' on page 149 undefined on input lin
e 3084.


LaTeX Warning: Reference `thm:curveDivisor_picClass_single' on page 149 undefin
ed on input line 3084.


LaTeX Warning: Reference `thm:localEquations_picClass_pullback' on page 149 und
efined on input line 3084.


LaTeX Warning: Reference `def:pointPullbackEquations' on page 149 undefined on 
input line 3084.


LaTeX Warning: Reference `lem:pointPullbackEquations_elem' on page 149 undefine
d on input line 3084.


LaTeX Warning: Reference `lem:ordZ_pointPullbackUnit' on page 149 undefined on 
input line 3084.


LaTeX Warning: Reference `lem:residueDeg_eq_of_isIso' on page 149 undefined on 
input line 3084.


LaTeX Warning: Reference `lem:localEquations_presentation' on page 149 undefine
d on input line 3084.


LaTeX Warning: Reference `def:presentationDivisor' on page 149 undefined on inp
ut line 3084.


LaTeX Warning: Reference `def:curveDivisor_single' on page 149 undefined on inp
ut line 3084.


LaTeX Warning: Reference `lem:curveDivisor_single_arith' on page 149 undefined 
on input line 3084.


LaTeX Warning: Reference `def:scheme_ordZ' on page 149 undefined on input line 
3084.


LaTeX Warning: Reference `def:residueDeg' on page 149 undefined on input line 3
084.


LaTeX Warning: Reference `thm:classDeg_cechPicMap_baseFieldTransition' on page 
149 undefined on input line 3086.


LaTeX Warning: Reference `lem:genericPoint_eq_of_surjective' on page 149 undefi
ned on input line 3090.


LaTeX Warning: Reference `def:curveDivisor_picClass' on page 149 undefined on i
nput line 3093.


LaTeX Warning: Reference `thm:curveDivisor_picClass_hom' on page 149 undefined 
on input line 3097.


LaTeX Warning: Reference `thm:classDeg_mul' on page 149 undefined on input line
 3098.


LaTeX Warning: Reference `lem:classDeg_zpow' on page 149 undefined on input lin
e 3099.


LaTeX Warning: Reference `thm:curveDivisor_picClass_single' on page 149 undefin
ed on input line 3104.


LaTeX Warning: Reference `thm:localEquations_picClass_pullback' on page 149 und
efined on input line 3105.


LaTeX Warning: Reference `def:pointPullbackEquations' on page 149 undefined on 
input line 3106.


LaTeX Warning: Reference `lem:localEquations_presentation' on page 149 undefine
d on input line 3109.


LaTeX Warning: Reference `def:curveDivisor_picClass' on page 149 undefined on i
nput line 3109.


LaTeX Warning: Reference `def:presentationDivisor' on page 149 undefined on inp
ut line 3111.


LaTeX Warning: Reference `def:classDeg' on page 149 undefined on input line 311
1.

[149]

LaTeX Warning: Reference `lem:curveDivisor_single_arith' on page 150 undefined 
on input line 3117.


LaTeX Warning: Reference `def:presentationDivisor' on page 150 undefined on inp
ut line 3121.


LaTeX Warning: Reference `lem:pointPullbackEquations_elem' on page 150 undefine
d on input line 3125.


LaTeX Warning: Reference `lem:pointPullbackEquations_elem' on page 150 undefine
d on input line 3126.


LaTeX Warning: Reference `lem:ordZ_pointPullbackUnit' on page 150 undefined on 
input line 3127.


LaTeX Warning: Reference `def:curveDivisor_single' on page 150 undefined on inp
ut line 3128.


LaTeX Warning: Reference `lem:curveDivisor_single_arith' on page 150 undefined 
on input line 3129.


LaTeX Warning: Reference `lem:residueDeg_eq_of_isIso' on page 150 undefined on 
input line 3132.


LaTeX Warning: Reference `def:classDeg' on page 150 undefined on input line 314
1.


LaTeX Warning: Reference `thm:smooth_geometrically_reduced' on page 150 undefin
ed on input line 3141.


LaTeX Warning: Reference `prop:curve_integral' on page 150 undefined on input l
ine 3141.


LaTeX Warning: Reference `thm:h0_moduleKSheaf_curve' on page 150 undefined on i
nput line 3141.


LaTeX Warning: Reference `thm:moduleFinite_hModule_one' on page 150 undefined o
n input line 3141.


LaTeX Warning: Reference `thm:classDeg_cechPicMap_of_isIso' on page 150 undefin
ed on input line 3156.


LaTeX Warning: Reference `thm:smooth_geometrically_reduced' on page 150 undefin
ed on input line 3156.


LaTeX Warning: Reference `prop:curve_integral' on page 150 undefined on input l
ine 3156.


LaTeX Warning: Reference `thm:h0_moduleKSheaf_curve' on page 150 undefined on i
nput line 3156.


LaTeX Warning: Reference `thm:moduleFinite_hModule_one' on page 150 undefined o
n input line 3156.


LaTeX Warning: Reference `thm:smooth_geometrically_reduced' on page 150 undefin
ed on input line 3158.


LaTeX Warning: Reference `prop:curve_integral' on page 150 undefined on input l
ine 3160.


LaTeX Warning: Reference `thm:h0_moduleKSheaf_curve' on page 150 undefined on i
nput line 3162.


LaTeX Warning: Reference `thm:moduleFinite_hModule_one' on page 150 undefined o
n input line 3162.


LaTeX Warning: Reference `thm:classDeg_cechPicMap_of_isIso' on page 150 undefin
ed on input line 3166.


LaTeX Warning: Reference `sec:relPicCrossBase' on page 150 undefined on input l
ine 3173.


LaTeX Warning: Reference `def:crossBaseAffineIso' on page 150 undefined on inpu
t line 3176.


LaTeX Warning: Reference `sec:degree_iso_invariance' on page 150 undefined on i
nput line 3179.


LaTeX Warning: Reference `def:baseChange' on page 150 undefined on input line 3
184.


LaTeX Warning: Reference `sec:relPicCrossBase' on page 150 undefined on input l
ine 3187.


LaTeX Warning: Reference `def:classDeg' on page 150 undefined on input line 319
4.


LaTeX Warning: Reference `thm:classDeg_cechPicMap_of_isIso' on page 150 undefin
ed on input line 3194.


LaTeX Warning: Reference `def:crossBaseAffineIso' on page 150 undefined on inpu
t line 3194.


LaTeX Warning: Reference `lem:crossBaseAffineIso_snd' on page 150 undefined on 
input line 3194.


LaTeX Warning: Reference `thm:baseChangeCurve_bundle' on page 150 undefined on 
input line 3194.


LaTeX Warning: Reference `thm:baseChangeCurve_integral' on page 150 undefined o
n input line 3194.


LaTeX Warning: Reference `thm:baseChangeCurve_cohomFinite' on page 150 undefine
d on input line 3194.


LaTeX Warning: Reference `def:baseChange' on page 150 undefined on input line 3
194.


LaTeX Warning: Reference `def:crossBaseAffineIso' on page 150 undefined on inpu
t line 3198.


Overfull \hbox (46.1077pt too wide) in paragraph at lines 3194--3201
[][]\TU/lmr/bx/n/10 The-o-rem 628 \TU/lmr/m/n/10 (De-gree in-vari-ance along the
 same-carrier com-par-i-son)\TU/lmr/bx/n/10 . [][][][][][][][][]\TU/lmr/m/it/10
 Let $\TU/latinmodern-math.otf(1)/m/n/10 𝑐 ∶ []𝐶[] ⊗ ([] 𝐾/ [] 
𝐿)[][] →
 []


LaTeX Warning: Reference `thm:baseChangeCurve_bundle' on page 150 undefined on 
input line 3212.


LaTeX Warning: Reference `thm:baseChangeCurve_integral' on page 150 undefined o
n input line 3212.


LaTeX Warning: Reference `thm:baseChangeCurve_cohomFinite' on page 150 undefine
d on input line 3213.


LaTeX Warning: Reference `def:baseChange' on page 150 undefined on input line 3
217.


LaTeX Warning: Reference `thm:baseChangeCurve_bundle' on page 150 undefined on 
input line 3217.

[150]

LaTeX Warning: Reference `lem:crossBaseAffineIso_snd' on page 151 undefined on 
input line 3223.


LaTeX Warning: Reference `thm:classDeg_cechPicMap_of_isIso' on page 151 undefin
ed on input line 3226.


LaTeX Warning: Reference `def:relPicDeg' on page 151 undefined on input line 32
33.


LaTeX Warning: Reference `def:relPicCrossBase' on page 151 undefined on input l
ine 3233.


LaTeX Warning: Reference `thm:classDeg_cechPicMap_crossBaseAffineIso' on page 1
51 undefined on input line 3233.


LaTeX Warning: Reference `def:relPicCrossBase' on page 151 undefined on input l
ine 3236.


LaTeX Warning: Reference `def:relPicDeg' on page 151 undefined on input line 32
37.


LaTeX Warning: Reference `thm:classDeg_cechPicMap_crossBaseAffineIso' on page 1
51 undefined on input line 3240.


Overfull \hbox (41.63606pt too wide) in paragraph at lines 3233--3242
[][]\TU/lmr/bx/n/10 The-o-rem 629 \TU/lmr/m/n/10 (The rel-a-tive de-gree is in-v
ari-ant un-der the base-field shuf-fle)\TU/lmr/bx/n/10 . [][][][]\TU/lmr/m/it/1
0 Let $[][] \TU/latinmodern-math.otf(1)/m/n/10 ∶ [](𝐶, [] 𝐾) →
 []


LaTeX Warning: Reference `def:relPicCrossBase' on page 151 undefined on input l
ine 3252.


LaTeX Warning: Reference `def:relPicDeg' on page 151 undefined on input line 32
53.


LaTeX Warning: Reference `thm:classDeg_cechPicMap_crossBaseAffineIso' on page 1
51 undefined on input line 3257.


LaTeX Warning: Reference `sec:degree_base_field_invariance' on page 151 undefin
ed on input line 3269.


LaTeX Warning: Reference `def:functionFieldMap' on page 151 undefined on input 
line 3287.


LaTeX Warning: Reference `def:functionFieldMap' on page 151 undefined on input 
line 3293.


LaTeX Warning: Reference `lem:functionFieldMap_germ' on page 151 undefined on i
nput line 3307.


LaTeX Warning: Reference `lem:functionFieldMap_germ' on page 151 undefined on i
nput line 3312.

[151]

LaTeX Warning: Reference `def:pullbackSectionsAlgebra' on page 152 undefined on
 input line 3319.


LaTeX Warning: Reference `def:pullbackSectionsAlgebra' on page 152 undefined on
 input line 3337.


LaTeX Warning: Reference `lem:functionFieldMap_germ' on page 152 undefined on i
nput line 3345.


LaTeX Warning: Reference `lem:functionFieldMap_germ' on page 152 undefined on i
nput line 3347.


LaTeX Warning: Reference `lem:functionFieldMap_germ' on page 152 undefined on i
nput line 3349.


LaTeX Warning: Reference `def:pullbackSectionsAlgebra' on page 152 undefined on
 input line 3357.


LaTeX Warning: Reference `lem:moduleFinite_pullbackSections' on page 152 undefi
ned on input line 3373.


LaTeX Warning: Reference `lem:faithfulSMul_pullbackSections' on page 152 undefi
ned on input line 3373.


LaTeX Warning: Reference `lem:moduleFinite_pullbackSections' on page 152 undefi
ned on input line 3376.


LaTeX Warning: Reference `lem:faithfulSMul_pullbackSections' on page 152 undefi
ned on input line 3377.


LaTeX Warning: Reference `def:pullbackSectionsAlgebra' on page 152 undefined on
 input line 3381.


LaTeX Warning: Reference `def:scheme_ordZ' on page 152 undefined on input line 
3403.


LaTeX Warning: Reference `def:residueDeg' on page 152 undefined on input line 3
403.


LaTeX Warning: Reference `def:functionFieldMap' on page 152 undefined on input 
line 3403.


LaTeX Warning: Reference `def:pullbackSectionsAlgebra' on page 152 undefined on
 input line 3403.

[152]

LaTeX Warning: Reference `thm:isDedekindDomain_section' on page 153 undefined o
n input line 3433.


LaTeX Warning: Reference `lem:moduleFinite_pullbackSections' on page 153 undefi
ned on input line 3433.


LaTeX Warning: Reference `lem:faithfulSMul_pullbackSections' on page 153 undefi
ned on input line 3433.


LaTeX Warning: Reference `thm:finrank_functionField_eq_finrank_pullbackSections
' on page 153 undefined on input line 3433.


LaTeX Warning: Reference `thm:toAdd_ordZ_eq_count_factors' on page 153 undefine
d on input line 3433.


LaTeX Warning: Reference `thm:finrank_quotient_primeIdealOf' on page 153 undefi
ned on input line 3433.


LaTeX Warning: Reference `lem:prime_factor_span' on page 153 undefined on input
 line 3433.


LaTeX Warning: Reference `lem:primeIdealOf_ne_bot' on page 153 undefined on inp
ut line 3433.


LaTeX Warning: Reference `lem:primeIdealOf_fromSpec_base' on page 153 undefined
 on input line 3433.


LaTeX Warning: Reference `lem:fromSpec_base_mem' on page 153 undefined on input
 line 3433.


LaTeX Warning: Reference `lem:fromSpec_base_ne_genericPoint' on page 153 undefi
ned on input line 3433.


LaTeX Warning: Reference `lem:appLE_overAlgebraMap' on page 153 undefined on in
put line 3433.


LaTeX Warning: Reference `thm:residueDeg_pos' on page 153 undefined on input li
ne 3433.


LaTeX Warning: Reference `lem:functionFieldMap_germ' on page 153 undefined on i
nput line 3433.


LaTeX Warning: Reference `thm:isDedekindDomain_section' on page 153 undefined o
n input line 3436.


LaTeX Warning: Reference `lem:moduleFinite_pullbackSections' on page 153 undefi
ned on input line 3437.


LaTeX Warning: Reference `lem:faithfulSMul_pullbackSections' on page 153 undefi
ned on input line 3438.


LaTeX Warning: Reference `lem:appLE_overAlgebraMap' on page 153 undefined on in
put line 3441.


LaTeX Warning: Reference `lem:functionFieldMap_germ' on page 153 undefined on i
nput line 3442.


LaTeX Warning: Reference `lem:fromSpec_base_mem' on page 153 undefined on input
 line 3447.


LaTeX Warning: Reference `lem:primeIdealOf_fromSpec_base' on page 153 undefined
 on input line 3447.


LaTeX Warning: Reference `lem:primeIdealOf_ne_bot' on page 153 undefined on inp
ut line 3450.


LaTeX Warning: Reference `lem:prime_factor_span' on page 153 undefined on input
 line 3453.


LaTeX Warning: Reference `thm:toAdd_ordZ_eq_count_factors' on page 153 undefine
d on input line 3457.


LaTeX Warning: Reference `thm:toAdd_ordZ_eq_count_factors' on page 153 undefine
d on input line 3466.


LaTeX Warning: Reference `lem:primeIdealOf_ne_bot' on page 153 undefined on inp
ut line 3469.


LaTeX Warning: Reference `thm:toAdd_ordZ_eq_count_factors' on page 153 undefine
d on input line 3480.


LaTeX Warning: Reference `thm:finrank_quotient_primeIdealOf' on page 153 undefi
ned on input line 3483.


LaTeX Warning: Reference `lem:appLE_overAlgebraMap' on page 153 undefined on in
put line 3485.


LaTeX Warning: Reference `lem:primeIdealOf_fromSpec_base' on page 153 undefined
 on input line 3496.


LaTeX Warning: Reference `lem:fromSpec_base_mem' on page 153 undefined on input
 line 3499.


LaTeX Warning: Reference `lem:fromSpec_base_ne_genericPoint' on page 153 undefi
ned on input line 3499.


LaTeX Warning: Reference `thm:residueDeg_pos' on page 153 undefined on input li
ne 3504.


LaTeX Warning: Reference `thm:finrank_functionField_eq_finrank_pullbackSections
' on page 153 undefined on input line 3530.

[153]

LaTeX Warning: Reference `def:classDeg' on page 154 undefined on input line 353
7.


LaTeX Warning: Reference `def:pullbackSectionsAlgebra' on page 154 undefined on
 input line 3537.


LaTeX Warning: Reference `def:curveDivisor_picClass' on page 154 undefined on i
nput line 3558.


LaTeX Warning: Reference `thm:curveDivisor_picClass_hom' on page 154 undefined 
on input line 3558.


LaTeX Warning: Reference `thm:classDeg_mul' on page 154 undefined on input line
 3558.


LaTeX Warning: Reference `lem:classDeg_zpow' on page 154 undefined on input lin
e 3558.


LaTeX Warning: Reference `thm:curveDivisor_picClass_single' on page 154 undefin
ed on input line 3558.


LaTeX Warning: Reference `thm:localEquations_picClass_pullback' on page 154 und
efined on input line 3558.


LaTeX Warning: Reference `def:pointPullbackEquations' on page 154 undefined on 
input line 3558.


LaTeX Warning: Reference `lem:pointPullbackEquations_elem' on page 154 undefine
d on input line 3558.


LaTeX Warning: Reference `lem:localEquations_presentation' on page 154 undefine
d on input line 3558.


LaTeX Warning: Reference `def:presentationDivisor' on page 154 undefined on inp
ut line 3558.


LaTeX Warning: Reference `def:curveDivisor_single' on page 154 undefined on inp
ut line 3558.


LaTeX Warning: Reference `lem:curveDivisor_single_arith' on page 154 undefined 
on input line 3558.


LaTeX Warning: Reference `thm:sum_ordZ_residueDeg_of_isFinite' on page 154 unde
fined on input line 3558.


LaTeX Warning: Reference `lem:uniformizer' on page 154 undefined on input line 
3558.


LaTeX Warning: Reference `lem:pointUniformizerData' on page 154 undefined on in
put line 3558.


LaTeX Warning: Reference `thm:ordZ_germGenericUnits' on page 154 undefined on i
nput line 3558.


LaTeX Warning: Reference `def:scheme_ordZ' on page 154 undefined on input line 
3558.


LaTeX Warning: Reference `def:residueDeg' on page 154 undefined on input line 3
558.


LaTeX Warning: Reference `def:curveDivisor_picClass' on page 154 undefined on i
nput line 3562.


LaTeX Warning: Reference `thm:curveDivisor_picClass_hom' on page 154 undefined 
on input line 3566.


LaTeX Warning: Reference `thm:classDeg_mul' on page 154 undefined on input line
 3567.


LaTeX Warning: Reference `lem:classDeg_zpow' on page 154 undefined on input lin
e 3568.


LaTeX Warning: Reference `thm:curveDivisor_picClass_single' on page 154 undefin
ed on input line 3572.


LaTeX Warning: Reference `thm:localEquations_picClass_pullback' on page 154 und
efined on input line 3574.


LaTeX Warning: Reference `def:pointPullbackEquations' on page 154 undefined on 
input line 3575.


LaTeX Warning: Reference `def:pointPullbackEquations' on page 154 undefined on 
input line 3576.


LaTeX Warning: Reference `lem:localEquations_presentation' on page 154 undefine
d on input line 3579.


LaTeX Warning: Reference `def:curveDivisor_picClass' on page 154 undefined on i
nput line 3579.


LaTeX Warning: Reference `def:presentationDivisor' on page 154 undefined on inp
ut line 3581.


LaTeX Warning: Reference `def:classDeg' on page 154 undefined on input line 358
1.


LaTeX Warning: Reference `lem:curveDivisor_single_arith' on page 154 undefined 
on input line 3587.


LaTeX Warning: Reference `def:presentationDivisor' on page 154 undefined on inp
ut line 3591.


LaTeX Warning: Reference `lem:pointPullbackEquations_elem' on page 154 undefine
d on input line 3592.


LaTeX Warning: Reference `lem:pointPullbackEquations_elem' on page 154 undefine
d on input line 3595.


LaTeX Warning: Reference `lem:pointUniformizerData' on page 154 undefined on in
put line 3606.


LaTeX Warning: Reference `lem:uniformizer' on page 154 undefined on input line 
3607.


LaTeX Warning: Reference `thm:sum_ordZ_residueDeg_of_isFinite' on page 154 unde
fined on input line 3608.


LaTeX Warning: Reference `thm:ordZ_germGenericUnits' on page 154 undefined on i
nput line 3615.

[154]

LaTeX Warning: Reference `def:classDeg' on page 155 undefined on input line 362
9.


LaTeX Warning: Reference `def:pullbackSectionsAlgebra' on page 155 undefined on
 input line 3629.


LaTeX Warning: Reference `thm:classDeg_cechPicMap_eq_finrank_mul' on page 155 u
ndefined on input line 3646.


LaTeX Warning: Reference `thm:smooth_geometrically_reduced' on page 155 undefin
ed on input line 3646.


LaTeX Warning: Reference `prop:curve_integral' on page 155 undefined on input l
ine 3646.


LaTeX Warning: Reference `thm:h0_moduleKSheaf_curve' on page 155 undefined on i
nput line 3646.


LaTeX Warning: Reference `thm:moduleFinite_hModule_one' on page 155 undefined o
n input line 3646.


LaTeX Warning: Reference `lem:genericPoint_eq_of_surjective' on page 155 undefi
ned on input line 3646.


LaTeX Warning: Reference `thm:smooth_geometrically_reduced' on page 155 undefin
ed on input line 3648.


LaTeX Warning: Reference `prop:curve_integral' on page 155 undefined on input l
ine 3650.


LaTeX Warning: Reference `thm:h0_moduleKSheaf_curve' on page 155 undefined on i
nput line 3652.


LaTeX Warning: Reference `thm:moduleFinite_hModule_one' on page 155 undefined o
n input line 3652.


LaTeX Warning: Reference `lem:genericPoint_eq_of_surjective' on page 155 undefi
ned on input line 3655.


LaTeX Warning: Reference `thm:classDeg_cechPicMap_eq_finrank_mul' on page 155 u
ndefined on input line 3656.


LaTeX Warning: Reference `def:classDeg' on page 155 undefined on input line 366
2.


LaTeX Warning: Reference `cor:cechPicMap_eq_one_of_range_eq_singleton' on page 
155 undefined on input line 3677.


LaTeX Warning: Reference `thm:overHom_isProper' on page 155 undefined on input 
line 3677.


LaTeX Warning: Reference `thm:smooth_geometrically_reduced' on page 155 undefin
ed on input line 3677.


LaTeX Warning: Reference `prop:curve_integral' on page 155 undefined on input l
ine 3677.


LaTeX Warning: Reference `thm:h0_moduleKSheaf_curve' on page 155 undefined on i
nput line 3677.


LaTeX Warning: Reference `thm:moduleFinite_hModule_one' on page 155 undefined o
n input line 3677.


LaTeX Warning: Reference `thm:smooth_geometrically_reduced' on page 155 undefin
ed on input line 3678.


LaTeX Warning: Reference `prop:curve_integral' on page 155 undefined on input l
ine 3679.


LaTeX Warning: Reference `thm:h0_moduleKSheaf_curve' on page 155 undefined on i
nput line 3680.


LaTeX Warning: Reference `thm:moduleFinite_hModule_one' on page 155 undefined o
n input line 3681.


LaTeX Warning: Reference `def:classDeg' on page 155 undefined on input line 368
2.


LaTeX Warning: Reference `thm:overHom_isProper' on page 155 undefined on input 
line 3683.


LaTeX Warning: Reference `cor:cechPicMap_eq_one_of_range_eq_singleton' on page 
155 undefined on input line 3685.


LaTeX Warning: Reference `def:classDeg' on page 155 undefined on input line 368
7.


LaTeX Warning: Reference `def:P1_chartOpen' on page 155 undefined on input line
 3704.


LaTeX Warning: Reference `def:P1_chartCoord' on page 155 undefined on input lin
e 3704.


LaTeX Warning: Reference `lem:preimage_chart_sup' on page 155 undefined on inpu
t line 3704.


LaTeX Warning: Reference `lem:P1_chartOpen_inf' on page 155 undefined on input 
line 3704.


LaTeX Warning: Reference `def:P1_chartOpen' on page 155 undefined on input line
 3707.


LaTeX Warning: Reference `lem:preimage_chart_sup' on page 155 undefined on inpu
t line 3708.


LaTeX Warning: Reference `def:P1_chartCoord' on page 155 undefined on input lin
e 3714.

[155]

LaTeX Warning: Reference `lem:preimage_chart_sup' on page 156 undefined on inpu
t line 3724.


LaTeX Warning: Reference `lem:P1_chartOpen_inf' on page 156 undefined on input 
line 3728.


LaTeX Warning: Reference `def:fiberCover' on page 156 undefined on input line 3
739.


LaTeX Warning: Reference `def:localEquations' on page 156 undefined on input li
ne 3739.


LaTeX Warning: Reference `def:localEquations' on page 156 undefined on input li
ne 3742.


LaTeX Warning: Reference `lem:germ_generic_eq_algebraMap_germ' on page 156 unde
fined on input line 3749.


LaTeX Warning: Reference `def:fiberCover' on page 156 undefined on input line 3
759.


LaTeX Warning: Reference `lem:germ_generic_eq_algebraMap_germ' on page 156 unde
fined on input line 3761.


LaTeX Warning: Reference `def:fiberCover' on page 156 undefined on input line 3
767.


LaTeX Warning: Reference `def:fiberDivisor' on page 156 undefined on input line
 3774.


LaTeX Warning: Reference `def:localEquations_picClass' on page 156 undefined on
 input line 3774.


LaTeX Warning: Reference `def:localEquations_picClass' on page 156 undefined on
 input line 3781.


LaTeX Warning: Reference `lem:localEquations_ratioUnit' on page 156 undefined o
n input line 3786.


LaTeX Warning: Reference `def:localEquations_picClass' on page 156 undefined on
 input line 3788.


LaTeX Warning: Reference `lem:localEquations_ratioUnit' on page 156 undefined o
n input line 3790.

[156]

LaTeX Warning: Reference `def:fiberTwist' on page 157 undefined on input line 3
812.


LaTeX Warning: Reference `def:classDeg' on page 157 undefined on input line 381
2.


LaTeX Warning: Reference `thm:classDeg_mul' on page 157 undefined on input line
 3812.


LaTeX Warning: Reference `def:classDeg' on page 157 undefined on input line 381
6.


LaTeX Warning: Reference `def:fiberTwist' on page 157 undefined on input line 3
823.


LaTeX Warning: Reference `thm:classDeg_mul' on page 157 undefined on input line
 3824.


Package amsthm Warning: The \qedhere command may not work correctly here on inp
ut line 3830.


Overfull \hbox (10.26877pt too wide) detected at line 3831
[][] \TU/latinmodern-math.otf(1)/m/n/10 Θ[] = [][](Θ[] ⋅ Θ[]) = [][] Θ[] 
+ [][] Θ[] = 𝑛 ⋅ [][] Θ[] + [][] Θ[] = (𝑛 + 1) ⋅ [][] Θ[].
 []


LaTeX Warning: Reference `def:fiberCover' on page 157 undefined on input line 3
847.


LaTeX Warning: Reference `def:fiberDivisor' on page 157 undefined on input line
 3847.


LaTeX Warning: Reference `def:P1_chartCoord' on page 157 undefined on input lin
e 3847.


LaTeX Warning: Reference `lem:P1_chartOpen_inf' on page 157 undefined on input 
line 3847.


LaTeX Warning: Reference `def:P1_chartCoord' on page 157 undefined on input lin
e 3850.


LaTeX Warning: Reference `def:P1_chartCoord' on page 157 undefined on input lin
e 3861.


LaTeX Warning: Reference `lem:P1_chartOpen_inf' on page 157 undefined on input 
line 3861.


LaTeX Warning: Reference `def:fiberDivisor' on page 157 undefined on input line
 3864.


LaTeX Warning: Reference `def:fiberCoordUnit' on page 157 undefined on input li
ne 3876.


LaTeX Warning: Reference `def:fiberCover' on page 157 undefined on input line 3
876.


LaTeX Warning: Reference `def:divOf' on page 157 undefined on input line 3876.


LaTeX Warning: Reference `def:scheme_ord' on page 157 undefined on input line 3
876.


LaTeX Warning: Reference `def:scheme_ordZ' on page 157 undefined on input line 
3876.


LaTeX Warning: Reference `lem:germ_generic_eq_algebraMap_germ' on page 157 unde
fined on input line 3876.


LaTeX Warning: Reference `lem:ord_algebraMap_stalk_le_one' on page 157 undefine
d on input line 3876.


LaTeX Warning: Reference `def:divOf' on page 157 undefined on input line 3878.


LaTeX Warning: Reference `lem:germ_generic_eq_algebraMap_germ' on page 157 unde
fined on input line 3892.


LaTeX Warning: Reference `lem:ord_algebraMap_stalk_le_one' on page 157 undefine
d on input line 3893.


LaTeX Warning: Reference `def:scheme_ordZ' on page 157 undefined on input line 
3897.

[157]

LaTeX Warning: Reference `def:fiberCover' on page 158 undefined on input line 3
901.


LaTeX Warning: Reference `def:scheme_ord' on page 158 undefined on input line 3
902.


LaTeX Warning: Reference `thm:fiberCoordUnit_order' on page 158 undefined on in
put line 3915.


LaTeX Warning: Reference `def:divOf' on page 158 undefined on input line 3915.


LaTeX Warning: Reference `def:curveDivisor' on page 158 undefined on input line
 3915.


LaTeX Warning: Reference `def:curveDivisor_deg' on page 158 undefined on input 
line 3915.


LaTeX Warning: Reference `thm:residueDeg_pos' on page 158 undefined on input li
ne 3915.


LaTeX Warning: Reference `def:curveDivisor' on page 158 undefined on input line
 3918.


LaTeX Warning: Reference `thm:fiberCoordUnit_order' on page 158 undefined on in
put line 3927.


LaTeX Warning: Reference `def:curveDivisor_deg' on page 158 undefined on input 
line 3929.


LaTeX Warning: Reference `thm:fiberCoordUnit_order' on page 158 undefined on in
put line 3932.


LaTeX Warning: Reference `thm:residueDeg_pos' on page 158 undefined on input li
ne 3934.


LaTeX Warning: Reference `def:fiberWeilDivisor' on page 158 undefined on input 
line 3950.


LaTeX Warning: Reference `def:divisorSections' on page 158 undefined on input l
ine 3950.


LaTeX Warning: Reference `def:fiberWeilDivisor' on page 158 undefined on input 
line 3961.


LaTeX Warning: Reference `def:divisorSections' on page 158 undefined on input l
ine 3965.


LaTeX Warning: Reference `def:fiberWeilDivisor' on page 158 undefined on input 
line 3974.


LaTeX Warning: Reference `def:fiberCoordUnit' on page 158 undefined on input li
ne 3974.


LaTeX Warning: Reference `def:divisorSections' on page 158 undefined on input l
ine 3974.


LaTeX Warning: Reference `thm:mem_boundedSections_mul_iff' on page 158 undefine
d on input line 3974.


LaTeX Warning: Reference `def:divOf' on page 158 undefined on input line 3974.


LaTeX Warning: Reference `def:fiberWeilDivisor' on page 158 undefined on input 
line 3985.


LaTeX Warning: Reference `def:divOf' on page 158 undefined on input line 3988.


LaTeX Warning: Reference `thm:mem_boundedSections_mul_iff' on page 158 undefine
d on input line 3990.

[158]

LaTeX Warning: Reference `thm:divisorSections_twist_fixed' on page 159 undefine
d on input line 4003.


LaTeX Warning: Reference `thm:divisorSections_twist_chart0' on page 159 undefin
ed on input line 4003.


LaTeX Warning: Reference `def:fiberWeilDivisor' on page 159 undefined on input 
line 4003.


LaTeX Warning: Reference `thm:fiberCoordUnit_order' on page 159 undefined on in
put line 4003.


LaTeX Warning: Reference `def:divisorSections' on page 159 undefined on input l
ine 4003.


LaTeX Warning: Reference `def:divOf' on page 159 undefined on input line 4003.


LaTeX Warning: Reference `def:divisorSections' on page 159 undefined on input l
ine 4021.


LaTeX Warning: Reference `thm:divisorSections_twist_fixed' on page 159 undefine
d on input line 4023.


LaTeX Warning: Reference `def:fiberWeilDivisor' on page 159 undefined on input 
line 4026.


LaTeX Warning: Reference `def:divisorSections' on page 159 undefined on input l
ine 4028.


LaTeX Warning: Reference `def:curveDivisor' on page 159 undefined on input line
 4033.


LaTeX Warning: Reference `def:divOf' on page 159 undefined on input line 4034.


LaTeX Warning: Reference `def:fiberWeilDivisor' on page 159 undefined on input 
line 4035.


LaTeX Warning: Reference `thm:fiberCoordUnit_order' on page 159 undefined on in
put line 4036.


LaTeX Warning: Reference `def:fiberWeilDivisor' on page 159 undefined on input 
line 4037.


LaTeX Warning: Reference `thm:twoCoverH1LinearEquiv' on page 159 undefined on i
nput line 4048.


LaTeX Warning: Reference `def:qcohOn' on page 159 undefined on input line 4051.



LaTeX Warning: Reference `def:qcohOn' on page 159 undefined on input line 4058.



LaTeX Warning: Reference `def:divisorSheaf' on page 159 undefined on input line
 4058.


LaTeX Warning: Reference `def:divisorSections' on page 159 undefined on input l
ine 4058.


LaTeX Warning: Reference `lem:ord_algebraMap_stalk_le_one' on page 159 undefine
d on input line 4058.


LaTeX Warning: Reference `lem:ord_eq_one_of_mem_basicOpen' on page 159 undefine
d on input line 4058.


LaTeX Warning: Reference `def:divOf' on page 159 undefined on input line 4058.


LaTeX Warning: Reference `def:curveDivisor' on page 159 undefined on input line
 4058.


LaTeX Warning: Reference `lem:ord_algebraMap_stalk_le_one' on page 159 undefine
d on input line 4071.


LaTeX Warning: Reference `def:divisorSections' on page 159 undefined on input l
ine 4073.

[159]

LaTeX Warning: Reference `lem:ord_eq_one_of_mem_basicOpen' on page 160 undefine
d on input line 4080.


LaTeX Warning: Reference `def:curveDivisor' on page 160 undefined on input line
 4082.


LaTeX Warning: Reference `def:divOf' on page 160 undefined on input line 4082.


LaTeX Warning: Reference `thm:divisorSheaf_qcohOn' on page 160 undefined on inp
ut line 4099.


LaTeX Warning: Reference `thm:hModule1_vanishing_qcoh' on page 160 undefined on
 input line 4099.


LaTeX Warning: Reference `thm:hModule1_vanishing_qcoh' on page 160 undefined on
 input line 4107.


LaTeX Warning: Reference `thm:divisorSheaf_qcohOn' on page 160 undefined on inp
ut line 4108.


LaTeX Warning: Reference `def:fiberWeilDivisor' on page 160 undefined on input 
line 4114.


LaTeX Warning: Reference `def:fiberLattice' on page 160 undefined on input line
 4126.


LaTeX Warning: Reference `thm:twoCoverH1LinearEquiv' on page 160 undefined on i
nput line 4126.


LaTeX Warning: Reference `thm:subsingleton_hModule_divisorSheaf_one' on page 16
0 undefined on input line 4126.


LaTeX Warning: Reference `thm:divisorSections_twist_fixed' on page 160 undefine
d on input line 4126.


LaTeX Warning: Reference `def:divisorSheaf' on page 160 undefined on input line
 4126.


LaTeX Warning: Reference `def:TwoCover_diff' on page 160 undefined on input lin
e 4126.


LaTeX Warning: Reference `def:fiberLattice' on page 160 undefined on input line
 4129.


LaTeX Warning: Reference `def:fiberLattice' on page 160 undefined on input line
 4140.


LaTeX Warning: Reference `thm:twoCoverH1LinearEquiv' on page 160 undefined on i
nput line 4142.


LaTeX Warning: Reference `thm:subsingleton_hModule_divisorSheaf_one' on page 16
0 undefined on input line 4144.


LaTeX Warning: Reference `def:TwoCover_diff' on page 160 undefined on input lin
e 4149.


LaTeX Warning: Reference `thm:divisorSections_twist_fixed' on page 160 undefine
d on input line 4153.

[160]

LaTeX Warning: Reference `def:fiberLatticeH1Equiv' on page 161 undefined on inp
ut line 4179.


LaTeX Warning: Reference `thm:eventually_eq_top_of_monotone_of_iSup_eq_top' on 
page 161 undefined on input line 4179.


LaTeX Warning: Reference `def:fiberLattice' on page 161 undefined on input line
 4179.


LaTeX Warning: Reference `thm:moduleFinite_divisorSheaf' on page 161 undefined 
on input line 4179.


LaTeX Warning: Reference `def:fiberWeilDivisor' on page 161 undefined on input 
line 4179.


LaTeX Warning: Reference `def:fiberLatticeH1Equiv' on page 161 undefined on inp
ut line 4192.


LaTeX Warning: Reference `def:fiberLattice' on page 161 undefined on input line
 4194.


LaTeX Warning: Reference `thm:moduleFinite_divisorSheaf' on page 161 undefined 
on input line 4197.


LaTeX Warning: Reference `thm:eventually_eq_top_of_monotone_of_iSup_eq_top' on 
page 161 undefined on input line 4198.


LaTeX Warning: Reference `thm:subsingleton_hModule_divisorSheaf_one_of_isDomina
nt_toP1' on page 161 undefined on input line 4207.


LaTeX Warning: Reference `thm:moduleFinite_hModule_one_of_isFinite_toP1' on pag
e 161 undefined on input line 4207.


LaTeX Warning: Reference `thm:moduleFinite_hModule_one_of_isFinite_toP1' on pag
e 161 undefined on input line 4216.


LaTeX Warning: Reference `thm:subsingleton_hModule_divisorSheaf_one_of_isDomina
nt_toP1' on page 161 undefined on input line 4217.


LaTeX Warning: Reference `def:curveDivisor_picClass' on page 161 undefined on i
nput line 4235.


LaTeX Warning: Reference `thm:curveDivisor_picClass_hom' on page 161 undefined 
on input line 4235.


LaTeX Warning: Reference `def:classDeg' on page 161 undefined on input line 423
5.


LaTeX Warning: Reference `thm:classDeg_mul' on page 161 undefined on input line
 4235.


LaTeX Warning: Reference `lem:classDeg_zpow' on page 161 undefined on input lin
e 4235.


LaTeX Warning: Reference `thm:curveDivisor_picClass_hom' on page 161 undefined 
on input line 4244.


LaTeX Warning: Reference `thm:classDeg_mul' on page 161 undefined on input line
 4245.


LaTeX Warning: Reference `def:P1_chartOpen' on page 161 undefined on input line
 4253.


LaTeX Warning: Reference `def:P1_chartIota' on page 161 undefined on input line
 4253.


LaTeX Warning: Reference `lem:P1_chartIota_range' on page 161 undefined on inpu
t line 4253.


LaTeX Warning: Reference `def:P1_chartCoord' on page 161 undefined on input lin
e 4253.


LaTeX Warning: Reference `def:P1_awayAlgEquiv' on page 161 undefined on input l
ine 4253.


LaTeX Warning: Reference `def:P1_chartOpen' on page 161 undefined on input line
 4260.


LaTeX Warning: Reference `def:P1_awayAlgEquiv' on page 161 undefined on input l
ine 4261.


LaTeX Warning: Reference `def:P1_chartCoord' on page 161 undefined on input lin
e 4262.


LaTeX Warning: Reference `def:P1_chartIota' on page 161 undefined on input line
 4265.


LaTeX Warning: Reference `lem:P1_chartIota_range' on page 161 undefined on inpu
t line 4266.

[161]

LaTeX Warning: Reference `lem:P1_point_off_chart1' on page 162 undefined on inp
ut line 4286.


LaTeX Warning: Reference `lem:surjective_of_isFinite_of_isDominant' on page 162
 undefined on input line 4286.


LaTeX Warning: Reference `def:fiberWeilDivisor' on page 162 undefined on input 
line 4286.


LaTeX Warning: Reference `def:fiberCover' on page 162 undefined on input line 4
286.


LaTeX Warning: Reference `lem:P1_point_off_chart1' on page 162 undefined on inp
ut line 4294.


LaTeX Warning: Reference `lem:surjective_of_isFinite_of_isDominant' on page 162
 undefined on input line 4295.


LaTeX Warning: Reference `def:fiberWeilDivisor' on page 162 undefined on input 
line 4300.


LaTeX Warning: Reference `thm:riemann_inequality' on page 162 undefined on inpu
t line 4308.


LaTeX Warning: Reference `def:h0_h1_chi' on page 162 undefined on input line 43
08.


LaTeX Warning: Reference `def:divisorSheaf' on page 162 undefined on input line
 4308.


LaTeX Warning: Reference `def:HModule_linearEquiv0' on page 162 undefined on in
put line 4308.


LaTeX Warning: Reference `def:divisorSections' on page 162 undefined on input l
ine 4308.


LaTeX Warning: Reference `def:scheme_ord' on page 162 undefined on input line 4
308.


LaTeX Warning: Reference `def:divOf' on page 162 undefined on input line 4308.


LaTeX Warning: Reference `thm:curveDivisor_picClass_hom' on page 162 undefined 
on input line 4308.


LaTeX Warning: Reference `def:curveDivisor' on page 162 undefined on input line
 4308.


LaTeX Warning: Reference `thm:riemann_inequality' on page 162 undefined on inpu
t line 4316.


LaTeX Warning: Reference `def:HModule_linearEquiv0' on page 162 undefined on in
put line 4319.


LaTeX Warning: Reference `def:divisorSheaf' on page 162 undefined on input line
 4320.


LaTeX Warning: Reference `def:divisorSections' on page 162 undefined on input l
ine 4320.


LaTeX Warning: Reference `def:scheme_ord' on page 162 undefined on input line 4
322.


LaTeX Warning: Reference `def:divOf' on page 162 undefined on input line 4323.


LaTeX Warning: Reference `thm:curveDivisor_picClass_hom' on page 162 undefined 
on input line 4325.


Overfull \hbox (5.9458pt too wide) in paragraph at lines 4316--4326
[]\TU/lmr/m/n/10 By the Rie-mann in-equal-ity (The-o-rem []), $\TU/latinmodern-
math.otf(1)/m/n/10 ℎ[](𝒪[](𝑊)) ≥ [] 𝑊 + 𝜒(𝒪[]) ≥ 1$\TU/lmr
/m/n/10 , so $\TU/latinmodern-math.otf(1)/m/n/10 𝐻[](𝒪[](𝑊))$
 []


LaTeX Warning: Reference `def:devissageSES' on page 162 undefined on input line
 4333.


LaTeX Warning: Reference `thm:devissageSES_shortExact' on page 162 undefined on
 input line 4333.


LaTeX Warning: Reference `thm:skyModule_h1_vanishing' on page 162 undefined on 
input line 4333.


LaTeX Warning: Reference `thm:HModule_surjective_map_f' on page 162 undefined o
n input line 4333.


LaTeX Warning: Reference `lem:devissageDivisor_sub' on page 162 undefined on in
put line 4333.


LaTeX Warning: Reference `def:curveDivisor_single' on page 162 undefined on inp
ut line 4333.


LaTeX Warning: Reference `def:jumpModule' on page 162 undefined on input line 4
333.


LaTeX Warning: Reference `lem:devissageDivisor_sub' on page 162 undefined on in
put line 4343.


LaTeX Warning: Reference `def:devissageSES' on page 162 undefined on input line
 4344.


LaTeX Warning: Reference `thm:devissageSES_shortExact' on page 162 undefined on
 input line 4344.


LaTeX Warning: Reference `thm:skyModule_h1_vanishing' on page 162 undefined on 
input line 4346.


LaTeX Warning: Reference `thm:HModule_surjective_map_f' on page 162 undefined o
n input line 4348.


LaTeX Warning: Reference `lem:peel_single' on page 162 undefined on input line 
4355.


LaTeX Warning: Reference `def:curveDivisor_single' on page 162 undefined on inp
ut line 4355.


LaTeX Warning: Reference `def:curveDivisor' on page 162 undefined on input line
 4355.


LaTeX Warning: Reference `lem:peel_single' on page 162 undefined on input line 
4366.


LaTeX Warning: Reference `thm:subsingleton_hModule_divisorSheaf_one_of_isFinite
_toP1' on page 162 undefined on input line 4376.


LaTeX Warning: Reference `thm:zero_lt_deg_fiberWeilDivisor' on page 162 undefin
ed on input line 4376.


LaTeX Warning: Reference `lem:exists_effective_of_picClass' on page 162 undefin
ed on input line 4376.


LaTeX Warning: Reference `lem:peel_effective' on page 162 undefined on input li
ne 4376.


LaTeX Warning: Reference `thm:subsingleton_hModule_one_class' on page 162 undef
ined on input line 4376.


LaTeX Warning: Reference `lem:picClass_nsmul' on page 162 undefined on input li
ne 4376.


LaTeX Warning: Reference `def:classDeg' on page 162 undefined on input line 437
6.


LaTeX Warning: Reference `def:curveDivisor_picClass' on page 162 undefined on i
nput line 4376.


LaTeX Warning: Reference `thm:classDeg_mul' on page 162 undefined on input line
 4376.


LaTeX Warning: Reference `lem:classDeg_zpow' on page 162 undefined on input lin
e 4376.


LaTeX Warning: Reference `def:fiberWeilDivisor' on page 162 undefined on input 
line 4376.

[162]

LaTeX Warning: Reference `def:curveDivisor_picClass' on page 163 undefined on i
nput line 4388.


LaTeX Warning: Reference `thm:subsingleton_hModule_divisorSheaf_one_of_isFinite
_toP1' on page 163 undefined on input line 4390.


LaTeX Warning: Reference `thm:zero_lt_deg_fiberWeilDivisor' on page 163 undefin
ed on input line 4393.


LaTeX Warning: Reference `lem:picClass_nsmul' on page 163 undefined on input li
ne 4398.


LaTeX Warning: Reference `thm:classDeg_mul' on page 163 undefined on input line
 4398.


LaTeX Warning: Reference `lem:classDeg_zpow' on page 163 undefined on input lin
e 4399.


LaTeX Warning: Reference `lem:exists_effective_of_picClass' on page 163 undefin
ed on input line 4401.


LaTeX Warning: Reference `lem:peel_effective' on page 163 undefined on input li
ne 4404.


LaTeX Warning: Reference `thm:subsingleton_hModule_one_class' on page 163 undef
ined on input line 4405.


LaTeX Warning: Reference `thm:chi_eq_h0' on page 163 undefined on input line 44
12.


LaTeX Warning: Reference `thm:chi_divisorSheaf' on page 163 undefined on input 
line 4412.


LaTeX Warning: Reference `def:h0_h1_chi' on page 163 undefined on input line 44
12.


LaTeX Warning: Reference `thm:chi_eq_h0' on page 163 undefined on input line 44
24.


LaTeX Warning: Reference `thm:chi_divisorSheaf' on page 163 undefined on input 
line 4426.


LaTeX Warning: Reference `thm:subsingleton_hModule_divisorSheaf_one_of_isFinite
_toP1' on page 163 undefined on input line 4439.


LaTeX Warning: Reference `thm:zero_lt_deg_fiberWeilDivisor' on page 163 undefin
ed on input line 4439.


LaTeX Warning: Reference `lem:exists_effective_of_picClass' on page 163 undefin
ed on input line 4439.


LaTeX Warning: Reference `lem:peel_effective' on page 163 undefined on input li
ne 4439.


LaTeX Warning: Reference `thm:subsingleton_hModule_one_class' on page 163 undef
ined on input line 4439.


LaTeX Warning: Reference `lem:picClass_nsmul' on page 163 undefined on input li
ne 4439.


LaTeX Warning: Reference `def:classDeg' on page 163 undefined on input line 443
9.


LaTeX Warning: Reference `def:curveDivisor_picClass' on page 163 undefined on i
nput line 4439.


LaTeX Warning: Reference `thm:classDeg_mul' on page 163 undefined on input line
 4439.


LaTeX Warning: Reference `lem:classDeg_zpow' on page 163 undefined on input lin
e 4439.


LaTeX Warning: Reference `def:fiberWeilDivisor' on page 163 undefined on input 
line 4439.


LaTeX Warning: Reference `def:h0_h1_chi' on page 163 undefined on input line 44
39.


LaTeX Warning: Reference `thm:subsingleton_hModule_divisorSheaf_one_of_isFinite
_toP1' on page 163 undefined on input line 4453.


LaTeX Warning: Reference `thm:zero_lt_deg_fiberWeilDivisor' on page 163 undefin
ed on input line 4456.


LaTeX Warning: Reference `lem:picClass_nsmul' on page 163 undefined on input li
ne 4460.


LaTeX Warning: Reference `thm:classDeg_mul' on page 163 undefined on input line
 4461.


LaTeX Warning: Reference `lem:classDeg_zpow' on page 163 undefined on input lin
e 4461.


LaTeX Warning: Reference `def:curveDivisor_picClass' on page 163 undefined on i
nput line 4462.


LaTeX Warning: Reference `lem:exists_effective_of_picClass' on page 163 undefin
ed on input line 4463.


LaTeX Warning: Reference `lem:peel_effective' on page 163 undefined on input li
ne 4465.


LaTeX Warning: Reference `thm:subsingleton_hModule_one_class' on page 163 undef
ined on input line 4466.


LaTeX Warning: Reference `def:fiberDivisor' on page 163 undefined on input line
 4479.


LaTeX Warning: Reference `def:fiberCoordUnit' on page 163 undefined on input li
ne 4479.


LaTeX Warning: Reference `thm:fiberCoordUnit_order' on page 163 undefined on in
put line 4479.


LaTeX Warning: Reference `def:fiberWeilDivisor' on page 163 undefined on input 
line 4479.


LaTeX Warning: Reference `def:presentationDivisor' on page 163 undefined on inp
ut line 4479.


LaTeX Warning: Reference `lem:localEquations_presentation' on page 163 undefine
d on input line 4479.


LaTeX Warning: Reference `def:curveDivisor' on page 163 undefined on input line
 4479.


LaTeX Warning: Reference `def:fiberCover' on page 163 undefined on input line 4
479.


LaTeX Warning: Reference `lem:localEquations_presentation' on page 163 undefine
d on input line 4492.


LaTeX Warning: Reference `def:fiberDivisor' on page 163 undefined on input line
 4493.


LaTeX Warning: Reference `def:fiberCoordUnit' on page 163 undefined on input li
ne 4495.


LaTeX Warning: Reference `def:presentationDivisor' on page 163 undefined on inp
ut line 4497.


LaTeX Warning: Reference `thm:fiberCoordUnit_order' on page 163 undefined on in
put line 4499.


LaTeX Warning: Reference `def:fiberWeilDivisor' on page 163 undefined on input 
line 4500.


LaTeX Warning: Reference `def:fiberWeilDivisor' on page 163 undefined on input 
line 4502.

[163]

LaTeX Warning: Reference `thm:presentationDivisor_fiberDivisor_one' on page 164
 undefined on input line 4513.


LaTeX Warning: Reference `lem:localEquations_presentation' on page 164 undefine
d on input line 4513.


LaTeX Warning: Reference `def:curveDivisor_picClass' on page 164 undefined on i
nput line 4513.


LaTeX Warning: Reference `def:classDeg' on page 164 undefined on input line 451
3.


LaTeX Warning: Reference `def:fiberTwist' on page 164 undefined on input line 4
513.


LaTeX Warning: Reference `thm:zero_lt_deg_fiberWeilDivisor' on page 164 undefin
ed on input line 4513.


LaTeX Warning: Reference `thm:picClass_eq_of_presentationDivisor_eq' on page 16
4 undefined on input line 4513.


LaTeX Warning: Reference `def:fiberTwist' on page 164 undefined on input line 4
527.


LaTeX Warning: Reference `lem:localEquations_presentation' on page 164 undefine
d on input line 4529.


LaTeX Warning: Reference `thm:picClass_eq_of_presentationDivisor_eq' on page 16
4 undefined on input line 4530.


LaTeX Warning: Reference `def:curveDivisor_picClass' on page 164 undefined on i
nput line 4531.


LaTeX Warning: Reference `thm:presentationDivisor_fiberDivisor_one' on page 164
 undefined on input line 4532.


LaTeX Warning: Reference `def:classDeg' on page 164 undefined on input line 453
4.


LaTeX Warning: Reference `thm:zero_lt_deg_fiberWeilDivisor' on page 164 undefin
ed on input line 4535.


LaTeX Warning: Reference `thm:classDeg_cechPicMap_baseFieldTransition' on page 
164 undefined on input line 4541.


LaTeX Warning: Reference `thm:classDeg_cechPicMap_baseFieldTransition' on page 
164 undefined on input line 4552.


LaTeX Warning: Reference `def:sectionOfPoint' on page 164 undefined on input li
ne 4568.


LaTeX Warning: Reference `def:graphPoint' on page 164 undefined on input line 4
568.


LaTeX Warning: Reference `def:graphSectionEval' on page 164 undefined on input 
line 4585.


LaTeX Warning: Reference `def:overSpecGammaTop' on page 164 undefined on input 
line 4585.


LaTeX Warning: Reference `def:sectionOfPoint' on page 164 undefined on input li
ne 4585.


LaTeX Warning: Reference `def:overSpecGammaTop' on page 164 undefined on input 
line 4590.


LaTeX Warning: Reference `def:sectionOfPoint' on page 164 undefined on input li
ne 4597.


LaTeX Warning: Reference `def:graphSectionEval' on page 164 undefined on input 
line 4607.


LaTeX Warning: Reference `thm:graphSectionEval_algebraMap' on page 164 undefine
d on input line 4607.


LaTeX Warning: Reference `def:graphPoint' on page 164 undefined on input line 4
607.

[164]

LaTeX Warning: Reference `thm:graphSectionEval_algebraMap' on page 165 undefine
d on input line 4626.


LaTeX Warning: Reference `def:graphSectionEval' on page 165 undefined on input 
line 4636.


LaTeX Warning: Reference `thm:graphSectionEval_algebraMap' on page 165 undefine
d on input line 4636.


LaTeX Warning: Reference `thm:graphSectionEval_algebraMap' on page 165 undefine
d on input line 4646.


LaTeX Warning: Reference `thm:graphSectionEval_algebraMap' on page 165 undefine
d on input line 4649.


LaTeX Warning: Reference `def:diagonalChartData' on page 165 undefined on input
 line 4667.


LaTeX Warning: Reference `def:productChart' on page 165 undefined on input line
 4667.


LaTeX Warning: Reference `def:productChartSections' on page 165 undefined on in
put line 4667.


LaTeX Warning: Reference `thm:isLocalization_away_basicOpen_productChartSection
s' on page 165 undefined on input line 4667.


LaTeX Warning: Reference `def:pointGen_pointEv' on page 165 undefined on input 
line 4667.


LaTeX Warning: Reference `def:diagonalChartData' on page 165 undefined on input
 line 4671.


LaTeX Warning: Reference `def:pointGen_pointEv' on page 165 undefined on input 
line 4677.


LaTeX Warning: Reference `def:productChart' on page 165 undefined on input line
 4682.


LaTeX Warning: Reference `def:productChartSections' on page 165 undefined on in
put line 4682.


LaTeX Warning: Reference `thm:isLocalization_away_basicOpen_productChartSection
s' on page 165 undefined on input line 4685.


LaTeX Warning: Reference `def:graphChart' on page 165 undefined on input line 4
698.


LaTeX Warning: Reference `thm:appLE_productChartSections' on page 165 undefined
 on input line 4698.


LaTeX Warning: Reference `def:graphSectionEval' on page 165 undefined on input 
line 4698.


LaTeX Warning: Reference `def:graphPoint' on page 165 undefined on input line 4
698.


LaTeX Warning: Reference `def:diagonalChartData' on page 165 undefined on input
 line 4698.


LaTeX Warning: Reference `def:pointGen_pointEv' on page 165 undefined on input 
line 4698.


LaTeX Warning: Reference `def:pointGen_pointEv' on page 165 undefined on input 
line 4702.


LaTeX Warning: Reference `def:graphPoint' on page 165 undefined on input line 4
713.


LaTeX Warning: Reference `thm:appLE_productChartSections' on page 165 undefined
 on input line 4716.


LaTeX Warning: Reference `def:diagonalChartData' on page 165 undefined on input
 line 4721.


LaTeX Warning: Reference `lem:graphTensorEval' on page 165 undefined on input l
ine 4729.

[165]

LaTeX Warning: Reference `thm:ker_graphSectionEval_eq_primeIdealOf' on page 166
 undefined on input line 4729.


LaTeX Warning: Reference `def:graphChart' on page 166 undefined on input line 4
729.


LaTeX Warning: Reference `thm:graphSectionEval_algebraMap' on page 166 undefine
d on input line 4729.


LaTeX Warning: Reference `thm:ker_graphSectionEval_eq_primeIdealOf' on page 166
 undefined on input line 4738.


LaTeX Warning: Reference `lem:graphTensorEval' on page 166 undefined on input l
ine 4741.


LaTeX Warning: Reference `thm:graphSectionEval_algebraMap' on page 166 undefine
d on input line 4741.


LaTeX Warning: Reference `def:graphChart' on page 166 undefined on input line 4
750.


LaTeX Warning: Reference `lem:graphTensorEval' on page 166 undefined on input l
ine 4750.


LaTeX Warning: Reference `thm:graphPoint_mem_graphChart' on page 166 undefined 
on input line 4750.


LaTeX Warning: Reference `thm:ker_pointEv_map_localization_eq' on page 166 unde
fined on input line 4750.


LaTeX Warning: Reference `def:diagonalChartData' on page 166 undefined on input
 line 4750.


LaTeX Warning: Reference `thm:isLocalization_away_basicOpen_productChartSection
s' on page 166 undefined on input line 4750.


LaTeX Warning: Reference `def:graphSectionEval' on page 166 undefined on input 
line 4750.


LaTeX Warning: Reference `thm:isLocalization_away_basicOpen_productChartSection
s' on page 166 undefined on input line 4763.


LaTeX Warning: Reference `lem:graphTensorEval' on page 166 undefined on input l
ine 4765.


LaTeX Warning: Reference `def:diagonalChartData' on page 166 undefined on input
 line 4768.


LaTeX Warning: Reference `thm:ker_pointEv_map_localization_eq' on page 166 unde
fined on input line 4769.


LaTeX Warning: Reference `def:graphChart' on page 166 undefined on input line 4
771.


LaTeX Warning: Reference `thm:ker_graphSectionEval_eq_span_graphChartEqn' on pa
ge 166 undefined on input line 4785.


LaTeX Warning: Reference `thm:finrank_quotient_ker_graphSectionEval' on page 16
6 undefined on input line 4785.


LaTeX Warning: Reference `thm:ker_graphSectionEval_eq_span_graphChartEqn' on pa
ge 166 undefined on input line 4794.


LaTeX Warning: Reference `thm:finrank_quotient_ker_graphSectionEval' on page 16
6 undefined on input line 4796.


LaTeX Warning: Reference `thm:diagonal_regularity_engine' on page 166 undefined
 on input line 4808.


LaTeX Warning: Reference `def:graphChart' on page 166 undefined on input line 4
808.


LaTeX Warning: Reference `thm:graphSectionEval_algebraMap' on page 166 undefine
d on input line 4808.


LaTeX Warning: Reference `thm:graphPoint_mem_graphChart' on page 166 undefined 
on input line 4808.


LaTeX Warning: Reference `def:diagonalChartData' on page 166 undefined on input
 line 4808.


LaTeX Warning: Reference `thm:isLocalization_away_basicOpen_productChartSection
s' on page 166 undefined on input line 4808.


LaTeX Warning: Reference `thm:diagonal_regularity_engine' on page 166 undefined
 on input line 4816.


LaTeX Warning: Reference `lem:graphTensorEval' on page 166 undefined on input l
ine 4822.


LaTeX Warning: Reference `thm:graphSectionEval_algebraMap' on page 166 undefine
d on input line 4822.


LaTeX Warning: Reference `thm:graphPoint_mem_graphChart' on page 166 undefined 
on input line 4823.


LaTeX Warning: Reference `lem:graphChartEqn_ne_zero' on page 166 undefined on i
nput line 4831.


LaTeX Warning: Reference `thm:ker_graphSectionEval_eq_span_graphChartEqn' on pa
ge 166 undefined on input line 4831.


LaTeX Warning: Reference `thm:ker_graphSectionEval_eq_primeIdealOf' on page 166
 undefined on input line 4831.


LaTeX Warning: Reference `lem:fromSpec_base_ne_genericPoint' on page 166 undefi
ned on input line 4831.


LaTeX Warning: Reference `lem:primeIdealOf_fromSpec_base' on page 166 undefined
 on input line 4831.


LaTeX Warning: Reference `thm:ker_graphSectionEval_eq_primeIdealOf' on page 166
 undefined on input line 4840.


LaTeX Warning: Reference `thm:ker_graphSectionEval_eq_span_graphChartEqn' on pa
ge 166 undefined on input line 4841.


LaTeX Warning: Reference `lem:graphChartEqn_ne_zero' on page 166 undefined on i
nput line 4842.


LaTeX Warning: Reference `lem:fromSpec_base_ne_genericPoint' on page 166 undefi
ned on input line 4844.


LaTeX Warning: Reference `lem:primeIdealOf_fromSpec_base' on page 166 undefined
 on input line 4845.


LaTeX Warning: Reference `thm:ker_graphSectionEval_eq_span_graphChartEqn' on pa
ge 166 undefined on input line 4853.


LaTeX Warning: Reference `thm:finrank_quotient_ker_graphSectionEval' on page 16
6 undefined on input line 4853.


LaTeX Warning: Reference `thm:ker_graphSectionEval_eq_primeIdealOf' on page 166
 undefined on input line 4853.


LaTeX Warning: Reference `lem:primeIdealOf_fromSpec_base' on page 166 undefined
 on input line 4853.


LaTeX Warning: Reference `thm:ker_graphSectionEval_eq_span_graphChartEqn' on pa
ge 166 undefined on input line 4862.


LaTeX Warning: Reference `thm:ker_graphSectionEval_eq_primeIdealOf' on page 166
 undefined on input line 4863.


LaTeX Warning: Reference `thm:finrank_quotient_ker_graphSectionEval' on page 16
6 undefined on input line 4864.


LaTeX Warning: Reference `lem:primeIdealOf_fromSpec_base' on page 166 undefined
 on input line 4866.

[166]

LaTeX Warning: Reference `def:graphLocalEquations' on page 167 undefined on inp
ut line 4873.


LaTeX Warning: Reference `def:graphPoint' on page 167 undefined on input line 4
873.


LaTeX Warning: Reference `def:diagonalCover' on page 167 undefined on input lin
e 4873.


LaTeX Warning: Reference `def:localEquations_pullback' on page 167 undefined on
 input line 4873.


LaTeX Warning: Reference `lem:localEquations_presentation' on page 167 undefine
d on input line 4873.


LaTeX Warning: Reference `def:graphLocalEquations' on page 167 undefined on inp
ut line 4881.


LaTeX Warning: Reference `def:graphPoint' on page 167 undefined on input line 4
882.


LaTeX Warning: Reference `def:diagonalCover' on page 167 undefined on input lin
e 4883.


LaTeX Warning: Reference `def:localEquations_pullback' on page 167 undefined on
 input line 4884.


LaTeX Warning: Reference `lem:localEquations_presentation' on page 167 undefine
d on input line 4885.


LaTeX Warning: Reference `def:graphLocalEquations' on page 167 undefined on inp
ut line 4895.


LaTeX Warning: Reference `def:graphChart' on page 167 undefined on input line 4
895.


LaTeX Warning: Reference `thm:appLE_productChartSections' on page 167 undefined
 on input line 4895.


LaTeX Warning: Reference `def:diagonalChartData' on page 167 undefined on input
 line 4895.


LaTeX Warning: Reference `def:diagonalCover' on page 167 undefined on input lin
e 4895.


LaTeX Warning: Reference `def:diagonalChart' on page 167 undefined on input lin
e 4895.


LaTeX Warning: Reference `def:localEquations_pullback' on page 167 undefined on
 input line 4895.


LaTeX Warning: Reference `lem:localEquations_presentation' on page 167 undefine
d on input line 4895.


LaTeX Warning: Reference `def:diagonalSetup' on page 167 undefined on input lin
e 4895.


LaTeX Warning: Reference `def:graphPoint' on page 167 undefined on input line 4
895.


LaTeX Warning: Reference `lem:pointedCover_genericPoint_mem' on page 167 undefi
ned on input line 4895.


LaTeX Warning: Reference `thm:graphPoint_mem_graphChart' on page 167 undefined 
on input line 4895.


LaTeX Warning: Reference `def:productChartSections' on page 167 undefined on in
put line 4895.


LaTeX Warning: Reference `def:localEquations_pullback' on page 167 undefined on
 input line 4913.


LaTeX Warning: Reference `def:diagonalCover' on page 167 undefined on input lin
e 4914.


LaTeX Warning: Reference `def:diagonalChart' on page 167 undefined on input lin
e 4916.


LaTeX Warning: Reference `def:diagonalSetup' on page 167 undefined on input lin
e 4916.


LaTeX Warning: Reference `thm:appLE_productChartSections' on page 167 undefined
 on input line 4918.


LaTeX Warning: Reference `def:graphChart' on page 167 undefined on input line 4
926.


LaTeX Warning: Reference `def:productChartSections' on page 167 undefined on in
put line 4927.


LaTeX Warning: Reference `lem:pointedCover_genericPoint_mem' on page 167 undefi
ned on input line 4932.


LaTeX Warning: Reference `thm:graphPoint_mem_graphChart' on page 167 undefined 
on input line 4933.


LaTeX Warning: Reference `lem:presentationElem_graphLocalEquations_of_ne' on pa
ge 167 undefined on input line 4941.


LaTeX Warning: Reference `thm:graphPoint_ne_genericPoint' on page 167 undefined
 on input line 4941.


LaTeX Warning: Reference `def:presentationDivisor' on page 167 undefined on inp
ut line 4941.


LaTeX Warning: Reference `def:curveDivisor_single' on page 167 undefined on inp
ut line 4941.


LaTeX Warning: Reference `def:scheme_ordZ' on page 167 undefined on input line 
4941.


LaTeX Warning: Reference `lem:localEquations_presentation' on page 167 undefine
d on input line 4941.


LaTeX Warning: Reference `def:graphLocalEquations' on page 167 undefined on inp
ut line 4941.


LaTeX Warning: Reference `def:curveDivisor_single' on page 167 undefined on inp
ut line 4948.


LaTeX Warning: Reference `thm:graphPoint_ne_genericPoint' on page 167 undefined
 on input line 4949.


LaTeX Warning: Reference `def:presentationDivisor' on page 167 undefined on inp
ut line 4953.


LaTeX Warning: Reference `def:scheme_ordZ' on page 167 undefined on input line 
4955.


LaTeX Warning: Reference `lem:presentationElem_graphLocalEquations_of_ne' on pa
ge 167 undefined on input line 4956.


LaTeX Warning: Reference `thm:presentationDivisor_graphLocalEquations' on page 
167 undefined on input line 4969.


LaTeX Warning: Reference `thm:presentationElem_graphLocalEquations_val' on page
 167 undefined on input line 4969.


LaTeX Warning: Reference `thm:finrank_quotient_span_graphChartEqn' on page 167 
undefined on input line 4969.


LaTeX Warning: Reference `lem:isUnit_germ_graphChartEqn_of_ne' on page 167 unde
fined on input line 4969.


LaTeX Warning: Reference `thm:finrank_quotient_span_section' on page 167 undefi
ned on input line 4969.


LaTeX Warning: Reference `def:classDeg' on page 167 undefined on input line 496
9.


LaTeX Warning: Reference `def:curveDivisor_picClass' on page 167 undefined on i
nput line 4969.


LaTeX Warning: Reference `lem:curveDivisor_single_arith' on page 167 undefined 
on input line 4969.


LaTeX Warning: Reference `lem:localEquations_presentation' on page 167 undefine
d on input line 4969.


LaTeX Warning: Reference `thm:graphPoint_ne_genericPoint' on page 167 undefined
 on input line 4969.


LaTeX Warning: Reference `def:graphLocalEquations' on page 167 undefined on inp
ut line 4969.


LaTeX Warning: Reference `thm:picClass_eq_of_presentationDivisor_eq' on page 16
7 undefined on input line 4969.


LaTeX Warning: Reference `thm:graphPoint_mem_graphChart' on page 167 undefined 
on input line 4969.


Overfull \hbox (1.14502pt too wide) in paragraph at lines 4969--4973
[][]\TU/lmr/bx/n/10 The-o-rem 682 \TU/lmr/m/n/10 (The graph class of a field poi
nt has de-gree one)\TU/lmr/bx/n/10 . [][][][][][][][][][][][][][]\TU/lmr/m/it/1
0 For ev-ery field point $\TU/latinmodern-math.otf(1)/m/n/10 𝑡 [] []  [] 
𝐾 →
 []


LaTeX Warning: Reference `lem:localEquations_presentation' on page 167 undefine
d on input line 4983.


LaTeX Warning: Reference `thm:picClass_eq_of_presentationDivisor_eq' on page 16
7 undefined on input line 4984.


LaTeX Warning: Reference `def:curveDivisor_picClass' on page 167 undefined on i
nput line 4985.


LaTeX Warning: Reference `thm:presentationDivisor_graphLocalEquations' on page 
167 undefined on input line 4987.


LaTeX Warning: Reference `def:classDeg' on page 167 undefined on input line 498
9.


LaTeX Warning: Reference `lem:curveDivisor_single_arith' on page 167 undefined 
on input line 4989.


LaTeX Warning: Reference `thm:finrank_quotient_span_section' on page 167 undefi
ned on input line 4992.


LaTeX Warning: Reference `thm:presentationElem_graphLocalEquations_val' on page
 167 undefined on input line 4994.


LaTeX Warning: Reference `thm:graphPoint_mem_graphChart' on page 167 undefined 
on input line 4996.


LaTeX Warning: Reference `lem:isUnit_germ_graphChartEqn_of_ne' on page 167 unde
fined on input line 4997.

[167]

LaTeX Warning: Reference `thm:finrank_quotient_span_graphChartEqn' on page 168 
undefined on input line 5005.

) (./chapters/PicardEtale.tex [168]
Chapter 7.

LaTeX Warning: Reference `def:relPic' on page 169 undefined on input line 61.

[169

]

LaTeX Warning: Reference `def:relPic' on page 170 undefined on input line 98.


LaTeX Warning: Reference `def:relPicMap' on page 170 undefined on input line 98
.


LaTeX Warning: Reference `def:relPicAlgMap' on page 170 undefined on input line
 98.


LaTeX Warning: Reference `def:relPic' on page 170 undefined on input line 121.


LaTeX Warning: Reference `lem:relPicMapCurve' on page 170 undefined on input li
ne 121.


LaTeX Warning: Reference `lem:relPicMapCurveConstant' on page 170 undefined on 
input line 145.

[170]

LaTeX Warning: Reference `thm:cechPicMap_eq_one_of_factorization' on page 171 u
ndefined on input line 180.


LaTeX Warning: Reference `thm:hom_factors_fromSpecResidueField' on page 171 und
efined on input line 180.


LaTeX Warning: Reference `thm:hom_factors_fromSpecResidueField' on page 171 und
efined on input line 190.


LaTeX Warning: Reference `thm:cechPicMap_eq_one_of_factorization' on page 171 u
ndefined on input line 192.


LaTeX Warning: Reference `def:etale_cover' on page 171 undefined on input line 
219.


LaTeX Warning: Reference `def:etale_cover_of' on page 171 undefined on input li
ne 230.


LaTeX Warning: Reference `def:etale_cover_of' on page 171 undefined on input li
ne 232.


LaTeX Warning: Reference `def:etale_cover' on page 171 undefined on input line 
246.


LaTeX Warning: Reference `def:etale_cover_refines' on page 171 undefined on inp
ut line 257.

[171]

LaTeX Warning: Reference `def:etale_cover_of' on page 172 undefined on input li
ne 273.


LaTeX Warning: Reference `def:etale_cover_of' on page 172 undefined on input li
ne 279.


LaTeX Warning: Reference `def:etale_cover_prod' on page 172 undefined on input 
line 285.


LaTeX Warning: Reference `def:etale_cover_prod' on page 172 undefined on input 
line 290.


LaTeX Warning: Reference `def:etale_cover_prod_coproj' on page 172 undefined on
 input line 296.


LaTeX Warning: Reference `def:etale_cover_refines' on page 172 undefined on inp
ut line 296.


LaTeX Warning: Reference `def:etale_cover_prod_coproj' on page 172 undefined on
 input line 302.


LaTeX Warning: Reference `def:etale_cover_prod' on page 172 undefined on input 
line 309.


LaTeX Warning: Reference `def:etale_cover_prod' on page 172 undefined on input 
line 315.


LaTeX Warning: Reference `def:etale_cover_prodLift' on page 172 undefined on in
put line 321.


LaTeX Warning: Reference `def:etale_cover_prod_coproj' on page 172 undefined on
 input line 321.


LaTeX Warning: Reference `def:etale_cover_prodLift' on page 172 undefined on in
put line 323.


LaTeX Warning: Reference `def:etale_cover_refines' on page 172 undefined on inp
ut line 337.


LaTeX Warning: Reference `lem:etale_cover_prod_refines' on page 172 undefined o
n input line 344.


LaTeX Warning: Reference `lem:etale_cover_prod_refines' on page 172 undefined o
n input line 345.


LaTeX Warning: Reference `def:etale_cover_of' on page 172 undefined on input li
ne 351.


LaTeX Warning: Reference `def:etale_cover_of' on page 172 undefined on input li
ne 354.


LaTeX Warning: Reference `def:etale_cover_self' on page 172 undefined on input 
line 361.


LaTeX Warning: Reference `def:etale_cover_self' on page 172 undefined on input 
line 365.


LaTeX Warning: Reference `def:etale_cover_fromSelf' on page 172 undefined on in
put line 372.


LaTeX Warning: Reference `def:etale_cover_refines' on page 172 undefined on inp
ut line 372.


LaTeX Warning: Reference `def:etale_cover_fromSelf' on page 172 undefined on in
put line 378.


LaTeX Warning: Reference `def:etale_cover_of' on page 172 undefined on input li
ne 384.


LaTeX Warning: Reference `def:etale_cover_of' on page 172 undefined on input li
ne 390.


LaTeX Warning: Reference `def:etale_cover_baseChange' on page 172 undefined on 
input line 396.


LaTeX Warning: Reference `def:etale_cover_baseChange' on page 172 undefined on 
input line 400.

[172]

LaTeX Warning: Reference `def:etale_cover_baseChange' on page 173 undefined on 
input line 406.


LaTeX Warning: Reference `def:etale_cover_baseChange' on page 173 undefined on 
input line 411.


LaTeX Warning: Reference `def:etale_cover_baseChangeMap' on page 173 undefined 
on input line 417.


LaTeX Warning: Reference `def:etale_cover_baseChangeInclude' on page 173 undefi
ned on input line 417.


LaTeX Warning: Reference `def:etale_cover_baseChangeMap' on page 173 undefined 
on input line 419.


LaTeX Warning: Reference `def:etale_cover' on page 173 undefined on input line 
435.


LaTeX Warning: Reference `def:etale_cover' on page 173 undefined on input line 
449.


LaTeX Warning: Reference `lem:etale_cover_nontrivial_carrier' on page 173 undef
ined on input line 457.


LaTeX Warning: Reference `lem:etale_cover_nontrivial_carrier' on page 173 undef
ined on input line 460.


LaTeX Warning: Reference `def:etale_cover_of' on page 173 undefined on input li
ne 475.


LaTeX Warning: Reference `def:etale_cover_of' on page 173 undefined on input li
ne 479.


LaTeX Warning: Reference `def:overSpecMap' on page 173 undefined on input line 
499.

[173]

LaTeX Warning: Reference `def:overSpecMap' on page 174 undefined on input line 
516.


LaTeX Warning: Reference `def:relPicMap' on page 174 undefined on input line 51
6.


LaTeX Warning: Reference `def:relPicMap' on page 174 undefined on input line 52
0.


LaTeX Warning: Reference `def:overSpecMap' on page 174 undefined on input line 
521.


Overfull \hbox (25.82983pt too wide) in paragraph at lines 516--522
[]\TU/latinmodern-math.otf(1)/m/n/10 (𝐶, 𝐵)$\TU/lmr/m/n/10 : re-stric-tion
 of rel-a-tive Pi-card classes (Def-i-ni-tion []) along the mor-phism $[] \TU/l
atinmodern-math.otf(1)/m/n/10 𝑓 [] []  [] 𝐵 →
 []


LaTeX Warning: Reference `def:relPicAlgMap' on page 174 undefined on input line
 527.


LaTeX Warning: Reference `lem:overSpecMap_functor' on page 174 undefined on inp
ut line 527.


LaTeX Warning: Reference `lem:overSpecMap_functor' on page 174 undefined on inp
ut line 540.


LaTeX Warning: Reference `def:baseChange' on page 174 undefined on input line 5
50.


LaTeX Warning: Reference `def:relPic' on page 174 undefined on input line 553.


LaTeX Warning: Reference `def:crossBaseAffineIso' on page 174 undefined on inpu
t line 557.


LaTeX Warning: Reference `chap:Cohomology' on page 174 undefined on input line 
558.


LaTeX Warning: Reference `def:relPic' on page 174 undefined on input line 565.


LaTeX Warning: Reference `def:crossBaseAffineIso' on page 174 undefined on inpu
t line 565.


LaTeX Warning: Reference `lem:crossBaseAffineIso_snd' on page 174 undefined on 
input line 565.


LaTeX Warning: Reference `def:relPic' on page 174 undefined on input line 575.


LaTeX Warning: Reference `lem:crossBaseAffineIso_snd' on page 174 undefined on 
input line 584.


LaTeX Warning: Reference `def:relPic' on page 174 undefined on input line 595.


LaTeX Warning: Reference `lem:picFromBase_crossBaseAffineIso' on page 174 undef
ined on input line 595.


LaTeX Warning: Reference `def:crossBaseAffineIso' on page 174 undefined on inpu
t line 595.


LaTeX Warning: Reference `def:baseChange' on page 174 undefined on input line 5
95.


LaTeX Warning: Reference `def:relPic' on page 174 undefined on input line 598.

[174]

LaTeX Warning: Reference `lem:picFromBase_crossBaseAffineIso' on page 175 undef
ined on input line 613.


LaTeX Warning: Reference `def:relPic' on page 175 undefined on input line 617.


LaTeX Warning: Reference `def:relPicCrossBase' on page 175 undefined on input l
ine 625.


LaTeX Warning: Reference `def:relPic' on page 175 undefined on input line 625.


LaTeX Warning: Reference `def:relPicCrossBase' on page 175 undefined on input l
ine 627.


LaTeX Warning: Reference `def:relPic' on page 175 undefined on input line 635.


LaTeX Warning: Reference `def:relPicCrossBase' on page 175 undefined on input l
ine 652.


LaTeX Warning: Reference `def:relPicAlgMap' on page 175 undefined on input line
 652.


LaTeX Warning: Reference `thm:crossBaseAffineIso_naturality' on page 175 undefi
ned on input line 652.


LaTeX Warning: Reference `def:relPicMap' on page 175 undefined on input line 65
2.


LaTeX Warning: Reference `def:relPicAlgMap' on page 175 undefined on input line
 662.


Overfull \hbox (26.19753pt too wide) in paragraph at lines 660--665
\TU/lmr/m/it/10 where $\TU/latinmodern-math.otf(1)/m/n/10 𝑓[] ∶ [](𝐶, 
𝐴) → [](𝐶, 𝐵)$ \TU/lmr/m/it/10 is re-stric-tion along $[] \TU/latinm
odern-math.otf(1)/m/n/10 𝑓$ \TU/lmr/m/it/10 over $\TU/latinmodern-math.otf(1
)/m/n/10 𝑘$ \TU/lmr/m/it/10 ([]) and $\TU/latinmodern-math.otf(1)/m/n/10 
𝑓[] ∶ [][](𝐶[], 𝐴) →
 []


LaTeX Warning: Reference `def:relPic' on page 175 undefined on input line 669.


LaTeX Warning: Reference `def:relPicMap' on page 175 undefined on input line 67
0.


LaTeX Warning: Reference `def:relPicAlgMap' on page 175 undefined on input line
 670.


LaTeX Warning: Reference `def:relPicCrossBase' on page 175 undefined on input l
ine 671.


LaTeX Warning: Reference `thm:crossBaseAffineIso_naturality' on page 175 undefi
ned on input line 679.


LaTeX Warning: Reference `def:etale_cover' on page 175 undefined on input line 
687.


LaTeX Warning: Reference `def:etale_cover_prod' on page 175 undefined on input 
line 689.


LaTeX Warning: Reference `def:etale_cover' on page 175 undefined on input line 
696.


LaTeX Warning: Reference `def:doubleInl_doubleInr' on page 175 undefined on inp
ut line 707.


LaTeX Warning: Reference `def:relPicAlgMap' on page 175 undefined on input line
 707.


LaTeX Warning: Reference `def:doubleInl_doubleInr' on page 175 undefined on inp
ut line 713.

[175]

LaTeX Warning: Reference `def:relPicAlgMap' on page 176 undefined on input line
 721.


LaTeX Warning: Reference `def:descentClasses' on page 176 undefined on input li
ne 727.


LaTeX Warning: Reference `lem:relPicAlgMap_functor' on page 176 undefined on in
put line 735.


LaTeX Warning: Reference `lem:relPicAlgMap_functor' on page 176 undefined on in
put line 740.


LaTeX Warning: Reference `lem:relPicAlgMap_mem_descentClasses' on page 176 unde
fined on input line 752.


LaTeX Warning: Reference `lem:relPicAlgMap_mem_descentClasses' on page 176 unde
fined on input line 757.


LaTeX Warning: Reference `def:descentMap' on page 176 undefined on input line 7
63.


LaTeX Warning: Reference `lem:relPicAlgMap_functor' on page 176 undefined on in
put line 770.


LaTeX Warning: Reference `lem:relPicAlgMap_functor' on page 176 undefined on in
put line 771.


LaTeX Warning: Reference `def:descentMap' on page 176 undefined on input line 7
77.


LaTeX Warning: Reference `lem:relPicAlgMap_functor' on page 176 undefined on in
put line 786.


LaTeX Warning: Reference `lem:relPicAlgMap_functor' on page 176 undefined on in
put line 787.


LaTeX Warning: Reference `def:descentClasses' on page 176 undefined on input li
ne 794.


LaTeX Warning: Reference `lem:relPicAlgMap_functor' on page 176 undefined on in
put line 804.


LaTeX Warning: Reference `lem:relPicAlgMap_functor' on page 176 undefined on in
put line 810.


LaTeX Warning: Reference `thm:relPicAlgMap_congr' on page 176 undefined on inpu
t line 822.


LaTeX Warning: Reference `def:descentMap' on page 176 undefined on input line 8
22.


LaTeX Warning: Reference `thm:relPicAlgMap_congr' on page 176 undefined on inpu
t line 831.


LaTeX Warning: Reference `thm:descentMap_congr' on page 176 undefined on input 
line 841.


LaTeX Warning: Reference `def:etale_cover_prod' on page 176 undefined on input 
line 841.


LaTeX Warning: Reference `def:etale_cover_prod_coproj' on page 176 undefined on
 input line 841.

[176]

LaTeX Warning: Reference `lem:descentMap_comp' on page 177 undefined on input l
ine 851.


LaTeX Warning: Reference `lem:descentMap_comp' on page 177 undefined on input l
ine 861.


LaTeX Warning: Reference `thm:descentMap_congr' on page 177 undefined on input 
line 862.


LaTeX Warning: Reference `def:picEtAffSetoid' on page 177 undefined on input li
ne 879.


LaTeX Warning: Reference `def:picEtAffSetoid' on page 177 undefined on input li
ne 882.


LaTeX Warning: Reference `def:PicEtAff' on page 177 undefined on input line 892
.


LaTeX Warning: Reference `def:PicEtAff_mk' on page 177 undefined on input line 
901.


LaTeX Warning: Reference `def:PicEtAff_mk' on page 177 undefined on input line 
915.


LaTeX Warning: Reference `def:picEtAffSetoid' on page 177 undefined on input li
ne 915.


LaTeX Warning: Reference `def:picEtAffSetoid' on page 177 undefined on input li
ne 923.


LaTeX Warning: Reference `thm:PicEtAff_mk_eq_mk_iff' on page 177 undefined on i
nput line 930.


LaTeX Warning: Reference `def:descentMap' on page 177 undefined on input line 9
30.


LaTeX Warning: Reference `lem:descentMap_id' on page 177 undefined on input lin
e 938.


LaTeX Warning: Reference `thm:PicEtAff_mk_eq_mk_iff' on page 177 undefined on i
nput line 939.


LaTeX Warning: Reference `lem:descentMap_id' on page 177 undefined on input lin
e 940.


LaTeX Warning: Reference `lem:etale_cover_prodLift_comp' on page 177 undefined 
on input line 949.


LaTeX Warning: Reference `lem:descentMap_comp' on page 177 undefined on input l
ine 949.


LaTeX Warning: Reference `def:etale_cover_prodLift' on page 177 undefined on in
put line 954.


LaTeX Warning: Reference `lem:descentMap_comp' on page 177 undefined on input l
ine 963.


LaTeX Warning: Reference `lem:etale_cover_prodLift_comp' on page 177 undefined 
on input line 966.

[177]

LaTeX Warning: Reference `lem:PicEtAff_descentMap_prodLift' on page 178 undefin
ed on input line 974.


LaTeX Warning: Reference `thm:PicEtAff_mk_eq_mk_iff' on page 178 undefined on i
nput line 974.


LaTeX Warning: Reference `thm:descentMap_congr' on page 178 undefined on input 
line 974.


LaTeX Warning: Reference `def:etale_cover_prod_coproj' on page 178 undefined on
 input line 974.


LaTeX Warning: Reference `def:etale_cover_prodLift' on page 178 undefined on in
put line 995.


LaTeX Warning: Reference `def:descentMap' on page 178 undefined on input line 9
96.


LaTeX Warning: Reference `lem:PicEtAff_descentMap_prodLift' on page 178 undefin
ed on input line 998.


LaTeX Warning: Reference `thm:PicEtAff_mk_eq_mk_iff' on page 178 undefined on i
nput line 1004.


LaTeX Warning: Reference `thm:PicEtAff_mk_mul_mk' on page 178 undefined on inpu
t line 1011.


LaTeX Warning: Reference `thm:descentMap_congr' on page 178 undefined on input 
line 1011.


LaTeX Warning: Reference `lem:PicEtAff_mk_descentMap' on page 178 undefined on 
input line 1011.


LaTeX Warning: Reference `thm:PicEtAff_mk_mul_mk' on page 178 undefined on inpu
t line 1018.


LaTeX Warning: Reference `thm:descentMap_congr' on page 178 undefined on input 
line 1020.


LaTeX Warning: Reference `lem:PicEtAff_mk_descentMap' on page 178 undefined on 
input line 1025.


LaTeX Warning: Reference `def:etale_cover_self' on page 178 undefined on input 
line 1031.


LaTeX Warning: Reference `def:PicEtAff_mk' on page 178 undefined on input line 
1031.


LaTeX Warning: Reference `def:PicEtAff_one' on page 178 undefined on input line
 1040.


LaTeX Warning: Reference `def:etale_cover_fromSelf' on page 178 undefined on in
put line 1040.


LaTeX Warning: Reference `thm:PicEtAff_mk_eq_mk_iff' on page 178 undefined on i
nput line 1040.


LaTeX Warning: Reference `thm:PicEtAff_mk_eq_mk_iff' on page 178 undefined on i
nput line 1046.


LaTeX Warning: Reference `def:etale_cover_fromSelf' on page 178 undefined on in
put line 1047.


LaTeX Warning: Reference `def:PicEtAff_mk' on page 178 undefined on input line 
1055.


LaTeX Warning: Reference `def:picEtAffSetoid' on page 178 undefined on input li
ne 1055.


LaTeX Warning: Reference `thm:PicEtAff_mk_mul_mk_same' on page 178 undefined on
 input line 1069.


LaTeX Warning: Reference `thm:PicEtAff_mk_one' on page 178 undefined on input l
ine 1069.


LaTeX Warning: Reference `def:PicEtAff_inv' on page 178 undefined on input line
 1069.


LaTeX Warning: Reference `lem:PicEtAff_ind' on page 178 undefined on input line
 1069.


LaTeX Warning: Reference `lem:PicEtAff_mk_descentMap' on page 178 undefined on 
input line 1069.


LaTeX Warning: Reference `def:etale_cover_prod_coproj' on page 178 undefined on
 input line 1069.


LaTeX Warning: Reference `thm:PicEtAff_mk_mul_mk' on page 178 undefined on inpu
t line 1071.


LaTeX Warning: Reference `def:PicEtAff_one' on page 178 undefined on input line
 1072.


LaTeX Warning: Reference `def:PicEtAff_inv' on page 178 undefined on input line
 1072.


LaTeX Warning: Reference `lem:PicEtAff_ind' on page 178 undefined on input line
 1077.


LaTeX Warning: Reference `lem:PicEtAff_mk_descentMap' on page 178 undefined on 
input line 1079.


LaTeX Warning: Reference `thm:PicEtAff_mk_mul_mk_same' on page 178 undefined on
 input line 1081.

[178]

LaTeX Warning: Reference `lem:PicEtAff_mk_descentMap' on page 179 undefined on 
input line 1088.


LaTeX Warning: Reference `thm:PicEtAff_mk_mul_mk_same' on page 179 undefined on
 input line 1090.


LaTeX Warning: Reference `lem:PicEtAff_mk_descentMap' on page 179 undefined on 
input line 1098.


LaTeX Warning: Reference `thm:PicEtAff_mk_mul_mk_same' on page 179 undefined on
 input line 1101.


LaTeX Warning: Reference `thm:PicEtAff_mk_one' on page 179 undefined on input l
ine 1102.


LaTeX Warning: Reference `lem:PicEtAff_mk_descentMap' on page 179 undefined on 
input line 1106.


LaTeX Warning: Reference `thm:PicEtAff_mk_mul_mk_same' on page 179 undefined on
 input line 1107.


LaTeX Warning: Reference `def:descentClasses' on page 179 undefined on input li
ne 1117.


LaTeX Warning: Reference `def:doubleInl_doubleInr' on page 179 undefined on inp
ut line 1117.


LaTeX Warning: Reference `lem:relPicAlgMap_functor' on page 179 undefined on in
put line 1129.


LaTeX Warning: Reference `lem:PicEtAff_tautological_mem_descentClasses' on page
 179 undefined on input line 1138.


LaTeX Warning: Reference `def:etale_cover_self' on page 179 undefined on input 
line 1138.


LaTeX Warning: Reference `thm:PicEtAff_mk_one' on page 179 undefined on input l
ine 1138.


LaTeX Warning: Reference `thm:PicEtAff_mk_mul_mk_same' on page 179 undefined on
 input line 1138.


LaTeX Warning: Reference `lem:PicEtAff_tautological_mem_descentClasses' on page
 179 undefined on input line 1144.


Overfull \hbox (23.58464pt too wide) in paragraph at lines 1138--1145
[][]\TU/lmr/bx/n/10 Def-i-ni-tion 740 \TU/lmr/m/n/10 (The unit of the plus con-s
truc-tion)\TU/lmr/bx/n/10 . [][][][][]\TU/lmr/m/n/10 The ho-mo-mor-phism of grou
ps $\TU/latinmodern-math.otf(1)/m/n/10 𝜂[] [] [] [](𝐶, 𝐴) →
 []


LaTeX Warning: Reference `thm:PicEtAff_mk_one' on page 179 undefined on input l
ine 1151.


LaTeX Warning: Reference `thm:PicEtAff_mk_mul_mk_same' on page 179 undefined on
 input line 1155.


LaTeX Warning: Reference `def:etale_cover_baseChange' on page 179 undefined on 
input line 1165.


LaTeX Warning: Reference `def:etale_cover_baseChangeInclude' on page 179 undefi
ned on input line 1167.


LaTeX Warning: Reference `def:etale_cover_baseChangeInclude' on page 179 undefi
ned on input line 1172.


LaTeX Warning: Reference `thm:relPicAlgMap_congr' on page 179 undefined on inpu
t line 1172.


LaTeX Warning: Reference `def:descentClasses' on page 179 undefined on input li
ne 1172.


LaTeX Warning: Reference `def:doubleInl_doubleInr' on page 179 undefined on inp
ut line 1180.


LaTeX Warning: Reference `thm:relPicAlgMap_congr' on page 179 undefined on inpu
t line 1185.

[179]

LaTeX Warning: Reference `lem:baseChangeInclude_mem_descentClasses' on page 180
 undefined on input line 1196.


LaTeX Warning: Reference `def:descentBaseChange' on page 180 undefined on input
 line 1206.


LaTeX Warning: Reference `lem:etale_cover_baseChangeMap_comp_baseChangeInclude'
 on page 180 undefined on input line 1206.


LaTeX Warning: Reference `def:descentMap' on page 180 undefined on input line 1
206.


LaTeX Warning: Reference `def:etale_cover_baseChangeMap' on page 180 undefined 
on input line 1215.


LaTeX Warning: Reference `lem:etale_cover_baseChangeMap_comp_baseChangeInclude'
 on page 180 undefined on input line 1219.


LaTeX Warning: Reference `def:descentBaseChange' on page 180 undefined on input
 line 1229.


LaTeX Warning: Reference `lem:descentMap_baseChangeMap' on page 180 undefined o
n input line 1229.


LaTeX Warning: Reference `thm:PicEtAff_mk_mul_mk' on page 180 undefined on inpu
t line 1229.


LaTeX Warning: Reference `thm:descentMap_congr' on page 180 undefined on input 
line 1229.


Overfull \hbox (39.84164pt too wide) in paragraph at lines 1229--1233
[][]\TU/lmr/bx/n/10 Def-i-ni-tion 744 \TU/lmr/m/n/10 (Re-stric-tion along a base
 ex-ten-sion)\TU/lmr/bx/n/10 . [][][][][]\TU/lmr/m/n/10 The ho-mo-mor-phism of 
groups $\TU/latinmodern-math.otf(1)/m/n/10 𝜏[] [] [] [](𝐶, 𝐴) →
 []


LaTeX Warning: Reference `lem:descentMap_baseChangeMap' on page 180 undefined o
n input line 1239.


LaTeX Warning: Reference `lem:PicEtAff_mk_descentMap' on page 180 undefined on 
input line 1244.


LaTeX Warning: Reference `thm:PicEtAff_mk_mul_mk_same' on page 180 undefined on
 input line 1248.


LaTeX Warning: Reference `thm:PicEtAff_mk_mul_mk' on page 180 undefined on inpu
t line 1254.


LaTeX Warning: Reference `def:PicEtAff_map' on page 180 undefined on input line
 1263.


LaTeX Warning: Reference `def:PicEtAff_unit' on page 180 undefined on input lin
e 1263.


LaTeX Warning: Reference `def:relPicAlgMap' on page 180 undefined on input line
 1268.


Overfull \hbox (28.52441pt too wide) in paragraph at lines 1263--1269
[][]\TU/lmr/bx/n/10 The-o-rem 745 \TU/lmr/m/n/10 (Nat-u-ral-ity of the unit)\TU
/lmr/bx/n/10 . [][][]\TU/lmr/m/it/10 For $\TU/latinmodern-math.otf(1)/m/n/10 
𝑥 ∈ [](𝐶, 𝐴)$\TU/lmr/m/it/10 , $\TU/latinmodern-math.otf(1)/m/n/10 
𝜏[](𝜂[](𝑥)) = 𝜂[](𝜏[]𝑥)$ \TU/lmr/m/it/10 in $[]\TU/latinmoder
n-math.otf(1)/m/n/10 (𝐶, 𝐴[])$\TU/lmr/m/it/10 ,
 []


LaTeX Warning: Reference `lem:PicEtAff_mk_descentMap' on page 180 undefined on 
input line 1272.


LaTeX Warning: Reference `lem:PicEtAff_tautological_mem_descentClasses' on page
 180 undefined on input line 1272.


LaTeX Warning: Reference `def:etale_cover_fromSelf' on page 180 undefined on in
put line 1274.


LaTeX Warning: Reference `lem:relPicAlgMap_functor' on page 180 undefined on in
put line 1283.


LaTeX Warning: Reference `def:PicEtAff_map' on page 180 undefined on input line
 1291.


LaTeX Warning: Reference `lem:PicEtAff_mk_descentMap' on page 180 undefined on 
input line 1294.


Overfull \hbox (31.62961pt too wide) in paragraph at lines 1288--1296
\TU/lmr/m/n/10 re-sen-ta-tive $\TU/latinmodern-math.otf(1)/m/n/10 [[](𝐴), 
𝜄[]𝑥]$ \TU/lmr/m/n/10 of $\TU/latinmodern-math.otf(1)/m/n/10 𝜂[](𝑥)$\TU/lmr/m/n/10 ). By the dis-played equal-ity this equals $\TU/latinmodern-math.otf(1)/m/n/10 [[](
𝐴)[], 𝜎[](𝜄[](𝜏[]𝑥))]$\TU/lmr/m/n/10 ,
 []


LaTeX Warning: Reference `def:PicEtAff_map' on page 180 undefined on input line
 1301.

[180]

LaTeX Warning: Reference `lem:PicEtAff_mk_descentMap' on page 181 undefined on 
input line 1308.


LaTeX Warning: Reference `def:descentMap' on page 181 undefined on input line 1
312.


LaTeX Warning: Reference `lem:PicEtAff_mk_descentMap' on page 181 undefined on 
input line 1314.


LaTeX Warning: Reference `def:PicEtAff_map' on page 181 undefined on input line
 1321.


LaTeX Warning: Reference `thm:relPicAlgMap_congr' on page 181 undefined on inpu
t line 1321.


LaTeX Warning: Reference `thm:PicEtAff_mk_eq_mk_iff' on page 181 undefined on i
nput line 1321.


LaTeX Warning: Reference `def:etale_cover_prod_coproj' on page 181 undefined on
 input line 1338.


LaTeX Warning: Reference `thm:relPicAlgMap_congr' on page 181 undefined on inpu
t line 1339.


LaTeX Warning: Reference `thm:PicEtAff_mk_eq_mk_iff' on page 181 undefined on i
nput line 1343.


LaTeX Warning: Reference `def:relPicTransportFamily' on page 181 undefined on i
nput line 1386.


LaTeX Warning: Reference `def:relPic' on page 181 undefined on input line 1386.


[181]

LaTeX Warning: Reference `def:relPicTransport' on page 182 undefined on input l
ine 1405.


LaTeX Warning: Reference `def:relPicAlgMap' on page 182 undefined on input line
 1405.


LaTeX Warning: Reference `def:relPicTransport' on page 182 undefined on input l
ine 1425.


LaTeX Warning: Reference `def:descentClasses' on page 182 undefined on input li
ne 1444.


LaTeX Warning: Reference `def:descentMap' on page 182 undefined on input line 1
444.


LaTeX Warning: Reference `lem:relPicTransport_naturality' on page 182 undefined
 on input line 1444.


LaTeX Warning: Reference `lem:relPicTransport_naturality' on page 182 undefined
 on input line 1458.


LaTeX Warning: Reference `lem:relPicTransport_naturality' on page 182 undefined
 on input line 1462.


LaTeX Warning: Reference `def:PicEtAff' on page 182 undefined on input line 147
0.


LaTeX Warning: Reference `def:PicEtAff_mk' on page 182 undefined on input line 
1470.


LaTeX Warning: Reference `thm:PicEtAff_mk_eq_mk_iff' on page 182 undefined on i
nput line 1470.


LaTeX Warning: Reference `thm:PicEtAff_mk_mul_mk' on page 182 undefined on inpu
t line 1470.


LaTeX Warning: Reference `lem:relPicTransport_descent' on page 182 undefined on
 input line 1470.


LaTeX Warning: Reference `lem:relPicTransport_descent' on page 182 undefined on
 input line 1483.


LaTeX Warning: Reference `thm:PicEtAff_mk_mul_mk' on page 182 undefined on inpu
t line 1490.


LaTeX Warning: Reference `lem:relPicTransport_descent' on page 182 undefined on
 input line 1492.


LaTeX Warning: Reference `thm:PicEtAff_mk_mul_mk' on page 182 undefined on inpu
t line 1494.


LaTeX Warning: Reference `def:PicEtAffTransport' on page 182 undefined on input
 line 1500.


LaTeX Warning: Reference `def:PicEtAff_unit' on page 182 undefined on input lin
e 1500.


Overfull \hbox (10.00438pt too wide) in paragraph at lines 1500--1504
[][]\TU/lmr/bx/n/10 The-o-rem 754 \TU/lmr/m/n/10 (The trans-port is com-pat-i-bl
e with the unit)\TU/lmr/bx/n/10 . [][][]\TU/lmr/m/it/10 For $\TU/latinmodern-ma
th.otf(1)/m/n/10 𝑥 ∈ [](𝐸, [] 𝐴)$\TU/lmr/m/it/10 , $\TU/latinmodern-
math.otf(1)/m/n/10 ℎ[](𝜂[](𝑥)) =
 []


LaTeX Warning: Reference `lem:relPicTransport_naturality' on page 182 undefined
 on input line 1507.


LaTeX Warning: Reference `lem:relPicTransport_naturality' on page 182 undefined
 on input line 1511.


LaTeX Warning: Reference `def:PicEtAffTransport' on page 182 undefined on input
 line 1519.


LaTeX Warning: Reference `def:PicEtAff_map' on page 182 undefined on input line
 1519.

[182]

LaTeX Warning: Reference `lem:relPicTransport_naturality' on page 183 undefined
 on input line 1527.


LaTeX Warning: Reference `lem:relPicTransport_descent' on page 183 undefined on
 input line 1527.


LaTeX Warning: Reference `lem:relPicTransport_naturality' on page 183 undefined
 on input line 1533.


LaTeX Warning: Reference `def:PicEtAffTransport' on page 183 undefined on input
 line 1539.


LaTeX Warning: Reference `lem:relPicTransport_inverse' on page 183 undefined on
 input line 1539.


LaTeX Warning: Reference `lem:relPicTransport_inverse' on page 183 undefined on
 input line 1550.


LaTeX Warning: Reference `def:relPicTransportFamily' on page 183 undefined on i
nput line 1568.


LaTeX Warning: Reference `def:PicEtAffTransport' on page 183 undefined on input
 line 1568.


LaTeX Warning: Reference `lem:relPicMapCurve' on page 183 undefined on input li
ne 1568.


LaTeX Warning: Reference `def:relPicTransportFamily' on page 183 undefined on i
nput line 1572.


LaTeX Warning: Reference `lem:relPicMapCurve' on page 183 undefined on input li
ne 1574.


LaTeX Warning: Reference `def:PicEtAff_curveMap' on page 183 undefined on input
 line 1598.


LaTeX Warning: Reference `def:PicEtAff_unit' on page 183 undefined on input lin
e 1598.


LaTeX Warning: Reference `def:PicEtAff_map' on page 183 undefined on input line
 1598.


LaTeX Warning: Reference `lem:relPicMapCurve' on page 183 undefined on input li
ne 1608.


LaTeX Warning: Reference `thm:PicEtAffTransport_unit' on page 183 undefined on 
input line 1608.


LaTeX Warning: Reference `thm:PicEtAffTransport_map' on page 183 undefined on i
nput line 1608.


LaTeX Warning: Reference `lem:relPicMapCurve' on page 183 undefined on input li
ne 1610.


LaTeX Warning: Reference `thm:PicEtAffTransport_unit' on page 183 undefined on 
input line 1611.


LaTeX Warning: Reference `thm:PicEtAffTransport_map' on page 183 undefined on i
nput line 1612.


LaTeX Warning: Reference `def:baseChange' on page 183 undefined on input line 1
620.


LaTeX Warning: Reference `def:etale_cover' on page 183 undefined on input line 
1622.


LaTeX Warning: Reference `def:crossBaseAffineIso' on page 183 undefined on inpu
t line 1627.


LaTeX Warning: Reference `chap:Cohomology' on page 183 undefined on input line 
1627.


LaTeX Warning: Reference `def:relPicTransportFamily' on page 183 undefined on i
nput line 1628.

[183]

LaTeX Warning: Reference `def:relPicTransportFamily' on page 184 undefined on i
nput line 1644.


LaTeX Warning: Reference `def:PicEtAffTransport' on page 184 undefined on input
 line 1644.


LaTeX Warning: Reference `thm:PicEtAffTransport_inverse' on page 184 undefined 
on input line 1644.


LaTeX Warning: Reference `def:crossBaseAffineIso' on page 184 undefined on inpu
t line 1644.


LaTeX Warning: Reference `def:baseChange' on page 184 undefined on input line 1
644.


LaTeX Warning: Reference `def:relPicTransportFamily' on page 184 undefined on i
nput line 1647.


LaTeX Warning: Reference `def:PicEtAffTransport' on page 184 undefined on input
 line 1650.


Overfull \hbox (0.673pt too wide) in paragraph at lines 1656--1659
\TU/lmr/m/n/10 trans-port-ing each descent-class rep-re-sen-ta-tive on its own 
cover; its in-verse is $\TU/latinmodern-math.otf(1)/m/n/10 [𝐹, 𝜇] ↦ [
𝐹, (𝑐[])[]𝜇]$\TU/lmr/m/n/10 . 
 []


LaTeX Warning: Reference `lem:crossBaseAffineIso_snd' on page 184 undefined on 
input line 1662.


LaTeX Warning: Reference `thm:crossBaseAffineIso_naturality' on page 184 undefi
ned on input line 1662.


LaTeX Warning: Reference `lem:crossBaseAffineIso_snd' on page 184 undefined on 
input line 1665.


LaTeX Warning: Reference `thm:crossBaseAffineIso_naturality' on page 184 undefi
ned on input line 1668.


LaTeX Warning: Reference `thm:PicEtAffTransport_inverse' on page 184 undefined 
on input line 1671.


LaTeX Warning: Reference `def:PicEtAff_baseFieldShuffle' on page 184 undefined 
on input line 1680.


LaTeX Warning: Reference `def:relPicCrossBase' on page 184 undefined on input l
ine 1680.


LaTeX Warning: Reference `def:relPicTransport' on page 184 undefined on input l
ine 1680.


LaTeX Warning: Reference `def:PicEtAff_baseFieldShuffle' on page 184 undefined 
on input line 1683.


LaTeX Warning: Reference `def:relPicCrossBase' on page 184 undefined on input l
ine 1685.


LaTeX Warning: Reference `def:relPicTransport' on page 184 undefined on input l
ine 1699.


LaTeX Warning: Reference `def:relPicCrossBase' on page 184 undefined on input l
ine 1700.


LaTeX Warning: Reference `def:PicEtAff_baseFieldShuffle' on page 184 undefined 
on input line 1715.


LaTeX Warning: Reference `def:PicEtAff_unit' on page 184 undefined on input lin
e 1715.


LaTeX Warning: Reference `def:PicEtAff_map' on page 184 undefined on input line
 1715.


LaTeX Warning: Reference `thm:PicEtAff_baseFieldShuffle_relPic' on page 184 und
efined on input line 1715.


LaTeX Warning: Reference `thm:PicEtAffTransport_unit' on page 184 undefined on 
input line 1736.


LaTeX Warning: Reference `thm:PicEtAffTransport_map' on page 184 undefined on i
nput line 1736.


LaTeX Warning: Reference `thm:relPicCrossBase_relPicAlgMap' on page 184 undefin
ed on input line 1736.


LaTeX Warning: Reference `def:PicEtAff_baseFieldShuffle' on page 184 undefined 
on input line 1739.


LaTeX Warning: Reference `thm:PicEtAffTransport_unit' on page 184 undefined on 
input line 1741.


LaTeX Warning: Reference `thm:PicEtAff_baseFieldShuffle_relPic' on page 184 und
efined on input line 1743.


LaTeX Warning: Reference `thm:PicEtAffTransport_map' on page 184 undefined on i
nput line 1744.


LaTeX Warning: Reference `thm:relPicCrossBase_relPicAlgMap' on page 184 undefin
ed on input line 1747.

[184]

LaTeX Warning: Reference `lem:units_separation' on page 185 undefined on input 
line 1802.


LaTeX Warning: Reference `lem:units_separation' on page 185 undefined on input 
line 1832.


LaTeX Warning: Reference `lem:units_gluing' on page 185 undefined on input line
 1832.


LaTeX Warning: Reference `lem:unitsRestrict_trans' on page 185 undefined on inp
ut line 1832.


LaTeX Warning: Reference `lem:units_gluing' on page 185 undefined on input line
 1846.

[185]

LaTeX Warning: Reference `lem:units_separation' on page 186 undefined on input 
line 1855.


LaTeX Warning: Reference `thm:unitsRes_injective' on page 186 undefined on inpu
t line 1868.


LaTeX Warning: Reference `thm:unitsRes_injective' on page 186 undefined on inpu
t line 1871.


LaTeX Warning: Reference `cor:cechPic_mk_eq_one' on page 186 undefined on input
 line 1883.


LaTeX Warning: Reference `cor:cechPic_mk_eq_one' on page 186 undefined on input
 line 1885.


LaTeX Warning: Reference `lem:flat_of_field' on page 186 undefined on input lin
e 1925.


LaTeX Warning: Reference `cor:curve_sections' on page 186 undefined on input li
ne 1925.


LaTeX Warning: Reference `lem:flat_of_field' on page 186 undefined on input lin
e 1929.


LaTeX Warning: Reference `cor:curve_sections' on page 186 undefined on input li
ne 1938.


Overfull \hbox (0.91974pt too wide) in paragraph at lines 1946--1949
[][]\TU/lmr/bx/n/10 Corol-lary 771 \TU/lmr/m/n/10 (Sec-tions pull back in-jec-ti
vely over ev-ery open)\TU/lmr/bx/n/10 . []\TU/lmr/m/it/10 Let $\TU/latinmodern-
math.otf(1)/m/n/10 𝑇$ \TU/lmr/m/it/10 be an ob-ject of $[]\TU/latinmodern-ma
th.otf(1)/m/n/10 ([] 𝑘)$
 []


LaTeX Warning: Reference `thm:isIso_appLE_snd' on page 186 undefined on input l
ine 1952.


LaTeX Warning: Reference `thm:isIso_appLE_snd' on page 186 undefined on input l
ine 1955.

[186]

LaTeX Warning: Reference `thm:isIso_appLE_snd' on page 187 undefined on input l
ine 1970.


LaTeX Warning: Reference `cor:appLE_snd_injective' on page 187 undefined on inp
ut line 1970.


LaTeX Warning: Reference `cor:appLE_snd_injective' on page 187 undefined on inp
ut line 1972.


LaTeX Warning: Reference `thm:isIso_appLE_snd' on page 187 undefined on input l
ine 1974.


LaTeX Warning: Reference `cor:cechPic_mk_eq_one' on page 187 undefined on input
 line 2006.


LaTeX Warning: Reference `lem:pointedCover_affine_refinement' on page 187 undef
ined on input line 2006.


LaTeX Warning: Reference `thm:unitsRes_injective' on page 187 undefined on inpu
t line 2006.


LaTeX Warning: Reference `cor:appLE_snd_injective' on page 187 undefined on inp
ut line 2006.


LaTeX Warning: Reference `cor:unitsAppLE_snd_bijective' on page 187 undefined o
n input line 2006.


LaTeX Warning: Reference `lem:surjective_snd' on page 187 undefined on input li
ne 2006.


LaTeX Warning: Reference `lem:unitsRestrict_trans' on page 187 undefined on inp
ut line 2006.


LaTeX Warning: Reference `lem:pointedCover_affine_refinement' on page 187 undef
ined on input line 2008.


LaTeX Warning: Reference `cor:cechPic_mk_eq_one' on page 187 undefined on input
 line 2014.


LaTeX Warning: Reference `lem:surjective_snd' on page 187 undefined on input li
ne 2020.


LaTeX Warning: Reference `cor:unitsAppLE_snd_bijective' on page 187 undefined o
n input line 2025.


LaTeX Warning: Reference `cor:appLE_snd_injective' on page 187 undefined on inp
ut line 2027.

[187]

LaTeX Warning: Reference `thm:invertible_span_free' on page 188 undefined on in
put line 2081.


LaTeX Warning: Reference `thm:invertible_span_free' on page 188 undefined on in
put line 2094.


LaTeX Warning: Reference `lem:trivializingFamily_nonempty' on page 188 undefine
d on input line 2104.


LaTeX Warning: Reference `lem:trivializingFamily_nonempty' on page 188 undefine
d on input line 2107.


LaTeX Warning: Reference `def:trivializingFamily_cocycle' on page 188 undefined
 on input line 2138.


LaTeX Warning: Reference `def:trivializingFamily_cocycle' on page 188 undefined
 on input line 2140.

[188]

LaTeX Warning: Reference `def:cechPic_toPic' on page 189 undefined on input lin
e 2193.


LaTeX Warning: Reference `cor:cechPic_mk_eq_one' on page 189 undefined on input
 line 2193.


LaTeX Warning: Reference `def:cechPic_toPic' on page 189 undefined on input lin
e 2196.


LaTeX Warning: Reference `def:cechPic_toPic' on page 189 undefined on input lin
e 2203.


LaTeX Warning: Reference `cor:cechPic_mk_eq_one' on page 189 undefined on input
 line 2210.


LaTeX Warning: Reference `def:cechPic_toPic' on page 189 undefined on input lin
e 2216.


LaTeX Warning: Reference `lem:trivializingFamily_nonempty' on page 189 undefine
d on input line 2216.


LaTeX Warning: Reference `thm:trivializingFamily_pic_cocycle' on page 189 undef
ined on input line 2216.


LaTeX Warning: Reference `lem:trivializingFamily_nonempty' on page 189 undefine
d on input line 2224.


LaTeX Warning: Reference `def:trivializingFamily_cocycle' on page 189 undefined
 on input line 2226.


LaTeX Warning: Reference `thm:trivializingFamily_pic_cocycle' on page 189 undef
ined on input line 2228.


LaTeX Warning: Reference `thm:cechPic_toPic_injective' on page 189 undefined on
 input line 2235.


LaTeX Warning: Reference `thm:cechPic_toPic_surjective' on page 189 undefined o
n input line 2235.


LaTeX Warning: Reference `def:cechPic_toPic' on page 189 undefined on input lin
e 2238.


LaTeX Warning: Reference `thm:cechPic_toPic_injective' on page 189 undefined on
 input line 2248.


LaTeX Warning: Reference `thm:cechPic_toPic_surjective' on page 189 undefined o
n input line 2249.

[189]

LaTeX Warning: Reference `def:module_descent_cocycle' on page 190 undefined on 
input line 2294.


LaTeX Warning: Reference `def:module_descended' on page 190 undefined on input 
line 2310.


LaTeX Warning: Reference `def:module_descended' on page 190 undefined on input 
line 2321.

[190]
Overfull \hbox (16.23114pt too wide) detected at line 2345
\TU/latinmodern-math.otf(1)/m/n/10 𝐵 ⊗[] (𝐵 ⊗[] 𝐵)  ⟶  (𝐴[] 
⊗[] 𝐵) ⊗[] [](𝐴[] ⊗[] 𝐵) ⊗[] (𝐴[] ⊗[] 𝐵)[],  𝑥 ⊗ 
(𝑦 ⊗ 𝑧) ↦ (1 ⊗ 𝑥) ⊗ [](1 ⊗ 𝑦) ⊗ (1 ⊗ 𝑧)[].
 []


LaTeX Warning: Reference `def:module_descent_cocycle' on page 191 undefined on 
input line 2351.


LaTeX Warning: Reference `def:module_tensorSqBaseChange' on page 191 undefined 
on input line 2351.


LaTeX Warning: Reference `def:module_tensorSqBaseChange' on page 191 undefined 
on input line 2355.


LaTeX Warning: Reference `def:module_tensorSqBaseChange' on page 191 undefined 
on input line 2362.


Overfull \hbox (1.39171pt too wide) detected at line 2375
\TU/latinmodern-math.otf(1)/m/n/10 𝜕[](𝜑(𝑥 ⊗ 𝑦)) = 𝜓(𝜕[](
𝑥 ⊗ 𝑦)),  𝜕[](𝜑(𝑥 ⊗ 𝑦)) = 𝜓(𝜕[](𝑥 ⊗ 𝑦)),  
𝜕[](𝜑(𝑥 ⊗ 𝑦)) = 𝜓(𝜕[](𝑥 ⊗ 𝑦)),
 []


LaTeX Warning: Reference `thm:module_descentCocycle_baseChange' on page 191 und
efined on input line 2395.


LaTeX Warning: Reference `def:module_descended' on page 191 undefined on input 
line 2395.


LaTeX Warning: Reference `thm:module_descentCocycle_baseChange' on page 191 und
efined on input line 2400.


LaTeX Warning: Reference `def:module_descended' on page 191 undefined on input 
line 2411.

[191]

LaTeX Warning: Reference `thm:module_descendedBaseChangeEquiv' on page 192 unde
fined on input line 2436.


LaTeX Warning: Reference `def:module_picClass' on page 192 undefined on input l
ine 2436.


LaTeX Warning: Reference `thm:module_descentCocycle_baseChange' on page 192 und
efined on input line 2442.


LaTeX Warning: Reference `thm:module_descendedBaseChangeEquiv' on page 192 unde
fined on input line 2453.


LaTeX Warning: Reference `def:awayCover_baseChangeMaps' on page 192 undefined o
n input line 2493.


LaTeX Warning: Reference `def:awayCover_baseChangeMaps' on page 192 undefined o
n input line 2508.

[192]

LaTeX Warning: Reference `def:awayCover_baseChangeMaps' on page 193 undefined o
n input line 2520.


LaTeX Warning: Reference `def:awayCover_baseChangeMaps' on page 193 undefined o
n input line 2536.


LaTeX Warning: Reference `def:awayCover_piBaseChangeLift' on page 193 undefined
 on input line 2536.


LaTeX Warning: Reference `thm:awayCover_isCoverCocycle_baseChange' on page 193 
undefined on input line 2536.


LaTeX Warning: Reference `def:module_tensorSqBaseChange' on page 193 undefined 
on input line 2536.


LaTeX Warning: Reference `def:module_tensorSqBaseChange' on page 193 undefined 
on input line 2542.


LaTeX Warning: Reference `def:awayCover_piBaseChangeLift' on page 193 undefined
 on input line 2544.


LaTeX Warning: Reference `thm:awayCover_isCoverCocycle_baseChange' on page 193 
undefined on input line 2545.


Overfull \hbox (2.39395pt too wide) in paragraph at lines 2562--2571
\TU/lmr/m/n/10 is an $\TU/latinmodern-math.otf(1)/m/n/10 𝐴$\TU/lmr/m/n/10 -al
gebra ho-mo-mor-phism out of the prod-uct of lo-cal-iza-tions $[][] \TU/latinmo
dern-math.otf(1)/m/n/10 𝑇[]$\TU/lmr/m/n/10 ; by the pi-extensionality
 []


LaTeX Warning: Reference `lem:awayCover_span_range_baseChange' on page 193 unde
fined on input line 2592.


LaTeX Warning: Reference `lem:awayCover_span_range_baseChange' on page 193 unde
fined on input line 2603.


LaTeX Warning: Reference `thm:awayCover_cocycleUnit_baseChange' on page 193 und
efined on input line 2614.


LaTeX Warning: Reference `thm:awayCover_isCoverCocycle_baseChange' on page 193 
undefined on input line 2614.


LaTeX Warning: Reference `thm:module_picClass_baseChange' on page 193 undefined
 on input line 2614.


LaTeX Warning: Reference `def:module_picClass' on page 193 undefined on input l
ine 2614.


LaTeX Warning: Reference `lem:awayCover_span_range_baseChange' on page 193 unde
fined on input line 2614.


LaTeX Warning: Reference `lem:awayCover_faithfullyFlat_tensor' on page 193 unde
fined on input line 2614.

[193]

LaTeX Warning: Reference `thm:awayCover_cocycleUnit_baseChange' on page 194 und
efined on input line 2632.


LaTeX Warning: Reference `def:awayCover_piBaseChangeLift' on page 194 undefined
 on input line 2635.


LaTeX Warning: Reference `thm:module_picClass_baseChange' on page 194 undefined
 on input line 2639.


LaTeX Warning: Reference `def:module_picClass' on page 194 undefined on input l
ine 2642.


LaTeX Warning: Reference `cor:unitsAppLE_snd_bijective' on page 194 undefined o
n input line 2656.


LaTeX Warning: Reference `cor:unitsAppLE_snd_bijective' on page 194 undefined o
n input line 2665.


LaTeX Warning: Reference `cor:unitsAppLE_snd_bijective' on page 194 undefined o
n input line 2672.


LaTeX Warning: Reference `def:unitsSndEquiv' on page 194 undefined on input lin
e 2679.


LaTeX Warning: Reference `def:unitsSndEquiv' on page 194 undefined on input lin
e 2688.


LaTeX Warning: Reference `def:unitsSndEquiv' on page 194 undefined on input lin
e 2697.


LaTeX Warning: Reference `def:unitsSndEquiv' on page 194 undefined on input lin
e 2712.

[194]

LaTeX Warning: Reference `def:unitsSndEquiv' on page 195 undefined on input lin
e 2741.


LaTeX Warning: Reference `lem:snd_left_naturality' on page 195 undefined on inp
ut line 2741.


LaTeX Warning: Reference `lem:snd_left_naturality' on page 195 undefined on inp
ut line 2752.


Package hyperref Warning: Token not allowed in a PDF string (Unicode):
(hyperref)                removing `math shift' on input line 2757.


LaTeX Warning: Reference `def:module_descent_cocycle' on page 195 undefined on 
input line 2785.


LaTeX Warning: Reference `def:module_tensorCollapse' on page 195 undefined on i
nput line 2785.


LaTeX Warning: Reference `def:module_descended' on page 195 undefined on input 
line 2806.


LaTeX Warning: Reference `thm:module_descentCocycle_collapse' on page 195 undef
ined on input line 2806.

[195]

LaTeX Warning: Reference `thm:module_descentCocycle_collapse' on page 196 undef
ined on input line 2823.


LaTeX Warning: Reference `def:module_descended' on page 196 undefined on input 
line 2823.


LaTeX Warning: Reference `thm:module_descendedCollapseEquiv' on page 196 undefi
ned on input line 2855.


LaTeX Warning: Reference `def:module_picClass' on page 196 undefined on input l
ine 2855.


LaTeX Warning: Reference `thm:module_descendedCollapseEquiv' on page 196 undefi
ned on input line 2858.


LaTeX Warning: Reference `thm:module_descendedCollapseEquiv' on page 196 undefi
ned on input line 2868.


LaTeX Warning: Reference `def:module_picClass' on page 196 undefined on input l
ine 2871.


LaTeX Warning: Reference `def:cechPic_toPic' on page 196 undefined on input lin
e 2881.


LaTeX Warning: Reference `thm:awayCover_pic_baseChange' on page 196 undefined o
n input line 2881.


LaTeX Warning: Reference `thm:prPullback_injective' on page 196 undefined on in
put line 2881.


LaTeX Warning: Reference `def:cechPic_toPic' on page 196 undefined on input lin
e 2886.


LaTeX Warning: Reference `thm:awayCover_pic_baseChange' on page 196 undefined o
n input line 2901.

[196]

LaTeX Warning: Reference `thm:cechPic_toPic_map' on page 197 undefined on input
 line 2922.


LaTeX Warning: Reference `thm:cechPic_toPic_map' on page 197 undefined on input
 line 2925.


LaTeX Warning: Reference `thm:cechPic_toPic_map' on page 197 undefined on input
 line 2933.


LaTeX Warning: Reference `def:tensorInl_tensorInr' on page 197 undefined on inp
ut line 2959.


LaTeX Warning: Reference `def:tensorInl_tensorInr' on page 197 undefined on inp
ut line 2976.


LaTeX Warning: Reference `lem:tensorInl_comp_ofId' on page 197 undefined on inp
ut line 2976.


LaTeX Warning: Reference `thm:prPullback_injective' on page 197 undefined on in
put line 2976.


LaTeX Warning: Reference `lem:snd_left_naturality' on page 197 undefined on inp
ut line 2976.


LaTeX Warning: Reference `def:overSpecMap' on page 197 undefined on input line 
2976.


LaTeX Warning: Reference `lem:overSpecMap_functor' on page 197 undefined on inp
ut line 2976.


Overfull \hbox (19.88393pt too wide) in paragraph at lines 2984--2988
\TU/lmr/m/it/10 Then the two base changes of $\TU/latinmodern-math.otf(1)/m/n/1
0 𝑁$ \TU/lmr/m/it/10 to $[]\TU/latinmodern-math.otf(1)/m/n/10 (𝐵 ⊗[] 
𝐵)$ \TU/lmr/m/it/10 along the co-pro-jec-tions co-in-cide: $[]\TU/latinmoder
n-math.otf(1)/m/n/10 ([])[]𝑁 =
 []


LaTeX Warning: Reference `lem:overSpecMap_functor' on page 197 undefined on inp
ut line 2993.


LaTeX Warning: Reference `lem:snd_left_naturality' on page 197 undefined on inp
ut line 2994.


LaTeX Warning: Reference `lem:tensorInl_comp_ofId' on page 197 undefined on inp
ut line 2996.


LaTeX Warning: Reference `thm:prPullback_injective' on page 197 undefined on in
put line 3000.

[197]

LaTeX Warning: Reference `lem:units_gluing' on page 198 undefined on input line
 3014.


LaTeX Warning: Reference `lem:units_separation' on page 198 undefined on input 
line 3014.


LaTeX Warning: Reference `lem:units_gluing' on page 198 undefined on input line
 3025.


LaTeX Warning: Reference `lem:units_separation' on page 198 undefined on input 
line 3027.


LaTeX Warning: Reference `def:tensorInl_tensorInr' on page 198 undefined on inp
ut line 3035.


LaTeX Warning: Reference `def:tensorFaces' on page 198 undefined on input line 
3051.


LaTeX Warning: Reference `def:tensorInl_tensorInr' on page 198 undefined on inp
ut line 3051.


Overfull \hbox (27.63509pt too wide) in paragraph at lines 3051--3060
[][]\TU/lmr/bx/n/10 Lemma 814 \TU/lmr/m/n/10 (Sim-pli-cial co-in-ci-dences of th
e co-faces)\TU/lmr/bx/n/10 . [][][]\TU/lmr/m/it/10 The six com-pos-ites $[] \TU
/latinmodern-math.otf(1)/m/n/10 ∘ [] [] [] 𝐵 →
 []


LaTeX Warning: Reference `def:unitsSndEquiv' on page 198 undefined on input lin
e 3071.


LaTeX Warning: Reference `def:unitsSndEquiv' on page 198 undefined on input lin
e 3073.


LaTeX Warning: Reference `def:unitsSndEquiv' on page 198 undefined on input lin
e 3086.


LaTeX Warning: Reference `def:unitsSndTopEquiv' on page 198 undefined on input 
line 3094.


LaTeX Warning: Reference `def:unitsSndTopEquiv' on page 198 undefined on input 
line 3103.

[198]

LaTeX Warning: Reference `def:unitsSndTopEquiv' on page 199 undefined on input 
line 3111.


LaTeX Warning: Reference `thm:unitsSndEquiv_naturality' on page 199 undefined o
n input line 3111.


LaTeX Warning: Reference `thm:unitsSndEquiv_naturality' on page 199 undefined o
n input line 3120.

[199]

LaTeX Warning: Reference `lem:global_unit_pullback' on page 200 undefined on in
put line 3260.


LaTeX Warning: Reference `lem:unitsAppLE_merge' on page 200 undefined on input 
line 3260.


LaTeX Warning: Reference `lem:global_unit_pullback' on page 200 undefined on in
put line 3273.


LaTeX Warning: Reference `lem:unitsAppLE_merge' on page 200 undefined on input 
line 3276.


LaTeX Warning: Reference `def:tensorInl_tensorInr' on page 200 undefined on inp
ut line 3288.


LaTeX Warning: Reference `def:tensorFaces' on page 200 undefined on input line 
3290.


LaTeX Warning: Reference `thm:cechPicMap_tensorInl_eq_tensorInr' on page 200 un
defined on input line 3293.

[200]

LaTeX Warning: Reference `lem:tensorFace_comp' on page 201 undefined on input l
ine 3305.


LaTeX Warning: Reference `def:tensorFaces' on page 201 undefined on input line 
3305.


LaTeX Warning: Reference `def:tensorInl_tensorInr' on page 201 undefined on inp
ut line 3305.


LaTeX Warning: Reference `def:overSpecMap' on page 201 undefined on input line 
3305.


LaTeX Warning: Reference `lem:tensorFace_comp' on page 201 undefined on input l
ine 3307.


LaTeX Warning: Reference `lem:tensorFace_comp' on page 201 undefined on input l
ine 3320.


Overfull \hbox (2.25635pt too wide) in paragraph at lines 3319--3324
[]\TU/lmr/m/n/10 Each co-in-ci-dence is the im-age of the cor-re-spond-ing tenso
r-algebra co-in-ci-dence of Lemma []
 []


LaTeX Warning: Reference `lem:tensorInl_comp_ofId' on page 201 undefined on inp
ut line 3329.


LaTeX Warning: Reference `def:tensorInl_tensorInr' on page 201 undefined on inp
ut line 3329.


LaTeX Warning: Reference `def:overSpecMap' on page 201 undefined on input line 
3329.


LaTeX Warning: Reference `lem:tensorInl_comp_ofId' on page 201 undefined on inp
ut line 3341.


LaTeX Warning: Reference `def:tensorFaces' on page 201 undefined on input line 
3348.


LaTeX Warning: Reference `def:amitsurCover' on page 201 undefined on input line
 3362.


LaTeX Warning: Reference `def:tensorInl_tensorInr' on page 201 undefined on inp
ut line 3362.


LaTeX Warning: Reference `def:tensorFaces' on page 201 undefined on input line 
3362.


LaTeX Warning: Reference `def:CoherentCechWitness' on page 201 undefined on inp
ut line 3386.


LaTeX Warning: Reference `def:amitsurCover' on page 201 undefined on input line
 3386.


LaTeX Warning: Reference `lem:global_unit_pullback' on page 201 undefined on in
put line 3386.

[201]

LaTeX Warning: Reference `lem:global_unit_pullback' on page 202 undefined on in
put line 3408.


LaTeX Warning: Reference `def:amitsurCover' on page 202 undefined on input line
 3417.


LaTeX Warning: Reference `def:defectCochain' on page 202 undefined on input lin
e 3433.


LaTeX Warning: Reference `lem:unitsAppLE_coboundary_rel' on page 202 undefined 
on input line 3433.


LaTeX Warning: Reference `lem:unitsAppLE_congr_hom' on page 202 undefined on in
put line 3433.


LaTeX Warning: Reference `lem:overSpec_whisker_face' on page 202 undefined on i
nput line 3433.


LaTeX Warning: Reference `thm:exists_global_unit_of_compatible' on page 202 und
efined on input line 3433.


LaTeX Warning: Reference `lem:unitsAppLE_coboundary_rel' on page 202 undefined 
on input line 3444.


LaTeX Warning: Reference `lem:overSpec_whisker_face' on page 202 undefined on i
nput line 3447.


LaTeX Warning: Reference `lem:unitsAppLE_congr_hom' on page 202 undefined on in
put line 3449.


LaTeX Warning: Reference `thm:exists_global_unit_of_compatible' on page 202 und
efined on input line 3455.


Overfull \hbox (4.52058pt too wide) in paragraph at lines 3443--3456
[]\TU/lmr/m/n/10 Pull the wit-ness re-la-tion for $\TU/latinmodern-math.otf(1)/
m/n/10 𝜃[]$ \TU/lmr/m/n/10 back along each of the three co-faces $\TU/latinm
odern-math.otf(1)/m/n/10 𝑓[], 𝑓[], 𝑓[]$ \TU/lmr/m/n/10 (Lemma []),
 []


LaTeX Warning: Reference `lem:unitsAppLE_coboundary_rel' on page 202 undefined 
on input line 3461.


LaTeX Warning: Reference `lem:unitsAppLE_congr_hom' on page 202 undefined on in
put line 3461.


LaTeX Warning: Reference `lem:unitsAppLE_coboundary_rel' on page 202 undefined 
on input line 3476.


LaTeX Warning: Reference `lem:unitsAppLE_congr_hom' on page 202 undefined on in
put line 3479.

[202]

LaTeX Warning: Reference `def:tensorInl_tensorInr' on page 203 undefined on inp
ut line 3488.


LaTeX Warning: Reference `def:comparisonCover' on page 203 undefined on input l
ine 3504.


LaTeX Warning: Reference `def:comparisonCochain' on page 203 undefined on input
 line 3518.


LaTeX Warning: Reference `lem:ratio_compat' on page 203 undefined on input line
 3518.


LaTeX Warning: Reference `lem:whisker_inl_ofId' on page 203 undefined on input 
line 3518.


LaTeX Warning: Reference `lem:snd_left_naturality' on page 203 undefined on inp
ut line 3518.


LaTeX Warning: Reference `lem:ratio_compat' on page 203 undefined on input line
 3528.


LaTeX Warning: Reference `lem:snd_left_naturality' on page 203 undefined on inp
ut line 3532.


LaTeX Warning: Reference `lem:whisker_inl_ofId' on page 203 undefined on input 
line 3535.


LaTeX Warning: Reference `lem:ratio_compat' on page 203 undefined on input line
 3537.


LaTeX Warning: Reference `thm:comparisonCochain_compat' on page 203 undefined o
n input line 3544.


LaTeX Warning: Reference `thm:exists_global_unit_of_compatible' on page 203 und
efined on input line 3544.


LaTeX Warning: Reference `def:unitsSndTopEquiv' on page 203 undefined on input 
line 3544.


LaTeX Warning: Reference `thm:comparisonCochain_compat' on page 203 undefined o
n input line 3546.


LaTeX Warning: Reference `thm:comparisonCochain_compat' on page 203 undefined o
n input line 3553.


LaTeX Warning: Reference `thm:exists_global_unit_of_compatible' on page 203 und
efined on input line 3555.


LaTeX Warning: Reference `def:unitsSndTopEquiv' on page 203 undefined on input 
line 3556.


LaTeX Warning: Reference `def:defectCochain' on page 203 undefined on input lin
e 3566.


LaTeX Warning: Reference `def:comparisonCochain' on page 203 undefined on input
 line 3566.


LaTeX Warning: Reference `lem:unitsAppLE_glued_pullback' on page 203 undefined 
on input line 3566.


LaTeX Warning: Reference `lem:global_unit_pullback' on page 203 undefined on in
put line 3566.


LaTeX Warning: Reference `lem:units_map_appTop_comp' on page 203 undefined on i
nput line 3566.


LaTeX Warning: Reference `lem:overSpec_whisker_face' on page 203 undefined on i
nput line 3566.


LaTeX Warning: Reference `thm:appTop_units_bijective' on page 203 undefined on 
input line 3566.


LaTeX Warning: Reference `lem:snd_left_naturality' on page 203 undefined on inp
ut line 3566.


LaTeX Warning: Reference `thm:appTop_units_bijective' on page 203 undefined on 
input line 3580.


LaTeX Warning: Reference `lem:unitsAppLE_glued_pullback' on page 203 undefined 
on input line 3582.


LaTeX Warning: Reference `lem:snd_left_naturality' on page 203 undefined on inp
ut line 3583.


LaTeX Warning: Reference `lem:global_unit_pullback' on page 203 undefined on in
put line 3586.


LaTeX Warning: Reference `lem:units_map_appTop_comp' on page 203 undefined on i
nput line 3586.


LaTeX Warning: Reference `lem:unitsAppLE_glued_pullback' on page 203 undefined 
on input line 3588.


LaTeX Warning: Reference `lem:overSpec_whisker_face' on page 203 undefined on i
nput line 3589.

[203]

LaTeX Warning: Reference `def:CoherentCechWitness' on page 204 undefined on inp
ut line 3601.


LaTeX Warning: Reference `thm:cechPicMap_tensorInl_eq_tensorInr' on page 204 un
defined on input line 3601.


LaTeX Warning: Reference `thm:exists_glued_defect' on page 204 undefined on inp
ut line 3601.


LaTeX Warning: Reference `thm:exists_comparison_unit' on page 204 undefined on 
input line 3601.


LaTeX Warning: Reference `thm:glued_defect_eq_amitsur_coboundary' on page 204 u
ndefined on input line 3601.


LaTeX Warning: Reference `lem:nonempty_of_defect_eq_coboundary' on page 204 und
efined on input line 3601.


LaTeX Warning: Reference `thm:cechPicMap_tensorInl_eq_tensorInr' on page 204 un
defined on input line 3615.


LaTeX Warning: Reference `thm:exists_glued_defect' on page 204 undefined on inp
ut line 3624.


LaTeX Warning: Reference `thm:exists_comparison_unit' on page 204 undefined on 
input line 3626.


LaTeX Warning: Reference `thm:glued_defect_eq_amitsur_coboundary' on page 204 u
ndefined on input line 3627.


LaTeX Warning: Reference `lem:nonempty_of_defect_eq_coboundary' on page 204 und
efined on input line 3629.


LaTeX Warning: Reference `def:tensorFaces' on page 204 undefined on input line 
3636.


LaTeX Warning: Reference `lem:overSpec_whisker_face' on page 204 undefined on i
nput line 3637.


LaTeX Warning: Reference `def:tensorInl_tensorInr' on page 204 undefined on inp
ut line 3646.


LaTeX Warning: Reference `def:tensorFaces' on page 204 undefined on input line 
3646.


LaTeX Warning: Reference `def:tensorMul' on page 204 undefined on input line 36
70.


LaTeX Warning: Reference `def:tensorInl_tensorInr' on page 204 undefined on inp
ut line 3670.


LaTeX Warning: Reference `def:tensorFaces' on page 204 undefined on input line 
3670.


Overfull \hbox (94.96179pt too wide) detected at line 3683
[][] \TU/latinmodern-math.otf(1)/m/n/10 ∘ [][] = [],  [][] ∘ [][] = [],  []
[] ∘ [][] = [] ∘ [].
 []

[204]

LaTeX Warning: Reference `lem:tensorMul_simplicial' on page 205 undefined on in
put line 3703.


LaTeX Warning: Reference `def:overSpecMap' on page 205 undefined on input line 
3703.


LaTeX Warning: Reference `lem:tensorMul_simplicial' on page 205 undefined on in
put line 3705.


LaTeX Warning: Reference `lem:tensorMul_simplicial' on page 205 undefined on in
put line 3717.


LaTeX Warning: Reference `def:overSpecMap' on page 205 undefined on input line 
3718.


LaTeX Warning: Reference `def:CoherentCechWitness' on page 205 undefined on inp
ut line 3727.


LaTeX Warning: Reference `sec:witnessComponents' on page 205 undefined on input
 line 3733.


LaTeX Warning: Reference `def:unitsCorrCochain' on page 205 undefined on input 
line 3762.

[205]

LaTeX Warning: Reference `def:unitsCorrCochain' on page 206 undefined on input 
line 3789.


LaTeX Warning: Reference `thm:unitsCorrCochain_compat' on page 206 undefined on
 input line 3789.


LaTeX Warning: Reference `lem:units_gluing' on page 206 undefined on input line
 3789.


LaTeX Warning: Reference `thm:unitsCorrCochain_compat' on page 206 undefined on
 input line 3791.


LaTeX Warning: Reference `thm:unitsCorrCochain_compat' on page 206 undefined on
 input line 3798.


LaTeX Warning: Reference `lem:units_gluing' on page 206 undefined on input line
 3799.


LaTeX Warning: Reference `def:unitsCorrCochain' on page 206 undefined on input 
line 3806.


LaTeX Warning: Reference `thm:exists_glued_unitsCorrCochain' on page 206 undefi
ned on input line 3806.


LaTeX Warning: Reference `thm:exists_glued_unitsCorrCochain' on page 206 undefi
ned on input line 3821.


LaTeX Warning: Reference `def:CoherentCechWitness' on page 206 undefined on inp
ut line 3832.


LaTeX Warning: Reference `thm:unitsAppLE_eq_one_of_coherent' on page 206 undefi
ned on input line 3855.


LaTeX Warning: Reference `def:unitsCorrCochain' on page 206 undefined on input 
line 3873.


LaTeX Warning: Reference `thm:unitsAppLE_glued_corr' on page 206 undefined on i
nput line 3873.


Overfull \hbox (18.763pt too wide) in paragraph at lines 3873--3881
[][]\TU/lmr/bx/n/10 The-o-rem 847 \TU/lmr/m/n/10 (The glued cor-rected units sat
-isfy the Amit-sur co-cy-cle iden-tity)\TU/lmr/bx/n/10 . [][][]\TU/lmr/m/it/10 
Let $\TU/latinmodern-math.otf(1)/m/n/10 𝑔[], 𝑔[], 𝑔[] [] [] 𝑇 →
 []


LaTeX Warning: Reference `thm:unitsAppLE_glued_corr' on page 206 undefined on i
nput line 3889.

[206]

LaTeX Warning: Reference `def:unitsCorrCochain' on page 207 undefined on input 
line 3904.


LaTeX Warning: Reference `thm:unitsAppLE_glued_corr' on page 207 undefined on i
nput line 3904.


LaTeX Warning: Reference `thm:unitsAppLE_glued_corr' on page 207 undefined on i
nput line 3917.


LaTeX Warning: Reference `def:CoherentCechWitness' on page 207 undefined on inp
ut line 3930.


LaTeX Warning: Reference `def:tensorInl_tensorInr' on page 207 undefined on inp
ut line 3939.


LaTeX Warning: Reference `def:tensorFaces' on page 207 undefined on input line 
3939.


LaTeX Warning: Reference `def:pairTripleSection' on page 207 undefined on input
 line 3961.


LaTeX Warning: Reference `def:unitsCorrCochain' on page 207 undefined on input 
line 3961.


LaTeX Warning: Reference `thm:exists_glued_unitsCorrCochain' on page 207 undefi
ned on input line 3961.


LaTeX Warning: Reference `def:CoherentCechWitness' on page 207 undefined on inp
ut line 3961.


LaTeX Warning: Reference `thm:exists_glued_unitsCorrCochain' on page 207 undefi
ned on input line 3965.


Overfull \hbox (28.76302pt too wide) in paragraph at lines 3961--3969
[][]\TU/lmr/bx/n/10 Def-i-ni-tion 850 \TU/lmr/m/n/10 (The glued wit-ness com-po-
nent)\TU/lmr/bx/n/10 . [][][][][]\TU/lmr/m/n/10 The \TU/lmr/m/it/10 glued wit-ne
ss com-po-nent $[]\TU/latinmodern-math.otf(1)/m/n/10 (𝑖, 𝑗)$
 []


LaTeX Warning: Reference `thm:unitsAppLE_diag_eq_one_of_coherent' on page 207 u
ndefined on input line 3975.


LaTeX Warning: Reference `thm:unitsAppLE_eq_one_of_coherent' on page 207 undefi
ned on input line 3975.


LaTeX Warning: Reference `lem:overSpecMap_left_degeneracy' on page 207 undefine
d on input line 3975.


LaTeX Warning: Reference `def:CoherentCechWitness' on page 207 undefined on inp
ut line 3975.


LaTeX Warning: Reference `thm:unitsAppLE_diag_eq_one_of_coherent' on page 207 u
ndefined on input line 3982.


LaTeX Warning: Reference `lem:overSpecMap_left_degeneracy' on page 207 undefine
d on input line 3985.


LaTeX Warning: Reference `thm:unitsAppLE_eq_one_of_coherent' on page 207 undefi
ned on input line 3987.


LaTeX Warning: Reference `lem:overSpecMap_left_degeneracy' on page 207 undefine
d on input line 3990.


LaTeX Warning: Reference `def:witnessBasicSection' on page 207 undefined on inp
ut line 3998.


LaTeX Warning: Reference `thm:glued_corr_amitsur' on page 207 undefined on inpu
t line 3998.


LaTeX Warning: Reference `lem:overSpec_whisker_face' on page 207 undefined on i
nput line 3998.


LaTeX Warning: Reference `def:pairTripleSection' on page 207 undefined on input
 line 3998.


LaTeX Warning: Reference `def:CoherentCechWitness' on page 207 undefined on inp
ut line 3998.

[207]

LaTeX Warning: Reference `thm:glued_corr_amitsur' on page 208 undefined on inpu
t line 4010.


LaTeX Warning: Reference `lem:overSpec_whisker_face' on page 208 undefined on i
nput line 4015.


LaTeX Warning: Reference `def:witnessBasicSection' on page 208 undefined on inp
ut line 4025.


LaTeX Warning: Reference `thm:glued_corr_collapse' on page 208 undefined on inp
ut line 4025.


LaTeX Warning: Reference `thm:witnessAppLE_diag_eq_one' on page 208 undefined o
n input line 4025.


LaTeX Warning: Reference `lem:overSpecMap_left_degeneracy' on page 208 undefine
d on input line 4025.


LaTeX Warning: Reference `def:pairTripleSection' on page 208 undefined on input
 line 4025.


LaTeX Warning: Reference `thm:glued_corr_collapse' on page 208 undefined on inp
ut line 4036.


LaTeX Warning: Reference `lem:overSpecMap_left_degeneracy' on page 208 undefine
d on input line 4038.


LaTeX Warning: Reference `thm:witnessAppLE_diag_eq_one' on page 208 undefined o
n input line 4040.


LaTeX Warning: Reference `sec:witnessComponents' on page 208 undefined on input
 line 4051.


LaTeX Warning: Reference `sec:piAssembly' on page 208 undefined on input line 4
052.


LaTeX Warning: Reference `def:pairTripleSection' on page 208 undefined on input
 line 4079.


LaTeX Warning: Reference `def:tensorInl_tensorInr' on page 208 undefined on inp
ut line 4079.


LaTeX Warning: Reference `def:tensorFaces' on page 208 undefined on input line 
4079.

[208]

LaTeX Warning: Reference `def:tensorAwayEquiv' on page 209 undefined on input l
ine 4111.


LaTeX Warning: Reference `thm:isLocalization_away_sections' on page 209 undefin
ed on input line 4111.


LaTeX Warning: Reference `thm:isLocalization_away_tensor' on page 209 undefined
 on input line 4111.


LaTeX Warning: Reference `lem:GammaSpecIso_hom_pairTripleSection' on page 209 u
ndefined on input line 4111.


LaTeX Warning: Reference `def:pairTripleSection' on page 209 undefined on input
 line 4111.


LaTeX Warning: Reference `thm:isLocalization_away_sections' on page 209 undefin
ed on input line 4114.


LaTeX Warning: Reference `def:tensorAwayEquiv' on page 209 undefined on input l
ine 4115.


LaTeX Warning: Reference `lem:GammaSpecIso_hom_pairTripleSection' on page 209 u
ndefined on input line 4126.


LaTeX Warning: Reference `thm:isLocalization_away_tensor' on page 209 undefined
 on input line 4128.


LaTeX Warning: Reference `def:pairTripleAwayEquiv' on page 209 undefined on inp
ut line 4137.


LaTeX Warning: Reference `def:pairTripleAwayEquiv' on page 209 undefined on inp
ut line 4147.


LaTeX Warning: Reference `def:componentCollapse' on page 209 undefined on input
 line 4147.


LaTeX Warning: Reference `thm:isLocalization_away_tensor' on page 209 undefined
 on input line 4147.


LaTeX Warning: Reference `lem:overSpecMap_left_degeneracy' on page 209 undefine
d on input line 4147.


Overfull \hbox (34.73305pt too wide) in paragraph at lines 4147--4153
[][]\TU/lmr/bx/n/10 Lemma 857 \TU/lmr/m/n/10 (The di-ag-o-nal pull-back is the 
index-wise col-lapse)\TU/lmr/bx/n/10 . [][][][][]\TU/lmr/m/it/10 Un-der the iden
-ti-fi-ca-tion $[]$,
 []


LaTeX Warning: Reference `thm:isLocalization_away_tensor' on page 209 undefined
 on input line 4157.


LaTeX Warning: Reference `lem:overSpecMap_left_degeneracy' on page 209 undefine
d on input line 4162.


LaTeX Warning: Reference `def:componentCollapse' on page 209 undefined on input
 line 4164.


LaTeX Warning: Reference `def:pairTripleAwayEquiv' on page 209 undefined on inp
ut line 4174.


LaTeX Warning: Reference `def:indexwiseMaps' on page 209 undefined on input lin
e 4174.


LaTeX Warning: Reference `lem:faceA_comp_tensorMap' on page 209 undefined on in
put line 4174.


LaTeX Warning: Reference `thm:isLocalization_away_tensor' on page 209 undefined
 on input line 4174.


LaTeX Warning: Reference `lem:overSpec_whisker_face' on page 209 undefined on i
nput line 4174.


LaTeX Warning: Reference `def:pairTripleSection' on page 209 undefined on input
 line 4174.


LaTeX Warning: Reference `def:indexwiseMaps' on page 209 undefined on input lin
e 4179.


Overfull \hbox (22.97305pt too wide) in paragraph at lines 4174--4180
[][]\TU/lmr/bx/n/10 Lemma 858 \TU/lmr/m/n/10 (The co-face pull-backs are the ind
ex-wise faces)\TU/lmr/bx/n/10 . [][][][][][][]\TU/lmr/m/it/10 Un-der the iden-ti
-fi-ca-tions $[]$
 []


LaTeX Warning: Reference `thm:isLocalization_away_tensor' on page 209 undefined
 on input line 4187.


LaTeX Warning: Reference `lem:overSpec_whisker_face' on page 209 undefined on i
nput line 4191.


LaTeX Warning: Reference `lem:faceA_comp_tensorMap' on page 209 undefined on in
put line 4193.

[209]

LaTeX Warning: Reference `def:witnessBasicSection' on page 210 undefined on inp
ut line 4206.


LaTeX Warning: Reference `def:pairTripleAwayEquiv' on page 210 undefined on inp
ut line 4206.


LaTeX Warning: Reference `def:pairTripleAwayEquiv' on page 210 undefined on inp
ut line 4210.


LaTeX Warning: Reference `def:witnessComponent' on page 210 undefined on input 
line 4216.


LaTeX Warning: Reference `def:piAssemblyUnit' on page 210 undefined on input li
ne 4216.


LaTeX Warning: Reference `def:piAssemblyUnit' on page 210 undefined on input li
ne 4219.


LaTeX Warning: Reference `def:witnessComponent' on page 210 undefined on input 
line 4227.


LaTeX Warning: Reference `lem:pairAwayEquiv_appLE_diag' on page 210 undefined o
n input line 4227.


LaTeX Warning: Reference `thm:witnessBasicSection_collapse' on page 210 undefin
ed on input line 4227.


LaTeX Warning: Reference `def:componentCollapse' on page 210 undefined on input
 line 4227.


LaTeX Warning: Reference `lem:pairAwayEquiv_appLE_diag' on page 210 undefined o
n input line 4234.


LaTeX Warning: Reference `thm:witnessBasicSection_collapse' on page 210 undefin
ed on input line 4237.


LaTeX Warning: Reference `def:witnessComponent' on page 210 undefined on input 
line 4244.


LaTeX Warning: Reference `lem:tripleAwayEquiv_faceA' on page 210 undefined on i
nput line 4244.


LaTeX Warning: Reference `thm:witnessBasicSection_amitsur' on page 210 undefine
d on input line 4244.


LaTeX Warning: Reference `def:indexwiseMaps' on page 210 undefined on input lin
e 4244.


LaTeX Warning: Reference `lem:tripleAwayEquiv_faceA' on page 210 undefined on i
nput line 4252.


LaTeX Warning: Reference `thm:witnessBasicSection_amitsur' on page 210 undefine
d on input line 4255.


LaTeX Warning: Reference `def:assemblyUnit' on page 210 undefined on input line
 4263.


LaTeX Warning: Reference `thm:isDescentCocycle_piAssemblyUnit' on page 210 unde
fined on input line 4263.


LaTeX Warning: Reference `thm:diagA_eq_one_of_componentCollapse' on page 210 un
defined on input line 4263.


LaTeX Warning: Reference `thm:componentCollapse_witnessComponent' on page 210 u
ndefined on input line 4263.


LaTeX Warning: Reference `thm:faceA_cocycle_witnessComponent' on page 210 undef
ined on input line 4263.


LaTeX Warning: Reference `thm:isDescentCocycle_piAssemblyUnit' on page 210 unde
fined on input line 4272.


LaTeX Warning: Reference `thm:faceA_cocycle_witnessComponent' on page 210 undef
ined on input line 4273.


LaTeX Warning: Reference `thm:componentCollapse_witnessComponent' on page 210 u
ndefined on input line 4275.


LaTeX Warning: Reference `thm:diagA_eq_one_of_componentCollapse' on page 210 un
defined on input line 4277.


LaTeX Warning: Reference `def:assemblyUnit' on page 210 undefined on input line
 4287.


LaTeX Warning: Reference `thm:tensorCollapse_piAssemblyUnit' on page 210 undefi
ned on input line 4287.


LaTeX Warning: Reference `thm:componentCollapse_witnessComponent' on page 210 u
ndefined on input line 4287.


LaTeX Warning: Reference `def:module_tensorCollapse' on page 210 undefined on i
nput line 4287.


LaTeX Warning: Reference `thm:tensorCollapse_piAssemblyUnit' on page 210 undefi
ned on input line 4298.


LaTeX Warning: Reference `thm:componentCollapse_witnessComponent' on page 210 u
ndefined on input line 4300.

[210]

LaTeX Warning: Reference `thm:isDescentCocycle_assemblyUnit' on page 211 undefi
ned on input line 4327.


LaTeX Warning: Reference `thm:tensorCollapse_assemblyUnit' on page 211 undefine
d on input line 4327.


LaTeX Warning: Reference `thm:module_picClass_collapse' on page 211 undefined o
n input line 4327.


LaTeX Warning: Reference `lem:faithfullyFlat_sectionsTop' on page 211 undefined
 on input line 4327.


LaTeX Warning: Reference `thm:pi_tower' on page 211 undefined on input line 432
7.


LaTeX Warning: Reference `def:module_picClass' on page 211 undefined on input l
ine 4327.


LaTeX Warning: Reference `thm:trivializingFamily_pic_cocycle' on page 211 undef
ined on input line 4327.


LaTeX Warning: Reference `lem:faithfullyFlat_sectionsTop' on page 211 undefined
 on input line 4342.


LaTeX Warning: Reference `thm:pi_tower' on page 211 undefined on input line 434
4.


LaTeX Warning: Reference `thm:module_picClass_collapse' on page 211 undefined o
n input line 4346.


LaTeX Warning: Reference `thm:isDescentCocycle_assemblyUnit' on page 211 undefi
ned on input line 4347.


LaTeX Warning: Reference `thm:tensorCollapse_assemblyUnit' on page 211 undefine
d on input line 4349.


LaTeX Warning: Reference `def:module_picClass' on page 211 undefined on input l
ine 4351.


LaTeX Warning: Reference `thm:trivializingFamily_pic_cocycle' on page 211 undef
ined on input line 4353.


Overfull \hbox (4.6597pt too wide) in paragraph at lines 4357--4357
[]\TU/lmr/bx/n/14.4 Faith-fully flat de-scent of sec-tions along the base change

 []


LaTeX Warning: Reference `lem:snd_left_naturality' on page 211 undefined on inp
ut line 4372.


LaTeX Warning: Reference `lem:snd_left_naturality' on page 211 undefined on inp
ut line 4393.


LaTeX Warning: Reference `thm:isPullback_whiskerLeft_snd' on page 211 undefined
 on input line 4402.


LaTeX Warning: Reference `thm:descent_existsUnique_tmul_one' on page 211 undefi
ned on input line 4402.


LaTeX Warning: Reference `def:tensorInl_tensorInr' on page 211 undefined on inp
ut line 4402.


LaTeX Warning: Reference `thm:isPullback_whiskerLeft_snd' on page 211 undefined
 on input line 4411.


LaTeX Warning: Reference `def:tensorInl_tensorInr' on page 211 undefined on inp
ut line 4416.


LaTeX Warning: Reference `thm:descent_existsUnique_tmul_one' on page 211 undefi
ned on input line 4418.

[211]

LaTeX Warning: Reference `thm:isPullback_whiskerLeft_snd' on page 212 undefined
 on input line 4425.


LaTeX Warning: Reference `lem:units_separation' on page 212 undefined on input 
line 4425.


LaTeX Warning: Reference `thm:isPullback_whiskerLeft_snd' on page 212 undefined
 on input line 4433.


LaTeX Warning: Reference `lem:units_separation' on page 212 undefined on input 
line 4439.


LaTeX Warning: Reference `thm:existsUnique_appLE_eq' on page 212 undefined on i
nput line 4445.


LaTeX Warning: Reference `thm:appLE_whiskerLeft_injective' on page 212 undefine
d on input line 4445.


LaTeX Warning: Reference `thm:existsUnique_appLE_eq' on page 212 undefined on i
nput line 4455.


LaTeX Warning: Reference `thm:appLE_whiskerLeft_injective' on page 212 undefine
d on input line 4458.


LaTeX Warning: Reference `lem:faithfullyFlat_sectionsTop' on page 212 undefined
 on input line 4470.


LaTeX Warning: Reference `thm:isPullback_whiskerLeft_snd' on page 212 undefined
 on input line 4478.


Overfull \hbox (2.0961pt too wide) in paragraph at lines 4478--4482
[][]\TU/lmr/bx/n/10 The-o-rem 871 \TU/lmr/m/n/10 (The cover in-clu-sion is an af
fine mor-phism)\TU/lmr/bx/n/10 . [][]\TU/lmr/m/it/10 The base-change mor-phism 
$[] [] [] \TU/latinmodern-math.otf(1)/m/n/10 𝑋[] →
 []


LaTeX Warning: Reference `thm:isPullback_whiskerLeft_snd' on page 212 undefined
 on input line 4485.


LaTeX Warning: Reference `thm:isAffineHom_cg' on page 212 undefined on input li
ne 4495.


LaTeX Warning: Reference `thm:isPullback_whiskerLeft_snd' on page 212 undefined
 on input line 4495.

[212]

LaTeX Warning: Reference `thm:isPullback_whiskerLeft_snd' on page 213 undefined
 on input line 4514.


LaTeX Warning: Reference `lem:faithfullyFlat_sectionsTop' on page 213 undefined
 on input line 4519.


LaTeX Warning: Reference `thm:isPushout_cgSectionRing' on page 213 undefined on
 input line 4525.


LaTeX Warning: Reference `lem:faithfullyFlat_sectionsTop' on page 213 undefined
 on input line 4536.


LaTeX Warning: Reference `thm:isPushout_cgSectionRing' on page 213 undefined on
 input line 4543.


LaTeX Warning: Reference `def:pieceRingEquiv' on page 213 undefined on input li
ne 4551.


LaTeX Warning: Reference `def:pieceRingEquiv' on page 213 undefined on input li
ne 4557.


LaTeX Warning: Reference `def:pieceRingEquiv' on page 213 undefined on input li
ne 4566.


LaTeX Warning: Reference `def:pieceAlgEquiv' on page 213 undefined on input lin
e 4573.


LaTeX Warning: Reference `def:pieceAlgEquiv' on page 213 undefined on input lin
e 4583.


LaTeX Warning: Reference `def:pieceRingEquiv' on page 213 undefined on input li
ne 4589.


LaTeX Warning: Reference `def:pieceRingEquiv' on page 213 undefined on input li
ne 4593.


LaTeX Warning: Reference `thm:isAffineHom_cg' on page 213 undefined on input li
ne 4615.

[213]

LaTeX Warning: Reference `thm:isAffineHom_cg' on page 214 undefined on input li
ne 4625.


LaTeX Warning: Reference `thm:isSeparated_left' on page 214 undefined on input 
line 4645.


LaTeX Warning: Reference `thm:isSeparated_left' on page 214 undefined on input 
line 4653.


LaTeX Warning: Reference `thm:exists_global_unit_of_compatible' on page 214 und
efined on input line 4672.


LaTeX Warning: Reference `thm:appTop_units_bijective' on page 214 undefined on 
input line 4672.


LaTeX Warning: Reference `def:tensorFaces' on page 214 undefined on input line 
4672.


LaTeX Warning: Reference `lem:overSpecMap_left_degeneracy' on page 214 undefine
d on input line 4672.


LaTeX Warning: Reference `def:tensorMul' on page 214 undefined on input line 46
72.


LaTeX Warning: Reference `def:module_descent_cocycle' on page 214 undefined on 
input line 4672.


LaTeX Warning: Reference `lem:tensorMul_simplicial' on page 214 undefined on in
put line 4672.


LaTeX Warning: Reference `thm:exists_global_unit_of_compatible' on page 214 und
efined on input line 4694.


LaTeX Warning: Reference `thm:appTop_units_bijective' on page 214 undefined on 
input line 4696.


LaTeX Warning: Reference `def:tensorFaces' on page 214 undefined on input line 
4700.


LaTeX Warning: Reference `def:tensorMul' on page 214 undefined on input line 47
04.


LaTeX Warning: Reference `lem:tensorMul_simplicial' on page 214 undefined on in
put line 4704.


LaTeX Warning: Reference `lem:overSpecMap_left_degeneracy' on page 214 undefine
d on input line 4705.


LaTeX Warning: Reference `def:module_descent_cocycle' on page 214 undefined on 
input line 4707.


Overfull \hbox (11.19633pt too wide) in paragraph at lines 4713--4719
\TU/lmr/m/n/10 The de-scent unit $\TU/latinmodern-math.otf(1)/m/n/10 𝑤$ \TU/
lmr/m/n/10 of the pre-vi-ous sec-tion is the de-scent da-tum of an in-vert-ible mod-ule $[]\TU/latinmodern-math.otf(1)/m/n/10 (
𝑤)$
 []

[214]
Overfull \hbox (3.803pt too wide) in paragraph at lines 4724--4727
[][]\TU/lmr/bx/n/10 Def-i-ni-tion 881 \TU/lmr/m/n/10 (The eval-u-a-tion trans-fo
rm of a sec-tion–mod-ule ten-sor)\TU/lmr/bx/n/10 . []\TU/lmr/m/n/10 Let $\TU/
latinmodern-math.otf(1)/m/n/10 𝑁$ \TU/lmr/m/n/10 be an $\TU/latinmodern-math
.otf(1)/m/n/10 𝐴$\TU/lmr/m/n/10 -submodule
 []


LaTeX Warning: Reference `def:evalT' on page 215 undefined on input line 4739.


LaTeX Warning: Reference `def:tensorInl_tensorInr' on page 215 undefined on inp
ut line 4739.


LaTeX Warning: Reference `def:tensorInl_tensorInr' on page 215 undefined on inp
ut line 4756.


LaTeX Warning: Reference `def:module_descent_cocycle' on page 215 undefined on 
input line 4764.


LaTeX Warning: Reference `def:tensorInl_tensorInr' on page 215 undefined on inp
ut line 4764.


LaTeX Warning: Reference `def:DescentClassRep' on page 215 undefined on input l
ine 4785.


LaTeX Warning: Reference `lem:trivializingFamily_nonempty' on page 215 undefine
d on input line 4785.


LaTeX Warning: Reference `def:module_descended' on page 215 undefined on input 
line 4785.


LaTeX Warning: Reference `lem:evalT_ratio' on page 215 undefined on input line 
4785.


LaTeX Warning: Reference `thm:isUnit_map_rTensor_generator' on page 215 undefin
ed on input line 4785.


LaTeX Warning: Reference `def:descentMulEval' on page 215 undefined on input li
ne 4785.


LaTeX Warning: Reference `def:DescentClassRep' on page 215 undefined on input l
ine 4788.


LaTeX Warning: Reference `def:module_descended' on page 215 undefined on input 
line 4794.


LaTeX Warning: Reference `lem:trivializingFamily_nonempty' on page 215 undefine
d on input line 4796.


LaTeX Warning: Reference `def:descentMulEval' on page 215 undefined on input li
ne 4800.


LaTeX Warning: Reference `thm:isUnit_map_rTensor_generator' on page 215 undefin
ed on input line 4801.


LaTeX Warning: Reference `lem:evalT_ratio' on page 215 undefined on input line 
4802.

[215]

LaTeX Warning: Reference `def:DescentClassRep' on page 216 undefined on input l
ine 4821.


LaTeX Warning: Reference `thm:exists_kernelDescentUnit' on page 216 undefined o
n input line 4821.


LaTeX Warning: Reference `thm:exists_unitsAppLE_eq' on page 216 undefined on in
put line 4821.


LaTeX Warning: Reference `lem:units_gluing' on page 216 undefined on input line
 4821.


LaTeX Warning: Reference `thm:exists_kernelDescentUnit' on page 216 undefined o
n input line 4824.


LaTeX Warning: Reference `def:DescentClassRep' on page 216 undefined on input l
ine 4825.


LaTeX Warning: Reference `lem:units_gluing' on page 216 undefined on input line
 4842.


LaTeX Warning: Reference `thm:exists_kernelDescentUnit' on page 216 undefined o
n input line 4845.


LaTeX Warning: Reference `def:DescentClassRep' on page 216 undefined on input l
ine 4846.


LaTeX Warning: Reference `thm:exists_unitsAppLE_eq' on page 216 undefined on in
put line 4848.


LaTeX Warning: Reference `thm:exists_kernelDescentUnit' on page 216 undefined o
n input line 4865.


LaTeX Warning: Reference `thm:descentClassRep' on page 216 undefined on input l
ine 4865.


LaTeX Warning: Reference `thm:exists_kernelCobounding' on page 216 undefined on
 input line 4865.


LaTeX Warning: Reference `thm:appLE_whiskerLeft_injective' on page 216 undefine
d on input line 4865.


LaTeX Warning: Reference `lem:pointedCover_affine_refinement' on page 216 undef
ined on input line 4865.


LaTeX Warning: Reference `thm:unitsRes_injective' on page 216 undefined on inpu
t line 4865.


LaTeX Warning: Reference `cor:cechPic_mk_eq_one' on page 216 undefined on input
 line 4865.


LaTeX Warning: Reference `thm:exists_kernelDescentUnit' on page 216 undefined o
n input line 4880.


LaTeX Warning: Reference `thm:descentClassRep' on page 216 undefined on input l
ine 4883.


LaTeX Warning: Reference `lem:pointedCover_affine_refinement' on page 216 undef
ined on input line 4884.


LaTeX Warning: Reference `thm:exists_kernelCobounding' on page 216 undefined on
 input line 4886.


LaTeX Warning: Reference `thm:appLE_whiskerLeft_injective' on page 216 undefine
d on input line 4895.


LaTeX Warning: Reference `thm:unitsRes_injective' on page 216 undefined on inpu
t line 4900.


LaTeX Warning: Reference `cor:cechPic_mk_eq_one' on page 216 undefined on input
 line 4900.

[216]

LaTeX Warning: Reference `thm:exists_coherentCechWitness' on page 217 undefined
 on input line 4911.


LaTeX Warning: Reference `thm:isDescentCocycle_assemblyUnit' on page 217 undefi
ned on input line 4911.


LaTeX Warning: Reference `thm:mapAlgebra_picClass_assemblyUnit' on page 217 und
efined on input line 4911.


LaTeX Warning: Reference `thm:cechPicEquivPic' on page 217 undefined on input l
ine 4911.


LaTeX Warning: Reference `thm:cechPic_toPic_injective' on page 217 undefined on
 input line 4911.


LaTeX Warning: Reference `thm:cechPic_toPic_map' on page 217 undefined on input
 line 4911.


LaTeX Warning: Reference `lem:snd_left_naturality' on page 217 undefined on inp
ut line 4911.


LaTeX Warning: Reference `def:module_picClass' on page 217 undefined on input l
ine 4911.


LaTeX Warning: Reference `thm:exists_cechPic_map_snd_of_ker_whiskerLeft' on pag
e 217 undefined on input line 4914.


LaTeX Warning: Reference `thm:exists_coherentCechWitness' on page 217 undefined
 on input line 4922.


LaTeX Warning: Reference `thm:isDescentCocycle_assemblyUnit' on page 217 undefi
ned on input line 4925.


LaTeX Warning: Reference `thm:cechPicEquivPic' on page 217 undefined on input l
ine 4927.


LaTeX Warning: Reference `def:module_picClass' on page 217 undefined on input l
ine 4928.


LaTeX Warning: Reference `thm:mapAlgebra_picClass_assemblyUnit' on page 217 und
efined on input line 4929.


LaTeX Warning: Reference `thm:cechPic_toPic_map' on page 217 undefined on input
 line 4930.


LaTeX Warning: Reference `thm:cechPic_toPic_injective' on page 217 undefined on
 input line 4932.


LaTeX Warning: Reference `lem:snd_left_naturality' on page 217 undefined on inp
ut line 4933.


LaTeX Warning: Reference `def:PicEtAff_unit' on page 217 undefined on input lin
e 4947.


LaTeX Warning: Reference `thm:PicEtAff_mk_eq_mk_iff' on page 217 undefined on i
nput line 4947.


LaTeX Warning: Reference `def:PicEtAff_one' on page 217 undefined on input line
 4947.


LaTeX Warning: Reference `thm:exists_cechPic_map_snd_eq_of_ker' on page 217 und
efined on input line 4947.


LaTeX Warning: Reference `def:relPicAlgMap' on page 217 undefined on input line
 4947.


LaTeX Warning: Reference `def:descentClasses' on page 217 undefined on input li
ne 4947.


LaTeX Warning: Reference `def:PicEtAff_unit' on page 217 undefined on input lin
e 4951.


LaTeX Warning: Reference `thm:PicEtAff_mk_eq_mk_iff' on page 217 undefined on i
nput line 4959.


LaTeX Warning: Reference `def:relPicAlgMap' on page 217 undefined on input line
 4962.


LaTeX Warning: Reference `def:descentClasses' on page 217 undefined on input li
ne 4963.


LaTeX Warning: Reference `thm:exists_cechPic_map_snd_eq_of_ker' on page 217 und
efined on input line 4966.


LaTeX Warning: Reference `def:PicEtAff_one' on page 217 undefined on input line
 4968.


LaTeX Warning: Reference `thm:PicEtAff_unit_injective_of_ker' on page 217 undef
ined on input line 4974.


LaTeX Warning: Reference `thm:exists_cechPic_map_snd_of_ker_whiskerLeft' on pag
e 217 undefined on input line 4974.


LaTeX Warning: Reference `thm:exists_cechPic_map_snd_of_ker_whiskerLeft' on pag
e 217 undefined on input line 4987.


LaTeX Warning: Reference `thm:PicEtAff_unit_injective_of_ker' on page 217 undef
ined on input line 4988.

[217]

LaTeX Warning: Reference `lem:isIso_appLE_of_le_opensRange' on page 218 undefin
ed on input line 5035.


LaTeX Warning: Reference `lem:isIso_appLE_of_le_opensRange' on page 218 undefin
ed on input line 5047.


Overfull \hbox (7.61166pt too wide) in paragraph at lines 5051--5051
[]\TU/lmr/bx/n/14.4 De-com-po-si-tion of the Čech Pi-card group along a clopen
 []


LaTeX Warning: Reference `sec:etaleSeparatedness' on page 218 undefined on inpu
t line 5059.


LaTeX Warning: Reference `def:unitsPreimageEquiv' on page 218 undefined on inpu
t line 5065.


LaTeX Warning: Reference `lem:subsingleton_units_empty' on page 218 undefined o
n input line 5065.


LaTeX Warning: Reference `cor:cechPic_mk_injective' on page 218 undefined on in
put line 5065.


LaTeX Warning: Reference `lem:units_separation' on page 218 undefined on input 
line 5072.


LaTeX Warning: Reference `lem:units_gluing' on page 218 undefined on input line
 5072.


LaTeX Warning: Reference `cor:cechPic_mk_injective' on page 218 undefined on in
put line 5084.

[218]

LaTeX Warning: Reference `def:unitsPreimageEquiv' on page 219 undefined on inpu
t line 5093.


LaTeX Warning: Reference `def:unitsPreimageEquiv' on page 219 undefined on inpu
t line 5103.


LaTeX Warning: Reference `lem:subsingleton_units_empty' on page 219 undefined o
n input line 5107.


LaTeX Warning: Reference `lem:units_separation' on page 219 undefined on input 
line 5109.


LaTeX Warning: Reference `lem:units_gluing' on page 219 undefined on input line
 5109.


LaTeX Warning: Reference `def:unitsPreimageEquiv' on page 219 undefined on inpu
t line 5119.


LaTeX Warning: Reference `lem:subsingleton_units_empty' on page 219 undefined o
n input line 5119.


LaTeX Warning: Reference `def:unitsPreimageEquiv' on page 219 undefined on inpu
t line 5138.


LaTeX Warning: Reference `lem:subsingleton_units_empty' on page 219 undefined o
n input line 5142.


LaTeX Warning: Reference `thm:cechPic_extendClass' on page 219 undefined on inp
ut line 5159.


LaTeX Warning: Reference `thm:cechPic_extendClass' on page 219 undefined on inp
ut line 5170.


LaTeX Warning: Reference `thm:cechPic_extendClass' on page 219 undefined on inp
ut line 5175.

[219]

LaTeX Warning: Reference `thm:isPullback_whiskerLeft_snd' on page 220 undefined
 on input line 5192.


LaTeX Warning: Reference `thm:isPullback_whiskerLeft_snd' on page 220 undefined
 on input line 5207.


LaTeX Warning: Reference `lem:isLocalization_away_piFactor' on page 220 undefin
ed on input line 5233.


LaTeX Warning: Reference `def:overSpecMap' on page 220 undefined on input line 
5233.


LaTeX Warning: Reference `lem:isLocalization_away_piFactor' on page 220 undefin
ed on input line 5242.


LaTeX Warning: Reference `thm:cechPic_clopen_separation' on page 220 undefined 
on input line 5254.


LaTeX Warning: Reference `thm:cechPic_clopen_gluing' on page 220 undefined on i
nput line 5254.


LaTeX Warning: Reference `lem:range_whiskerLeft' on page 220 undefined on input
 line 5254.


LaTeX Warning: Reference `lem:opensRange_eval_clopen' on page 220 undefined on 
input line 5254.


LaTeX Warning: Reference `def:relPicAlgMap' on page 220 undefined on input line
 5254.


LaTeX Warning: Reference `lem:snd_left_naturality' on page 220 undefined on inp
ut line 5254.


LaTeX Warning: Reference `thm:cechPic_clopen_gluing' on page 220 undefined on i
nput line 5269.


LaTeX Warning: Reference `lem:opensRange_eval_clopen' on page 220 undefined on 
input line 5270.


LaTeX Warning: Reference `lem:range_whiskerLeft' on page 220 undefined on input
 line 5276.


LaTeX Warning: Reference `lem:opensRange_eval_clopen' on page 220 undefined on 
input line 5277.


LaTeX Warning: Reference `thm:cechPic_clopen_separation' on page 220 undefined 
on input line 5278.


LaTeX Warning: Reference `lem:snd_left_naturality' on page 220 undefined on inp
ut line 5280.

[220]

LaTeX Warning: Reference `thm:cechPic_clopen_gluing' on page 221 undefined on i
nput line 5294.


LaTeX Warning: Reference `lem:range_whiskerLeft' on page 221 undefined on input
 line 5294.


LaTeX Warning: Reference `lem:opensRange_eval_clopen' on page 221 undefined on 
input line 5294.


LaTeX Warning: Reference `def:relPicAlgMap' on page 221 undefined on input line
 5294.


LaTeX Warning: Reference `lem:range_whiskerLeft' on page 221 undefined on input
 line 5306.


LaTeX Warning: Reference `lem:opensRange_eval_clopen' on page 221 undefined on 
input line 5307.


LaTeX Warning: Reference `thm:cechPic_clopen_gluing' on page 221 undefined on i
nput line 5308.


LaTeX Warning: Reference `thm:PicEtAff_mk_eq_mk_iff' on page 221 undefined on i
nput line 5326.


LaTeX Warning: Reference `def:PicEtAff_map' on page 221 undefined on input line
 5326.


LaTeX Warning: Reference `def:etale_cover_baseChange' on page 221 undefined on 
input line 5326.


LaTeX Warning: Reference `def:etale_cover_baseChangeInclude' on page 221 undefi
ned on input line 5326.


LaTeX Warning: Reference `def:relPicAlgMap' on page 221 undefined on input line
 5326.


LaTeX Warning: Reference `lem:relPicAlgMap_functor' on page 221 undefined on in
put line 5326.


LaTeX Warning: Reference `def:PicEtAff_map' on page 221 undefined on input line
 5341.


LaTeX Warning: Reference `def:etale_cover_baseChange' on page 221 undefined on 
input line 5342.


LaTeX Warning: Reference `def:etale_cover_baseChangeInclude' on page 221 undefi
ned on input line 5343.


LaTeX Warning: Reference `thm:PicEtAff_mk_eq_mk_iff' on page 221 undefined on i
nput line 5345.


LaTeX Warning: Reference `lem:relPicAlgMap_functor' on page 221 undefined on in
put line 5350.


LaTeX Warning: Reference `def:etale_cover_of' on page 221 undefined on input li
ne 5357.


LaTeX Warning: Reference `lem:etale_cover_ofEquiv' on page 221 undefined on inp
ut line 5357.


LaTeX Warning: Reference `def:etale_cover' on page 221 undefined on input line 
5357.


LaTeX Warning: Reference `def:etale_cover_of' on page 221 undefined on input li
ne 5370.


LaTeX Warning: Reference `lem:etale_cover_ofEquiv' on page 221 undefined on inp
ut line 5371.


LaTeX Warning: Reference `def:etale_cover' on page 221 undefined on input line 
5374.

[221]

LaTeX Warning: Reference `thm:relPic_pi_separation' on page 222 undefined on in
put line 5383.


LaTeX Warning: Reference `thm:PicEtAff_exists_relPicAlgMap_eq' on page 222 unde
fined on input line 5383.


LaTeX Warning: Reference `thm:PicEtAff_exists_etaleCover_pi' on page 222 undefi
ned on input line 5383.


LaTeX Warning: Reference `lem:PicEtAff_ind' on page 222 undefined on input line
 5383.


LaTeX Warning: Reference `thm:PicEtAff_mk_one' on page 222 undefined on input l
ine 5383.


LaTeX Warning: Reference `def:PicEtAff_map' on page 222 undefined on input line
 5383.


LaTeX Warning: Reference `lem:PicEtAff_ind' on page 222 undefined on input line
 5392.


LaTeX Warning: Reference `thm:PicEtAff_exists_relPicAlgMap_eq' on page 222 unde
fined on input line 5394.


LaTeX Warning: Reference `thm:PicEtAff_exists_etaleCover_pi' on page 222 undefi
ned on input line 5398.


LaTeX Warning: Reference `thm:relPic_pi_separation' on page 222 undefined on in
put line 5401.


LaTeX Warning: Reference `thm:PicEtAff_mk_one' on page 222 undefined on input l
ine 5404.


LaTeX Warning: Reference `def:PicEtAff_unit' on page 222 undefined on input lin
e 5417.


LaTeX Warning: Reference `lem:PicEtAff_tautological_mem_descentClasses' on page
 222 undefined on input line 5417.


LaTeX Warning: Reference `def:PicEtAff_mk' on page 222 undefined on input line 
5417.


LaTeX Warning: Reference `def:descentMap' on page 222 undefined on input line 5
417.


LaTeX Warning: Reference `lem:PicEtAff_mk_descentMap' on page 222 undefined on 
input line 5417.


LaTeX Warning: Reference `def:etale_cover_fromSelf' on page 222 undefined on in
put line 5417.


LaTeX Warning: Reference `def:relPicAlgMap' on page 222 undefined on input line
 5417.


LaTeX Warning: Reference `def:PicEtAff_unit' on page 222 undefined on input lin
e 5428.


LaTeX Warning: Reference `lem:PicEtAff_tautological_mem_descentClasses' on page
 222 undefined on input line 5430.


LaTeX Warning: Reference `def:etale_cover_fromSelf' on page 222 undefined on in
put line 5431.


LaTeX Warning: Reference `def:relPicAlgMap' on page 222 undefined on input line
 5435.


LaTeX Warning: Reference `lem:PicEtAff_mk_descentMap' on page 222 undefined on 
input line 5436.


LaTeX Warning: Reference `thm:PicEtAff_unit_injective' on page 222 undefined on
 input line 5444.


LaTeX Warning: Reference `thm:PicEtAff_unit_eq_mk' on page 222 undefined on inp
ut line 5444.


LaTeX Warning: Reference `def:relPicAlgMap' on page 222 undefined on input line
 5444.


LaTeX Warning: Reference `def:PicEtAff_mk' on page 222 undefined on input line 
5444.


LaTeX Warning: Reference `thm:PicEtAff_unit_injective' on page 222 undefined on
 input line 5454.


LaTeX Warning: Reference `thm:PicEtAff_unit_eq_mk' on page 222 undefined on inp
ut line 5455.

[222]

LaTeX Warning: Reference `thm:relPicAlgMap_injective_of_etaleCover' on page 223
 undefined on input line 5472.


LaTeX Warning: Reference `thm:PicEtAff_exists_relPicAlgMap_eq' on page 223 unde
fined on input line 5472.


LaTeX Warning: Reference `thm:relPicAlgMap_congr' on page 223 undefined on inpu
t line 5472.


LaTeX Warning: Reference `def:etale_cover_baseChange' on page 223 undefined on 
input line 5472.


LaTeX Warning: Reference `def:relPicAlgMap' on page 223 undefined on input line
 5472.


LaTeX Warning: Reference `thm:PicEtAff_exists_relPicAlgMap_eq' on page 223 unde
fined on input line 5489.


LaTeX Warning: Reference `def:etale_cover_baseChange' on page 223 undefined on 
input line 5499.


LaTeX Warning: Reference `thm:relPicAlgMap_injective_of_etaleCover' on page 223
 undefined on input line 5500.


LaTeX Warning: Reference `thm:relPicAlgMap_congr' on page 223 undefined on inpu
t line 5509.


LaTeX Warning: Reference `def:relPicAlgMap' on page 223 undefined on input line
 5525.


LaTeX Warning: Reference `lem:relPicAlgMap_functor' on page 223 undefined on in
put line 5525.


LaTeX Warning: Reference `lem:relPicAlgMap_functor' on page 223 undefined on in
put line 5534.


LaTeX Warning: Reference `thm:PicEtAff_mk_eq_mk_iff' on page 223 undefined on i
nput line 5542.


LaTeX Warning: Reference `def:PicEtAff_map' on page 223 undefined on input line
 5542.


LaTeX Warning: Reference `def:PicEtAff_mapAlg' on page 223 undefined on input l
ine 5542.


LaTeX Warning: Reference `def:etale_cover_baseChange' on page 223 undefined on 
input line 5542.


LaTeX Warning: Reference `def:relPicAlgMap' on page 223 undefined on input line
 5542.

[223]

LaTeX Warning: Reference `def:PicEtAff_map' on page 224 undefined on input line
 5553.


LaTeX Warning: Reference `def:etale_cover_baseChange' on page 224 undefined on 
input line 5554.


LaTeX Warning: Reference `thm:PicEtAff_mk_eq_mk_iff' on page 224 undefined on i
nput line 5556.


LaTeX Warning: Reference `def:relPicAlgMap' on page 224 undefined on input line
 5559.


LaTeX Warning: Reference `thm:PicEtAff_pair_condition' on page 224 undefined on
 input line 5568.


LaTeX Warning: Reference `thm:PicEtAff_exists_etaleCover_pi' on page 224 undefi
ned on input line 5568.


LaTeX Warning: Reference `thm:relPic_pi_gluing' on page 224 undefined on input 
line 5568.


LaTeX Warning: Reference `thm:relPic_pi_separation' on page 224 undefined on in
put line 5568.


LaTeX Warning: Reference `lem:PicEtAff_mapAlg_mk_eq_mk' on page 224 undefined o
n input line 5568.


LaTeX Warning: Reference `lem:relPicAlgMap_algEquiv_injective' on page 224 unde
fined on input line 5568.


LaTeX Warning: Reference `lem:PicEtAff_ind' on page 224 undefined on input line
 5568.


LaTeX Warning: Reference `thm:PicEtAff_eq_of_away_eq' on page 224 undefined on 
input line 5575.


LaTeX Warning: Reference `lem:PicEtAff_ind' on page 224 undefined on input line
 5580.


LaTeX Warning: Reference `thm:PicEtAff_pair_condition' on page 224 undefined on
 input line 5582.


LaTeX Warning: Reference `thm:relPic_pi_gluing' on page 224 undefined on input 
line 5584.


LaTeX Warning: Reference `thm:PicEtAff_exists_etaleCover_pi' on page 224 undefi
ned on input line 5586.


LaTeX Warning: Reference `lem:relPicAlgMap_algEquiv_injective' on page 224 unde
fined on input line 5593.


LaTeX Warning: Reference `thm:relPic_pi_separation' on page 224 undefined on in
put line 5594.


LaTeX Warning: Reference `lem:PicEtAff_mapAlg_mk_eq_mk' on page 224 undefined o
n input line 5602.


Overfull \hbox (1.38367pt too wide) in paragraph at lines 5605--5605
[]\TU/lmr/bx/n/14.4 The étale-sheafified rel-a-tive Pi-card func-tor: the affin
e-
 []


LaTeX Warning: Reference `def:PicEtAff_map' on page 224 undefined on input line
 5617.


LaTeX Warning: Reference `thm:PicEtAff_map_map' on page 224 undefined on input 
line 5617.


LaTeX Warning: Reference `thm:PicEtAff_map_id' on page 224 undefined on input l
ine 5617.


LaTeX Warning: Reference `def:PicEtAff_map' on page 224 undefined on input line
 5626.


LaTeX Warning: Reference `thm:PicEtAff_map_map' on page 224 undefined on input 
line 5628.


LaTeX Warning: Reference `thm:PicEtAff_map_id' on page 224 undefined on input l
ine 5629.

[224]
Overfull \hbox (29.94131pt too wide) in paragraph at lines 5636--5640
\TU/lmr/m/n/10 tions of the affine test $[] \TU/latinmodern-math.otf(1)/m/n/10 
𝐴$ \TU/lmr/m/n/10 over its top open are iden-ti-fied with $\TU/latinmodern-m
ath.otf(1)/m/n/10 𝐴$ \TU/lmr/m/n/10 as a $\TU/latinmodern-math.otf(1)/m/n/10
 𝑘$\TU/lmr/m/n/10 -algebra: $\TU/latinmodern-math.otf(1)/m/n/10 Γ(([] 𝐴)[], 
⊤) []
 []


LaTeX Warning: Reference `def:PicEtAff' on page 225 undefined on input line 565
2.


LaTeX Warning: Reference `def:PicEtAff_map' on page 225 undefined on input line
 5652.


LaTeX Warning: Reference `def:PicEtAff_map' on page 225 undefined on input line
 5659.


LaTeX Warning: Reference `def:picEtAffineEquiv' on page 225 undefined on input 
line 5663.


LaTeX Warning: Reference `def:PicEtAff_map' on page 225 undefined on input line
 5672.


LaTeX Warning: Reference `def:picEt' on page 225 undefined on input line 5679.


LaTeX Warning: Reference `def:PicEtAff_congr' on page 225 undefined on input li
ne 5679.


LaTeX Warning: Reference `def:overSpecGammaTop' on page 225 undefined on input 
line 5679.


LaTeX Warning: Reference `def:PicEtAff_map' on page 225 undefined on input line
 5679.


LaTeX Warning: Reference `def:overSpecGammaTop' on page 225 undefined on input 
line 5686.


LaTeX Warning: Reference `def:overSpecGammaTop' on page 225 undefined on input 
line 5693.


LaTeX Warning: Reference `def:PicEtAff_congr' on page 225 undefined on input li
ne 5693.


LaTeX Warning: Reference `def:PicEtAff_map' on page 225 undefined on input line
 5695.

[225]

LaTeX Warning: Reference `thm:PicEtAff_eq_of_away_eq' on page 226 undefined on 
input line 5734.


LaTeX Warning: Reference `thm:PicEtAff_eq_of_away_eq' on page 226 undefined on 
input line 5744.


LaTeX Warning: Reference `def:picEt' on page 226 undefined on input line 5751.


LaTeX Warning: Reference `def:PicEtAff_map' on page 226 undefined on input line
 5751.


LaTeX Warning: Reference `def:PicEtAff_map' on page 226 undefined on input line
 5759.


LaTeX Warning: Reference `thm:picEt_eq_of_basic_eq' on page 226 undefined on in
put line 5765.


LaTeX Warning: Reference `thm:exists_basic_subcover' on page 226 undefined on i
nput line 5765.


LaTeX Warning: Reference `def:picEt' on page 226 undefined on input line 5765.


LaTeX Warning: Reference `thm:exists_basic_subcover' on page 226 undefined on i
nput line 5777.


LaTeX Warning: Reference `thm:picEt_eq_of_basic_eq' on page 226 undefined on in
put line 5782.


LaTeX Warning: Reference `def:picEt_IsPullbackValue' on page 226 undefined on i
nput line 5788.


LaTeX Warning: Reference `thm:picEt_eq_of_basic_eq' on page 226 undefined on in
put line 5788.


LaTeX Warning: Reference `thm:exists_basic_subcover' on page 226 undefined on i
nput line 5788.


LaTeX Warning: Reference `thm:exists_basic_subcover' on page 226 undefined on i
nput line 5798.


LaTeX Warning: Reference `def:picEt_IsPullbackValue' on page 226 undefined on i
nput line 5800.


LaTeX Warning: Reference `thm:picEt_eq_of_basic_eq' on page 226 undefined on in
put line 5801.


LaTeX Warning: Reference `def:picEt_IsPullbackValue' on page 226 undefined on i
nput line 5810.


LaTeX Warning: Reference `thm:PicEtAff_exists_mapAlg_eq_of_compat' on page 226 
undefined on input line 5810.


LaTeX Warning: Reference `thm:picEt_eq_of_basic_eq' on page 226 undefined on in
put line 5810.


LaTeX Warning: Reference `thm:exists_basic_subcover' on page 226 undefined on i
nput line 5810.


LaTeX Warning: Reference `thm:picEt_mapAlg_appLE_eq' on page 226 undefined on i
nput line 5810.


LaTeX Warning: Reference `thm:picEt_pullbackValue_unique' on page 226 undefined
 on input line 5810.


LaTeX Warning: Reference `thm:exists_basic_subcover' on page 226 undefined on i
nput line 5818.


LaTeX Warning: Reference `thm:picEt_mapAlg_appLE_eq' on page 226 undefined on i
nput line 5824.


LaTeX Warning: Reference `thm:PicEtAff_exists_mapAlg_eq_of_compat' on page 226 
undefined on input line 5827.

[226]

LaTeX Warning: Reference `thm:exists_basic_subcover' on page 227 undefined on i
nput line 5832.


LaTeX Warning: Reference `thm:picEt_mapAlg_appLE_eq' on page 227 undefined on i
nput line 5834.


LaTeX Warning: Reference `thm:picEt_eq_of_basic_eq' on page 227 undefined on in
put line 5835.


LaTeX Warning: Reference `thm:picEt_pullbackValue_unique' on page 227 undefined
 on input line 5836.


LaTeX Warning: Reference `thm:picEt_exists_isPullbackValue' on page 227 undefin
ed on input line 5842.


LaTeX Warning: Reference `def:picEt' on page 227 undefined on input line 5842.


LaTeX Warning: Reference `thm:picEt_exists_isPullbackValue' on page 227 undefin
ed on input line 5847.


LaTeX Warning: Reference `def:picEtMap' on page 227 undefined on input line 586
4.


LaTeX Warning: Reference `thm:picEt_exists_isPullbackValue' on page 227 undefin
ed on input line 5864.


LaTeX Warning: Reference `thm:exists_basic_subcover' on page 227 undefined on i
nput line 5864.


LaTeX Warning: Reference `thm:picEt_eq_of_basic_eq' on page 227 undefined on in
put line 5864.


LaTeX Warning: Reference `def:picEt' on page 227 undefined on input line 5864.


LaTeX Warning: Reference `thm:picEt_exists_isPullbackValue' on page 227 undefin
ed on input line 5875.


LaTeX Warning: Reference `thm:exists_basic_subcover' on page 227 undefined on i
nput line 5883.


LaTeX Warning: Reference `thm:picEt_eq_of_basic_eq' on page 227 undefined on in
put line 5887.


LaTeX Warning: Reference `def:picEt' on page 227 undefined on input line 5894.


LaTeX Warning: Reference `def:picEtMap' on page 227 undefined on input line 589
4.


LaTeX Warning: Reference `thm:picEtMap_functor_laws' on page 227 undefined on i
nput line 5894.


LaTeX Warning: Reference `def:picEt' on page 227 undefined on input line 5902.


LaTeX Warning: Reference `def:picEtMap' on page 227 undefined on input line 590
3.


LaTeX Warning: Reference `def:picEt' on page 227 undefined on input line 5907.


LaTeX Warning: Reference `def:picEtMap' on page 227 undefined on input line 590
8.


LaTeX Warning: Reference `thm:picEtMap_functor_laws' on page 227 undefined on i
nput line 5909.


LaTeX Warning: Reference `def:picEtAffineEquiv' on page 227 undefined on input 
line 5916.


LaTeX Warning: Reference `def:picEtMap' on page 227 undefined on input line 591
6.


LaTeX Warning: Reference `def:PicEtAff_map' on page 227 undefined on input line
 5916.


LaTeX Warning: Reference `def:overSpecGammaTop' on page 227 undefined on input 
line 5916.


LaTeX Warning: Reference `thm:picEt_exists_isPullbackValue' on page 227 undefin
ed on input line 5916.


LaTeX Warning: Reference `def:picEtAffineEquiv' on page 227 undefined on input 
line 5921.

[227]

LaTeX Warning: Reference `thm:picEt_exists_isPullbackValue' on page 228 undefin
ed on input line 5928.


LaTeX Warning: Reference `def:overSpecGammaTop' on page 228 undefined on input 
line 5930.


LaTeX Warning: Reference `def:picEtAffineEquiv' on page 228 undefined on input 
line 5932.


LaTeX Warning: Reference `def:PicEtAff_map' on page 228 undefined on input line
 5933.


LaTeX Warning: Reference `def:picEt' on page 228 undefined on input line 5939.


LaTeX Warning: Reference `thm:picEt_eq_of_basic_eq' on page 228 undefined on in
put line 5939.


LaTeX Warning: Reference `thm:exists_basic_subcover' on page 228 undefined on i
nput line 5939.


LaTeX Warning: Reference `thm:exists_basic_subcover' on page 228 undefined on i
nput line 5950.


LaTeX Warning: Reference `thm:picEt_eq_of_basic_eq' on page 228 undefined on in
put line 5954.


LaTeX Warning: Reference `def:sectionOfPoint' on page 228 undefined on input li
ne 5995.


LaTeX Warning: Reference `def:sectionOfPoint' on page 228 undefined on input li
ne 6012.


LaTeX Warning: Reference `thm:isIso_appLE_snd' on page 228 undefined on input l
ine 6012.

[228]

LaTeX Warning: Reference `thm:isIso_appLE_snd' on page 229 undefined on input l
ine 6032.


LaTeX Warning: Reference `def:sectionOfPoint' on page 229 undefined on input li
ne 6035.


LaTeX Warning: Reference `def:sectionOfPoint' on page 229 undefined on input li
ne 6047.


LaTeX Warning: Reference `def:sectionOfPoint' on page 229 undefined on input li
ne 6060.


LaTeX Warning: Reference `def:isRigidified' on page 229 undefined on input line
 6067.


LaTeX Warning: Reference `def:sectionOfPoint' on page 229 undefined on input li
ne 6067.


LaTeX Warning: Reference `def:sectionOfPoint' on page 229 undefined on input li
ne 6076.


Package amsthm Warning: The \qedhere command may not work correctly here on inp
ut line 6082.


LaTeX Warning: Reference `def:isRigidified' on page 229 undefined on input line
 6090.


LaTeX Warning: Reference `lem:cechPicMap_sectionOfPoint_snd' on page 229 undefi
ned on input line 6090.


LaTeX Warning: Reference `def:relPic' on page 229 undefined on input line 6090.



LaTeX Warning: Reference `def:relPic' on page 229 undefined on input line 6102.



LaTeX Warning: Reference `lem:cechPicMap_sectionOfPoint_snd' on page 229 undefi
ned on input line 6104.


LaTeX Warning: Reference `def:isRigidified' on page 229 undefined on input line
 6116.


LaTeX Warning: Reference `def:relPic' on page 229 undefined on input line 6116.



LaTeX Warning: Reference `lem:cechPicMap_sectionOfPoint_snd' on page 229 undefi
ned on input line 6116.


LaTeX Warning: Reference `def:relPic' on page 229 undefined on input line 6126.


[229]

LaTeX Warning: Reference `lem:cechPicMap_sectionOfPoint_snd' on page 230 undefi
ned on input line 6132.


LaTeX Warning: Reference `def:isRigidified' on page 230 undefined on input line
 6141.


LaTeX Warning: Reference `thm:relPicAlgMap_congr' on page 230 undefined on inpu
t line 6141.


LaTeX Warning: Reference `thm:isRigidified_eq_of_relPicMk_eq' on page 230 undef
ined on input line 6141.


LaTeX Warning: Reference `lem:isRigidified_cechPicMap' on page 230 undefined on
 input line 6141.


LaTeX Warning: Reference `def:descentClasses' on page 230 undefined on input li
ne 6141.


LaTeX Warning: Reference `def:relPicMap' on page 230 undefined on input line 61
41.


LaTeX Warning: Reference `def:overSpecMap' on page 230 undefined on input line 
6141.


LaTeX Warning: Reference `thm:relPicAlgMap_congr' on page 230 undefined on inpu
t line 6157.


LaTeX Warning: Reference `lem:isRigidified_cechPicMap' on page 230 undefined on
 input line 6162.


LaTeX Warning: Reference `thm:isRigidified_eq_of_relPicMk_eq' on page 230 undef
ined on input line 6163.


LaTeX Warning: Reference `thm:isRigidified_cechPicMap_congr' on page 230 undefi
ned on input line 6170.


LaTeX Warning: Reference `def:doubleInl_doubleInr' on page 230 undefined on inp
ut line 6170.


LaTeX Warning: Reference `thm:isRigidified_cechPicMap_congr' on page 230 undefi
ned on input line 6173.


LaTeX Warning: Reference `def:doubleInl_doubleInr' on page 230 undefined on inp
ut line 6183.


LaTeX Warning: Reference `thm:isRigidified_cechPicMap_congr' on page 230 undefi
ned on input line 6185.


LaTeX Warning: Reference `def:tensorInl_tensorInr' on page 230 undefined on inp
ut line 6195.


LaTeX Warning: Reference `def:tensorFaces' on page 230 undefined on input line 
6197.


LaTeX Warning: Reference `def:sectionOfPoint' on page 230 undefined on input li
ne 6198.


LaTeX Warning: Reference `sec:cochainPullback' on page 230 undefined on input l
ine 6201.


LaTeX Warning: Reference `def:sectionOfPoint' on page 230 undefined on input li
ne 6214.


LaTeX Warning: Reference `def:overSpecMap' on page 230 undefined on input line 
6214.


LaTeX Warning: Reference `def:tensorInl_tensorInr' on page 230 undefined on inp
ut line 6214.


LaTeX Warning: Reference `def:tensorFaces' on page 230 undefined on input line 
6214.

[230]

LaTeX Warning: Reference `def:sectionOfPoint' on page 231 undefined on input li
ne 6226.


LaTeX Warning: Reference `def:tensorInl_tensorInr' on page 231 undefined on inp
ut line 6229.


LaTeX Warning: Reference `def:tensorFaces' on page 231 undefined on input line 
6229.


LaTeX Warning: Reference `def:sectionOfPoint' on page 231 undefined on input li
ne 6233.


LaTeX Warning: Reference `lem:unitsAppLE_coboundary_rel' on page 231 undefined 
on input line 6253.


LaTeX Warning: Reference `lem:unitsAppLE_coboundary_rel' on page 231 undefined 
on input line 6266.


LaTeX Warning: Reference `lem:unitsAppLE_trivializing_rel' on page 231 undefine
d on input line 6266.


LaTeX Warning: Reference `lem:unitsAppLE_congr_hom' on page 231 undefined on in
put line 6266.


LaTeX Warning: Reference `lem:unitsAppLE_coboundary_rel' on page 231 undefined 
on input line 6271.


LaTeX Warning: Reference `lem:unitsAppLE_trivializing_rel' on page 231 undefine
d on input line 6272.


LaTeX Warning: Reference `lem:unitsAppLE_coboundary_rel' on page 231 undefined 
on input line 6283.


LaTeX Warning: Reference `lem:unitsAppLE_trivializing_rel' on page 231 undefine
d on input line 6284.


LaTeX Warning: Reference `lem:unitsAppLE_congr_hom' on page 231 undefined on in
put line 6286.


LaTeX Warning: Reference `def:sectionOfPoint' on page 231 undefined on input li
ne 6296.


Overfull \hbox (48.81459pt too wide) detected at line 6303
\TU/latinmodern-math.otf(1)/m/n/10 𝒲[]𝑠[],  []𝑞[], 𝑞[][]𝒩[]𝑠[
].
 []


LaTeX Warning: Reference `def:sectionOfPoint' on page 231 undefined on input li
ne 6311.


LaTeX Warning: Reference `def:isRigidified' on page 231 undefined on input line
 6311.


LaTeX Warning: Reference `def:normalizationCover' on page 231 undefined on inpu
t line 6311.


LaTeX Warning: Reference `def:isRigidified' on page 231 undefined on input line
 6318.

[231]

LaTeX Warning: Reference `def:normalizationCover' on page 232 undefined on inpu
t line 6326.


LaTeX Warning: Reference `def:normalizationCover' on page 232 undefined on inpu
t line 6340.


LaTeX Warning: Reference `lem:sectionSquares' on page 232 undefined on input li
ne 6340.


LaTeX Warning: Reference `lem:unitsAppLE_trivializing_ratio_compat' on page 232
 undefined on input line 6340.


LaTeX Warning: Reference `thm:exists_global_unit_of_compatible' on page 232 und
efined on input line 6340.


LaTeX Warning: Reference `lem:unitsAppLE_trivializing_ratio_compat' on page 232
 undefined on input line 6353.


LaTeX Warning: Reference `lem:sectionSquares' on page 232 undefined on input li
ne 6357.


LaTeX Warning: Reference `thm:exists_global_unit_of_compatible' on page 232 und
efined on input line 6358.


LaTeX Warning: Reference `def:isRigidified' on page 232 undefined on input line
 6367.


LaTeX Warning: Reference `def:normalizedCechComparison' on page 232 undefined o
n input line 6367.


LaTeX Warning: Reference `thm:exists_glued_sigmaDefect' on page 232 undefined o
n input line 6367.


LaTeX Warning: Reference `lem:sectionSquares' on page 232 undefined on input li
ne 6367.


LaTeX Warning: Reference `cor:cechPic_mk_eq_one' on page 232 undefined on input
 line 6367.


LaTeX Warning: Reference `thm:isRigidified_cechPicMap_doubleInl_eq_doubleInr' o
n page 232 undefined on input line 6367.


LaTeX Warning: Reference `def:isRigidified' on page 232 undefined on input line
 6370.


LaTeX Warning: Reference `thm:isRigidified_cechPicMap_doubleInl_eq_doubleInr' o
n page 232 undefined on input line 6372.


LaTeX Warning: Reference `cor:cechPic_mk_eq_one' on page 232 undefined on input
 line 6378.


LaTeX Warning: Reference `thm:exists_glued_sigmaDefect' on page 232 undefined o
n input line 6383.


LaTeX Warning: Reference `lem:sectionSquares' on page 232 undefined on input li
ne 6387.


LaTeX Warning: Reference `def:normalizedCechComparison' on page 232 undefined o
n input line 6398.


LaTeX Warning: Reference `thm:unitsAppTop_sectionOfPoint_bijective' on page 232
 undefined on input line 6402.

[232]
Overfull \hbox (66.68065pt too wide) in paragraph at lines 6406--6410
[]\TU/lmr/m/n/10 Write $\TU/latinmodern-math.otf(1)/m/n/10 𝑋[]$ \TU/lmr/m/n/
10 for the curve over the triple base. Its three tensor-slot \TU/lmr/m/it/10 in-
ser-tions $\TU/latinmodern-math.otf(1)/m/n/10 𝑣[], 𝑣[], 𝑣[] [] [] 
𝑋[] →
 []


LaTeX Warning: Reference `def:amitsurCover' on page 233 undefined on input line
 6415.


LaTeX Warning: Reference `def:tensorInl_tensorInr' on page 233 undefined on inp
ut line 6415.


LaTeX Warning: Reference `def:tensorFaces' on page 233 undefined on input line 
6415.


LaTeX Warning: Reference `def:amitsurCover' on page 233 undefined on input line
 6423.


LaTeX Warning: Reference `def:tensorFaces' on page 233 undefined on input line 
6436.


LaTeX Warning: Reference `def:tensorInl_tensorInr' on page 233 undefined on inp
ut line 6438.


LaTeX Warning: Reference `def:amitsurProductCover' on page 233 undefined on inp
ut line 6446.


LaTeX Warning: Reference `def:normalizedCechComparison' on page 233 undefined o
n input line 6446.


LaTeX Warning: Reference `thm:exists_global_unit_of_compatible' on page 233 und
efined on input line 6446.


LaTeX Warning: Reference `def:amitsurProductCover' on page 233 undefined on inp
ut line 6463.


LaTeX Warning: Reference `thm:exists_global_unit_of_compatible' on page 233 und
efined on input line 6470.


LaTeX Warning: Reference `def:normalizedCechComparison' on page 233 undefined o
n input line 6477.


LaTeX Warning: Reference `thm:exists_glued_productDefect' on page 233 undefined
 on input line 6477.


LaTeX Warning: Reference `lem:sectionSquares' on page 233 undefined on input li
ne 6477.


LaTeX Warning: Reference `thm:unitsAppTop_sectionOfPoint_bijective' on page 233
 undefined on input line 6477.


LaTeX Warning: Reference `def:module_descent_cocycle' on page 233 undefined on 
input line 6477.


LaTeX Warning: Reference `def:module_descent_cocycle' on page 233 undefined on 
input line 6486.

[233]

LaTeX Warning: Reference `thm:exists_glued_productDefect' on page 234 undefined
 on input line 6493.


LaTeX Warning: Reference `lem:sectionSquares' on page 234 undefined on input li
ne 6496.


LaTeX Warning: Reference `thm:unitsAppTop_sectionOfPoint_bijective' on page 234
 undefined on input line 6504.


LaTeX Warning: Reference `def:normalizedCechComparison' on page 234 undefined o
n input line 6514.


LaTeX Warning: Reference `thm:exists_global_unit_of_compatible' on page 234 und
efined on input line 6514.


LaTeX Warning: Reference `thm:unitsAppTop_sectionOfPoint_bijective' on page 234
 undefined on input line 6514.


LaTeX Warning: Reference `thm:exists_global_unit_of_compatible' on page 234 und
efined on input line 6528.


LaTeX Warning: Reference `thm:unitsAppTop_sectionOfPoint_bijective' on page 234
 undefined on input line 6531.


LaTeX Warning: Reference `def:normalizedCechComparison' on page 234 undefined o
n input line 6541.


LaTeX Warning: Reference `def:tensorInl_tensorInr' on page 234 undefined on inp
ut line 6541.


LaTeX Warning: Reference `thm:exists_global_unit_of_compatible' on page 234 und
efined on input line 6541.


LaTeX Warning: Reference `thm:exists_global_unit_of_compatible' on page 234 und
efined on input line 6557.


LaTeX Warning: Reference `def:normalizedCechComparison' on page 234 undefined o
n input line 6564.


LaTeX Warning: Reference `thm:exists_glued_diagonalSeed' on page 234 undefined 
on input line 6564.


LaTeX Warning: Reference `lem:sectionSquares' on page 234 undefined on input li
ne 6564.


LaTeX Warning: Reference `thm:unitsAppTop_sectionOfPoint_bijective' on page 234
 undefined on input line 6564.


LaTeX Warning: Reference `thm:exists_glued_diagonalSeed' on page 234 undefined 
on input line 6575.


LaTeX Warning: Reference `lem:sectionSquares' on page 234 undefined on input li
ne 6577.


LaTeX Warning: Reference `thm:exists_glued_diagonalSeed' on page 234 undefined 
on input line 6581.


LaTeX Warning: Reference `thm:unitsAppTop_sectionOfPoint_bijective' on page 234
 undefined on input line 6582.

[234]

LaTeX Warning: Reference `def:pieceAlgEquiv' on page 235 undefined on input lin
e 6591.


LaTeX Warning: Reference `def:module_descent_cocycle' on page 235 undefined on 
input line 6601.


LaTeX Warning: Reference `def:module_descent_cocycle' on page 235 undefined on 
input line 6604.


LaTeX Warning: Reference `def:pieceDescentEquiv' on page 235 undefined on input
 line 6629.


LaTeX Warning: Reference `def:module_descent_cocycle' on page 235 undefined on 
input line 6629.


LaTeX Warning: Reference `def:pieceDescentEquiv' on page 235 undefined on input
 line 6631.


LaTeX Warning: Reference `def:pieceDescentEquiv' on page 235 undefined on input
 line 6641.


LaTeX Warning: Reference `def:pieceDescentEquiv' on page 235 undefined on input
 line 6647.


LaTeX Warning: Reference `lem:pieceDescentEquiv_faces' on page 235 undefined on
 input line 6647.


LaTeX Warning: Reference `def:module_descent_cocycle' on page 235 undefined on 
input line 6647.


LaTeX Warning: Reference `def:pieceDescentEquiv' on page 235 undefined on input
 line 6657.


LaTeX Warning: Reference `def:module_descent_cocycle' on page 235 undefined on 
input line 6658.


LaTeX Warning: Reference `lem:pieceDescentEquiv_faces' on page 235 undefined on
 input line 6663.


LaTeX Warning: Reference `thm:isDescentCocycle_comparisonDescentUnit' on page 2
35 undefined on input line 6675.


LaTeX Warning: Reference `def:module_picClass' on page 235 undefined on input l
ine 6675.


LaTeX Warning: Reference `def:module_descended' on page 235 undefined on input 
line 6675.


LaTeX Warning: Reference `thm:isDescentCocycle_comparisonDescentUnit' on page 2
35 undefined on input line 6678.


LaTeX Warning: Reference `def:module_picClass' on page 235 undefined on input l
ine 6679.

[235]

LaTeX Warning: Reference `def:module_picClass' on page 236 undefined on input l
ine 6687.


LaTeX Warning: Reference `def:module_descended' on page 236 undefined on input 
line 6689.


LaTeX Warning: Reference `def:pieceAlgEquiv' on page 236 undefined on input lin
e 6698.


LaTeX Warning: Reference `def:pieceDescentEquiv' on page 236 undefined on input
 line 6698.


LaTeX Warning: Reference `def:pieceAlgEquiv' on page 236 undefined on input lin
e 6710.


LaTeX Warning: Reference `def:pieceDescentEquiv' on page 236 undefined on input
 line 6711.


LaTeX Warning: Reference `def:tensorInl_tensorInr' on page 236 undefined on inp
ut line 6734.


LaTeX Warning: Reference `cor:cechPic_mk_eq_one' on page 236 undefined on input
 line 6734.


LaTeX Warning: Reference `cor:cechPic_mk_eq_one' on page 236 undefined on input
 line 6741.


LaTeX Warning: Reference `def:tensorInl_tensorInr' on page 236 undefined on inp
ut line 6750.


LaTeX Warning: Reference `thm:exists_global_unit_of_compatible' on page 236 und
efined on input line 6759.

[236]

LaTeX Warning: Reference `thm:exists_global_unit_of_compatible' on page 237 und
efined on input line 6782.


LaTeX Warning: Reference `thm:exists_glued_unitsTrivTwist' on page 237 undefine
d on input line 6791.


LaTeX Warning: Reference `def:pieceTrivialization' on page 237 undefined on inp
ut line 6791.


LaTeX Warning: Reference `def:normalizedCechComparison' on page 237 undefined o
n input line 6791.


LaTeX Warning: Reference `def:normalizedCechComparison' on page 237 undefined o
n input line 6794.


LaTeX Warning: Reference `thm:exists_glued_unitsTrivTwist' on page 237 undefine
d on input line 6805.


LaTeX Warning: Reference `def:pieceTrivialization' on page 237 undefined on inp
ut line 6810.


LaTeX Warning: Reference `def:pieceRingEquiv' on page 237 undefined on input li
ne 6823.


LaTeX Warning: Reference `def:pieceAlgEquiv' on page 237 undefined on input lin
e 6823.


LaTeX Warning: Reference `thm:pieceRingEquiv_naturality' on page 237 undefined 
on input line 6823.


LaTeX Warning: Reference `def:pieceRingEquiv' on page 237 undefined on input li
ne 6826.


LaTeX Warning: Reference `def:pieceRingEquiv' on page 237 undefined on input li
ne 6840.


LaTeX Warning: Reference `thm:pieceRingEquiv_naturality' on page 237 undefined 
on input line 6847.


LaTeX Warning: Reference `thm:pieceComparisonUnit' on page 237 undefined on inp
ut line 6854.


LaTeX Warning: Reference `thm:normalizedComparison_diagonal_eq_one' on page 237
 undefined on input line 6854.


LaTeX Warning: Reference `thm:exists_glued_diagonalSeed' on page 237 undefined 
on input line 6854.


LaTeX Warning: Reference `thm:exists_glued_diagonalSeed' on page 237 undefined 
on input line 6865.


LaTeX Warning: Reference `thm:exists_glued_unitsTrivTwist' on page 237 undefine
d on input line 6866.


LaTeX Warning: Reference `thm:normalizedComparison_diagonal_eq_one' on page 237
 undefined on input line 6870.

[237]

LaTeX Warning: Reference `thm:pieceComparisonUnit' on page 238 undefined on inp
ut line 6879.


LaTeX Warning: Reference `thm:normalizedComparison_coherent' on page 238 undefi
ned on input line 6879.


LaTeX Warning: Reference `def:amitsurProductCover' on page 238 undefined on inp
ut line 6879.


LaTeX Warning: Reference `def:amitsurProductCover' on page 238 undefined on inp
ut line 6892.


LaTeX Warning: Reference `thm:exists_glued_unitsTrivTwist' on page 238 undefine
d on input line 6893.


LaTeX Warning: Reference `thm:normalizedComparison_coherent' on page 238 undefi
ned on input line 6897.


LaTeX Warning: Reference `thm:pieceComparisonUnit' on page 238 undefined on inp
ut line 6911.


LaTeX Warning: Reference `thm:pieceRingEquiv_whiskerLeft_naturality' on page 23
8 undefined on input line 6911.


LaTeX Warning: Reference `thm:pieceComparisonUnit_diagonal_eq_one' on page 238 
undefined on input line 6911.


LaTeX Warning: Reference `thm:pieceComparisonUnit_coherent' on page 238 undefin
ed on input line 6911.


LaTeX Warning: Reference `def:pieceAlgEquiv' on page 238 undefined on input lin
e 6911.


LaTeX Warning: Reference `def:pieceDescentEquiv' on page 238 undefined on input
 line 6911.


LaTeX Warning: Reference `def:pieceAlgEquiv' on page 238 undefined on input lin
e 6915.


LaTeX Warning: Reference `thm:pieceRingEquiv_whiskerLeft_naturality' on page 23
8 undefined on input line 6928.


LaTeX Warning: Reference `thm:pieceComparisonUnit_diagonal_eq_one' on page 238 
undefined on input line 6930.


LaTeX Warning: Reference `thm:pieceComparisonUnit_coherent' on page 238 undefin
ed on input line 6933.


LaTeX Warning: Reference `def:pieceDescentEquiv' on page 238 undefined on input
 line 6934.


LaTeX Warning: Reference `thm:pieceComparisonTensorUnit' on page 238 undefined 
on input line 6942.


LaTeX Warning: Reference `thm:isDescentCocycle_comparisonDescentUnit' on page 2
38 undefined on input line 6942.


LaTeX Warning: Reference `def:comparisonDescentClass' on page 238 undefined on 
input line 6942.


LaTeX Warning: Reference `thm:pieceComparisonTensorUnit' on page 238 undefined 
on input line 6950.


LaTeX Warning: Reference `thm:pieceComparisonTensorUnit' on page 238 undefined 
on input line 6957.


LaTeX Warning: Reference `thm:isDescentCocycle_comparisonDescentUnit' on page 2
38 undefined on input line 6958.


LaTeX Warning: Reference `def:comparisonDescentClass' on page 238 undefined on 
input line 6959.


LaTeX Warning: Reference `def:pieceTrivialization' on page 238 undefined on inp
ut line 6967.


LaTeX Warning: Reference `cor:cechPic_mk_eq_one' on page 238 undefined on input
 line 6967.


LaTeX Warning: Reference `def:pieceDescentClass' on page 238 undefined on input
 line 6972.

[238]

LaTeX Warning: Reference `def:pieceTrivialization' on page 239 undefined on inp
ut line 6982.


LaTeX Warning: Reference `cor:cechPic_mk_eq_one' on page 239 undefined on input
 line 6983.


LaTeX Warning: Reference `def:comparisonDescentClass' on page 239 undefined on 
input line 6991.


LaTeX Warning: Reference `thm:isDescentCocycle_comparisonDescentUnit' on page 2
39 undefined on input line 6991.


LaTeX Warning: Reference `thm:module_descentCocycle_baseChange' on page 239 und
efined on input line 6991.


LaTeX Warning: Reference `thm:module_picClass_baseChange' on page 239 undefined
 on input line 6991.


LaTeX Warning: Reference `def:module_tensorSqBaseChange' on page 239 undefined 
on input line 6991.


LaTeX Warning: Reference `def:pieceDescentEquiv' on page 239 undefined on input
 line 6991.


Overfull \hbox (40.9576pt too wide) detected at line 6999
[][][]\TU/latinmodern-math.otf(1)/m/n/10 ([] ⊗ [])(𝑣)[]  =  [][][][][](
𝑣)[].
 []


LaTeX Warning: Reference `def:pieceDescentEquiv' on page 239 undefined on input
 line 7006.


LaTeX Warning: Reference `def:module_tensorSqBaseChange' on page 239 undefined 
on input line 7007.


LaTeX Warning: Reference `thm:isDescentCocycle_comparisonDescentUnit' on page 2
39 undefined on input line 7008.


LaTeX Warning: Reference `thm:module_descentCocycle_baseChange' on page 239 und
efined on input line 7012.


LaTeX Warning: Reference `thm:module_picClass_baseChange' on page 239 undefined
 on input line 7014.


LaTeX Warning: Reference `def:pieceDescentClass' on page 239 undefined on input
 line 7023.


LaTeX Warning: Reference `thm:comparisonDescentClass_mapAlgebra' on page 239 un
defined on input line 7023.


LaTeX Warning: Reference `thm:pieceComparisonUnit' on page 239 undefined on inp
ut line 7023.


LaTeX Warning: Reference `thm:pieceComparisonTensorUnit' on page 239 undefined 
on input line 7023.


LaTeX Warning: Reference `thm:pieceRingEquiv_naturality' on page 239 undefined 
on input line 7023.


LaTeX Warning: Reference `thm:pieceComparisonUnit' on page 239 undefined on inp
ut line 7037.


LaTeX Warning: Reference `thm:pieceRingEquiv_naturality' on page 239 undefined 
on input line 7041.


LaTeX Warning: Reference `thm:pieceComparisonTensorUnit' on page 239 undefined 
on input line 7042.


LaTeX Warning: Reference `thm:comparisonDescentClass_mapAlgebra' on page 239 un
defined on input line 7045.

[239]

LaTeX Warning: Reference `lem:invertible_cyclic_free' on page 240 undefined on 
input line 7084.


LaTeX Warning: Reference `lem:invertible_cyclic_free' on page 240 undefined on 
input line 7115.

[240]

LaTeX Warning: Reference `def:cechPic_toPic' on page 241 undefined on input lin
e 7150.


LaTeX Warning: Reference `def:cechPic_toPic' on page 241 undefined on input lin
e 7161.


LaTeX Warning: Reference `thm:cechPic_toPic_map' on page 241 undefined on input
 line 7168.


LaTeX Warning: Reference `thm:cechPic_toPic_map' on page 241 undefined on input
 line 7175.


LaTeX Warning: Reference `def:cechPicClass_affineOpen' on page 241 undefined on
 input line 7184.


LaTeX Warning: Reference `thm:cechPic_toPic_injective' on page 241 undefined on
 input line 7184.


LaTeX Warning: Reference `thm:cechPic_toPic_injective' on page 241 undefined on
 input line 7200.


LaTeX Warning: Reference `def:cechPicClass_affineOpen' on page 241 undefined on
 input line 7208.


LaTeX Warning: Reference `def:pieceAlgEquiv' on page 241 undefined on input lin
e 7215.


LaTeX Warning: Reference `def:pieceAlgEquiv' on page 241 undefined on input lin
e 7223.


LaTeX Warning: Reference `thm:cechPicClass_triv' on page 241 undefined on input
 line 7233.


LaTeX Warning: Reference `thm:invertible_avoid_free' on page 241 undefined on i
nput line 7233.


LaTeX Warning: Reference `lem:algebraic_tube' on page 241 undefined on input li
ne 7233.


LaTeX Warning: Reference `lem:finite_pieceCover' on page 241 undefined on input
 line 7233.


LaTeX Warning: Reference `def:cechPicClass_affineOpen' on page 241 undefined on
 input line 7233.


LaTeX Warning: Reference `thm:exists_isAffineOpen_cg_le' on page 241 undefined 
on input line 7233.


LaTeX Warning: Reference `def:pieceAlgEquiv' on page 241 undefined on input lin
e 7233.

[241]

LaTeX Warning: Reference `thm:exists_isAffineOpen_cg_le' on page 242 undefined 
on input line 7242.


LaTeX Warning: Reference `def:cechPicClass_affineOpen' on page 242 undefined on
 input line 7244.


LaTeX Warning: Reference `lem:finite_pieceCover' on page 242 undefined on input
 line 7245.


LaTeX Warning: Reference `thm:invertible_avoid_free' on page 242 undefined on i
nput line 7250.


LaTeX Warning: Reference `lem:algebraic_tube' on page 242 undefined on input li
ne 7254.


LaTeX Warning: Reference `thm:cechPicClass_triv' on page 242 undefined on input
 line 7262.


LaTeX Warning: Reference `thm:cechPicClass_triv' on page 242 undefined on input
 line 7263.


LaTeX Warning: Reference `sec:effectivityComparisonUnit' on page 242 undefined 
on input line 7273.


LaTeX Warning: Reference `thm:effectivity_of_pieces' on page 242 undefined on i
nput line 7274.


LaTeX Warning: Reference `sec:effectivityComparisonUnit' on page 242 undefined 
on input line 7281.


LaTeX Warning: Reference `cor:cechPic_mk_eq_one' on page 242 undefined on input
 line 7288.


LaTeX Warning: Reference `def:unitsPreimageEquiv' on page 242 undefined on inpu
t line 7288.


LaTeX Warning: Reference `lem:units_gluing' on page 242 undefined on input line
 7288.


LaTeX Warning: Reference `cor:cechPic_mk_eq_one' on page 242 undefined on input
 line 7303.


LaTeX Warning: Reference `def:unitsPreimageEquiv' on page 242 undefined on inpu
t line 7308.


LaTeX Warning: Reference `lem:units_gluing' on page 242 undefined on input line
 7313.

[242]

LaTeX Warning: Reference `thm:exists_trimmed_trivializing' on page 243 undefine
d on input line 7321.


LaTeX Warning: Reference `def:pieceTrivialization' on page 243 undefined on inp
ut line 7321.


LaTeX Warning: Reference `def:pieceTrivialization' on page 243 undefined on inp
ut line 7326.


LaTeX Warning: Reference `thm:exists_trimmed_trivializing' on page 243 undefine
d on input line 7330.


LaTeX Warning: Reference `def:pieceTrivialization' on page 243 undefined on inp
ut line 7332.


LaTeX Warning: Reference `def:pieceTrivialization' on page 243 undefined on inp
ut line 7348.


LaTeX Warning: Reference `thm:pieceComparisonUnit' on page 243 undefined on inp
ut line 7348.


LaTeX Warning: Reference `thm:pieceComparisonUnit' on page 243 undefined on inp
ut line 7360.


LaTeX Warning: Reference `thm:pieceComparisonUnit' on page 243 undefined on inp
ut line 7371.


LaTeX Warning: Reference `thm:pieceComparisonUnit_twist' on page 243 undefined 
on input line 7383.


LaTeX Warning: Reference `def:pieceDescentEquiv' on page 243 undefined on input
 line 7383.


LaTeX Warning: Reference `thm:isDescentCocycle_comparisonDescentUnit' on page 2
43 undefined on input line 7383.


LaTeX Warning: Reference `thm:pieceRingEquiv_whiskerLeft_naturality' on page 24
3 undefined on input line 7383.


LaTeX Warning: Reference `def:pieceAlgEquiv' on page 243 undefined on input lin
e 7387.


LaTeX Warning: Reference `thm:pieceComparisonUnit_twist' on page 243 undefined 
on input line 7395.


LaTeX Warning: Reference `def:pieceDescentEquiv' on page 243 undefined on input
 line 7402.


LaTeX Warning: Reference `thm:isDescentCocycle_comparisonDescentUnit' on page 2
43 undefined on input line 7405.


LaTeX Warning: Reference `thm:pieceRingEquiv_whiskerLeft_naturality' on page 24
3 undefined on input line 7408.

[243]

LaTeX Warning: Reference `def:pieceTrivialization' on page 244 undefined on inp
ut line 7424.


LaTeX Warning: Reference `lem:units_gluing' on page 244 undefined on input line
 7424.


LaTeX Warning: Reference `lem:units_gluing' on page 244 undefined on input line
 7437.


LaTeX Warning: Reference `thm:exists_ratio_unit' on page 244 undefined on input
 line 7445.


LaTeX Warning: Reference `thm:pieceComparisonUnit_twist' on page 244 undefined 
on input line 7445.


LaTeX Warning: Reference `thm:geomCoboundary_seams' on page 244 undefined on in
put line 7445.


LaTeX Warning: Reference `def:pieceDescentClass' on page 244 undefined on input
 line 7445.


LaTeX Warning: Reference `def:module_picClass' on page 244 undefined on input l
ine 7445.


LaTeX Warning: Reference `def:pieceDescentClass' on page 244 undefined on input
 line 7449.


LaTeX Warning: Reference `thm:exists_ratio_unit' on page 244 undefined on input
 line 7454.


LaTeX Warning: Reference `thm:pieceComparisonUnit_twist' on page 244 undefined 
on input line 7457.


LaTeX Warning: Reference `thm:geomCoboundary_seams' on page 244 undefined on in
put line 7458.


LaTeX Warning: Reference `def:module_picClass' on page 244 undefined on input l
ine 7461.


LaTeX Warning: Reference `thm:pieceComparisonUnit_twist' on page 244 undefined 
on input line 7468.


LaTeX Warning: Reference `thm:geomCoboundary_seams' on page 244 undefined on in
put line 7468.


LaTeX Warning: Reference `def:pieceDescentClass' on page 244 undefined on input
 line 7468.


LaTeX Warning: Reference `def:module_picClass' on page 244 undefined on input l
ine 7468.


LaTeX Warning: Reference `thm:pieceComparisonUnit' on page 244 undefined on inp
ut line 7468.


LaTeX Warning: Reference `def:module_picClass' on page 244 undefined on input l
ine 7479.


LaTeX Warning: Reference `thm:geomCoboundary_seams' on page 244 undefined on in
put line 7482.


LaTeX Warning: Reference `thm:pieceComparisonUnit_twist' on page 244 undefined 
on input line 7484.


LaTeX Warning: Reference `thm:exists_pieceComparisonUnit_eq_one' on page 244 un
defined on input line 7491.


LaTeX Warning: Reference `thm:invertible_avoid_free' on page 244 undefined on i
nput line 7491.


LaTeX Warning: Reference `thm:pieceDescentClass_res' on page 244 undefined on i
nput line 7491.

[244]

LaTeX Warning: Reference `thm:invertible_avoid_free' on page 245 undefined on i
nput line 7500.


LaTeX Warning: Reference `thm:pieceDescentClass_res' on page 245 undefined on i
nput line 7505.


LaTeX Warning: Reference `thm:exists_pieceComparisonUnit_eq_one' on page 245 un
defined on input line 7507.


LaTeX Warning: Reference `thm:exists_ratio_unit' on page 245 undefined on input
 line 7522.


LaTeX Warning: Reference `thm:pieceComparisonUnit_twist' on page 245 undefined 
on input line 7522.


LaTeX Warning: Reference `thm:exists_unitsAppLE_eq' on page 245 undefined on in
put line 7522.


LaTeX Warning: Reference `thm:appLE_whiskerLeft_injective' on page 245 undefine
d on input line 7522.


LaTeX Warning: Reference `thm:isAffineOpen_inf' on page 245 undefined on input 
line 7522.


LaTeX Warning: Reference `def:pieceTrivialization' on page 245 undefined on inp
ut line 7522.


LaTeX Warning: Reference `cor:cechPic_mk_eq_one' on page 245 undefined on input
 line 7522.


LaTeX Warning: Reference `thm:exists_ratio_unit' on page 245 undefined on input
 line 7534.


LaTeX Warning: Reference `thm:pieceComparisonUnit_twist' on page 245 undefined 
on input line 7535.


LaTeX Warning: Reference `thm:exists_unitsAppLE_eq' on page 245 undefined on in
put line 7538.


LaTeX Warning: Reference `thm:isAffineOpen_inf' on page 245 undefined on input 
line 7540.


LaTeX Warning: Reference `thm:appLE_whiskerLeft_injective' on page 245 undefine
d on input line 7542.


LaTeX Warning: Reference `cor:cechPic_mk_eq_one' on page 245 undefined on input
 line 7546.


Package hyperref Warning: Token not allowed in a PDF string (Unicode):
(hyperref)                removing `math shift' on input line 7549.


LaTeX Warning: Reference `thm:exists_normalizedCechComparison' on page 245 unde
fined on input line 7559.


LaTeX Warning: Reference `thm:exists_flat_pieceTrivialization' on page 245 unde
fined on input line 7559.


LaTeX Warning: Reference `thm:refinement_splice' on page 245 undefined on input
 line 7559.


LaTeX Warning: Reference `def:isRigidified' on page 245 undefined on input line
 7559.


LaTeX Warning: Reference `def:isRigidified' on page 245 undefined on input line
 7563.


LaTeX Warning: Reference `thm:exists_normalizedCechComparison' on page 245 unde
fined on input line 7572.


LaTeX Warning: Reference `thm:exists_flat_pieceTrivialization' on page 245 unde
fined on input line 7573.


LaTeX Warning: Reference `thm:refinement_splice' on page 245 undefined on input
 line 7575.


LaTeX Warning: Reference `thm:effectivity_of_pieces' on page 245 undefined on i
nput line 7581.

[245]

LaTeX Warning: Reference `thm:moving_lemma' on page 246 undefined on input line
 7581.


LaTeX Warning: Reference `thm:pieceTrivialization_of_triv' on page 246 undefine
d on input line 7581.


LaTeX Warning: Reference `thm:moving_lemma' on page 246 undefined on input line
 7593.


LaTeX Warning: Reference `thm:pieceTrivialization_of_triv' on page 246 undefine
d on input line 7595.


LaTeX Warning: Reference `thm:effectivity_of_pieces' on page 246 undefined on i
nput line 7596.


LaTeX Warning: Reference `thm:effectivity' on page 246 undefined on input line 
7607.


LaTeX Warning: Reference `thm:etale_cover_field_cofinality' on page 246 undefin
ed on input line 7607.


LaTeX Warning: Reference `def:isRigidified' on page 246 undefined on input line
 7607.


LaTeX Warning: Reference `thm:PicEtAff_unit_eq_mk' on page 246 undefined on inp
ut line 7607.


LaTeX Warning: Reference `def:relPicAlgMap' on page 246 undefined on input line
 7607.


LaTeX Warning: Reference `lem:PicEtAff_mk_descentMap' on page 246 undefined on 
input line 7607.


LaTeX Warning: Reference `def:descentClasses' on page 246 undefined on input li
ne 7607.


LaTeX Warning: Reference `lem:PicEtAff_ind' on page 246 undefined on input line
 7607.


LaTeX Warning: Reference `lem:PicEtAff_ind' on page 246 undefined on input line
 7618.


LaTeX Warning: Reference `thm:etale_cover_field_cofinality' on page 246 undefin
ed on input line 7619.


LaTeX Warning: Reference `lem:PicEtAff_mk_descentMap' on page 246 undefined on 
input line 7622.


LaTeX Warning: Reference `def:isRigidified' on page 246 undefined on input line
 7623.


LaTeX Warning: Reference `thm:effectivity' on page 246 undefined on input line 
7625.


LaTeX Warning: Reference `thm:PicEtAff_unit_eq_mk' on page 246 undefined on inp
ut line 7628.


LaTeX Warning: Reference `def:relPicAlgMap' on page 246 undefined on input line
 7629.


LaTeX Warning: Reference `def:descentClasses' on page 246 undefined on input li
ne 7629.


LaTeX Warning: Reference `thm:unit_surjective_of_section' on page 246 undefined
 on input line 7637.


LaTeX Warning: Reference `thm:PicEtAff_unit_injective' on page 246 undefined on
 input line 7637.


LaTeX Warning: Reference `thm:unit_surjective_of_section' on page 246 undefined
 on input line 7640.


LaTeX Warning: Reference `thm:PicEtAff_unit_injective' on page 246 undefined on
 input line 7650.


LaTeX Warning: Reference `thm:unit_surjective_of_section' on page 246 undefined
 on input line 7651.

[246]

LaTeX Warning: Reference `def:localEquations' on page 247 undefined on input li
ne 7687.


LaTeX Warning: Reference `def:localEquations' on page 247 undefined on input li
ne 7695.


LaTeX Warning: Reference `lem:localEquations_ratioUnit' on page 247 undefined o
n input line 7706.


LaTeX Warning: Reference `lem:localEquations_ratioUnit' on page 247 undefined o
n input line 7714.


LaTeX Warning: Reference `lem:localEquations_ratioUnit' on page 247 undefined o
n input line 7720.


LaTeX Warning: Reference `def:localEquations' on page 247 undefined on input li
ne 7727.


LaTeX Warning: Reference `lem:localEquations_ratioUnit' on page 247 undefined o
n input line 7727.


LaTeX Warning: Reference `lem:localEquations_cocycle' on page 247 undefined on 
input line 7727.


LaTeX Warning: Reference `lem:localEquations_cocycle' on page 247 undefined on 
input line 7740.


LaTeX Warning: Reference `def:localEquations' on page 247 undefined on input li
ne 7749.


LaTeX Warning: Reference `lem:localEquations_ratioUnit' on page 247 undefined o
n input line 7749.


LaTeX Warning: Reference `def:localEquations_picClass' on page 247 undefined on
 input line 7749.

[247]

LaTeX Warning: Reference `def:localEquations' on page 248 undefined on input li
ne 7781.


LaTeX Warning: Reference `lem:localEquations_ratioUnit' on page 248 undefined o
n input line 7781.


LaTeX Warning: Reference `def:localEquations' on page 248 undefined on input li
ne 7784.


LaTeX Warning: Reference `lem:localEquations_ratioUnit' on page 248 undefined o
n input line 7803.


LaTeX Warning: Reference `def:localEquations_pullback' on page 248 undefined on
 input line 7815.


LaTeX Warning: Reference `lem:localEquations_ratioUnit' on page 248 undefined o
n input line 7815.


LaTeX Warning: Reference `def:localEquations_picClass' on page 248 undefined on
 input line 7815.


LaTeX Warning: Reference `def:localEquations_pullback' on page 248 undefined on
 input line 7827.


LaTeX Warning: Reference `lem:localEquations_ratioUnit' on page 248 undefined o
n input line 7829.


LaTeX Warning: Reference `def:localEquations_picClass' on page 248 undefined on
 input line 7830.


LaTeX Warning: Reference `def:localEquations_pullback' on page 248 undefined on
 input line 7838.


LaTeX Warning: Reference `def:localEquations_picClass' on page 248 undefined on
 input line 7838.


LaTeX Warning: Reference `lem:localEquations_pullback_ratioUnit' on page 248 un
defined on input line 7838.


LaTeX Warning: Reference `def:localEquations_picClass' on page 248 undefined on
 input line 7850.


LaTeX Warning: Reference `lem:localEquations_pullback_ratioUnit' on page 248 un
defined on input line 7851.


LaTeX Warning: Reference `chap:RiemannRoch' on page 248 undefined on input line
 7858.

[248]

LaTeX Warning: Reference `lem:uniformizer' on page 249 undefined on input line 
7870.


LaTeX Warning: Reference `lem:exists_stalk_of_ord_le_one' on page 249 undefined
 on input line 7870.


LaTeX Warning: Reference `lem:germ_generic_eq_algebraMap_germ' on page 249 unde
fined on input line 7870.


LaTeX Warning: Reference `thm:ordZ_support_finite' on page 249 undefined on inp
ut line 7870.


LaTeX Warning: Reference `thm:closedpoint_isClosed' on page 249 undefined on in
put line 7870.


LaTeX Warning: Reference `lem:ord_eq_one_of_mem_basicOpen' on page 249 undefine
d on input line 7870.


LaTeX Warning: Reference `def:scheme_ordZ' on page 249 undefined on input line 
7870.


LaTeX Warning: Reference `lem:uniformizer' on page 249 undefined on input line 
7882.


LaTeX Warning: Reference `lem:exists_stalk_of_ord_le_one' on page 249 undefined
 on input line 7884.


LaTeX Warning: Reference `lem:germ_generic_eq_algebraMap_germ' on page 249 unde
fined on input line 7886.


LaTeX Warning: Reference `thm:ordZ_support_finite' on page 249 undefined on inp
ut line 7890.


LaTeX Warning: Reference `thm:closedpoint_isClosed' on page 249 undefined on in
put line 7892.


LaTeX Warning: Reference `lem:ord_eq_one_of_mem_basicOpen' on page 249 undefine
d on input line 7908.


LaTeX Warning: Reference `def:scheme_ordZ' on page 249 undefined on input line 
7911.


LaTeX Warning: Reference `def:localEquations' on page 249 undefined on input li
ne 7920.


LaTeX Warning: Reference `lem:exists_pointLocalEquation' on page 249 undefined 
on input line 7920.


LaTeX Warning: Reference `thm:closedpoint_isClosed' on page 249 undefined on in
put line 7920.


LaTeX Warning: Reference `lem:exists_pointLocalEquation' on page 249 undefined 
on input line 7927.


LaTeX Warning: Reference `thm:closedpoint_isClosed' on page 249 undefined on in
put line 7936.


LaTeX Warning: Reference `lem:exists_pointLocalEquation' on page 249 undefined 
on input line 7938.


LaTeX Warning: Reference `lem:exists_pointLocalEquation' on page 249 undefined 
on input line 7943.


LaTeX Warning: Reference `lem:exists_pointLocalEquation' on page 249 undefined 
on input line 7946.

[249]

LaTeX Warning: Reference `def:pointDivisor' on page 250 undefined on input line
 7952.


LaTeX Warning: Reference `def:localEquations_picClass' on page 250 undefined on
 input line 7952.


LaTeX Warning: Reference `def:curveDivisor' on page 250 undefined on input line
 7952.


LaTeX Warning: Reference `def:curveDivisor' on page 250 undefined on input line
 7954.


LaTeX Warning: Reference `def:pointDivisor' on page 250 undefined on input line
 7960.


LaTeX Warning: Reference `def:localEquations_picClass' on page 250 undefined on
 input line 7960.


LaTeX Warning: Reference `def:divisorClass' on page 250 undefined on input line
 7970.


LaTeX Warning: Reference `def:divisorClass' on page 250 undefined on input line
 7992.


LaTeX Warning: Reference `def:curveDivisor_single' on page 250 undefined on inp
ut line 7992.


LaTeX Warning: Reference `def:pointDivisor' on page 250 undefined on input line
 7992.


LaTeX Warning: Reference `def:localEquations_picClass' on page 250 undefined on
 input line 7992.


LaTeX Warning: Reference `def:curveDivisor_single' on page 250 undefined on inp
ut line 7995.


LaTeX Warning: Reference `def:curveDivisor_single' on page 250 undefined on inp
ut line 8003.


LaTeX Warning: Reference `def:divisorClass' on page 250 undefined on input line
 8004.

[250]

LaTeX Warning: Reference `def:germGenericUnits' on page 251 undefined on input 
line 8064.


LaTeX Warning: Reference `lem:pointedCover_genericPoint_mem' on page 251 undefi
ned on input line 8064.


LaTeX Warning: Reference `lem:pointedCover_genericPoint_mem' on page 251 undefi
ned on input line 8082.


LaTeX Warning: Reference `def:germGenericUnits' on page 251 undefined on input 
line 8083.


LaTeX Warning: Reference `def:meromorphicPresentation' on page 251 undefined on
 input line 8091.


LaTeX Warning: Reference `def:germGenericUnits' on page 251 undefined on input 
line 8091.


LaTeX Warning: Reference `lem:pointedCover_genericPoint_mem' on page 251 undefi
ned on input line 8091.


LaTeX Warning: Reference `lem:pointedCover_genericPoint_mem' on page 251 undefi
ned on input line 8104.


LaTeX Warning: Reference `def:germGenericUnits' on page 251 undefined on input 
line 8107.


LaTeX Warning: Reference `def:meromorphicPresentation' on page 251 undefined on
 input line 8113.


LaTeX Warning: Reference `def:meromorphicPresentation' on page 251 undefined on
 input line 8121.


LaTeX Warning: Reference `def:localEquations' on page 251 undefined on input li
ne 8121.


LaTeX Warning: Reference `lem:localEquations_ratioUnit' on page 251 undefined o
n input line 8121.


LaTeX Warning: Reference `def:localEquations_picClass' on page 251 undefined on
 input line 8121.


LaTeX Warning: Reference `def:localEquations' on page 251 undefined on input li
ne 8123.


LaTeX Warning: Reference `def:localEquations_picClass' on page 251 undefined on
 input line 8126.


LaTeX Warning: Reference `lem:localEquations_ratioUnit' on page 251 undefined o
n input line 8133.


LaTeX Warning: Reference `def:localEquations_picClass' on page 251 undefined on
 input line 8136.

[251]

LaTeX Warning: Reference `chap:RiemannRoch' on page 252 undefined on input line
 8141.


LaTeX Warning: Reference `def:germGenericUnits' on page 252 undefined on input 
line 8149.


LaTeX Warning: Reference `def:scheme_ordZ' on page 252 undefined on input line 
8149.


LaTeX Warning: Reference `lem:ord_eq_one_of_mem_basicOpen' on page 252 undefine
d on input line 8149.


LaTeX Warning: Reference `lem:ord_eq_one_of_mem_basicOpen' on page 252 undefine
d on input line 8161.


LaTeX Warning: Reference `def:meromorphicPresentation' on page 252 undefined on
 input line 8167.


LaTeX Warning: Reference `thm:ordZ_germGenericUnits' on page 252 undefined on i
nput line 8167.


LaTeX Warning: Reference `def:scheme_ordZ' on page 252 undefined on input line 
8167.


LaTeX Warning: Reference `thm:ordZ_germGenericUnits' on page 252 undefined on i
nput line 8181.


LaTeX Warning: Reference `def:scheme_ordZ' on page 252 undefined on input line 
8182.


LaTeX Warning: Reference `def:meromorphicPresentation' on page 252 undefined on
 input line 8189.


LaTeX Warning: Reference `thm:ordZ_elem_eq' on page 252 undefined on input line
 8189.


LaTeX Warning: Reference `thm:ordZ_support_finite' on page 252 undefined on inp
ut line 8189.


LaTeX Warning: Reference `thm:ordZ_elem_eq' on page 252 undefined on input line
 8199.


LaTeX Warning: Reference `thm:ordZ_support_finite' on page 252 undefined on inp
ut line 8201.


LaTeX Warning: Reference `def:meromorphicPresentation' on page 252 undefined on
 input line 8210.


LaTeX Warning: Reference `thm:ordZ_elem_eq' on page 252 undefined on input line
 8210.


LaTeX Warning: Reference `thm:ordZ_elem_support_finite' on page 252 undefined o
n input line 8210.


LaTeX Warning: Reference `def:curveDivisor' on page 252 undefined on input line
 8210.


LaTeX Warning: Reference `def:scheme_ordZ' on page 252 undefined on input line 
8210.

[252]

LaTeX Warning: Reference `thm:ordZ_elem_support_finite' on page 253 undefined o
n input line 8222.


LaTeX Warning: Reference `def:curveDivisor' on page 253 undefined on input line
 8223.


LaTeX Warning: Reference `thm:ordZ_elem_eq' on page 253 undefined on input line
 8223.


LaTeX Warning: Reference `def:meromorphicPresentation' on page 253 undefined on
 input line 8238.


LaTeX Warning: Reference `def:meromorphicPresentation' on page 253 undefined on
 input line 8256.


LaTeX Warning: Reference `def:meromorphicPresentation_principal' on page 253 un
defined on input line 8256.


LaTeX Warning: Reference `def:meromorphicPresentation_principal' on page 253 un
defined on input line 8273.


LaTeX Warning: Reference `def:presentationDivisor' on page 253 undefined on inp
ut line 8287.


LaTeX Warning: Reference `def:meromorphicPresentation_principal' on page 253 un
defined on input line 8287.


LaTeX Warning: Reference `def:divOf' on page 253 undefined on input line 8287.


LaTeX Warning: Reference `thm:meromorphicPresentation_picClass_hom' on page 253
 undefined on input line 8289.


Overfull \hbox (50.06374pt too wide) detected at line 8293
[]\TU/latinmodern-math.otf(1)/m/n/10 (1) = 0,  [](𝑃 ⋅ 𝑄) = [](𝑃) + [
](𝑄),
 []


LaTeX Warning: Reference `def:presentationDivisor' on page 253 undefined on inp
ut line 8302.


LaTeX Warning: Reference `def:scheme_ordZ' on page 253 undefined on input line 
8305.


LaTeX Warning: Reference `def:divOf' on page 253 undefined on input line 8307.

[253]

LaTeX Warning: Reference `def:germGenericUnits' on page 254 undefined on input 
line 8322.


LaTeX Warning: Reference `def:scheme_ordZ' on page 254 undefined on input line 
8322.


LaTeX Warning: Reference `def:divisorSections' on page 254 undefined on input l
ine 8322.


LaTeX Warning: Reference `lem:exists_section_germ_eq' on page 254 undefined on 
input line 8322.


LaTeX Warning: Reference `def:divisorSections' on page 254 undefined on input l
ine 8335.


LaTeX Warning: Reference `lem:exists_section_germ_eq' on page 254 undefined on 
input line 8336.


LaTeX Warning: Reference `def:presentationDivisor' on page 254 undefined on inp
ut line 8348.


LaTeX Warning: Reference `thm:ordZ_elem_eq' on page 254 undefined on input line
 8348.


LaTeX Warning: Reference `lem:exists_germGenericUnits_ordMatch' on page 254 und
efined on input line 8348.


LaTeX Warning: Reference `def:meromorphicPresentation' on page 254 undefined on
 input line 8348.


Overfull \hbox (4.88622pt too wide) in paragraph at lines 8348--8353
\TU/lmr/m/it/10 equal Čech Pi-card classes: if $[]\TU/latinmodern-math.otf(1)/
m/n/10 (𝑃) = [](𝑄)$ \TU/lmr/m/it/10 then $[]\TU/latinmodern-math.otf(1)/m
/n/10 (𝑃) =
 []


LaTeX Warning: Reference `def:presentationDivisor' on page 254 undefined on inp
ut line 8357.


LaTeX Warning: Reference `thm:ordZ_elem_eq' on page 254 undefined on input line
 8359.


LaTeX Warning: Reference `lem:exists_germGenericUnits_ordMatch' on page 254 und
efined on input line 8362.


LaTeX Warning: Reference `def:germGenericUnits' on page 254 undefined on input 
line 8369.


LaTeX Warning: Reference `thm:picClass_eq_of_presentationDivisor_eq' on page 25
4 undefined on input line 8390.


LaTeX Warning: Reference `thm:meromorphicPresentation_picClass_hom' on page 254
 undefined on input line 8390.


LaTeX Warning: Reference `thm:presentationDivisor_hom' on page 254 undefined on
 input line 8390.


LaTeX Warning: Reference `def:presentationDivisor' on page 254 undefined on inp
ut line 8390.


LaTeX Warning: Reference `thm:ordZ_germGenericUnits' on page 254 undefined on i
nput line 8390.


LaTeX Warning: Reference `def:meromorphicPresentation_principal' on page 254 un
defined on input line 8390.


LaTeX Warning: Reference `def:divOf' on page 254 undefined on input line 8390.


Overfull \hbox (70.49939pt too wide) detected at line 8397
[]\TU/latinmodern-math.otf(1)/m/n/10 (𝑃) = [](𝑄)  ⟺  [](𝑃) − [](
𝑄) = [](𝑔)[]𝑔 ∈ 𝐾(𝑋)[].
 []

[254]

LaTeX Warning: Reference `thm:ordZ_germGenericUnits' on page 255 undefined on i
nput line 8412.


LaTeX Warning: Reference `thm:presentationDivisor_hom' on page 255 undefined on
 input line 8420.


LaTeX Warning: Reference `thm:picClass_eq_of_presentationDivisor_eq' on page 25
5 undefined on input line 8422.


LaTeX Warning: Reference `thm:meromorphicPresentation_picClass_hom' on page 255
 undefined on input line 8426.


Overfull \hbox (17.77377pt too wide) in paragraph at lines 8419--8428
[]\TU/latinmodern-math.otf(1)/m/n/10 (𝑄)$ \TU/lmr/m/n/10 by mul-ti-plica-tiv-
ity and $[]\TU/latinmodern-math.otf(1)/m/n/10 ([] 𝑔) = 1$ \TU/lmr/m/n/10 ([]
). Hence $[]\TU/latinmodern-math.otf(1)/m/n/10 (𝑃) = [](𝑄)$\TU/lmr/m/n/10
 .
 []


LaTeX Warning: Reference `lem:uniformizer' on page 255 undefined on input line 
8443.


LaTeX Warning: Reference `lem:exists_stalk_of_ord_le_one' on page 255 undefined
 on input line 8443.


LaTeX Warning: Reference `lem:germ_generic_eq_algebraMap_germ' on page 255 unde
fined on input line 8443.


LaTeX Warning: Reference `thm:ordZ_support_finite' on page 255 undefined on inp
ut line 8443.


LaTeX Warning: Reference `thm:closedpoint_isClosed' on page 255 undefined on in
put line 8443.


LaTeX Warning: Reference `def:scheme_ordZ' on page 255 undefined on input line 
8443.


LaTeX Warning: Reference `lem:ord_eq_one_of_mem_basicOpen' on page 255 undefine
d on input line 8443.


LaTeX Warning: Reference `lem:uniformizer' on page 255 undefined on input line 
8453.


LaTeX Warning: Reference `lem:exists_stalk_of_ord_le_one' on page 255 undefined
 on input line 8456.


LaTeX Warning: Reference `lem:germ_generic_eq_algebraMap_germ' on page 255 unde
fined on input line 8456.


LaTeX Warning: Reference `thm:ordZ_support_finite' on page 255 undefined on inp
ut line 8458.


LaTeX Warning: Reference `thm:closedpoint_isClosed' on page 255 undefined on in
put line 8459.


LaTeX Warning: Reference `lem:ord_eq_one_of_mem_basicOpen' on page 255 undefine
d on input line 8469.


LaTeX Warning: Reference `def:scheme_ordZ' on page 255 undefined on input line 
8470.


LaTeX Warning: Reference `lem:pointUniformizerData' on page 255 undefined on in
put line 8478.


LaTeX Warning: Reference `def:localEquations' on page 255 undefined on input li
ne 8478.


LaTeX Warning: Reference `thm:closedpoint_isClosed' on page 255 undefined on in
put line 8478.


LaTeX Warning: Reference `lem:pointUniformizerData' on page 255 undefined on in
put line 8480.


LaTeX Warning: Reference `thm:closedpoint_isClosed' on page 255 undefined on in
put line 8491.


LaTeX Warning: Reference `lem:pointUniformizerData' on page 255 undefined on in
put line 8493.


LaTeX Warning: Reference `lem:pointUniformizerData' on page 255 undefined on in
put line 8496.


LaTeX Warning: Reference `def:localEquations' on page 255 undefined on input li
ne 8497.

[255]

LaTeX Warning: Reference `def:pointEquations' on page 256 undefined on input li
ne 8505.


LaTeX Warning: Reference `lem:localEquations_presentation' on page 256 undefine
d on input line 8505.


LaTeX Warning: Reference `def:presentationDivisor' on page 256 undefined on inp
ut line 8505.


LaTeX Warning: Reference `def:curveDivisor_single' on page 256 undefined on inp
ut line 8505.


LaTeX Warning: Reference `lem:uniformizer' on page 256 undefined on input line 
8505.


LaTeX Warning: Reference `lem:localEquations_presentation' on page 256 undefine
d on input line 8516.


LaTeX Warning: Reference `lem:uniformizer' on page 256 undefined on input line 
8518.


LaTeX Warning: Reference `def:curveDivisor_single' on page 256 undefined on inp
ut line 8521.


LaTeX Warning: Reference `def:presentationDivisor' on page 256 undefined on inp
ut line 8521.


LaTeX Warning: Reference `thm:presentationDivisor_pointEquations' on page 256 u
ndefined on input line 8534.


LaTeX Warning: Reference `thm:presentationDivisor_hom' on page 256 undefined on
 input line 8534.


LaTeX Warning: Reference `lem:pointUniformizerData' on page 256 undefined on in
put line 8534.


LaTeX Warning: Reference `def:curveDivisor_single' on page 256 undefined on inp
ut line 8534.


LaTeX Warning: Reference `lem:curveDivisor_single_arith' on page 256 undefined 
on input line 8534.


LaTeX Warning: Reference `thm:presentationDivisor_hom' on page 256 undefined on
 input line 8542.


LaTeX Warning: Reference `thm:presentationDivisor_hom' on page 256 undefined on
 input line 8544.


LaTeX Warning: Reference `thm:presentationDivisor_pointEquations' on page 256 u
ndefined on input line 8545.


LaTeX Warning: Reference `lem:pointUniformizerData' on page 256 undefined on in
put line 8545.


LaTeX Warning: Reference `lem:curveDivisor_single_arith' on page 256 undefined 
on input line 8546.


LaTeX Warning: Reference `thm:presentationDivisor_hom' on page 256 undefined on
 input line 8547.


LaTeX Warning: Reference `def:curveDivisor_single' on page 256 undefined on inp
ut line 8548.


LaTeX Warning: Reference `thm:exists_presentationDivisor_eq' on page 256 undefi
ned on input line 8559.


LaTeX Warning: Reference `thm:picClass_eq_of_presentationDivisor_eq' on page 25
6 undefined on input line 8559.


LaTeX Warning: Reference `thm:exists_meromorphicPresentation' on page 256 undef
ined on input line 8559.


LaTeX Warning: Reference `def:curveDivisor' on page 256 undefined on input line
 8559.


Overfull \hbox (18.46852pt too wide) in paragraph at lines 8559--8566
[][]\TU/lmr/bx/n/10 Def-i-ni-tion 1015 \TU/lmr/m/n/10 (The class map and its sur
-jec-tiv-ity)\TU/lmr/bx/n/10 . [][][][][]\TU/lmr/m/n/10 The \TU/lmr/m/it/10 Čec
h Pi-card class $\TU/latinmodern-math.otf(1)/m/n/10 𝒪[](𝐷) = [](𝐷) 
∈
 []


LaTeX Warning: Reference `thm:exists_presentationDivisor_eq' on page 256 undefi
ned on input line 8569.


LaTeX Warning: Reference `thm:picClass_eq_of_presentationDivisor_eq' on page 25
6 undefined on input line 8570.


LaTeX Warning: Reference `thm:exists_meromorphicPresentation' on page 256 undef
ined on input line 8574.


LaTeX Warning: Reference `def:curveDivisor_picClass' on page 256 undefined on i
nput line 8584.


LaTeX Warning: Reference `thm:presentationDivisor_hom' on page 256 undefined on
 input line 8584.


LaTeX Warning: Reference `thm:meromorphicPresentation_picClass_hom' on page 256
 undefined on input line 8584.


LaTeX Warning: Reference `def:divOf' on page 256 undefined on input line 8584.


LaTeX Warning: Reference `def:curveDivisor_picClass' on page 256 undefined on i
nput line 8596.


LaTeX Warning: Reference `thm:presentationDivisor_hom' on page 256 undefined on
 input line 8597.


LaTeX Warning: Reference `thm:meromorphicPresentation_picClass_hom' on page 256
 undefined on input line 8598.


LaTeX Warning: Reference `thm:presentationDivisor_hom' on page 256 undefined on
 input line 8599.


LaTeX Warning: Reference `thm:meromorphicPresentation_picClass_hom' on page 256
 undefined on input line 8601.


LaTeX Warning: Reference `thm:presentationDivisor_hom' on page 256 undefined on
 input line 8603.


LaTeX Warning: Reference `thm:meromorphicPresentation_picClass_hom' on page 256
 undefined on input line 8604.


Overfull \hbox (15.86174pt too wide) in paragraph at lines 8594--8605
[]\TU/lmr/m/n/10 Re-al-iz-ing di-vi-sors by pre-sen-ta-tions and us-ing $[]\TU/
latinmodern-math.otf(1)/m/n/10 ([](𝑃)) = [](𝑃)$
 []


LaTeX Warning: Reference `def:curveDivisor_picClass' on page 256 undefined on i
nput line 8612.

[256]

LaTeX Warning: Reference `thm:meromorphicPresentation_extraction' on page 257 u
ndefined on input line 8612.


LaTeX Warning: Reference `thm:curveDivisor_picClass_hom' on page 257 undefined 
on input line 8612.


LaTeX Warning: Reference `def:divOf' on page 257 undefined on input line 8612.


LaTeX Warning: Reference `def:curveDivisor_picClass' on page 257 undefined on i
nput line 8620.


LaTeX Warning: Reference `thm:meromorphicPresentation_extraction' on page 257 u
ndefined on input line 8628.


LaTeX Warning: Reference `thm:curveDivisor_picClass_hom' on page 257 undefined 
on input line 8633.


Overfull \hbox (18.32181pt too wide) in paragraph at lines 8626--8636
[]$\TU/latinmodern-math.otf(1)/m/n/10 (⇒)$ \TU/lmr/m/n/10 Re-al-ize $\TU/lati
nmodern-math.otf(1)/m/n/10 𝐷, 𝐷[]$ \TU/lmr/m/n/10 by pre-sen-ta-tions $\T
U/latinmodern-math.otf(1)/m/n/10 𝑃, 𝑃[]$\TU/lmr/m/n/10 , so $[]\TU/latinm
odern-math.otf(1)/m/n/10 (𝑃) = 𝒪[](𝐷) = 𝒪[](𝐷[]) = [](𝑃[])$\T
U/lmr/m/n/10 ;
 []


LaTeX Warning: Reference `def:curveDivisor_picClass' on page 257 undefined on i
nput line 8642.


LaTeX Warning: Reference `thm:presentationDivisor_pointEquations' on page 257 u
ndefined on input line 8642.


LaTeX Warning: Reference `lem:localEquations_presentation' on page 257 undefine
d on input line 8642.


LaTeX Warning: Reference `def:curveDivisor_single' on page 257 undefined on inp
ut line 8642.


LaTeX Warning: Reference `thm:presentationDivisor_pointEquations' on page 257 u
ndefined on input line 8653.


LaTeX Warning: Reference `def:curveDivisor_picClass' on page 257 undefined on i
nput line 8654.


LaTeX Warning: Reference `lem:localEquations_presentation' on page 257 undefine
d on input line 8655.


LaTeX Warning: Reference `def:curveDivisor_single' on page 257 undefined on inp
ut line 8655.


LaTeX Warning: Reference `def:divisorClass' on page 257 undefined on input line
 8661.


LaTeX Warning: Reference `def:pointDivisor' on page 257 undefined on input line
 8663.


LaTeX Warning: Reference `def:curveDivisor_picClass' on page 257 undefined on i
nput line 8664.


LaTeX Warning: Reference `def:pointDivisor' on page 257 undefined on input line
 8667.


LaTeX Warning: Reference `def:pointDivisor' on page 257 undefined on input line
 8674.


LaTeX Warning: Reference `lem:localEquations_presentation' on page 257 undefine
d on input line 8674.


LaTeX Warning: Reference `def:presentationDivisor' on page 257 undefined on inp
ut line 8674.


LaTeX Warning: Reference `def:curveDivisor_single' on page 257 undefined on inp
ut line 8674.


LaTeX Warning: Reference `lem:uniformizer' on page 257 undefined on input line 
8674.


LaTeX Warning: Reference `def:presentationDivisor' on page 257 undefined on inp
ut line 8684.


LaTeX Warning: Reference `lem:localEquations_presentation' on page 257 undefine
d on input line 8685.


LaTeX Warning: Reference `def:pointDivisor' on page 257 undefined on input line
 8687.


LaTeX Warning: Reference `lem:uniformizer' on page 257 undefined on input line 
8688.


LaTeX Warning: Reference `def:curveDivisor_single' on page 257 undefined on inp
ut line 8690.


LaTeX Warning: Reference `def:pointDivisor' on page 257 undefined on input line
 8697.


LaTeX Warning: Reference `def:curveDivisor_single' on page 257 undefined on inp
ut line 8697.


LaTeX Warning: Reference `thm:presentationDivisor_pointDivisor' on page 257 und
efined on input line 8697.


LaTeX Warning: Reference `def:curveDivisor_picClass' on page 257 undefined on i
nput line 8697.


LaTeX Warning: Reference `lem:localEquations_presentation' on page 257 undefine
d on input line 8697.


LaTeX Warning: Reference `thm:presentationDivisor_pointDivisor' on page 257 und
efined on input line 8708.


LaTeX Warning: Reference `def:curveDivisor_picClass' on page 257 undefined on i
nput line 8709.


LaTeX Warning: Reference `lem:localEquations_presentation' on page 257 undefine
d on input line 8711.


LaTeX Warning: Reference `def:pointDivisor' on page 257 undefined on input line
 8712.

[257]

LaTeX Warning: Reference `def:divisorClass' on page 258 undefined on input line
 8720.


LaTeX Warning: Reference `def:curveDivisor_picClass' on page 258 undefined on i
nput line 8720.


LaTeX Warning: Reference `thm:divisorClass_add' on page 258 undefined on input 
line 8720.


LaTeX Warning: Reference `thm:curveDivisor_picClass_hom' on page 258 undefined 
on input line 8720.


LaTeX Warning: Reference `thm:pointDivisor_picClass_eq' on page 258 undefined o
n input line 8720.


LaTeX Warning: Reference `def:curveDivisor_single' on page 258 undefined on inp
ut line 8720.


LaTeX Warning: Reference `def:divisorClass' on page 258 undefined on input line
 8722.


LaTeX Warning: Reference `def:curveDivisor_picClass' on page 258 undefined on i
nput line 8723.


LaTeX Warning: Reference `thm:divisorClass_add' on page 258 undefined on input 
line 8732.


LaTeX Warning: Reference `thm:curveDivisor_picClass_hom' on page 258 undefined 
on input line 8733.


LaTeX Warning: Reference `def:curveDivisor_single' on page 258 undefined on inp
ut line 8734.


LaTeX Warning: Reference `def:divisorClass' on page 258 undefined on input line
 8735.


LaTeX Warning: Reference `thm:curveDivisor_picClass_hom' on page 258 undefined 
on input line 8737.


LaTeX Warning: Reference `thm:pointDivisor_picClass_eq' on page 258 undefined o
n input line 8739.


LaTeX Warning: Reference `def:PicEtAff_map' on page 258 undefined on input line
 8757.


LaTeX Warning: Reference `thm:PicEtAff_map_id' on page 258 undefined on input l
ine 8757.


LaTeX Warning: Reference `thm:PicEtAff_map_map' on page 258 undefined on input 
line 8757.


LaTeX Warning: Reference `thm:PicEtAff_map_unit' on page 258 undefined on input
 line 8757.


LaTeX Warning: Reference `def:PicEtAff_unit' on page 258 undefined on input lin
e 8757.


LaTeX Warning: Reference `def:relPicAlgMap' on page 258 undefined on input line
 8757.


LaTeX Warning: Reference `def:PicEtAff_map' on page 258 undefined on input line
 8762.


LaTeX Warning: Reference `def:PicEtAff_map' on page 258 undefined on input line
 8773.


LaTeX Warning: Reference `thm:PicEtAff_map_id' on page 258 undefined on input l
ine 8774.


LaTeX Warning: Reference `thm:PicEtAff_map_map' on page 258 undefined on input 
line 8774.


LaTeX Warning: Reference `thm:PicEtAff_map_unit' on page 258 undefined on input
 line 8775.


LaTeX Warning: Reference `def:overSpecMap' on page 258 undefined on input line 
8783.


LaTeX Warning: Reference `def:overSpecGammaTop' on page 258 undefined on input 
line 8783.


LaTeX Warning: Reference `def:overSpecGammaTop' on page 258 undefined on input 
line 8796.

[258]

LaTeX Warning: Reference `def:picEt' on page 259 undefined on input line 8815.


LaTeX Warning: Reference `def:PicEtAff_unit' on page 259 undefined on input lin
e 8815.


LaTeX Warning: Reference `def:fromSpecAffine' on page 259 undefined on input li
ne 8815.


LaTeX Warning: Reference `def:relPicMap' on page 259 undefined on input line 88
15.


LaTeX Warning: Reference `def:PicEtAff_mapAlg' on page 259 undefined on input l
ine 8815.


LaTeX Warning: Reference `def:picEt' on page 259 undefined on input line 8829.


LaTeX Warning: Reference `def:fromSpecAffine' on page 259 undefined on input li
ne 8830.


LaTeX Warning: Reference `def:relPicMap' on page 259 undefined on input line 88
31.


LaTeX Warning: Reference `def:PicEtAff_mapAlg' on page 259 undefined on input l
ine 8832.


LaTeX Warning: Reference `def:relPicToPicEt' on page 259 undefined on input lin
e 8842.


LaTeX Warning: Reference `def:picEtAffineEquiv' on page 259 undefined on input 
line 8842.


LaTeX Warning: Reference `def:PicEtAff_mapAlg' on page 259 undefined on input l
ine 8842.


LaTeX Warning: Reference `def:fromSpecAffine' on page 259 undefined on input li
ne 8842.


LaTeX Warning: Reference `def:relPicMap' on page 259 undefined on input line 88
42.


LaTeX Warning: Reference `def:PicEtAff_unit' on page 259 undefined on input lin
e 8842.


LaTeX Warning: Reference `def:picEtAffineEquiv' on page 259 undefined on input 
line 8846.


LaTeX Warning: Reference `def:PicEtAff_mapAlg' on page 259 undefined on input l
ine 8857.


LaTeX Warning: Reference `def:fromSpecAffine' on page 259 undefined on input li
ne 8859.


LaTeX Warning: Reference `def:relPicMap' on page 259 undefined on input line 88
60.


LaTeX Warning: Reference `def:relPicToPicEt' on page 259 undefined on input lin
e 8867.


LaTeX Warning: Reference `def:picEtMap' on page 259 undefined on input line 886
7.


LaTeX Warning: Reference `def:picEt_IsPullbackValue' on page 259 undefined on i
nput line 8867.


LaTeX Warning: Reference `thm:picEt_pullbackValue_unique' on page 259 undefined
 on input line 8867.


LaTeX Warning: Reference `def:fromSpecAffine' on page 259 undefined on input li
ne 8867.


LaTeX Warning: Reference `def:PicEtAff_mapAlg' on page 259 undefined on input l
ine 8867.


LaTeX Warning: Reference `def:relPicMap' on page 259 undefined on input line 88
67.


LaTeX Warning: Reference `def:picEt_IsPullbackValue' on page 259 undefined on i
nput line 8880.


LaTeX Warning: Reference `thm:picEt_pullbackValue_unique' on page 259 undefined
 on input line 8881.


LaTeX Warning: Reference `def:PicEtAff_mapAlg' on page 259 undefined on input l
ine 8890.


LaTeX Warning: Reference `def:fromSpecAffine' on page 259 undefined on input li
ne 8893.


LaTeX Warning: Reference `def:relPicToPicEt' on page 259 undefined on input lin
e 8901.


LaTeX Warning: Reference `thm:picEtMap_relPicToPicEt' on page 259 undefined on 
input line 8901.


LaTeX Warning: Reference `def:picEtFunctor' on page 259 undefined on input line
 8901.


LaTeX Warning: Reference `def:relPicMap' on page 259 undefined on input line 89
01.


LaTeX Warning: Reference `thm:picEtAffineEquiv_relPicToPicEt' on page 259 undef
ined on input line 8901.


LaTeX Warning: Reference `def:relPicToPicEt' on page 259 undefined on input lin
e 8904.

[259]

LaTeX Warning: Reference `thm:picEtMap_relPicToPicEt' on page 260 undefined on 
input line 8913.


LaTeX Warning: Reference `thm:picEtAffineEquiv_relPicToPicEt' on page 260 undef
ined on input line 8914.


LaTeX Warning: Reference `def:relPicDeg' on page 260 undefined on input line 89
20.


LaTeX Warning: Reference `thm:etale_cover_field_cofinality' on page 260 undefin
ed on input line 8924.


LaTeX Warning: Reference `def:relPicDeg' on page 260 undefined on input line 89
30.


LaTeX Warning: Reference `def:relPicDeg' on page 260 undefined on input line 89
42.


LaTeX Warning: Reference `def:relPicDeg' on page 260 undefined on input line 89
51.


LaTeX Warning: Reference `thm:relPicDeg_relPicAlgMap' on page 260 undefined on 
input line 8951.


LaTeX Warning: Reference `thm:relPicAlgMap_congr' on page 260 undefined on inpu
t line 8951.


LaTeX Warning: Reference `thm:etale_cover_field_cofinality' on page 260 undefin
ed on input line 8951.


LaTeX Warning: Reference `def:etale_cover_prod' on page 260 undefined on input 
line 8951.


LaTeX Warning: Reference `def:etale_cover_prod_coproj' on page 260 undefined on
 input line 8951.


LaTeX Warning: Reference `def:etale_cover_ofField' on page 260 undefined on inp
ut line 8951.


LaTeX Warning: Reference `def:descentClasses' on page 260 undefined on input li
ne 8951.


LaTeX Warning: Reference `lem:relPicAlgMap_functor' on page 260 undefined on in
put line 8951.


LaTeX Warning: Reference `def:etale_cover_ofField' on page 260 undefined on inp
ut line 8965.


LaTeX Warning: Reference `def:etale_cover_prod' on page 260 undefined on input 
line 8966.


LaTeX Warning: Reference `thm:etale_cover_field_cofinality' on page 260 undefin
ed on input line 8967.


LaTeX Warning: Reference `def:etale_cover_prod_coproj' on page 260 undefined on
 input line 8968.


LaTeX Warning: Reference `thm:relPicDeg_relPicAlgMap' on page 260 undefined on 
input line 8976.


LaTeX Warning: Reference `lem:relPicAlgMap_functor' on page 260 undefined on in
put line 8977.


LaTeX Warning: Reference `thm:relPicAlgMap_congr' on page 260 undefined on inpu
t line 8980.


LaTeX Warning: Reference `thm:relPicDeg_relPicAlgMap_congr' on page 260 undefin
ed on input line 8988.


LaTeX Warning: Reference `def:descentMap' on page 260 undefined on input line 8
988.


LaTeX Warning: Reference `thm:etale_cover_field_cofinality' on page 260 undefin
ed on input line 8988.


LaTeX Warning: Reference `lem:relPicAlgMap_functor' on page 260 undefined on in
put line 8988.


LaTeX Warning: Reference `def:descentClasses' on page 260 undefined on input li
ne 8988.


LaTeX Warning: Reference `thm:etale_cover_field_cofinality' on page 260 undefin
ed on input line 9006.


LaTeX Warning: Reference `thm:relPicDeg_relPicAlgMap_congr' on page 260 undefin
ed on input line 9008.


LaTeX Warning: Reference `lem:relPicAlgMap_functor' on page 260 undefined on in
put line 9014.


LaTeX Warning: Reference `def:descentMap' on page 260 undefined on input line 9
016.

[260]

LaTeX Warning: Reference `def:PicEtAff' on page 261 undefined on input line 902
7.


LaTeX Warning: Reference `def:PicEtAff_mk' on page 261 undefined on input line 
9027.


LaTeX Warning: Reference `thm:relPicDeg_eq_of_descentMap_eq' on page 261 undefi
ned on input line 9027.


LaTeX Warning: Reference `thm:relPicDeg_relPicAlgMap_congr' on page 261 undefin
ed on input line 9027.


LaTeX Warning: Reference `thm:etale_cover_field_cofinality' on page 261 undefin
ed on input line 9027.


LaTeX Warning: Reference `def:relPicDeg' on page 261 undefined on input line 90
27.


LaTeX Warning: Reference `def:etale_cover_ofField' on page 261 undefined on inp
ut line 9027.


LaTeX Warning: Reference `thm:etale_cover_field_cofinality' on page 261 undefin
ed on input line 9032.


LaTeX Warning: Reference `thm:etale_cover_field_cofinality' on page 261 undefin
ed on input line 9046.


LaTeX Warning: Reference `thm:relPicDeg_eq_of_descentMap_eq' on page 261 undefi
ned on input line 9047.


LaTeX Warning: Reference `def:PicEtAff_mk' on page 261 undefined on input line 
9049.


LaTeX Warning: Reference `thm:relPicDeg_relPicAlgMap_congr' on page 261 undefin
ed on input line 9051.


LaTeX Warning: Reference `def:etale_cover_ofField' on page 261 undefined on inp
ut line 9054.


LaTeX Warning: Reference `def:degAff' on page 261 undefined on input line 9063.



LaTeX Warning: Reference `def:PicEtAff_one' on page 261 undefined on input line
 9063.


LaTeX Warning: Reference `thm:PicEtAff_mk_mul_mk' on page 261 undefined on inpu
t line 9063.


LaTeX Warning: Reference `lem:PicEtAff_ind' on page 261 undefined on input line
 9063.


LaTeX Warning: Reference `def:etale_cover_prod' on page 261 undefined on input 
line 9063.


LaTeX Warning: Reference `def:etale_cover_prod_coproj' on page 261 undefined on
 input line 9063.


LaTeX Warning: Reference `thm:etale_cover_field_cofinality' on page 261 undefin
ed on input line 9063.


LaTeX Warning: Reference `lem:relPicDeg_hom' on page 261 undefined on input lin
e 9063.


LaTeX Warning: Reference `def:etale_cover_self' on page 261 undefined on input 
line 9063.


LaTeX Warning: Reference `lem:relPicAlgMap_functor' on page 261 undefined on in
put line 9063.


LaTeX Warning: Reference `def:PicEtAff_one' on page 261 undefined on input line
 9072.


LaTeX Warning: Reference `def:etale_cover_self' on page 261 undefined on input 
line 9072.


LaTeX Warning: Reference `lem:relPicDeg_hom' on page 261 undefined on input lin
e 9073.


LaTeX Warning: Reference `def:degAff' on page 261 undefined on input line 9074.



LaTeX Warning: Reference `lem:PicEtAff_ind' on page 261 undefined on input line
 9077.


LaTeX Warning: Reference `thm:PicEtAff_mk_mul_mk' on page 261 undefined on inpu
t line 9079.


LaTeX Warning: Reference `thm:etale_cover_field_cofinality' on page 261 undefin
ed on input line 9080.


LaTeX Warning: Reference `lem:relPicAlgMap_functor' on page 261 undefined on in
put line 9083.


LaTeX Warning: Reference `lem:relPicDeg_hom' on page 261 undefined on input lin
e 9084.


LaTeX Warning: Reference `def:etale_cover_prod_coproj' on page 261 undefined on
 input line 9086.


LaTeX Warning: Reference `def:degAff' on page 261 undefined on input line 9095.



LaTeX Warning: Reference `def:PicEtAff_unit' on page 261 undefined on input lin
e 9095.


LaTeX Warning: Reference `def:etale_cover_self' on page 261 undefined on input 
line 9095.


LaTeX Warning: Reference `lem:PicEtAff_tautological_mem_descentClasses' on page
 261 undefined on input line 9095.


LaTeX Warning: Reference `lem:relPicAlgMap_functor' on page 261 undefined on in
put line 9095.


LaTeX Warning: Reference `def:PicEtAff_unit' on page 261 undefined on input lin
e 9107.


LaTeX Warning: Reference `lem:PicEtAff_tautological_mem_descentClasses' on page
 261 undefined on input line 9108.


LaTeX Warning: Reference `def:degAff' on page 261 undefined on input line 9110.



LaTeX Warning: Reference `lem:relPicAlgMap_functor' on page 261 undefined on in
put line 9112.


LaTeX Warning: Reference `def:degAff' on page 261 undefined on input line 9121.



LaTeX Warning: Reference `def:picEtAffineEquiv' on page 261 undefined on input 
line 9121.


LaTeX Warning: Reference `def:picEtMap' on page 261 undefined on input line 912
1.

[261]

LaTeX Warning: Reference `def:picEtMap' on page 262 undefined on input line 912
9.


LaTeX Warning: Reference `def:picEtAffineEquiv' on page 262 undefined on input 
line 9130.


LaTeX Warning: Reference `def:degAt' on page 262 undefined on input line 9136.


LaTeX Warning: Reference `thm:degAff_hom' on page 262 undefined on input line 9
136.


LaTeX Warning: Reference `thm:degAff_hom' on page 262 undefined on input line 9
148.


LaTeX Warning: Reference `def:degAt' on page 262 undefined on input line 9154.


LaTeX Warning: Reference `thm:picEtMap_functor_laws' on page 262 undefined on i
nput line 9154.


LaTeX Warning: Reference `thm:picEtMap_functor_laws' on page 262 undefined on i
nput line 9166.


LaTeX Warning: Reference `def:degAt' on page 262 undefined on input line 9172.


LaTeX Warning: Reference `lem:degAt_hom' on page 262 undefined on input line 91
72.


LaTeX Warning: Reference `lem:degAt_hom' on page 262 undefined on input line 91
84.


LaTeX Warning: Reference `def:pic0Subgroup' on page 262 undefined on input line
 9193.


LaTeX Warning: Reference `thm:degAt_picEtMap' on page 262 undefined on input li
ne 9193.


LaTeX Warning: Reference `def:picEtFunctor' on page 262 undefined on input line
 9193.


LaTeX Warning: Reference `thm:picEtMap_functor_laws' on page 262 undefined on i
nput line 9193.


LaTeX Warning: Reference `thm:degAt_picEtMap' on page 262 undefined on input li
ne 9210.


LaTeX Warning: Reference `thm:picEtMap_functor_laws' on page 262 undefined on i
nput line 9213.


LaTeX Warning: Reference `def:picEt' on page 262 undefined on input line 9228.

[262]

LaTeX Warning: Reference `def:PicEtAff_curveMap' on page 263 undefined on input
 line 9228.


LaTeX Warning: Reference `def:PicEtAff_mapAlg' on page 263 undefined on input l
ine 9228.


LaTeX Warning: Reference `def:PicEtAff_curveMap' on page 263 undefined on input
 line 9238.


Overfull \hbox (46.11253pt too wide) in paragraph at lines 9235--9242
\TU/lmr/m/n/10 each com-po-nent trans-ported by the affine curve trans-port $\T
U/latinmodern-math.otf(1)/m/n/10 𝑔[] [] [] [](𝐸, Γ(𝑇, 𝑈)) → [](
𝐷, Γ(𝑇, 𝑈))$
 []


LaTeX Warning: Reference `thm:PicEtAff_curveMap_laws' on page 263 undefined on 
input line 9245.


LaTeX Warning: Reference `thm:PicEtAff_curveMap_laws' on page 263 undefined on 
input line 9250.


LaTeX Warning: Reference `def:picEtPullback' on page 263 undefined on input lin
e 9259.


LaTeX Warning: Reference `def:picEtAffineEquiv' on page 263 undefined on input 
line 9259.


LaTeX Warning: Reference `def:picEtAffineEquiv' on page 263 undefined on input 
line 9265.


LaTeX Warning: Reference `thm:PicEtAff_curveMap_laws' on page 263 undefined on 
input line 9274.


LaTeX Warning: Reference `thm:PicEtAff_curveMap_laws' on page 263 undefined on 
input line 9275.


LaTeX Warning: Reference `def:picEtPullback' on page 263 undefined on input lin
e 9287.


LaTeX Warning: Reference `def:picEtMap' on page 263 undefined on input line 928
7.


LaTeX Warning: Reference `def:picEt_IsPullbackValue' on page 263 undefined on i
nput line 9287.


LaTeX Warning: Reference `thm:picEt_pullbackValue_unique' on page 263 undefined
 on input line 9287.


LaTeX Warning: Reference `thm:PicEtAff_curveMap_laws' on page 263 undefined on 
input line 9299.


LaTeX Warning: Reference `thm:picEt_pullbackValue_unique' on page 263 undefined
 on input line 9302.


LaTeX Warning: Reference `thm:PicEtAff_curveMap_laws' on page 263 undefined on 
input line 9308.


LaTeX Warning: Reference `def:picEtFunctor' on page 263 undefined on input line
 9315.


LaTeX Warning: Reference `def:picEtPullback' on page 263 undefined on input lin
e 9315.


LaTeX Warning: Reference `thm:picEtMap_picEtPullback' on page 263 undefined on 
input line 9315.


LaTeX Warning: Reference `thm:picEtPullback_laws' on page 263 undefined on inpu
t line 9329.


LaTeX Warning: Reference `thm:picEtMap_picEtPullback' on page 263 undefined on 
input line 9330.


LaTeX Warning: Reference `thm:picEtPullback_laws' on page 263 undefined on inpu
t line 9331.

[263]

LaTeX Warning: Reference `def:degAt' on page 264 undefined on input line 9338.


LaTeX Warning: Reference `thm:picEtMap_picEtPullback' on page 264 undefined on 
input line 9338.


LaTeX Warning: Reference `thm:picEtPullback_laws' on page 264 undefined on inpu
t line 9338.


LaTeX Warning: Reference `thm:picEtMap_picEtPullback' on page 264 undefined on 
input line 9356.


LaTeX Warning: Reference `thm:picEtPullback_laws' on page 264 undefined on inpu
t line 9358.


LaTeX Warning: Reference `def:classDeg' on page 264 undefined on input line 937
6.


LaTeX Warning: Reference `thm:baseChangeCurve_bundle' on page 264 undefined on 
input line 9376.


LaTeX Warning: Reference `thm:curveHom_isFinite_or_constant' on page 264 undefi
ned on input line 9389.


LaTeX Warning: Reference `thm:classDeg_cechPicMap_eq_finrank_mul' on page 264 u
ndefined on input line 9389.


LaTeX Warning: Reference `cor:cechPicMap_eq_one_of_range_eq_singleton' on page 
264 undefined on input line 9389.


LaTeX Warning: Reference `thm:overHom_isProper' on page 264 undefined on input 
line 9389.


LaTeX Warning: Reference `lem:genericPoint_eq_of_surjective' on page 264 undefi
ned on input line 9389.


LaTeX Warning: Reference `thm:baseChangeCurve_bundle' on page 264 undefined on 
input line 9392.


LaTeX Warning: Reference `thm:curveHom_isFinite_or_constant' on page 264 undefi
ned on input line 9394.


LaTeX Warning: Reference `lem:genericPoint_eq_of_surjective' on page 264 undefi
ned on input line 9397.


LaTeX Warning: Reference `thm:classDeg_cechPicMap_eq_finrank_mul' on page 264 u
ndefined on input line 9398.


LaTeX Warning: Reference `thm:overHom_isProper' on page 264 undefined on input 
line 9401.


LaTeX Warning: Reference `cor:cechPicMap_eq_one_of_range_eq_singleton' on page 
264 undefined on input line 9403.


LaTeX Warning: Reference `def:relPicDeg' on page 264 undefined on input line 94
09.


LaTeX Warning: Reference `lem:relPicMapCurve' on page 264 undefined on input li
ne 9409.


LaTeX Warning: Reference `thm:classDeg_cechPicMap_whiskerRight_eq_zero' on page
 264 undefined on input line 9417.


LaTeX Warning: Reference `lem:relPicMapCurve' on page 264 undefined on input li
ne 9420.


LaTeX Warning: Reference `def:relPicDeg' on page 264 undefined on input line 94
21.


LaTeX Warning: Reference `thm:classDeg_cechPicMap_whiskerRight_eq_zero' on page
 264 undefined on input line 9422.


LaTeX Warning: Reference `def:degAff' on page 264 undefined on input line 9428.



LaTeX Warning: Reference `def:PicEtAff_curveMap' on page 264 undefined on input
 line 9428.


LaTeX Warning: Reference `thm:etale_cover_field_cofinality' on page 264 undefin
ed on input line 9436.


LaTeX Warning: Reference `thm:PicEtAff_curveMap_laws' on page 264 undefined on 
input line 9436.


LaTeX Warning: Reference `lem:relPicMapCurve' on page 264 undefined on input li
ne 9436.


LaTeX Warning: Reference `thm:relPicDeg_relPicMapCurveApp_eq_zero' on page 264 
undefined on input line 9436.


LaTeX Warning: Reference `thm:PicEtAff_curveMap_laws' on page 264 undefined on 
input line 9439.


LaTeX Warning: Reference `thm:etale_cover_field_cofinality' on page 264 undefin
ed on input line 9441.


LaTeX Warning: Reference `def:degAff' on page 264 undefined on input line 9442.



LaTeX Warning: Reference `lem:relPicMapCurve' on page 264 undefined on input li
ne 9446.


LaTeX Warning: Reference `thm:relPicDeg_relPicMapCurveApp_eq_zero' on page 264 
undefined on input line 9448.

[264]

LaTeX Warning: Reference `def:pic0Subgroup' on page 265 undefined on input line
 9455.


LaTeX Warning: Reference `def:picEtPullback' on page 265 undefined on input lin
e 9455.


LaTeX Warning: Reference `def:degAt' on page 265 undefined on input line 9455.


LaTeX Warning: Reference `def:picEtPullback' on page 265 undefined on input lin
e 9457.


Overfull \hbox (38.05296pt too wide) in paragraph at lines 9455--9461
\TU/lmr/m/n/10 trans-port of Def-i-ni-tion [] re-stricts to the degree-zero sub-
groups: a group ho-mo-mor-phism $\TU/latinmodern-math.otf(1)/m/n/10 𝑔[] [] [
] [][](𝐸, 𝑇) →
 []


LaTeX Warning: Reference `thm:degAt_picEtPullback' on page 265 undefined on inp
ut line 9464.


LaTeX Warning: Reference `thm:degAff_curveMap_eq_zero' on page 265 undefined on
 input line 9464.


LaTeX Warning: Reference `thm:degAt_picEtPullback' on page 265 undefined on inp
ut line 9468.


LaTeX Warning: Reference `def:degAt' on page 265 undefined on input line 9469.


LaTeX Warning: Reference `thm:degAff_curveMap_eq_zero' on page 265 undefined on
 input line 9470.


LaTeX Warning: Reference `def:pic0Pullback' on page 265 undefined on input line
 9478.


LaTeX Warning: Reference `def:pic0Functor' on page 265 undefined on input line 
9478.


LaTeX Warning: Reference `thm:picEtMap_picEtPullback' on page 265 undefined on 
input line 9488.


LaTeX Warning: Reference `thm:picEtPullback_laws' on page 265 undefined on inpu
t line 9488.


LaTeX Warning: Reference `thm:picEtMap_picEtPullback' on page 265 undefined on 
input line 9491.


LaTeX Warning: Reference `thm:picEtPullback_laws' on page 265 undefined on inpu
t line 9492.


LaTeX Warning: Reference `def:pic0Functor' on page 265 undefined on input line 
9500.


LaTeX Warning: Reference `def:pic0Pullback' on page 265 undefined on input line
 9500.


LaTeX Warning: Reference `def:picEtPullbackNat' on page 265 undefined on input 
line 9500.


LaTeX Warning: Reference `def:picEtPullbackNat' on page 265 undefined on input 
line 9509.


LaTeX Warning: Reference `thm:pic0Pullback_laws' on page 265 undefined on input
 line 9513.


LaTeX Warning: Reference `thm:pic0Pullback_laws' on page 265 undefined on input
 line 9514.


LaTeX Warning: Reference `def:degAt' on page 265 undefined on input line 9531.


LaTeX Warning: Reference `thm:picEtAffineEquiv_naturality' on page 265 undefine
d on input line 9531.


LaTeX Warning: Reference `def:PicEtAff_mapAlg' on page 265 undefined on input l
ine 9531.


LaTeX Warning: Reference `thm:degAff_unit' on page 265 undefined on input line 
9531.


LaTeX Warning: Reference `def:relPicAlgMap' on page 265 undefined on input line
 9531.

[265]

LaTeX Warning: Reference `thm:picEtAffineEquiv_naturality' on page 266 undefine
d on input line 9544.


LaTeX Warning: Reference `def:PicEtAff_mapAlg' on page 266 undefined on input l
ine 9545.


LaTeX Warning: Reference `thm:degAff_unit' on page 266 undefined on input line 
9548.


LaTeX Warning: Reference `thm:degAt_of_affineEquiv_eq_unit' on page 266 undefin
ed on input line 9554.


LaTeX Warning: Reference `def:relPicMap' on page 266 undefined on input line 95
54.


LaTeX Warning: Reference `def:relPic' on page 266 undefined on input line 9554.



LaTeX Warning: Reference `def:relPicDeg' on page 266 undefined on input line 95
54.


LaTeX Warning: Reference `thm:degAt_of_affineEquiv_eq_unit' on page 266 undefin
ed on input line 9556.


LaTeX Warning: Reference `thm:degAt_of_affineEquiv_eq_unit' on page 266 undefin
ed on input line 9567.


LaTeX Warning: Reference `def:relPicMap' on page 266 undefined on input line 95
69.


LaTeX Warning: Reference `def:relPicDeg' on page 266 undefined on input line 95
71.


LaTeX Warning: Reference `thm:degAt_of_affineEquiv_eq_unit' on page 266 undefin
ed on input line 9579.


LaTeX Warning: Reference `lem:relPicAlgMap_functor' on page 266 undefined on in
put line 9579.


LaTeX Warning: Reference `thm:relPicDeg_relPicAlgMap' on page 266 undefined on 
input line 9579.


LaTeX Warning: Reference `def:relPicDeg' on page 266 undefined on input line 95
79.


LaTeX Warning: Reference `def:relPic' on page 266 undefined on input line 9579.



LaTeX Warning: Reference `thm:degAt_of_affineEquiv_eq_unit' on page 266 undefin
ed on input line 9581.


LaTeX Warning: Reference `thm:degAt_of_affineEquiv_eq_unit' on page 266 undefin
ed on input line 9590.


LaTeX Warning: Reference `lem:relPicAlgMap_functor' on page 266 undefined on in
put line 9593.


LaTeX Warning: Reference `thm:relPicDeg_relPicAlgMap' on page 266 undefined on 
input line 9594.


LaTeX Warning: Reference `def:relPicDeg' on page 266 undefined on input line 95
96.


LaTeX Warning: Reference `lem:degAt_hom' on page 266 undefined on input line 96
02.


LaTeX Warning: Reference `def:pic0Subgroup' on page 266 undefined on input line
 9602.


LaTeX Warning: Reference `lem:degAt_hom' on page 266 undefined on input line 96
14.


LaTeX Warning: Reference `def:pic0Subgroup' on page 266 undefined on input line
 9615.


LaTeX Warning: Reference `chap:Cohomology' on page 266 undefined on input line 
9626.


LaTeX Warning: Reference `def:baseChange' on page 266 undefined on input line 9
635.

[266]

LaTeX Warning: Reference `def:mapOverSpecIso' on page 267 undefined on input li
ne 9640.


LaTeX Warning: Reference `def:mapOverSpecIso' on page 267 undefined on input li
ne 9649.


LaTeX Warning: Reference `def:mapOverSpecIso' on page 267 undefined on input li
ne 9656.


LaTeX Warning: Reference `def:fieldPointAlgebra' on page 267 undefined on input
 line 9685.


LaTeX Warning: Reference `def:fieldPointAlgebra' on page 267 undefined on input
 line 9687.


LaTeX Warning: Reference `def:fieldPointAlgebra' on page 267 undefined on input
 line 9708.


LaTeX Warning: Reference `def:fieldPointAlgebra' on page 267 undefined on input
 line 9710.


LaTeX Warning: Reference `def:fieldPointAlgebra' on page 267 undefined on input
 line 9723.


LaTeX Warning: Reference `def:pushFieldPoint' on page 267 undefined on input li
ne 9732.


LaTeX Warning: Reference `def:fieldPointAlgebra' on page 267 undefined on input
 line 9732.


LaTeX Warning: Reference `lem:isScalarTower_fieldPointAlgebra' on page 267 unde
fined on input line 9732.


LaTeX Warning: Reference `def:liftFieldPoint' on page 267 undefined on input li
ne 9732.

[267]

LaTeX Warning: Reference `def:pushFieldPoint' on page 268 undefined on input li
ne 9747.


LaTeX Warning: Reference `def:liftFieldPoint' on page 268 undefined on input li
ne 9747.


LaTeX Warning: Reference `lem:isScalarTower_fieldPointAlgebra' on page 268 unde
fined on input line 9749.


LaTeX Warning: Reference `def:fieldPointAlgebra' on page 268 undefined on input
 line 9753.


LaTeX Warning: Reference `def:pic0Subgroup' on page 268 undefined on input line
 9761.


LaTeX Warning: Reference `def:degAt' on page 268 undefined on input line 9761.


LaTeX Warning: Reference `def:pushFieldPoint' on page 268 undefined on input li
ne 9761.


LaTeX Warning: Reference `def:fieldPointAlgebra' on page 268 undefined on input
 line 9761.


LaTeX Warning: Reference `lem:isScalarTower_fieldPointAlgebra' on page 268 unde
fined on input line 9761.


LaTeX Warning: Reference `def:liftFieldPoint' on page 268 undefined on input li
ne 9761.


LaTeX Warning: Reference `thm:fieldPoint_roundTrip' on page 268 undefined on in
put line 9761.


LaTeX Warning: Reference `def:pic0Subgroup' on page 268 undefined on input line
 9774.


LaTeX Warning: Reference `def:pushFieldPoint' on page 268 undefined on input li
ne 9775.


LaTeX Warning: Reference `def:fieldPointAlgebra' on page 268 undefined on input
 line 9778.


LaTeX Warning: Reference `lem:isScalarTower_fieldPointAlgebra' on page 268 unde
fined on input line 9779.


LaTeX Warning: Reference `def:liftFieldPoint' on page 268 undefined on input li
ne 9780.


LaTeX Warning: Reference `thm:fieldPoint_roundTrip' on page 268 undefined on in
put line 9781.


LaTeX Warning: Reference `thm:mem_pic0Subgroup_iff_forall_pushFieldPoint' on pa
ge 268 undefined on input line 9791.


LaTeX Warning: Reference `def:pic0Subgroup' on page 268 undefined on input line
 9791.


LaTeX Warning: Reference `def:degAt' on page 268 undefined on input line 9791.


LaTeX Warning: Reference `def:pushFieldPoint' on page 268 undefined on input li
ne 9791.


LaTeX Warning: Reference `def:picEt' on page 268 undefined on input line 9791.


LaTeX Warning: Reference `def:baseChange' on page 268 undefined on input line 9
791.


LaTeX Warning: Reference `def:picEt' on page 268 undefined on input line 9796.


LaTeX Warning: Reference `thm:mem_pic0Subgroup_iff_forall_pushFieldPoint' on pa
ge 268 undefined on input line 9808.


LaTeX Warning: Reference `def:pic0Subgroup' on page 268 undefined on input line
 9817.


LaTeX Warning: Reference `def:PicEtAff_baseFieldShuffle' on page 268 undefined 
on input line 9833.

[268]

LaTeX Warning: Reference `def:baseChange' on page 269 undefined on input line 9
842.


LaTeX Warning: Reference `def:picEt' on page 269 undefined on input line 9872.


LaTeX Warning: Reference `def:PicEtAff_baseFieldShuffle' on page 269 undefined 
on input line 9872.


LaTeX Warning: Reference `lem:isScalarTower_sections_map' on page 269 undefined
 on input line 9872.


LaTeX Warning: Reference `def:baseChange' on page 269 undefined on input line 9
872.


LaTeX Warning: Reference `lem:isScalarTower_sections_map' on page 269 undefined
 on input line 9877.


LaTeX Warning: Reference `def:PicEtAff_baseFieldShuffle' on page 269 undefined 
on input line 9879.


LaTeX Warning: Reference `thm:PicEtAff_baseFieldShuffle_laws' on page 269 undef
ined on input line 9892.


LaTeX Warning: Reference `thm:PicEtAff_baseFieldShuffle_laws' on page 269 undef
ined on input line 9895.


LaTeX Warning: Reference `def:picEtCrossBase' on page 269 undefined on input li
ne 9904.


LaTeX Warning: Reference `def:picEtMap' on page 269 undefined on input line 990
4.


LaTeX Warning: Reference `def:picEtMap' on page 269 undefined on input line 991
4.


LaTeX Warning: Reference `thm:PicEtAff_baseFieldShuffle_laws' on page 269 undef
ined on input line 9920.


LaTeX Warning: Reference `lem:isScalarTower_sections_map' on page 269 undefined
 on input line 9921.


LaTeX Warning: Reference `thm:PicEtAff_baseFieldShuffle_laws' on page 269 undef
ined on input line 9923.


LaTeX Warning: Reference `lem:isScalarTower_sections_map' on page 269 undefined
 on input line 9923.


LaTeX Warning: Reference `def:picEtCrossBase' on page 269 undefined on input li
ne 9930.


LaTeX Warning: Reference `def:picEtAffineEquiv' on page 269 undefined on input 
line 9930.


LaTeX Warning: Reference `def:mapOverSpecIso' on page 269 undefined on input li
ne 9930.


LaTeX Warning: Reference `def:picEtMap' on page 269 undefined on input line 993
0.


LaTeX Warning: Reference `def:picEtAffineEquiv' on page 269 undefined on input 
line 9933.


LaTeX Warning: Reference `def:mapOverSpecIso' on page 269 undefined on input li
ne 9937.


LaTeX Warning: Reference `thm:PicEtAff_baseFieldShuffle_laws' on page 269 undef
ined on input line 9950.

[269]

LaTeX Warning: Reference `def:degAff' on page 270 undefined on input line 9956.



LaTeX Warning: Reference `def:PicEtAff_baseFieldShuffle' on page 270 undefined 
on input line 9956.


LaTeX Warning: Reference `def:baseChange' on page 270 undefined on input line 9
956.


LaTeX Warning: Reference `thm:PicEtAff_baseFieldShuffle_relPic' on page 270 und
efined on input line 9970.


LaTeX Warning: Reference `def:degAff' on page 270 undefined on input line 9974.



LaTeX Warning: Reference `thm:relPicCrossBase_relPicAlgMap' on page 270 undefin
ed on input line 9977.


LaTeX Warning: Reference `thm:relPicDeg_relPicCrossBase' on page 270 undefined 
on input line 9980.


LaTeX Warning: Reference `thm:PicEtAff_baseFieldShuffle_relPic' on page 270 und
efined on input line 9983.


LaTeX Warning: Reference `thm:relPicCrossBase_relPicAlgMap' on page 270 undefin
ed on input line 9983.


LaTeX Warning: Reference `thm:relPicDeg_relPicCrossBase' on page 270 undefined 
on input line 9983.


LaTeX Warning: Reference `def:degAt' on page 270 undefined on input line 9989.


LaTeX Warning: Reference `def:pushFieldPoint' on page 270 undefined on input li
ne 9989.


LaTeX Warning: Reference `def:picEtCrossBase' on page 270 undefined on input li
ne 9989.


Overfull \hbox (9.02643pt too wide) in paragraph at lines 9989--9994
[][]\TU/lmr/bx/n/10 The-o-rem 1066 \TU/lmr/m/n/10 (The de-gree match-ing at push
ed field points)\TU/lmr/bx/n/10 . [][][][]\TU/lmr/m/it/10 Let $\TU/latinmodern-
math.otf(1)/m/n/10 𝑇$ \TU/lmr/m/it/10 be a test ob-ject of $[]\TU/latinmoder
n-math.otf(1)/m/n/10 ([] 𝐿)$
 []


LaTeX Warning: Reference `thm:picEtMap_picEtCrossBase' on page 270 undefined on
 input line 10007.


LaTeX Warning: Reference `thm:picEtAffineEquiv_picEtCrossBase' on page 270 unde
fined on input line 10010.


LaTeX Warning: Reference `thm:degAff_baseFieldShuffle' on page 270 undefined on
 input line 10013.


LaTeX Warning: Reference `thm:picEtMap_picEtCrossBase' on page 270 undefined on
 input line 10015.


LaTeX Warning: Reference `thm:picEtAffineEquiv_picEtCrossBase' on page 270 unde
fined on input line 10015.


LaTeX Warning: Reference `thm:degAff_baseFieldShuffle' on page 270 undefined on
 input line 10015.


LaTeX Warning: Reference `def:picEtAffineEquiv' on page 270 undefined on input 
line 10015.


LaTeX Warning: Reference `def:pic0Subgroup' on page 270 undefined on input line
 10022.


LaTeX Warning: Reference `def:picEtCrossBase' on page 270 undefined on input li
ne 10022.


LaTeX Warning: Reference `thm:mem_pic0Subgroup_iff_of_degAt_pushFieldPoint_eq' 
on page 270 undefined on input line 10022.


LaTeX Warning: Reference `thm:degAt_pushFieldPoint_picEtCrossBase' on page 270 
undefined on input line 10031.


LaTeX Warning: Reference `thm:mem_pic0Subgroup_iff_of_degAt_pushFieldPoint_eq' 
on page 270 undefined on input line 10033.


LaTeX Warning: Reference `thm:degAt_pushFieldPoint_picEtCrossBase' on page 270 
undefined on input line 10034.


LaTeX Warning: Reference `def:pic0Functor' on page 270 undefined on input line 
10046.


LaTeX Warning: Reference `def:picEtCrossBase' on page 270 undefined on input li
ne 10046.


LaTeX Warning: Reference `thm:mem_pic0Subgroup_picEtCrossBase_iff' on page 270 
undefined on input line 10046.


LaTeX Warning: Reference `thm:mem_pic0Subgroup_picEtCrossBase_iff' on page 270 
undefined on input line 10049.


LaTeX Warning: Reference `thm:picEtMap_picEtCrossBase' on page 270 undefined on
 input line 10065.


LaTeX Warning: Reference `thm:picEtMap_picEtCrossBase' on page 270 undefined on
 input line 10067.

[270]

LaTeX Warning: Reference `def:pic0Theta' on page 271 undefined on input line 10
074.


LaTeX Warning: Reference `def:pic0SigmaFunctor' on page 271 undefined on input 
line 10074.


LaTeX Warning: Reference `def:pic0SigmaFunctor' on page 271 undefined on input 
line 10081.


LaTeX Warning: Reference `def:overSpecMap' on page 271 undefined on input line 
10098.


LaTeX Warning: Reference `def:overSpecMap' on page 271 undefined on input line 
10111.


LaTeX Warning: Reference `def:toBaseTest' on page 271 undefined on input line 1
0119.


LaTeX Warning: Reference `def:picEtAffineEquiv' on page 271 undefined on input 
line 10119.


LaTeX Warning: Reference `def:PicEtAff_unit' on page 271 undefined on input lin
e 10119.


LaTeX Warning: Reference `def:relPic' on page 271 undefined on input line 10119
.


LaTeX Warning: Reference `def:picEtMap' on page 271 undefined on input line 101
19.


LaTeX Warning: Reference `thm:picEtMap_functor_laws' on page 271 undefined on i
nput line 10119.


LaTeX Warning: Reference `def:toBaseTest' on page 271 undefined on input line 1
0136.


LaTeX Warning: Reference `thm:picEtMap_functor_laws' on page 271 undefined on i
nput line 10137.


LaTeX Warning: Reference `def:thetaFamily' on page 271 undefined on input line 
10146.


LaTeX Warning: Reference `thm:degAt_baseChange' on page 271 undefined on input 
line 10146.


LaTeX Warning: Reference `thm:picEtAffineEquiv_naturality' on page 271 undefine
d on input line 10146.


LaTeX Warning: Reference `def:PicEtAff_mapAlg' on page 271 undefined on input l
ine 10146.


LaTeX Warning: Reference `thm:degAt_picEtMap' on page 271 undefined on input li
ne 10146.


LaTeX Warning: Reference `thm:degAt_pic0_mul_pow' on page 271 undefined on inpu
t line 10146.


LaTeX Warning: Reference `def:toBaseTest' on page 271 undefined on input line 1
0146.


LaTeX Warning: Reference `def:relPicAlgMap' on page 271 undefined on input line
 10146.


LaTeX Warning: Reference `def:toBaseTest' on page 271 undefined on input line 1
0160.


LaTeX Warning: Reference `thm:picEtAffineEquiv_naturality' on page 271 undefine
d on input line 10161.


LaTeX Warning: Reference `def:PicEtAff_mapAlg' on page 271 undefined on input l
ine 10162.


LaTeX Warning: Reference `thm:degAt_baseChange' on page 271 undefined on input 
line 10163.


LaTeX Warning: Reference `def:thetaFamily' on page 271 undefined on input line 
10165.


LaTeX Warning: Reference `thm:degAt_picEtMap' on page 271 undefined on input li
ne 10166.


LaTeX Warning: Reference `thm:degAt_pic0_mul_pow' on page 271 undefined on inpu
t line 10168.


LaTeX Warning: Reference `def:degAt' on page 271 undefined on input line 10174.



LaTeX Warning: Reference `def:picEtFunctor' on page 271 undefined on input line
 10174.


LaTeX Warning: Reference `thm:degAt_picEtMap' on page 271 undefined on input li
ne 10174.


LaTeX Warning: Reference `thm:picEtMap_functor_laws' on page 271 undefined on i
nput line 10174.

[271]

LaTeX Warning: Reference `thm:degAt_picEtMap' on page 272 undefined on input li
ne 10189.


LaTeX Warning: Reference `thm:picEtMap_functor_laws' on page 272 undefined on i
nput line 10190.


LaTeX Warning: Reference `def:picDegLayerFunctor' on page 272 undefined on inpu
t line 10198.


LaTeX Warning: Reference `def:pic0Functor' on page 272 undefined on input line 
10198.


LaTeX Warning: Reference `thm:degAt_pic0_mul_pow' on page 272 undefined on inpu
t line 10198.


LaTeX Warning: Reference `thm:degAt_thetaFamily' on page 272 undefined on input
 line 10198.


LaTeX Warning: Reference `def:thetaFamily' on page 272 undefined on input line 
10198.


LaTeX Warning: Reference `lem:degAt_hom' on page 272 undefined on input line 10
198.


LaTeX Warning: Reference `thm:degAt_pic0_mul_pow' on page 272 undefined on inpu
t line 10213.


LaTeX Warning: Reference `thm:degAt_thetaFamily' on page 272 undefined on input
 line 10213.


LaTeX Warning: Reference `lem:degAt_hom' on page 272 undefined on input line 10
215.


LaTeX Warning: Reference `def:thetaFamily' on page 272 undefined on input line 
10217.


LaTeX Warning: Reference `thm:exists_finite_dominant_toP1' on page 272 undefine
d on input line 10228.


LaTeX Warning: Reference `thm:baseChangeCurve_bundle' on page 272 undefined on 
input line 10228.


LaTeX Warning: Reference `def:fiberTwist' on page 272 undefined on input line 1
0228.


LaTeX Warning: Reference `thm:classDeg_fiberTwist_one' on page 272 undefined on
 input line 10228.


LaTeX Warning: Reference `thm:baseChangeCurve_bundle' on page 272 undefined on 
input line 10231.


LaTeX Warning: Reference `thm:exists_finite_dominant_toP1' on page 272 undefine
d on input line 10233.


LaTeX Warning: Reference `thm:classDeg_fiberTwist_one' on page 272 undefined on
 input line 10245.


LaTeX Warning: Reference `thm:picEt_ext_of_le_cover' on page 272 undefined on i
nput line 10253.


LaTeX Warning: Reference `def:picEt' on page 272 undefined on input line 10259.



LaTeX Warning: Reference `def:PicEtAff_mapAlg' on page 272 undefined on input l
ine 10259.


LaTeX Warning: Reference `def:picEt_LocalData' on page 272 undefined on input l
ine 10275.


LaTeX Warning: Reference `thm:exists_basic_subcover' on page 272 undefined on i
nput line 10275.


LaTeX Warning: Reference `thm:picEt_eq_of_basic_eq' on page 272 undefined on in
put line 10275.


LaTeX Warning: Reference `thm:exists_basic_subcover' on page 272 undefined on i
nput line 10283.


LaTeX Warning: Reference `thm:picEt_eq_of_basic_eq' on page 272 undefined on in
put line 10286.

[272]

LaTeX Warning: Reference `def:picEt_LocalData' on page 273 undefined on input l
ine 10293.


LaTeX Warning: Reference `thm:PicEtAff_exists_mapAlg_eq_of_compat' on page 273 
undefined on input line 10293.


LaTeX Warning: Reference `thm:exists_basic_subcover' on page 273 undefined on i
nput line 10293.


LaTeX Warning: Reference `thm:picEt_eq_of_basic_eq' on page 273 undefined on in
put line 10293.


LaTeX Warning: Reference `def:PicEtAff_mapAlg' on page 273 undefined on input l
ine 10293.


LaTeX Warning: Reference `thm:exists_basic_subcover' on page 273 undefined on i
nput line 10302.


LaTeX Warning: Reference `thm:PicEtAff_exists_mapAlg_eq_of_compat' on page 273 
undefined on input line 10306.


LaTeX Warning: Reference `thm:exists_basic_subcover' on page 273 undefined on i
nput line 10311.


LaTeX Warning: Reference `thm:picEt_eq_of_basic_eq' on page 273 undefined on in
put line 10316.


LaTeX Warning: Reference `thm:picEt_glueValue_unique' on page 273 undefined on 
input line 10326.


LaTeX Warning: Reference `thm:picEt_exists_isGlueValue' on page 273 undefined o
n input line 10326.


LaTeX Warning: Reference `thm:picEt_ext_of_le_cover' on page 273 undefined on i
nput line 10326.


LaTeX Warning: Reference `def:picEt' on page 273 undefined on input line 10326.



LaTeX Warning: Reference `def:PicEtAff_mapAlg' on page 273 undefined on input l
ine 10326.


LaTeX Warning: Reference `thm:picEt_exists_isGlueValue' on page 273 undefined o
n input line 10335.


LaTeX Warning: Reference `thm:picEt_glueValue_unique' on page 273 undefined on 
input line 10336.


LaTeX Warning: Reference `def:picEt' on page 273 undefined on input line 10339.



LaTeX Warning: Reference `thm:picEt_ext_of_le_cover' on page 273 undefined on i
nput line 10342.


LaTeX Warning: Reference `def:pic0Subgroup' on page 273 undefined on input line
 10348.


LaTeX Warning: Reference `thm:picEt_ext_of_le_cover' on page 273 undefined on i
nput line 10348.


LaTeX Warning: Reference `thm:picEt_ext_of_le_cover' on page 273 undefined on i
nput line 10356.


LaTeX Warning: Reference `def:pic0Subgroup' on page 273 undefined on input line
 10363.


LaTeX Warning: Reference `thm:degAt_picEtMap' on page 273 undefined on input li
ne 10363.


LaTeX Warning: Reference `def:picEtMap' on page 273 undefined on input line 103
63.


LaTeX Warning: Reference `thm:degAt_picEtMap' on page 273 undefined on input li
ne 10380.

[273]

LaTeX Warning: Reference `def:PicEtAff_mapAlg' on page 274 undefined on input l
ine 10398.


LaTeX Warning: Reference `def:PicEtAff_mapAlg' on page 274 undefined on input l
ine 10411.


LaTeX Warning: Reference `lem:appLEAlgEquiv' on page 274 undefined on input lin
e 10420.


LaTeX Warning: Reference `def:picEt_LocalData' on page 274 undefined on input l
ine 10420.


LaTeX Warning: Reference `def:picEt' on page 274 undefined on input line 10420.



LaTeX Warning: Reference `def:picEtMap' on page 274 undefined on input line 104
20.


LaTeX Warning: Reference `def:PicEtAff_mapAlg' on page 274 undefined on input l
ine 10420.


LaTeX Warning: Reference `thm:picEt_mapAlg_appLE_eq' on page 274 undefined on i
nput line 10420.


LaTeX Warning: Reference `lem:appLEAlgEquiv' on page 274 undefined on input lin
e 10429.


LaTeX Warning: Reference `def:picEt_LocalData' on page 274 undefined on input l
ine 10430.


LaTeX Warning: Reference `thm:picEt_mapAlg_appLE_eq' on page 274 undefined on i
nput line 10436.


LaTeX Warning: Reference `lem:appLEAlgEquiv' on page 274 undefined on input lin
e 10437.


LaTeX Warning: Reference `lem:appLEAlgEquiv' on page 274 undefined on input lin
e 10446.


LaTeX Warning: Reference `def:picEt_coverValue' on page 274 undefined on input 
line 10453.


LaTeX Warning: Reference `thm:picEt_existsUnique_glue_of_le_cover' on page 274 
undefined on input line 10453.


LaTeX Warning: Reference `thm:picEt_ext_of_le_cover' on page 274 undefined on i
nput line 10453.


LaTeX Warning: Reference `thm:picEt_glueValue_unique' on page 274 undefined on 
input line 10453.


LaTeX Warning: Reference `lem:appLEAlgEquiv' on page 274 undefined on input lin
e 10453.


LaTeX Warning: Reference `def:picEt_coverValue' on page 274 undefined on input 
line 10458.


LaTeX Warning: Reference `thm:picEt_ext_of_le_cover' on page 274 undefined on i
nput line 10465.


LaTeX Warning: Reference `lem:appLEAlgEquiv' on page 274 undefined on input lin
e 10466.


LaTeX Warning: Reference `def:picEt_coverValue' on page 274 undefined on input 
line 10469.


LaTeX Warning: Reference `thm:picEt_existsUnique_glue_of_le_cover' on page 274 
undefined on input line 10470.


LaTeX Warning: Reference `thm:picEt_existsUnique_of_cover' on page 274 undefine
d on input line 10482.


LaTeX Warning: Reference `thm:mem_pic0Subgroup_of_cover' on page 274 undefined 
on input line 10482.


LaTeX Warning: Reference `def:pic0Functor' on page 274 undefined on input line 
10482.


LaTeX Warning: Reference `def:pic0Subgroup' on page 274 undefined on input line
 10482.


LaTeX Warning: Reference `thm:picEt_existsUnique_of_cover' on page 274 undefine
d on input line 10484.


LaTeX Warning: Reference `thm:picEt_existsUnique_of_cover' on page 274 undefine
d on input line 10492.


LaTeX Warning: Reference `thm:mem_pic0Subgroup_of_cover' on page 274 undefined 
on input line 10493.

[274]

LaTeX Warning: Reference `def:mkCongr' on page 275 undefined on input line 1053
1.


LaTeX Warning: Reference `def:mkCongr' on page 275 undefined on input line 1054
3.


LaTeX Warning: Reference `def:mkCongr' on page 275 undefined on input line 1055
1.


LaTeX Warning: Reference `def:sigmaExtension' on page 275 undefined on input li
ne 10561.


LaTeX Warning: Reference `def:mkCongr' on page 275 undefined on input line 1056
1.


LaTeX Warning: Reference `def:sigmaExtension' on page 275 undefined on input li
ne 10584.


LaTeX Warning: Reference `def:mkCongr' on page 275 undefined on input line 1058
7.

[275]

LaTeX Warning: Reference `def:sigmaExtension' on page 276 undefined on input li
ne 10596.


LaTeX Warning: Reference `lem:sigmaExtension_seams' on page 276 undefined on in
put line 10596.


LaTeX Warning: Reference `lem:sigmaExtension_seams' on page 276 undefined on in
put line 10608.


LaTeX Warning: Reference `lem:sigmaExtension_seams' on page 276 undefined on in
put line 10620.


LaTeX Warning: Reference `def:pic0Functor' on page 276 undefined on input line 
10629.


LaTeX Warning: Reference `def:sigmaExtension' on page 276 undefined on input li
ne 10629.


LaTeX Warning: Reference `def:pic0Functor' on page 276 undefined on input line 
10632.


LaTeX Warning: Reference `def:pic0SigmaFunctor' on page 276 undefined on input 
line 10646.


LaTeX Warning: Reference `thm:pic0Subgroup_existsUnique_of_cover' on page 276 u
ndefined on input line 10646.


LaTeX Warning: Reference `lem:sigmaExtension_seams' on page 276 undefined on in
put line 10646.


LaTeX Warning: Reference `def:sigmaExtension' on page 276 undefined on input li
ne 10646.


LaTeX Warning: Reference `lem:sigmaExtension_seams' on page 276 undefined on in
put line 10665.


LaTeX Warning: Reference `thm:pic0Subgroup_existsUnique_of_cover' on page 276 u
ndefined on input line 10668.


LaTeX Warning: Reference `lem:sigmaExtension_seams' on page 276 undefined on in
put line 10672.


LaTeX Warning: Reference `thm:pic0Subgroup_existsUnique_of_cover' on page 276 u
ndefined on input line 10675.


Overfull \hbox (2.175pt too wide) in paragraph at lines 10671--10676
[]\TU/lmr/m/it/10 Stitch-ing. \TU/lmr/m/n/10 The $\TU/latinmodern-math.otf(1)/m
/n/10 Σ$\TU/lmr/m/n/10 -element $\TU/latinmodern-math.otf(1)/m/n/10 ⟨𝑎[], 
𝑠⟩$ \TU/lmr/m/n/10 re-stricts to each $\TU/latinmodern-math.otf(1)/m/n/10 
𝑥[]$ \TU/lmr/m/n/10 by the amal-ga-ma-tion seam (Lemma [](i)).
 []


LaTeX Warning: Reference `thm:pic0SigmaFunctor_isSheaf' on page 276 undefined o
n input line 10681.


LaTeX Warning: Reference `thm:representableBy_overSlice' on page 276 undefined 
on input line 10681.


LaTeX Warning: Reference `def:pic0SigmaFunctor' on page 276 undefined on input 
line 10681.


LaTeX Warning: Reference `thm:representableBy_overSlice' on page 276 undefined 
on input line 10688.

[276]

LaTeX Warning: Reference `thm:pic0SigmaFunctor_isSheaf' on page 277 undefined o
n input line 10695.


LaTeX Warning: Reference `thm:representableBy_overSlice' on page 277 undefined 
on input line 10697.


LaTeX Warning: Reference `sec:rankOneAbelDescent' on page 277 undefined on inpu
t line 10718.


LaTeX Warning: Reference `def:degAt' on page 277 undefined on input line 10738.



LaTeX Warning: Reference `thm:picEtMap_relPicToPicEt' on page 277 undefined on 
input line 10738.


LaTeX Warning: Reference `thm:picEtAffineEquiv_relPicToPicEt' on page 277 undef
ined on input line 10738.


LaTeX Warning: Reference `thm:degAff_unit' on page 277 undefined on input line 
10738.


LaTeX Warning: Reference `def:relPicToPicEt' on page 277 undefined on input lin
e 10738.


LaTeX Warning: Reference `def:relPicMap' on page 277 undefined on input line 10
738.


LaTeX Warning: Reference `thm:picEtMap_relPicToPicEt' on page 277 undefined on 
input line 10749.


LaTeX Warning: Reference `thm:picEtAffineEquiv_relPicToPicEt' on page 277 undef
ined on input line 10751.


LaTeX Warning: Reference `thm:degAff_unit' on page 277 undefined on input line 
10753.


LaTeX Warning: Reference `def:graphLocalEquations' on page 277 undefined on inp
ut line 10759.


LaTeX Warning: Reference `def:relPicToPicEt' on page 277 undefined on input lin
e 10759.


LaTeX Warning: Reference `def:relPic' on page 277 undefined on input line 10759
.


LaTeX Warning: Reference `def:graphLocalEquations' on page 277 undefined on inp
ut line 10770.

[277]

LaTeX Warning: Reference `def:abelCechClass' on page 278 undefined on input lin
e 10779.


LaTeX Warning: Reference `thm:graphLocalEquations_base_change' on page 278 unde
fined on input line 10779.


LaTeX Warning: Reference `thm:graphLocalEquations_base_change' on page 278 unde
fined on input line 10791.


LaTeX Warning: Reference `thm:degAt_relPicToPicEt' on page 278 undefined on inp
ut line 10802.


LaTeX Warning: Reference `thm:cechPicMap_abelCechClass' on page 278 undefined o
n input line 10802.


LaTeX Warning: Reference `thm:classDeg_graphPicClass' on page 278 undefined on 
input line 10802.


LaTeX Warning: Reference `def:relPicMap' on page 278 undefined on input line 10
802.


LaTeX Warning: Reference `def:relPicDeg' on page 278 undefined on input line 10
802.


LaTeX Warning: Reference `lem:degAt_hom' on page 278 undefined on input line 10
802.


LaTeX Warning: Reference `thm:degAt_relPicToPicEt' on page 278 undefined on inp
ut line 10810.


LaTeX Warning: Reference `def:relPicDeg' on page 278 undefined on input line 10
813.


LaTeX Warning: Reference `def:relPicMap' on page 278 undefined on input line 10
814.


LaTeX Warning: Reference `thm:cechPicMap_abelCechClass' on page 278 undefined o
n input line 10815.


LaTeX Warning: Reference `thm:classDeg_graphPicClass' on page 278 undefined on 
input line 10818.


LaTeX Warning: Reference `def:pic0Subgroup' on page 278 undefined on input line
 10824.


LaTeX Warning: Reference `thm:degAt_abelPicEt' on page 278 undefined on input l
ine 10824.


LaTeX Warning: Reference `def:abelCechClass' on page 278 undefined on input lin
e 10824.


LaTeX Warning: Reference `thm:degAt_abelPicEt' on page 278 undefined on input l
ine 10831.


LaTeX Warning: Reference `def:abelElement' on page 278 undefined on input line 
10842.


LaTeX Warning: Reference `thm:picEtMap_relPicToPicEt' on page 278 undefined on 
input line 10842.


LaTeX Warning: Reference `thm:cechPicMap_abelCechClass' on page 278 undefined o
n input line 10842.


LaTeX Warning: Reference `def:pic0Functor' on page 278 undefined on input line 
10842.


LaTeX Warning: Reference `def:relPicMap' on page 278 undefined on input line 10
842.


LaTeX Warning: Reference `thm:picEtMap_relPicToPicEt' on page 278 undefined on 
input line 10854.


LaTeX Warning: Reference `def:relPicMap' on page 278 undefined on input line 10
856.


LaTeX Warning: Reference `thm:cechPicMap_abelCechClass' on page 278 undefined o
n input line 10857.


LaTeX Warning: Reference `thm:abelElement_map' on page 278 undefined on input l
ine 10863.


LaTeX Warning: Reference `def:pic0Functor' on page 278 undefined on input line 
10863.


LaTeX Warning: Reference `thm:abelElement_map' on page 278 undefined on input l
ine 10872.

[278]) (./chapters/DivisorScheme.tex [279]
Chapter 8.

Package hyperref Warning: Token not allowed in a PDF string (Unicode):
(hyperref)                removing `math shift' on input line 1.


Package hyperref Warning: Token not allowed in a PDF string (Unicode):
(hyperref)                removing `\mathrm' on input line 1.


Package hyperref Warning: Token not allowed in a PDF string (Unicode):
(hyperref)                removing `superscript' on input line 1.


LaTeX Warning: Reference `def:localEquations_picClass' on page 280 undefined on
 input line 9.


LaTeX Warning: Reference `chap:Challenge' on page 280 undefined on input line 1
2.


LaTeX Warning: Reference `def:pic0RepresentableByOfCharts' on page 280 undefine
d on input line 13.


LaTeX Warning: Reference `sec:divfam' on page 280 undefined on input line 19.


LaTeX Warning: Reference `sec:divfamzar' on page 280 undefined on input line 19
.


LaTeX Warning: Reference `sec:divscheme' on page 280 undefined on input line 24
.


LaTeX Warning: Reference `sec:divclassify' on page 280 undefined on input line 
29.


LaTeX Warning: Reference `sec:divrep' on page 280 undefined on input line 33.


LaTeX Warning: Reference `thm:divRepUniversalFamily' on page 280 undefined on i
nput line 34.


LaTeX Warning: Reference `def:pic0RepresentableByOfCharts' on page 280 undefine
d on input line 36.


LaTeX Warning: Reference `def:fiberWeilDivisor' on page 280 undefined on input 
line 46.


LaTeX Warning: Reference `def:relCurve' on page 280 undefined on input line 47.



LaTeX Warning: Reference `def:relCover' on page 280 undefined on input line 49.



LaTeX Warning: Reference `def:fiberTwoCover' on page 280 undefined on input lin
e 49.


LaTeX Warning: Reference `def:divisorSections' on page 280 undefined on input l
ine 50.


LaTeX Warning: Reference `thm:divRepUniversalFamily' on page 280 undefined on i
nput line 53.

[280

]

LaTeX Warning: Reference `def:localEquations' on page 281 undefined on input li
ne 59.


LaTeX Warning: Reference `def:localEquations' on page 281 undefined on input li
ne 68.


LaTeX Warning: Reference `def:localEquations_picClass' on page 281 undefined on
 input line 68.


LaTeX Warning: Reference `lem:localEquations_ratioUnit' on page 281 undefined o
n input line 68.


LaTeX Warning: Reference `lem:localEquations_ratioUnit' on page 281 undefined o
n input line 80.


LaTeX Warning: Reference `def:localEquations_picClass' on page 281 undefined on
 input line 84.


LaTeX Warning: Reference `def:localEquations' on page 281 undefined on input li
ne 96.


LaTeX Warning: Reference `lem:localEquations_restrict' on page 281 undefined on
 input line 96.


LaTeX Warning: Reference `lem:localEquations_rescale' on page 281 undefined on 
input line 96.


LaTeX Warning: Reference `def:localEquations_picClass' on page 281 undefined on
 input line 96.


LaTeX Warning: Reference `lem:localEquations_restrict' on page 281 undefined on
 input line 124.


LaTeX Warning: Reference `lem:localEquations_rescale' on page 281 undefined on 
input line 126.

[281]

LaTeX Warning: Reference `def:relCurve' on page 282 undefined on input line 152
.


LaTeX Warning: Reference `def:relCover' on page 282 undefined on input line 152
.


LaTeX Warning: Reference `def:fiberTwoCover' on page 282 undefined on input lin
e 152.


LaTeX Warning: Reference `def:finCoverData' on page 282 undefined on input line
 183.


LaTeX Warning: Reference `def:localEquations' on page 282 undefined on input li
ne 183.


LaTeX Warning: Reference `lem:localEquations_ratioUnit' on page 282 undefined o
n input line 183.


LaTeX Warning: Reference `def:finCoverData' on page 282 undefined on input line
 188.


LaTeX Warning: Reference `lem:localEquations_ratioUnit' on page 282 undefined o
n input line 202.


LaTeX Warning: Reference `def:divisorAdaptation' on page 282 undefined on input
 line 219.


LaTeX Warning: Reference `def:localEquations' on page 282 undefined on input li
ne 219.


LaTeX Warning: Reference `def:divisorAdaptation' on page 282 undefined on input
 line 227.


LaTeX Warning: Reference `def:localEquations' on page 282 undefined on input li
ne 235.

[282]

LaTeX Warning: Reference `def:divisorAdaptation' on page 283 undefined on input
 line 245.


LaTeX Warning: Reference `lem:divisorAdaptation_eqn_regular' on page 283 undefi
ned on input line 245.


LaTeX Warning: Reference `def:gluedColength' on page 283 undefined on input lin
e 269.


LaTeX Warning: Reference `def:isCertified' on page 283 undefined on input line 
297.


LaTeX Warning: Reference `lem:localEquations_divEq' on page 283 undefined on in
put line 297.


LaTeX Warning: Reference `def:localEquations_picClass' on page 283 undefined on
 input line 297.


LaTeX Warning: Reference `lem:localEquations_divEq' on page 283 undefined on in
put line 303.


LaTeX Warning: Reference `lem:localEquations_divEq' on page 283 undefined on in
put line 319.


LaTeX Warning: Reference `lem:localEquations_divEq' on page 283 undefined on in
put line 321.


LaTeX Warning: Reference `def:isCertified' on page 283 undefined on input line 
328.

[283]

LaTeX Warning: Reference `def:isCertified' on page 284 undefined on input line 
341.


LaTeX Warning: Reference `lem:localEquations_divEq' on page 284 undefined on in
put line 341.


LaTeX Warning: Reference `def:relCover' on page 284 undefined on input line 341
.


LaTeX Warning: Reference `def:finCoverData' on page 284 undefined on input line
 365.


LaTeX Warning: Reference `def:finCoverData' on page 284 undefined on input line
 383.


LaTeX Warning: Reference `def:certifiedDivisorFamily' on page 284 undefined on 
input line 411.


LaTeX Warning: Reference `def:relCurveMap' on page 284 undefined on input line 
411.


LaTeX Warning: Reference `def:localEquations_pullback' on page 284 undefined on
 input line 411.


LaTeX Warning: Reference `lem:localEquations_divEq' on page 284 undefined on in
put line 411.

[284]

LaTeX Warning: Reference `def:localEquations_pullback' on page 285 undefined on
 input line 426.


LaTeX Warning: Reference `lem:localEquations_divEq' on page 285 undefined on in
put line 433.


LaTeX Warning: Reference `def:isCertified' on page 285 undefined on input line 
438.


LaTeX Warning: Reference `def:isLocallyCertified' on page 285 undefined on inpu
t line 445.


LaTeX Warning: Reference `def:localEquations_pullback' on page 285 undefined on
 input line 445.


LaTeX Warning: Reference `def:relCurveMap' on page 285 undefined on input line 
445.


LaTeX Warning: Reference `def:localEquations_pullback' on page 285 undefined on
 input line 450.


LaTeX Warning: Reference `def:isLocallyCertified' on page 285 undefined on inpu
t line 483.


LaTeX Warning: Reference `lem:localEquations_divEq' on page 285 undefined on in
put line 483.


LaTeX Warning: Reference `def:certifiedDivisorFamily' on page 285 undefined on 
input line 483.


LaTeX Warning: Reference `def:isLocallyCertified' on page 285 undefined on inpu
t line 490.


LaTeX Warning: Reference `thm:isCertified_chart_obstruction' on page 285 undefi
ned on input line 498.

[285]

LaTeX Warning: Reference `lem:localEquations_divEq' on page 286 undefined on in
put line 506.


LaTeX Warning: Reference `def:isLocallyCertified' on page 286 undefined on inpu
t line 507.


LaTeX Warning: Reference `lem:localEquations_divEq' on page 286 undefined on in
put line 509.


LaTeX Warning: Reference `def:isLocallyCertified' on page 286 undefined on inpu
t line 511.


LaTeX Warning: Reference `def:relCurve' on page 286 undefined on input line 523
.


LaTeX Warning: Reference `def:localEquations' on page 286 undefined on input li
ne 523.


LaTeX Warning: Reference `lem:localEquations_divEq' on page 286 undefined on in
put line 523.


Overfull \hbox (4.32545pt too wide) detected at line 530
[][]\TU/latinmodern-math.otf(1)/m/n/10 (𝑅)  ∶=  [] 𝑑[]𝐶[][]𝑛[] []
[]  ∼,
 []


LaTeX Warning: Reference `def:genusDivisorRepresentation' on page 286 undefined
 on input line 541.


LaTeX Warning: Reference `def:admissibleDivisorRepresentation' on page 286 unde
fined on input line 542.


LaTeX Warning: Reference `def:divFamZarAff' on page 286 undefined on input line
 553.


LaTeX Warning: Reference `def:certifiedDivisorFamily' on page 286 undefined on 
input line 581.


LaTeX Warning: Reference `def:divisorSections' on page 286 undefined on input l
ine 581.


LaTeX Warning: Reference `def:fiberWeilDivisor' on page 286 undefined on input 
line 581.


LaTeX Warning: Reference `def:fiberTwist' on page 286 undefined on input line 5
81.


LaTeX Warning: Reference `lem:localEquations_divEq' on page 286 undefined on in
put line 581.


LaTeX Warning: Reference `def:grFunctorAff' on page 286 undefined on input line
 581.

[286]

LaTeX Warning: Reference `def:certifiedDivisorFamily' on page 287 undefined on 
input line 615.


LaTeX Warning: Reference `def:divFamZar' on page 287 undefined on input line 61
5.


LaTeX Warning: Reference `def:divisorWindow' on page 287 undefined on input lin
e 658.


LaTeX Warning: Reference `def:isCertified' on page 287 undefined on input line 
658.


LaTeX Warning: Reference `lem:rankAtStalk_equal_quotients' on page 287 undefine
d on input line 658.


LaTeX Warning: Reference `def:grFunctorAff' on page 287 undefined on input line
 658.


LaTeX Warning: Reference `def:gluedColength' on page 287 undefined on input lin
e 658.


LaTeX Warning: Reference `def:divisorWindow' on page 287 undefined on input lin
e 661.


LaTeX Warning: Reference `def:grFunctorAff' on page 287 undefined on input line
 687.

[287]

LaTeX Warning: Reference `lem:rankAtStalk_equal_quotients' on page 288 undefine
d on input line 692.


LaTeX Warning: Reference `def:divisorWindow' on page 288 undefined on input lin
e 704.


LaTeX Warning: Reference `def:certifiedDivisorFamily' on page 288 undefined on 
input line 704.


LaTeX Warning: Reference `lem:localEquations_divEq' on page 288 undefined on in
put line 704.


LaTeX Warning: Reference `def:isCertified' on page 288 undefined on input line 
704.


LaTeX Warning: Reference `lem:localEquations_divEq' on page 288 undefined on in
put line 720.


LaTeX Warning: Reference `def:certifiedDivisorFamily' on page 288 undefined on 
input line 721.


LaTeX Warning: Reference `def:grFunctorAff' on page 288 undefined on input line
 743.


LaTeX Warning: Reference `def:divisorSections' on page 288 undefined on input l
ine 743.


LaTeX Warning: Reference `def:fiberWeilDivisor' on page 288 undefined on input 
line 743.

[288]

LaTeX Warning: Reference `def:divScheme' on page 289 undefined on input line 78
2.


LaTeX Warning: Reference `def:divisorWindow' on page 289 undefined on input lin
e 782.


LaTeX Warning: Reference `sec:divrep' on page 289 undefined on input line 787.


LaTeX Warning: Reference `def:divFamZar' on page 289 undefined on input line 79
9.


LaTeX Warning: Reference `def:divScheme' on page 289 undefined on input line 79
9.


LaTeX Warning: Reference `def:divisorWindow' on page 289 undefined on input lin
e 799.


LaTeX Warning: Reference `def:grFunctorAff' on page 289 undefined on input line
 799.


LaTeX Warning: Reference `def:isDivRepClassify' on page 289 undefined on input 
line 826.


LaTeX Warning: Reference `def:divFamZar' on page 289 undefined on input line 82
6.


LaTeX Warning: Reference `def:divScheme' on page 289 undefined on input line 82
6.


LaTeX Warning: Reference `thm:divisorWindow_eq_of_le' on page 289 undefined on 
input line 826.


LaTeX Warning: Reference `def:isLocallyCertified' on page 289 undefined on inpu
t line 826.


LaTeX Warning: Reference `def:isDivRepClassify' on page 289 undefined on input 
line 830.


LaTeX Warning: Reference `def:isLocallyCertified' on page 289 undefined on inpu
t line 839.


LaTeX Warning: Reference `def:divScheme' on page 289 undefined on input line 84
6.


LaTeX Warning: Reference `def:divScheme' on page 289 undefined on input line 84
7.

[289]

LaTeX Warning: Reference `def:divScheme' on page 290 undefined on input line 86
1.


LaTeX Warning: Reference `thm:divClassifyZar' on page 290 undefined on input li
ne 877.


LaTeX Warning: Reference `def:isDivRepClassify' on page 290 undefined on input 
line 877.


LaTeX Warning: Reference `def:divFamZar' on page 290 undefined on input line 87
7.


LaTeX Warning: Reference `thm:divFam_mono' on page 290 undefined on input line 
877.


LaTeX Warning: Reference `def:isLocallyCertified' on page 290 undefined on inpu
t line 877.


LaTeX Warning: Reference `thm:divClassifyZar' on page 290 undefined on input li
ne 885.


LaTeX Warning: Reference `def:isDivRepClassify' on page 290 undefined on input 
line 896.


LaTeX Warning: Reference `thm:divFam_mono' on page 290 undefined on input line 
903.


LaTeX Warning: Reference `def:isLocallyCertified' on page 290 undefined on inpu
t line 909.


LaTeX Warning: Reference `def:divFamZar' on page 290 undefined on input line 92
6.


LaTeX Warning: Reference `def:divScheme' on page 290 undefined on input line 92
6.


LaTeX Warning: Reference `def:isDivRepClassify' on page 290 undefined on input 
line 926.


LaTeX Warning: Reference `def:isDivRepClassify' on page 290 undefined on input 
line 935.


LaTeX Warning: Reference `def:divRepAffinePullback' on page 290 undefined on in
put line 952.

[290]

LaTeX Warning: Reference `thm:divClassifyZar' on page 291 undefined on input li
ne 952.


LaTeX Warning: Reference `thm:eq_of_isDivRepClassify' on page 291 undefined on 
input line 952.


LaTeX Warning: Reference `thm:divClassifyZar' on page 291 undefined on input li
ne 956.


LaTeX Warning: Reference `thm:divClassifyZar' on page 291 undefined on input li
ne 966.


LaTeX Warning: Reference `thm:divClassifyZar' on page 291 undefined on input li
ne 973.


LaTeX Warning: Reference `thm:eq_of_isDivRepClassify' on page 291 undefined on 
input line 973.


LaTeX Warning: Reference `def:divRepAffinePullback' on page 291 undefined on in
put line 975.


LaTeX Warning: Reference `def:divRepAffinePullback' on page 291 undefined on in
put line 984.


LaTeX Warning: Reference `def:divScheme' on page 291 undefined on input line 98
4.


LaTeX Warning: Reference `def:certifiedDivisorFamily' on page 291 undefined on 
input line 984.


LaTeX Warning: Reference `thm:divisorWindow_eq_of_le' on page 291 undefined on 
input line 984.


LaTeX Warning: Reference `thm:isCertified_chart_obstruction' on page 291 undefi
ned on input line 984.


LaTeX Warning: Reference `def:divRepAffinePullback' on page 291 undefined on in
put line 987.


LaTeX Warning: Reference `def:isCertified' on page 291 undefined on input line 
1000.


LaTeX Warning: Reference `thm:isCertified_chart_obstruction' on page 291 undefi
ned on input line 1001.


LaTeX Warning: Reference `sec:divfam' on page 291 undefined on input line 1006.



LaTeX Warning: Reference `sec:divclassify' on page 291 undefined on input line 
1006.


Overfull \hbox (6.72853pt too wide) in paragraph at lines 1006--1009
\TU/lmr/m/it/10 the pinned-window aux-il-iary car-rier, not the cur-rent R2 rep-
re-sentabil-ity tar-get $[]\TU/latinmodern-math.otf(1)/m/n/10 (𝐶, 𝑛)$\TU/
lmr/m/it/10 . 
 []


LaTeX Warning: Reference `def:divFamZarAff' on page 291 undefined on input line
 1026.


LaTeX Warning: Reference `def:divFamZarAff' on page 291 undefined on input line
 1039.

[291]

LaTeX Warning: Reference `def:genusDivisorRepresentation' on page 292 undefined
 on input line 1051.


LaTeX Warning: Reference `def:picDegLayerFunctor' on page 292 undefined on inpu
t line 1051.


LaTeX Warning: Reference `def:divFamZarAff' on page 292 undefined on input line
 1065.


LaTeX Warning: Reference `thm:riemann_inequality_curve' on page 292 undefined o
n input line 1065.


LaTeX Warning: Reference `def:admissibleDivisorRepresentation' on page 292 unde
fined on input line 1095.


LaTeX Warning: Reference `def:pic0SigmaFunctor' on page 292 undefined on input 
line 1095.


LaTeX Warning: Reference `def:admissibleDivisorRepresentation' on page 292 unde
fined on input line 1110.


LaTeX Warning: Reference `def:divScheme' on page 292 undefined on input line 11
10.


LaTeX Warning: Reference `def:admissibleAbelMap' on page 292 undefined on input
 line 1130.


LaTeX Warning: Reference `def:relPic' on page 292 undefined on input line 1130.


[292]

LaTeX Warning: Reference `def:admissibleDivisorRepresentation' on page 293 unde
fined on input line 1153.


LaTeX Warning: Reference `thm:h0_eq_deg_add_chi' on page 293 undefined on input
 line 1153.


LaTeX Warning: Reference `thm:chi_moduleKSheaf_curve' on page 293 undefined on 
input line 1153.


LaTeX Warning: Reference `def:admissibleDivisorRepresentation' on page 293 unde
fined on input line 1173.


LaTeX Warning: Reference `def:admissibleAbelMap' on page 293 undefined on input
 line 1173.


LaTeX Warning: Reference `thm:admissibleAbel_kernel' on page 293 undefined on i
nput line 1185.


LaTeX Warning: Reference `def:admissibleAbelEtaleSheafMap' on page 293 undefine
d on input line 1185.


LaTeX Warning: Reference `thm:admissibleAbel_kernel' on page 293 undefined on i
nput line 1192.


LaTeX Warning: Reference `def:admissibleAbelMap' on page 293 undefined on input
 line 1202.


LaTeX Warning: Reference `def:admissibleAbelEtaleSheafMap' on page 293 undefine
d on input line 1202.


LaTeX Warning: Reference `thm:admissibleAbel_fibreRank' on page 293 undefined o
n input line 1202.


LaTeX Warning: Reference `thm:admissibleAbel_fibreRank' on page 293 undefined o
n input line 1211.


LaTeX Warning: Reference `def:admissibleAbelEtaleSheafMap' on page 293 undefine
d on input line 1224.


LaTeX Warning: Reference `thm:admissibleAbel_etaleLocallySurjective' on page 29
3 undefined on input line 1224.


LaTeX Warning: Reference `def:genusDivisorRepresentation' on page 293 undefined
 on input line 1238.

[293]

LaTeX Warning: Reference `def:admissibleDivisorRepresentation' on page 294 unde
fined on input line 1254.


LaTeX Warning: Reference `thm:highDegreeAbel_notOpenImmersion' on page 294 unde
fined on input line 1256.


LaTeX Warning: Reference `def:picDegLayerFunctor' on page 294 undefined on inpu
t line 1267.


LaTeX Warning: Reference `def:picRankOneLocalPresentation' on page 294 undefine
d on input line 1289.


LaTeX Warning: Reference `def:picRankOneLocalPresentation' on page 294 undefine
d on input line 1295.


LaTeX Warning: Reference `def:picRankOneLocalPresentation' on page 294 undefine
d on input line 1316.


LaTeX Warning: Reference `lem:picRankOnePresentation_change' on page 294 undefi
ned on input line 1316.


LaTeX Warning: Reference `def:picRankOneOpen' on page 294 undefined on input li
ne 1329.


LaTeX Warning: Reference `lem:picRankOnePresentation_change' on page 294 undefi
ned on input line 1329.


LaTeX Warning: Reference `thm:h0_eq_deg_add_chi' on page 294 undefined on input
 line 1329.


LaTeX Warning: Reference `thm:chi_moduleKSheaf_curve' on page 294 undefined on 
input line 1329.


Overfull \hbox (0.48404pt too wide) in paragraph at lines 1329--1335
[][]\TU/lmr/bx/n/10 The-o-rem 1141 \TU/lmr/m/n/10 (Open-ness of the rank-one Pi-
card lo-cus)\TU/lmr/bx/n/10 . [][][][][]\TU/lmr/m/it/10 The in-clu-sion $[]\TU/
latinmodern-math.otf(1)/m/n/10 (𝐶) ↪
 []


LaTeX Warning: Reference `lem:picRankOnePresentation_change' on page 294 undefi
ned on input line 1347.

[294]

LaTeX Warning: Reference `def:genusDivisorRepresentation' on page 295 undefined
 on input line 1358.


LaTeX Warning: Reference `def:genusAbelMap' on page 295 undefined on input line
 1358.


LaTeX Warning: Reference `def:picRankOneOpen' on page 295 undefined on input li
ne 1358.


LaTeX Warning: Reference `thm:picRankOneOpen_isOpen' on page 295 undefined on i
nput line 1358.


LaTeX Warning: Reference `def:divRankOneOpen' on page 295 undefined on input li
ne 1373.


LaTeX Warning: Reference `def:genusAbelMap' on page 295 undefined on input line
 1373.


LaTeX Warning: Reference `def:picRankOneLocalPresentation' on page 295 undefine
d on input line 1385.


LaTeX Warning: Reference `lem:picRankOnePresentation_change' on page 295 undefi
ned on input line 1385.


LaTeX Warning: Reference `def:divRankOneOpen' on page 295 undefined on input li
ne 1385.


LaTeX Warning: Reference `lem:picRankOnePresentation_change' on page 295 undefi
ned on input line 1414.


LaTeX Warning: Reference `def:rankOneAbel' on page 295 undefined on input line 
1430.


LaTeX Warning: Reference `def:divisorOfRankOne' on page 295 undefined on input 
line 1430.

[295]

LaTeX Warning: Reference `def:divisorOfRankOne' on page 296 undefined on input 
line 1437.


LaTeX Warning: Reference `thm:rankOneAbel_inverse' on page 296 undefined on inp
ut line 1453.


LaTeX Warning: Reference `thm:rankOneAbel_inverse' on page 296 undefined on inp
ut line 1464.


LaTeX Warning: Reference `def:rankOneAbelIso' on page 296 undefined on input li
ne 1469.


LaTeX Warning: Reference `thm:picRankOneOpen_isOpen' on page 296 undefined on i
nput line 1469.


LaTeX Warning: Reference `thm:picRankOneOpen_isOpen' on page 296 undefined on i
nput line 1481.


LaTeX Warning: Reference `def:picRankOneOpen' on page 296 undefined on input li
ne 1489.


LaTeX Warning: Reference `def:pic0Functor' on page 296 undefined on input line 
1489.


LaTeX Warning: Reference `def:pic0TranslatedRankOneOpen' on page 296 undefined 
on input line 1504.


LaTeX Warning: Reference `def:rankOneAbelIso' on page 296 undefined on input li
ne 1504.


LaTeX Warning: Reference `thm:rankOneAbel_isOpenImmersion' on page 296 undefine
d on input line 1504.


LaTeX Warning: Reference `def:rankOneAbelIso' on page 296 undefined on input li
ne 1513.


LaTeX Warning: Reference `def:pic0TranslatedRankOneOpen' on page 296 undefined 
on input line 1520.


LaTeX Warning: Reference `thm:exists_rationalPoint_mem' on page 296 undefined o
n input line 1520.


LaTeX Warning: Reference `thm:h0_eq_deg_add_chi' on page 296 undefined on input
 line 1520.


LaTeX Warning: Reference `thm:chi_moduleKSheaf_curve' on page 296 undefined on 
input line 1520.


LaTeX Warning: Reference `thm:exists_rationalPoint_mem' on page 296 undefined o
n input line 1537.

[296]

LaTeX Warning: Reference `thm:pic0TranslatedRankOneOpen_representable' on page 
297 undefined on input line 1562.


LaTeX Warning: Reference `thm:rankOne_translate_cover_sepClosed' on page 297 un
defined on input line 1562.


LaTeX Warning: Reference `def:pic0RepresentableByOfCharts' on page 297 undefine
d on input line 1562.


LaTeX Warning: Reference `thm:rankOne_translate_cover_sepClosed' on page 297 un
defined on input line 1572.


LaTeX Warning: Reference `def:pic0RepresentableByOfCharts' on page 297 undefine
d on input line 1577.


LaTeX Warning: Reference `def:pic0Functor' on page 297 undefined on input line 
1585.


LaTeX Warning: Reference `def:pic0_sepClosed_representableBy' on page 297 undef
ined on input line 1598.


LaTeX Warning: Reference `thm:genusDivisorSource_geometry' on page 297 undefine
d on input line 1598.


LaTeX Warning: Reference `def:genusAbelMap' on page 297 undefined on input line
 1598.


LaTeX Warning: Reference `def:pic0SepClosedDescentInput' on page 297 undefined 
on input line 1598.


LaTeX Warning: Reference `def:pic0_sepClosed_representableBy' on page 297 undef
ined on input line 1601.


LaTeX Warning: Reference `thm:genusDivisorSource_geometry' on page 297 undefine
d on input line 1621.

[297]

LaTeX Warning: Reference `def:pic0Functor' on page 298 undefined on input line 
1627.


LaTeX Warning: Reference `def:pic0SepClosedDescentInput' on page 298 undefined 
on input line 1649.


LaTeX Warning: Reference `thm:pic0SepClosedDescentInput_exists' on page 298 und
efined on input line 1649.


LaTeX Warning: Reference `thm:pic0DescentCompatibility' on page 298 undefined o
n input line 1649.


LaTeX Warning: Reference `thm:pic0DescentCompatibility' on page 298 undefined o
n input line 1660.

[298]

LaTeX Warning: Reference `lem:finiteGalois_stableAffineCover' on page 299 undef
ined on input line 1697.


LaTeX Warning: Reference `lem:finiteGalois_stableAffineCover' on page 299 undef
ined on input line 1705.


LaTeX Warning: Reference `thm:finiteGalois_schemeDescent' on page 299 undefined
 on input line 1720.


LaTeX Warning: Reference `thm:finiteGalois_schemeDescent' on page 299 undefined
 on input line 1730.


LaTeX Warning: Reference `thm:pic0FiniteGaloisStage' on page 299 undefined on i
nput line 1745.


LaTeX Warning: Reference `thm:representableBy_of_finiteGalois_baseChange' on pa
ge 299 undefined on input line 1745.


LaTeX Warning: Reference `thm:pic0FiniteGaloisStage' on page 299 undefined on i
nput line 1754.


LaTeX Warning: Reference `thm:pic0DescentCompatibility' on page 299 undefined o
n input line 1756.


LaTeX Warning: Reference `thm:representableBy_of_finiteGalois_baseChange' on pa
ge 299 undefined on input line 1757.


LaTeX Warning: Reference `def:pic0_representableBy' on page 299 undefined on in
put line 1764.


LaTeX Warning: Reference `def:jacobian_data' on page 299 undefined on input lin
e 1764.


LaTeX Warning: Reference `thm:pic0FiniteGaloisStage' on page 299 undefined on i
nput line 1764.


LaTeX Warning: Reference `def:pic0_representableBy' on page 299 undefined on in
put line 1767.


LaTeX Warning: Reference `thm:pic0FiniteGaloisStage' on page 299 undefined on i
nput line 1774.


LaTeX Warning: Reference `def:jacobian_data' on page 299 undefined on input lin
e 1776.

[299]) (./chapters/Tangent.tex [300]
Chapter 9.

Overfull \hbox (6.42209pt too wide) in paragraph at lines 17--20
\TU/lmr/m/n/10 for a scheme cov-ered by two affine opens --- the two-cover Čech
 form of $\TU/latinmodern-math.otf(1)/m/n/10 𝐻[](𝐶, 𝒪[]) ≅ []([](
𝐶[]) →
 []


LaTeX Warning: Reference `def:truncExpUnit' on page 301 undefined on input line
 46.

[301

]

LaTeX Warning: Reference `def:unitsFst' on page 302 undefined on input line 83.



LaTeX Warning: Reference `def:truncExpUnit' on page 302 undefined on input line
 83.


LaTeX Warning: Reference `lem:truncExp_add' on page 302 undefined on input line
 102.


LaTeX Warning: Reference `lem:unitsFst_split' on page 302 undefined on input li
ne 102.


LaTeX Warning: Reference `lem:unitsFst_split' on page 302 undefined on input li
ne 108.


LaTeX Warning: Reference `lem:unitsFst_split' on page 302 undefined on input li
ne 117.


LaTeX Warning: Reference `lem:truncExp_add' on page 302 undefined on input line
 120.


LaTeX Warning: Reference `def:unitsFst' on page 302 undefined on input line 126
.


LaTeX Warning: Reference `def:truncExpUnit' on page 302 undefined on input line
 126.


LaTeX Warning: Reference `lem:unitsFst_split' on page 302 undefined on input li
ne 126.


LaTeX Warning: Reference `lem:unitsFst_split' on page 302 undefined on input li
ne 140.


LaTeX Warning: Reference `def:dualNumber_map' on page 302 undefined on input li
ne 160.


LaTeX Warning: Reference `def:unitsFst' on page 302 undefined on input line 160
.


LaTeX Warning: Reference `def:dualNumber_map' on page 302 undefined on input li
ne 170.


LaTeX Warning: Reference `def:dualNumber_map' on page 302 undefined on input li
ne 176.


LaTeX Warning: Reference `def:truncExpUnit' on page 302 undefined on input line
 176.


LaTeX Warning: Reference `def:unitsFst' on page 302 undefined on input line 176
.


LaTeX Warning: Reference `def:mumford_scaling' on page 302 undefined on input l
ine 207.


LaTeX Warning: Reference `def:truncExpUnit' on page 302 undefined on input line
 207.


LaTeX Warning: Reference `def:dualNumber_map' on page 302 undefined on input li
ne 207.


Overfull \hbox (6.97748pt too wide) in paragraph at lines 207--213
[][]\TU/lmr/bx/n/10 Lemma 1171 \TU/lmr/m/n/10 (Scal-ing iden-ti-ties)\TU/lmr/bx
/n/10 . [][][][]$\TU/latinmodern-math.otf(1)/m/n/10 𝜇[] ∘ 𝜇[] = 𝜇[]$
\TU/lmr/m/it/10 ; $\TU/latinmodern-math.otf(1)/m/n/10 𝜇[] = []$\TU/lmr/m/it/
10 ; on trun-cated ex-po-nen-tials $\TU/latinmodern-math.otf(1)/m/n/10 𝜇[]([
](𝑏)) =
 []


LaTeX Warning: Reference `def:dualNumber_map' on page 302 undefined on input li
ne 224.


LaTeX Warning: Reference `def:dualNumber_map' on page 302 undefined on input li
ne 228.

[302]

LaTeX Warning: Reference `def:dualNumber_mapAlgHom' on page 303 undefined on in
put line 237.


LaTeX Warning: Reference `def:dualNumber_mapAlgHom' on page 303 undefined on in
put line 252.


LaTeX Warning: Reference `def:TwoCover_H1Cok' on page 303 undefined on input li
ne 301.


LaTeX Warning: Reference `def:cech_coboundary_units' on page 303 undefined on i
nput line 309.


LaTeX Warning: Reference `def:cech_coboundary_add' on page 303 undefined on inp
ut line 309.


LaTeX Warning: Reference `lem:unit_decomposition' on page 303 undefined on inpu
t line 309.


LaTeX Warning: Reference `lem:dualNumber_map_functorial' on page 303 undefined 
on input line 309.


LaTeX Warning: Reference `lem:truncExp_naturality' on page 303 undefined on inp
ut line 309.


LaTeX Warning: Reference `lem:truncExp_add' on page 303 undefined on input line
 309.


LaTeX Warning: Reference `lem:unitsFst_split' on page 303 undefined on input li
ne 309.


LaTeX Warning: Reference `lem:truncExp_naturality' on page 303 undefined on inp
ut line 326.


LaTeX Warning: Reference `lem:truncExp_add' on page 303 undefined on input line
 326.


LaTeX Warning: Reference `lem:unit_decomposition' on page 303 undefined on inpu
t line 334.


LaTeX Warning: Reference `lem:dualNumber_map_functorial' on page 303 undefined 
on input line 337.


LaTeX Warning: Reference `lem:truncExp_naturality' on page 303 undefined on inp
ut line 338.


LaTeX Warning: Reference `lem:unitsFst_split' on page 303 undefined on input li
ne 344.


LaTeX Warning: Reference `lem:truncExp_naturality' on page 303 undefined on inp
ut line 345.


LaTeX Warning: Reference `lem:truncExp_add' on page 303 undefined on input line
 347.

[303]

LaTeX Warning: Reference `def:cech_coboundary_units' on page 304 undefined on i
nput line 356.


LaTeX Warning: Reference `lem:truncExp_naturality' on page 304 undefined on inp
ut line 356.


LaTeX Warning: Reference `lem:dualNumber_map_functorial' on page 304 undefined 
on input line 356.


LaTeX Warning: Reference `lem:truncExp_naturality' on page 304 undefined on inp
ut line 359.


LaTeX Warning: Reference `lem:dualNumber_map_functorial' on page 304 undefined 
on input line 360.


Overfull \hbox (45.14394pt too wide) in paragraph at lines 356--366
\TU/lmr/m/n/10 cobound-aries to cobound-aries: by nat-u-ral-ity ([], []), $[][]
[]\TU/latinmodern-math.otf(1)/m/n/10 𝜌[][𝜀][](𝑤[]) 𝜌[][𝜀][](
𝑤[])[] = 𝜌[]([][]𝑤[]) 𝜌[]([][]𝑤[])$\TU/lmr/m/n/10 .
 []


LaTeX Warning: Reference `def:cech_units_reduction' on page 304 undefined on in
put line 384.


LaTeX Warning: Reference `thm:truncExp_detects_coboundaries' on page 304 undefi
ned on input line 384.


LaTeX Warning: Reference `lem:unitsFst_split' on page 304 undefined on input li
ne 384.


LaTeX Warning: Reference `lem:unitsFst_split' on page 304 undefined on input li
ne 393.


LaTeX Warning: Reference `thm:truncExp_detects_coboundaries' on page 304 undefi
ned on input line 395.


LaTeX Warning: Reference `def:cech_units_reduction' on page 304 undefined on in
put line 402.


LaTeX Warning: Reference `thm:truncExp_exact' on page 304 undefined on input li
ne 402.


LaTeX Warning: Reference `lem:dualNumber_map_functorial' on page 304 undefined 
on input line 402.


LaTeX Warning: Reference `def:cech_coboundary_units' on page 304 undefined on i
nput line 402.


Overfull \hbox (23.00432pt too wide) in paragraph at lines 402--409
[][]\TU/lmr/bx/n/10 The-o-rem 1179 \TU/lmr/m/n/10 (Ev-ery ker-nel class is a tru
n-cated ex-po-nen-tial)\TU/lmr/bx/n/10 . [][][][][]\TU/lmr/m/it/10 Ev-ery class $\TU/latinmodern-math.otf(1)/m/n/10 
𝑥$ \TU/lmr/m/it/10 of $\TU/latinmodern-math.otf(1)/m/n/10 𝐵[𝜀][]/ℬ[]
(𝜌[][𝜀], 𝜌[][𝜀])$
 []


LaTeX Warning: Reference `def:cech_coboundary_units' on page 304 undefined on i
nput line 422.


LaTeX Warning: Reference `lem:dualNumber_map_functorial' on page 304 undefined 
on input line 423.


LaTeX Warning: Reference `thm:truncExp_exact' on page 304 undefined on input li
ne 425.


LaTeX Warning: Reference `lem:cech_kernel_truncExp_class' on page 304 undefined
 on input line 435.


LaTeX Warning: Reference `thm:cech_kernel_surjectivity' on page 304 undefined o
n input line 435.


LaTeX Warning: Reference `lem:truncExp_add' on page 304 undefined on input line
 435.


LaTeX Warning: Reference `def:cech_coboundary_add' on page 304 undefined on inp
ut line 435.


LaTeX Warning: Reference `lem:truncExp_add' on page 304 undefined on input line
 453.


LaTeX Warning: Reference `lem:cech_kernel_truncExp_class' on page 304 undefined
 on input line 454.


LaTeX Warning: Reference `lem:cech_kernel_truncExp_class' on page 304 undefined
 on input line 455.


LaTeX Warning: Reference `thm:cech_kernel_surjectivity' on page 304 undefined o
n input line 458.


LaTeX Warning: Reference `def:mumford_scaling' on page 304 undefined on input l
ine 466.


LaTeX Warning: Reference `lem:mumford_scaling_props' on page 304 undefined on i
nput line 466.


LaTeX Warning: Reference `def:cech_coboundary_units' on page 304 undefined on i
nput line 466.


LaTeX Warning: Reference `def:truncExpUnit' on page 304 undefined on input line
 466.


LaTeX Warning: Reference `lem:mumford_scaling_props' on page 304 undefined on i
nput line 481.


LaTeX Warning: Reference `lem:mumford_scaling_props' on page 304 undefined on i
nput line 485.

[304]

LaTeX Warning: Reference `def:overAlgebraMap' on page 305 undefined on input li
ne 515.


LaTeX Warning: Reference `def:overAlgebraMap' on page 305 undefined on input li
ne 521.


LaTeX Warning: Reference `def:overAlgebraMap' on page 305 undefined on input li
ne 525.


LaTeX Warning: Reference `def:cech_units_reduction' on page 305 undefined on in
put line 534.


LaTeX Warning: Reference `def:moduleKSheaf' on page 305 undefined on input line
 534.


LaTeX Warning: Reference `def:cech_units_reduction' on page 305 undefined on in
put line 536.


LaTeX Warning: Reference `def:twoCover_unitsReduction' on page 305 undefined on
 input line 547.


LaTeX Warning: Reference `lem:cech_kernel_truncExp_class' on page 305 undefined
 on input line 547.


LaTeX Warning: Reference `lem:cech_kernel_truncExp_class' on page 305 undefined
 on input line 551.


LaTeX Warning: Reference `thm:truncExp_cech_kernel_equiv' on page 305 undefined
 on input line 555.


LaTeX Warning: Reference `def:twoCover_truncExpClass' on page 305 undefined on 
input line 564.


LaTeX Warning: Reference `thm:truncExp_cech_kernel_equiv' on page 305 undefined
 on input line 564.


LaTeX Warning: Reference `thm:truncExp_cech_kernel_equiv' on page 305 undefined
 on input line 573.


LaTeX Warning: Reference `def:twoCover_truncExpClass' on page 305 undefined on 
input line 574.


LaTeX Warning: Reference `def:TwoCover_diff' on page 305 undefined on input lin
e 585.


LaTeX Warning: Reference `def:TwoCover_H1Cok' on page 305 undefined on input li
ne 585.


LaTeX Warning: Reference `def:cech_coboundary_add' on page 305 undefined on inp
ut line 585.


LaTeX Warning: Reference `lem:submodule_quotient_addEquiv' on page 305 undefine
d on input line 585.


LaTeX Warning: Reference `def:TwoCover_diff' on page 305 undefined on input lin
e 588.


LaTeX Warning: Reference `def:cech_coboundary_add' on page 305 undefined on inp
ut line 591.


LaTeX Warning: Reference `def:TwoCover_H1Cok' on page 305 undefined on input li
ne 592.


LaTeX Warning: Reference `def:cech_coboundary_add' on page 305 undefined on inp
ut line 599.


LaTeX Warning: Reference `lem:submodule_quotient_addEquiv' on page 305 undefine
d on input line 601.


LaTeX Warning: Reference `thm:TwoCover_h1CokEquiv' on page 305 undefined on inp
ut line 610.


LaTeX Warning: Reference `lem:range_diff_coboundaries' on page 305 undefined on
 input line 610.


LaTeX Warning: Reference `thm:truncExp_cech_kernel_equiv' on page 305 undefined
 on input line 610.


LaTeX Warning: Reference `def:twoCover_unitsReduction' on page 305 undefined on
 input line 610.


LaTeX Warning: Reference `def:HModule' on page 305 undefined on input line 610.



LaTeX Warning: Reference `def:moduleKSheaf' on page 305 undefined on input line
 610.


LaTeX Warning: Reference `thm:TwoCover_h1CokEquiv' on page 305 undefined on inp
ut line 629.


LaTeX Warning: Reference `lem:range_diff_coboundaries' on page 305 undefined on
 input line 632.


LaTeX Warning: Reference `thm:truncExp_cech_kernel_equiv' on page 305 undefined
 on input line 634.

[305]

LaTeX Warning: Reference `thm:h1_truncExp_kernel' on page 306 undefined on inpu
t line 641.


LaTeX Warning: Reference `def:TwoCover_delta' on page 306 undefined on input li
ne 641.


LaTeX Warning: Reference `lem:TwoCover_h1CokEquiv_delta' on page 306 undefined 
on input line 641.


LaTeX Warning: Reference `def:twoCover_truncExpClass' on page 306 undefined on 
input line 641.


LaTeX Warning: Reference `thm:h1_truncExp_kernel' on page 306 undefined on inpu
t line 643.


LaTeX Warning: Reference `def:TwoCover_delta' on page 306 undefined on input li
ne 644.


LaTeX Warning: Reference `lem:TwoCover_h1CokEquiv_delta' on page 306 undefined 
on input line 650.


LaTeX Warning: Reference `def:twoCover_truncExpClass' on page 306 undefined on 
input line 652.


LaTeX Warning: Reference `def:TwoCover_delta' on page 306 undefined on input li
ne 659.


LaTeX Warning: Reference `def:overAlgebraMap' on page 306 undefined on input li
ne 659.


LaTeX Warning: Reference `lem:h1_truncExp_kernel_delta' on page 306 undefined o
n input line 659.


LaTeX Warning: Reference `thm:h1_truncExp_kernel' on page 306 undefined on inpu
t line 664.


LaTeX Warning: Reference `def:TwoCover_delta' on page 306 undefined on input li
ne 670.


LaTeX Warning: Reference `def:overAlgebraMap' on page 306 undefined on input li
ne 672.


LaTeX Warning: Reference `lem:h1_truncExp_kernel_delta' on page 306 undefined o
n input line 673.


LaTeX Warning: Reference `lem:cech_scaling_equivariance' on page 306 undefined 
on input line 680.


LaTeX Warning: Reference `lem:resHom_overAlgebraMap' on page 306 undefined on i
nput line 680.


LaTeX Warning: Reference `lem:resHom_overAlgebraMap' on page 306 undefined on i
nput line 685.


LaTeX Warning: Reference `lem:cech_scaling_equivariance' on page 306 undefined 
on input line 686.


LaTeX Warning: Reference `thm:h1_truncExp_kernel' on page 306 undefined on inpu
t line 694.


LaTeX Warning: Reference `lem:smul_delta' on page 306 undefined on input line 6
94.


LaTeX Warning: Reference `def:twoCover_mumfordScaling' on page 306 undefined on
 input line 694.


LaTeX Warning: Reference `lem:h1_truncExp_kernel_delta' on page 306 undefined o
n input line 694.


LaTeX Warning: Reference `thm:h1_truncExp_kernel' on page 306 undefined on inpu
t line 697.


LaTeX Warning: Reference `thm:TwoCover_delta_surjective' on page 306 undefined 
on input line 703.


LaTeX Warning: Reference `thm:TwoCover_delta_surjective' on page 306 undefined 
on input line 708.


LaTeX Warning: Reference `lem:smul_delta' on page 306 undefined on input line 7
09.


LaTeX Warning: Reference `lem:h1_truncExp_kernel_delta' on page 306 undefined o
n input line 711.


LaTeX Warning: Reference `def:twoCover_mumfordScaling' on page 306 undefined on
 input line 712.

) (./chapters/AbelianVariety.tex [306]
Chapter 10.

LaTeX Warning: Reference `lem:slice_factorisation' on page 307 undefined on inp
ut line 64.

[307

]

LaTeX Warning: Reference `lem:slice_factorisation' on page 308 undefined on inp
ut line 73.


LaTeX Warning: Reference `lem:slice_factorisation' on page 308 undefined on inp
ut line 74.


LaTeX Warning: Reference `lem:constant_into_affine' on page 308 undefined on in
put line 126.


LaTeX Warning: Reference `lem:constant_into_affine' on page 308 undefined on in
put line 127.


LaTeX Warning: Reference `lem:constant_into_affine' on page 308 undefined on in
put line 137.

[308]

LaTeX Warning: Reference `lem:product_integral' on page 309 undefined on input 
line 209.


LaTeX Warning: Reference `lem:product_integral' on page 309 undefined on input 
line 218.


LaTeX Warning: Reference `lem:constant_into_affine_over' on page 309 undefined 
on input line 233.


LaTeX Warning: Reference `lem:point_ext' on page 309 undefined on input line 23
3.


LaTeX Warning: Reference `lem:slice_constancy_transfer' on page 309 undefined o
n input line 233.


LaTeX Warning: Reference `cor:sections_iso' on page 309 undefined on input line
 233.


LaTeX Warning: Reference `lem:point_ext' on page 309 undefined on input line 24
1.

[309]

LaTeX Warning: Reference `cor:sections_iso' on page 310 undefined on input line
 273.


LaTeX Warning: Reference `lem:constant_into_affine_over' on page 310 undefined 
on input line 274.


LaTeX Warning: Reference `lem:point_ext' on page 310 undefined on input line 28
6.


LaTeX Warning: Reference `lem:slice_constancy_transfer' on page 310 undefined o
n input line 288.


LaTeX Warning: Reference `lem:point_ext' on page 310 undefined on input line 30
6.


LaTeX Warning: Reference `lem:slice_constancy_transfer' on page 310 undefined o
n input line 307.

[310]

LaTeX Warning: Reference `thm:rigidity' on page 311 undefined on input line 362
.


LaTeX Warning: Reference `lem:product_integral' on page 311 undefined on input 
line 362.


LaTeX Warning: Reference `thm:rigidity' on page 311 undefined on input line 390
.


LaTeX Warning: Reference `lem:product_integral' on page 311 undefined on input 
line 393.

[311]

LaTeX Warning: Reference `cor:pointed_hom' on page 312 undefined on input line 
412.

) (./chapters/Albanese.tex [312]
Chapter 11.

LaTeX Warning: Reference `def:milne33_indeterminacy' on page 313 undefined on i
nput line 16.


LaTeX Warning: Reference `thm:difference_map_domain' on page 313 undefined on i
nput line 17.


LaTeX Warning: Reference `thm:difference_domain_reflection' on page 313 undefin
ed on input line 17.


LaTeX Warning: Reference `thm:difference_slice_witness' on page 313 undefined o
n input line 18.


LaTeX Warning: Reference `thm:pole_purity' on page 313 undefined on input line 
18.


LaTeX Warning: Reference `thm:zero_locus_pure_codim_one' on page 313 undefined 
on input line 19.


Overfull \hbox (9.14534pt too wide) in paragraph at lines 37--37
[]\TU/lmr/bx/n/14.4 Ra-tio-nal maps: pre-com-po-si-tion, pair-ing, func-tion fie
lds 
 []

[313

]

LaTeX Warning: Reference `lem:ratmap_restrict_square' on page 314 undefined on 
input line 71.


LaTeX Warning: Reference `lem:ratmap_restrict_square' on page 314 undefined on 
input line 98.


LaTeX Warning: Reference `def:ratmap_precomp' on page 314 undefined on input li
ne 106.


LaTeX Warning: Reference `def:ratmap_precomp' on page 314 undefined on input li
ne 127.


LaTeX Warning: Reference `def:ratmap_precomp' on page 314 undefined on input li
ne 147.


LaTeX Warning: Reference `def:ratmap_precomp' on page 314 undefined on input li
ne 164.


LaTeX Warning: Reference `def:ratmap_precomp' on page 314 undefined on input li
ne 166.

[314]

LaTeX Warning: Reference `thm:ratmap_functionField_correspondence' on page 315 
undefined on input line 242.


LaTeX Warning: Reference `lem:ratmap_fromFunctionField_compHom' on page 315 und
efined on input line 257.


LaTeX Warning: Reference `lem:ratmap_fromFunctionField_compHom' on page 315 und
efined on input line 269.


LaTeX Warning: Reference `thm:ratmap_functionField_correspondence' on page 315 
undefined on input line 279.


LaTeX Warning: Reference `lem:ratmap_fromFunctionField_over' on page 315 undefi
ned on input line 279.


LaTeX Warning: Reference `lem:ratmap_fromFunctionField_over' on page 315 undefi
ned on input line 296.


LaTeX Warning: Reference `thm:ratmap_functionField_correspondence' on page 315 
undefined on input line 301.

[315]

LaTeX Warning: Reference `def:ratmap_prod' on page 316 undefined on input line 
310.


LaTeX Warning: Reference `lem:ratmap_fromFunctionField_compHom' on page 316 und
efined on input line 310.


LaTeX Warning: Reference `thm:ratmap_functionField_correspondence' on page 316 
undefined on input line 310.


LaTeX Warning: Reference `def:ratmap_prod' on page 316 undefined on input line 
312.


LaTeX Warning: Reference `thm:ratmap_functionField_correspondence' on page 316 
undefined on input line 323.


LaTeX Warning: Reference `lem:ratmap_fromFunctionField_compHom' on page 316 und
efined on input line 324.


LaTeX Warning: Reference `def:ratmap_prod' on page 316 undefined on input line 
332.


LaTeX Warning: Reference `lem:ratmap_prod_proj' on page 316 undefined on input 
line 332.


LaTeX Warning: Reference `lem:ratmap_compHom_compHom' on page 316 undefined on 
input line 332.


LaTeX Warning: Reference `def:ratmap_prod' on page 316 undefined on input line 
334.


LaTeX Warning: Reference `lem:ratmap_compHom_compHom' on page 316 undefined on 
input line 340.


LaTeX Warning: Reference `lem:ratmap_prod_proj' on page 316 undefined on input 
line 341.


LaTeX Warning: Reference `lem:ratmap_hom_ext' on page 316 undefined on input li
ne 350.


LaTeX Warning: Reference `def:ratmap_toPartialMap' on page 316 undefined on inp
ut line 368.


LaTeX Warning: Reference `def:ratmap_pairPartialMap' on page 316 undefined on i
nput line 395.


LaTeX Warning: Reference `def:ratmap_prod' on page 316 undefined on input line 
395.


LaTeX Warning: Reference `thm:ratmap_functionField_correspondence' on page 316 
undefined on input line 395.


LaTeX Warning: Reference `def:ratmap_pairPartialMap' on page 316 undefined on i
nput line 399.


LaTeX Warning: Reference `thm:ratmap_functionField_correspondence' on page 316 
undefined on input line 409.


LaTeX Warning: Reference `lem:ratmap_pairPartialMap_represents' on page 316 und
efined on input line 415.


LaTeX Warning: Reference `lem:ratmap_pairPartialMap_represents' on page 316 und
efined on input line 417.


LaTeX Warning: Reference `lem:ratmap_pairPartialMap_represents' on page 316 und
efined on input line 426.


LaTeX Warning: Reference `thm:ratmap_functionField_correspondence' on page 316 
undefined on input line 434.

[316]

LaTeX Warning: Reference `thm:ratmap_functionField_correspondence' on page 317 
undefined on input line 449.


LaTeX Warning: Reference `def:ratmap_stalkPullback' on page 317 undefined on in
put line 477.


LaTeX Warning: Reference `thm:ratmap_dominant_generic' on page 317 undefined on
 input line 477.


LaTeX Warning: Reference `thm:ratmap_dominant_generic' on page 317 undefined on
 input line 480.


LaTeX Warning: Reference `def:ratmap_stalkPullback' on page 317 undefined on in
put line 481.


LaTeX Warning: Reference `def:grp_diff' on page 317 undefined on input line 518
.

[317]

LaTeX Warning: Reference `def:grp_diff' on page 318 undefined on input line 548
.


LaTeX Warning: Reference `def:grp_diff' on page 318 undefined on input line 557
.


LaTeX Warning: Reference `def:grp_scheme_diff' on page 318 undefined on input l
ine 566.


LaTeX Warning: Reference `lem:grp_diff_reconstruct' on page 318 undefined on in
put line 566.


LaTeX Warning: Reference `lem:grp_diff_reconstruct' on page 318 undefined on in
put line 583.


LaTeX Warning: Reference `def:ratmap_precomp' on page 318 undefined on input li
ne 609.


LaTeX Warning: Reference `lem:self_product_open' on page 318 undefined on input
 line 609.


LaTeX Warning: Reference `def:ratmap_prod' on page 318 undefined on input line 
609.


LaTeX Warning: Reference `def:grp_scheme_diff' on page 318 undefined on input l
ine 609.


LaTeX Warning: Reference `lem:ratmap_precomp_over' on page 318 undefined on inp
ut line 609.


LaTeX Warning: Reference `lem:ratmap_precomp_compHom' on page 318 undefined on 
input line 609.


LaTeX Warning: Reference `lem:ratmap_precomp_morphism' on page 318 undefined on
 input line 609.


LaTeX Warning: Reference `lem:self_product_open' on page 318 undefined on input
 line 623.


LaTeX Warning: Reference `def:ratmap_prod' on page 318 undefined on input line 
624.


LaTeX Warning: Reference `lem:ratmap_precomp_over' on page 318 undefined on inp
ut line 625.


LaTeX Warning: Reference `def:difference_map' on page 318 undefined on input li
ne 634.


LaTeX Warning: Reference `lem:ratmap_compHom_compHom' on page 318 undefined on 
input line 634.


LaTeX Warning: Reference `lem:ratmap_prod_over' on page 318 undefined on input 
line 634.


LaTeX Warning: Reference `def:grp_scheme_diff' on page 318 undefined on input l
ine 634.


LaTeX Warning: Reference `def:difference_map' on page 318 undefined on input li
ne 636.


LaTeX Warning: Reference `lem:ratmap_compHom_compHom' on page 318 undefined on 
input line 642.


LaTeX Warning: Reference `def:grp_scheme_diff' on page 318 undefined on input l
ine 643.


LaTeX Warning: Reference `lem:ratmap_prod_over' on page 318 undefined on input 
line 646.


LaTeX Warning: Reference `def:ratmap_toPartialMap' on page 318 undefined on inp
ut line 653.


LaTeX Warning: Reference `def:ratmap_precomp' on page 318 undefined on input li
ne 653.


LaTeX Warning: Reference `lem:self_product_open' on page 318 undefined on input
 line 653.


LaTeX Warning: Reference `lem:ratmap_precomp_over' on page 318 undefined on inp
ut line 653.

[318]

LaTeX Warning: Reference `def:ratmap_precomp' on page 319 undefined on input li
ne 668.


LaTeX Warning: Reference `lem:ratmap_precomp_over' on page 319 undefined on inp
ut line 670.


LaTeX Warning: Reference `def:difference_pairing' on page 319 undefined on inpu
t line 679.


LaTeX Warning: Reference `def:ratmap_prod' on page 319 undefined on input line 
679.


LaTeX Warning: Reference `thm:ratmap_functionField_correspondence' on page 319 
undefined on input line 679.


LaTeX Warning: Reference `def:difference_pairing' on page 319 undefined on inpu
t line 681.


LaTeX Warning: Reference `def:difference_map' on page 319 undefined on input li
ne 685.


LaTeX Warning: Reference `lem:ratmap_pairPartialMap_represents' on page 319 und
efined on input line 689.


LaTeX Warning: Reference `thm:ratmap_functionField_correspondence' on page 319 
undefined on input line 694.


LaTeX Warning: Reference `def:difference_map' on page 319 undefined on input li
ne 702.


LaTeX Warning: Reference `lem:difference_pairing_represents' on page 319 undefi
ned on input line 702.


LaTeX Warning: Reference `lem:ratmap_le_domain_compHom' on page 319 undefined o
n input line 702.


LaTeX Warning: Reference `def:difference_map' on page 319 undefined on input li
ne 705.


LaTeX Warning: Reference `lem:ratmap_le_domain_compHom' on page 319 undefined o
n input line 719.


LaTeX Warning: Reference `lem:difference_pairing_represents' on page 319 undefi
ned on input line 721.


LaTeX Warning: Reference `def:difference_map' on page 319 undefined on input li
ne 732.


LaTeX Warning: Reference `lem:difference_map_over' on page 319 undefined on inp
ut line 732.


LaTeX Warning: Reference `def:ratmap_prod' on page 319 undefined on input line 
732.


LaTeX Warning: Reference `lem:grp_scheme_diff_reconstruct' on page 319 undefine
d on input line 732.


LaTeX Warning: Reference `lem:ratmap_fromFunctionField_compHom' on page 319 und
efined on input line 732.


LaTeX Warning: Reference `thm:ratmap_functionField_correspondence' on page 319 
undefined on input line 732.


LaTeX Warning: Reference `lem:ratmap_fromFunctionField_over' on page 319 undefi
ned on input line 732.


LaTeX Warning: Reference `def:difference_map' on page 319 undefined on input li
ne 735.


LaTeX Warning: Reference `def:ratmap_prod' on page 319 undefined on input line 
741.


LaTeX Warning: Reference `lem:difference_map_over' on page 319 undefined on inp
ut line 742.


LaTeX Warning: Reference `thm:ratmap_functionField_correspondence' on page 319 
undefined on input line 749.


LaTeX Warning: Reference `lem:ratmap_fromFunctionField_over' on page 319 undefi
ned on input line 752.


LaTeX Warning: Reference `def:difference_map' on page 319 undefined on input li
ne 753.


LaTeX Warning: Reference `def:ratmap_prod' on page 319 undefined on input line 
753.


LaTeX Warning: Reference `lem:ratmap_fromFunctionField_compHom' on page 319 und
efined on input line 754.


LaTeX Warning: Reference `lem:grp_scheme_diff_reconstruct' on page 319 undefine
d on input line 758.


LaTeX Warning: Reference `thm:difference_reconstruct' on page 319 undefined on 
input line 765.


LaTeX Warning: Reference `lem:ratmap_le_domain_compHom' on page 319 undefined o
n input line 765.


LaTeX Warning: Reference `lem:ratmap_le_domain_prod' on page 319 undefined on i
nput line 765.


LaTeX Warning: Reference `lem:ratmap_le_domain_precomp' on page 319 undefined o
n input line 765.


LaTeX Warning: Reference `thm:difference_reconstruct' on page 319 undefined on 
input line 768.


LaTeX Warning: Reference `thm:difference_reconstruct' on page 319 undefined on 
input line 783.


LaTeX Warning: Reference `lem:ratmap_le_domain_compHom' on page 319 undefined o
n input line 784.


LaTeX Warning: Reference `lem:ratmap_le_domain_prod' on page 319 undefined on i
nput line 786.


LaTeX Warning: Reference `lem:ratmap_le_domain_precomp' on page 319 undefined o
n input line 789.


LaTeX Warning: Reference `thm:pole_purity' on page 319 undefined on input line 
799.

[319]

LaTeX Warning: Reference `lem:notMemSq_witness' on page 320 undefined on input 
line 829.


LaTeX Warning: Reference `lem:regular_quotient' on page 320 undefined on input 
line 829.


LaTeX Warning: Reference `thm:regular_isDomain' on page 320 undefined on input 
line 829.


LaTeX Warning: Reference `lem:notMemSq_witness' on page 320 undefined on input 
line 841.


LaTeX Warning: Reference `lem:regular_quotient' on page 320 undefined on input 
line 844.


LaTeX Warning: Reference `thm:regular_isDomain' on page 320 undefined on input 
line 845.


LaTeX Warning: Reference `lem:swap_lemma' on page 320 undefined on input line 8
56.


LaTeX Warning: Reference `thm:swap_pair_exists' on page 320 undefined on input 
line 856.


LaTeX Warning: Reference `thm:swap_pair_exists' on page 320 undefined on input 
line 883.


LaTeX Warning: Reference `lem:swap_lemma' on page 320 undefined on input line 8
86.


LaTeX Warning: Reference `thm:colon_height_le_one' on page 320 undefined on inp
ut line 893.

[320]

LaTeX Warning: Reference `thm:colon_height_le_one' on page 321 undefined on inp
ut line 910.


LaTeX Warning: Reference `thm:colon_height_le_one' on page 321 undefined on inp
ut line 926.


LaTeX Warning: Reference `thm:pole_prime_height_one' on page 321 undefined on i
nput line 944.


LaTeX Warning: Reference `thm:stalk_dim_coheight' on page 321 undefined on inpu
t line 944.


LaTeX Warning: Reference `thm:pole_prime_height_one' on page 321 undefined on i
nput line 986.


LaTeX Warning: Reference `thm:stalk_dim_coheight' on page 321 undefined on inpu
t line 995.


LaTeX Warning: Reference `def:milne33_indeterminacy' on page 321 undefined on i
nput line 1005.


LaTeX Warning: Reference `lem:self_product_open' on page 321 undefined on input
 line 1014.

[321]

LaTeX Warning: Reference `lem:self_product_open' on page 322 undefined on input
 line 1030.


LaTeX Warning: Reference `thm:fibre_slice_witness' on page 322 undefined on inp
ut line 1052.


LaTeX Warning: Reference `thm:difference_domain_reflection' on page 322 undefin
ed on input line 1052.


LaTeX Warning: Reference `def:difference_map' on page 322 undefined on input li
ne 1055.


LaTeX Warning: Reference `thm:fibre_slice_witness' on page 322 undefined on inp
ut line 1063.


LaTeX Warning: Reference `thm:difference_domain_reflection' on page 322 undefin
ed on input line 1067.


LaTeX Warning: Reference `thm:pole_purity' on page 322 undefined on input line 
1119.


LaTeX Warning: Reference `lem:regular_at_generisation' on page 322 undefined on
 input line 1119.

[322]

LaTeX Warning: Reference `thm:pole_purity' on page 323 undefined on input line 
1138.


LaTeX Warning: Reference `lem:regular_at_generisation' on page 323 undefined on
 input line 1143.


LaTeX Warning: Reference `lem:ss_kaehler_free' on page 323 undefined on input l
ine 1219.


LaTeX Warning: Reference `lem:kaehler_free_localization' on page 323 undefined 
on input line 1219.


LaTeX Warning: Reference `lem:ss_kaehler_free' on page 323 undefined on input l
ine 1229.


LaTeX Warning: Reference `lem:kaehler_free_localization' on page 323 undefined 
on input line 1232.

[323]

LaTeX Warning: Reference `lem:kaehler_free_localization' on page 324 undefined 
on input line 1296.


LaTeX Warning: Reference `lem:kaehler_rank_localization' on page 324 undefined 
on input line 1296.


LaTeX Warning: Reference `thm:cotangent_finrank_rational' on page 324 undefined
 on input line 1296.


LaTeX Warning: Reference `lem:standard_smooth_dim_lower_localized' on page 324 
undefined on input line 1296.


LaTeX Warning: Reference `lem:regular_of_cotangent_le_dim' on page 324 undefine
d on input line 1296.


LaTeX Warning: Reference `lem:kaehler_free_localization' on page 324 undefined 
on input line 1310.


LaTeX Warning: Reference `lem:kaehler_rank_localization' on page 324 undefined 
on input line 1310.


LaTeX Warning: Reference `thm:cotangent_finrank_rational' on page 324 undefined
 on input line 1313.


LaTeX Warning: Reference `lem:standard_smooth_dim_lower_localized' on page 324 
undefined on input line 1317.


LaTeX Warning: Reference `lem:regular_of_cotangent_le_dim' on page 324 undefine
d on input line 1319.


LaTeX Warning: Reference `thm:ss_regular_rational' on page 324 undefined on inp
ut line 1326.


LaTeX Warning: Reference `thm:ss_regular_rational' on page 324 undefined on inp
ut line 1339.


LaTeX Warning: Reference `thm:ss_regular_closed' on page 324 undefined on input
 line 1346.


LaTeX Warning: Reference `thm:regular_isDomain' on page 324 undefined on input 
line 1346.


LaTeX Warning: Reference `thm:ss_regular_closed' on page 324 undefined on input
 line 1358.


LaTeX Warning: Reference `thm:regular_isDomain' on page 324 undefined on input 
line 1359.


LaTeX Warning: Reference `thm:smooth_chart' on page 324 undefined on input line
 1365.


LaTeX Warning: Reference `lem:gamma_spec_field' on page 324 undefined on input 
line 1365.


LaTeX Warning: Reference `thm:ss_reduced' on page 324 undefined on input line 1
365.

[324]

LaTeX Warning: Reference `thm:smooth_chart' on page 325 undefined on input line
 1375.


LaTeX Warning: Reference `lem:gamma_spec_field' on page 325 undefined on input 
line 1376.


LaTeX Warning: Reference `thm:ss_reduced' on page 325 undefined on input line 1
378.


LaTeX Warning: Reference `thm:smooth_chart' on page 325 undefined on input line
 1385.


LaTeX Warning: Reference `lem:gamma_spec_field' on page 325 undefined on input 
line 1385.


LaTeX Warning: Reference `thm:smooth_prime_regularity' on page 325 undefined on
 input line 1385.


LaTeX Warning: Reference `thm:smooth_chart' on page 325 undefined on input line
 1396.


LaTeX Warning: Reference `lem:gamma_spec_field' on page 325 undefined on input 
line 1397.


LaTeX Warning: Reference `thm:smooth_prime_regularity' on page 325 undefined on
 input line 1400.


LaTeX Warning: Reference `thm:smooth_scheme_reduced' on page 325 undefined on i
nput line 1407.


LaTeX Warning: Reference `thm:smooth_scheme_reduced' on page 325 undefined on i
nput line 1419.


LaTeX Warning: Reference `thm:regular_isDomain' on page 325 undefined on input 
line 1430.


LaTeX Warning: Reference `lem:regular_quotient' on page 325 undefined on input 
line 1430.


Overfull \hbox (1.25638pt too wide) in paragraph at lines 1430--1436
[][]\TU/lmr/bx/n/10 The-o-rem 1256 \TU/lmr/m/n/10 (Mat-sumura’s regular-sequen
ce cri-te-rion)\TU/lmr/bx/n/10 . [][][]\TU/lmr/m/it/10 Let $\TU/latinmodern-mat
h.otf(1)/m/n/10 (𝐴, 𝔪, 𝜅)$ \TU/lmr/m/it/10 be a reg-u-lar lo-cal Noethe
-
 []


LaTeX Warning: Reference `thm:regular_isDomain' on page 325 undefined on input 
line 1442.


LaTeX Warning: Reference `lem:regular_quotient' on page 325 undefined on input 
line 1450.

[325]

LaTeX Warning: Reference `thm:smooth_stalk_regular' on page 326 undefined on in
put line 1485.


LaTeX Warning: Reference `thm:stalk_dim_coheight' on page 326 undefined on inpu
t line 1485.


LaTeX Warning: Reference `thm:regular_isDomain' on page 326 undefined on input 
line 1485.


LaTeX Warning: Reference `thm:smooth_stalk_regular' on page 326 undefined on in
put line 1498.


LaTeX Warning: Reference `thm:stalk_dim_coheight' on page 326 undefined on inpu
t line 1500.


LaTeX Warning: Reference `thm:regular_isDomain' on page 326 undefined on input 
line 1504.


LaTeX Warning: Reference `def:indeterminacy_locus' on page 326 undefined on inp
ut line 1529.


LaTeX Warning: Reference `def:indeterminacy_locus' on page 326 undefined on inp
ut line 1540.


LaTeX Warning: Reference `thm:indeterminacy_codimGe2' on page 326 undefined on 
input line 1555.


LaTeX Warning: Reference `thm:milne33_keystone' on page 326 undefined on input 
line 1559.


LaTeX Warning: Reference `sec:milne33_transport' on page 326 undefined on input
 line 1560.


LaTeX Warning: Reference `thm:difference_map_domain' on page 326 undefined on i
nput line 1561.


LaTeX Warning: Reference `thm:difference_reconstruct' on page 326 undefined on 
input line 1561.


LaTeX Warning: Reference `thm:difference_domain_reflection' on page 326 undefin
ed on input line 1562.


LaTeX Warning: Reference `thm:difference_slice_witness' on page 326 undefined o
n input line 1562.


LaTeX Warning: Reference `thm:pole_purity' on page 326 undefined on input line 
1563.


LaTeX Warning: Reference `thm:zero_locus_pure_codim_one' on page 326 undefined 
on input line 1563.


LaTeX Warning: Reference `sec:cm_equidim' on page 326 undefined on input line 1
565.


LaTeX Warning: Reference `sec:extension' on page 326 undefined on input line 15
65.


LaTeX Warning: Reference `def:indeterminacy_locus' on page 326 undefined on inp
ut line 1574.


LaTeX Warning: Reference `thm:smooth_codim_one_dvr' on page 326 undefined on in
put line 1574.


LaTeX Warning: Reference `thm:ratmap_functionField_correspondence' on page 326 
undefined on input line 1574.


LaTeX Warning: Reference `lem:ratmap_fromFunctionField_compHom' on page 326 und
efined on input line 1574.

[326]

LaTeX Warning: Reference `thm:smooth_codim_one_dvr' on page 327 undefined on in
put line 1600.


LaTeX Warning: Reference `lem:ratmap_fromFunctionField_compHom' on page 327 und
efined on input line 1616.


LaTeX Warning: Reference `thm:ratmap_functionField_correspondence' on page 327 
undefined on input line 1632.


LaTeX Warning: Reference `thm:indeterminacy_codimGe2' on page 327 undefined on 
input line 1639.


LaTeX Warning: Reference `def:codim_one_free' on page 327 undefined on input li
ne 1639.


LaTeX Warning: Reference `thm:indeterminacy_codimGe2' on page 327 undefined on 
input line 1642.


LaTeX Warning: Reference `thm:indeterminacy_codimGe2' on page 327 undefined on 
input line 1648.


LaTeX Warning: Reference `sec:milne33_transport' on page 327 undefined on input
 line 1654.


LaTeX Warning: Reference `thm:depth_ses' on page 327 undefined on input line 16
86.

[327]

LaTeX Warning: Reference `def:depth' on page 328 undefined on input line 1686.


LaTeX Warning: Reference `thm:depth_ses' on page 328 undefined on input line 17
01.


LaTeX Warning: Reference `def:depth' on page 328 undefined on input line 1708.


LaTeX Warning: Reference `lem:depth_quotSMulTop' on page 328 undefined on input
 line 1708.


LaTeX Warning: Reference `lem:ringKrullDim_quotient_eq_coheight' on page 328 un
defined on input line 1708.


LaTeX Warning: Reference `lem:ringKrullDim_quotient_eq_coheight' on page 328 un
defined on input line 1715.


LaTeX Warning: Reference `lem:depth_quotSMulTop' on page 328 undefined on input
 line 1742.


LaTeX Warning: Reference `thm:ischebeck' on page 328 undefined on input line 17
55.


LaTeX Warning: Reference `def:cohen_macaulay' on page 328 undefined on input li
ne 1755.


LaTeX Warning: Reference `lem:ringKrullDim_quotient_eq_coheight' on page 328 un
defined on input line 1755.


LaTeX Warning: Reference `def:cohen_macaulay' on page 328 undefined on input li
ne 1766.


LaTeX Warning: Reference `thm:ischebeck' on page 328 undefined on input line 17
67.


LaTeX Warning: Reference `lem:ringKrullDim_quotient_eq_coheight' on page 328 un
defined on input line 1770.


LaTeX Warning: Reference `thm:cm_unmixed' on page 328 undefined on input line 1
776.


LaTeX Warning: Reference `thm:cm_unmixed' on page 328 undefined on input line 1
788.


LaTeX Warning: Reference `thm:ischebeck' on page 328 undefined on input line 17
96.


LaTeX Warning: Reference `thm:cm_ass_minimal' on page 328 undefined on input li
ne 1796.


LaTeX Warning: Reference `lem:depth_quotSMulTop' on page 328 undefined on input
 line 1796.


LaTeX Warning: Reference `def:cohen_macaulay' on page 328 undefined on input li
ne 1796.


LaTeX Warning: Reference `lem:ringKrullDim_quotient_eq_coheight' on page 328 un
defined on input line 1796.


LaTeX Warning: Reference `lem:ringKrullDim_quotient_eq_coheight' on page 328 un
defined on input line 1803.


LaTeX Warning: Reference `thm:cm_ass_minimal' on page 328 undefined on input li
ne 1812.


LaTeX Warning: Reference `thm:ischebeck' on page 328 undefined on input line 18
29.


LaTeX Warning: Reference `lem:depth_quotSMulTop' on page 328 undefined on input
 line 1831.

[328]

LaTeX Warning: Reference `thm:regular_isDomain' on page 329 undefined on input 
line 1857.


LaTeX Warning: Reference `lem:coheight_eq_dim_minimal' on page 329 undefined on
 input line 1857.


LaTeX Warning: Reference `lem:ringKrullDim_quotient_eq_coheight' on page 329 un
defined on input line 1857.


LaTeX Warning: Reference `lem:ringKrullDim_quotient_eq_coheight' on page 329 un
defined on input line 1866.


LaTeX Warning: Reference `lem:coheight_eq_dim_minimal' on page 329 undefined on
 input line 1869.


LaTeX Warning: Reference `thm:regular_isDomain' on page 329 undefined on input 
line 1871.


LaTeX Warning: Reference `thm:regular_isDomain' on page 329 undefined on input 
line 1901.


LaTeX Warning: Reference `lem:regular_quotient' on page 329 undefined on input 
line 1901.


LaTeX Warning: Reference `lem:ker_eq_bot_equal_dim' on page 329 undefined on in
put line 1901.


LaTeX Warning: Reference `lem:exists_mem_ker_notMemSq' on page 329 undefined on
 input line 1901.


LaTeX Warning: Reference `lem:ker_eq_bot_equal_dim' on page 329 undefined on in
put line 1911.


LaTeX Warning: Reference `lem:exists_mem_ker_notMemSq' on page 329 undefined on
 input line 1913.


LaTeX Warning: Reference `lem:regular_quotient' on page 329 undefined on input 
line 1915.


LaTeX Warning: Reference `thm:cm_height_one' on page 329 undefined on input lin
e 1927.

[329]

LaTeX Warning: Reference `thm:cm_height_one' on page 330 undefined on input lin
e 1946.


LaTeX Warning: Reference `thm:ker_gen_regular_local' on page 330 undefined on i
nput line 1952.


LaTeX Warning: Reference `thm:krull_codim_count' on page 330 undefined on input
 line 1952.


LaTeX Warning: Reference `thm:ker_gen_regular_local' on page 330 undefined on i
nput line 1963.


LaTeX Warning: Reference `thm:krull_codim_count' on page 330 undefined on input
 line 1974.


LaTeX Warning: Reference `def:difference_map' on page 330 undefined on input li
ne 1989.


LaTeX Warning: Reference `sec:cm_equidim' on page 330 undefined on input line 1
993.


LaTeX Warning: Reference `sec:pole_purity' on page 330 undefined on input line 
1994.


LaTeX Warning: Reference `def:difference_map' on page 330 undefined on input li
ne 1999.


LaTeX Warning: Reference `def:difference_pairing' on page 330 undefined on inpu
t line 1999.


LaTeX Warning: Reference `def:grp_scheme_diff' on page 330 undefined on input l
ine 1999.


LaTeX Warning: Reference `def:difference_pairing' on page 330 undefined on inpu
t line 2015.


LaTeX Warning: Reference `def:difference_map' on page 330 undefined on input li
ne 2017.


LaTeX Warning: Reference `lem:diff_representative_agreement' on page 330 undefi
ned on input line 2029.


LaTeX Warning: Reference `def:difference_pairing' on page 330 undefined on inpu
t line 2029.


LaTeX Warning: Reference `def:grp_scheme_diff' on page 330 undefined on input l
ine 2029.

[330]

LaTeX Warning: Reference `lem:diff_representative_agreement' on page 331 undefi
ned on input line 2048.


LaTeX Warning: Reference `lem:diff_evaluation_formula' on page 331 undefined on
 input line 2060.


LaTeX Warning: Reference `def:grp_scheme_diff' on page 331 undefined on input l
ine 2060.


LaTeX Warning: Reference `lem:diff_evaluation_formula' on page 331 undefined on
 input line 2071.


LaTeX Warning: Reference `thm:difference_map_domain' on page 331 undefined on i
nput line 2082.


LaTeX Warning: Reference `thm:difference_map_domain' on page 331 undefined on i
nput line 2092.


LaTeX Warning: Reference `thm:diagonal_triviality' on page 331 undefined on inp
ut line 2098.


LaTeX Warning: Reference `lem:diff_diagonal_domain' on page 331 undefined on in
put line 2098.


LaTeX Warning: Reference `lem:diff_diagonal_domain' on page 331 undefined on in
put line 2110.


LaTeX Warning: Reference `thm:diagonal_triviality' on page 331 undefined on inp
ut line 2111.


LaTeX Warning: Reference `lem:diff_evaluation_formula' on page 331 undefined on
 input line 2140.


LaTeX Warning: Reference `lem:grp_scheme_diff_reconstruct' on page 331 undefine
d on input line 2140.


LaTeX Warning: Reference `lem:jacobson_closed_points' on page 331 undefined on 
input line 2140.


LaTeX Warning: Reference `lem:jacobson_closed_points' on page 331 undefined on 
input line 2153.


LaTeX Warning: Reference `lem:diff_evaluation_formula' on page 331 undefined on
 input line 2167.


LaTeX Warning: Reference `lem:grp_scheme_diff_reconstruct' on page 331 undefine
d on input line 2169.

[331]

LaTeX Warning: Reference `thm:spreading_criterion_stalk' on page 332 undefined 
on input line 2207.


LaTeX Warning: Reference `thm:spreading_criterion_stalk' on page 332 undefined 
on input line 2225.


LaTeX Warning: Reference `thm:spreading_criterion_stalk' on page 332 undefined 
on input line 2232.


LaTeX Warning: Reference `thm:germ_range_criterion' on page 332 undefined on in
put line 2258.


LaTeX Warning: Reference `thm:pole_purity' on page 332 undefined on input line 
2258.


LaTeX Warning: Reference `thm:germ_range_criterion' on page 332 undefined on in
put line 2270.


LaTeX Warning: Reference `thm:pole_purity' on page 332 undefined on input line 
2272.

[332]

LaTeX Warning: Reference `lem:chart_image_point' on page 333 undefined on input
 line 2301.


LaTeX Warning: Reference `thm:transport_codim_count' on page 333 undefined on i
nput line 2301.


LaTeX Warning: Reference `lem:regular_at_generisation' on page 333 undefined on
 input line 2301.


LaTeX Warning: Reference `lem:chart_image_point' on page 333 undefined on input
 line 2321.


LaTeX Warning: Reference `thm:transport_codim_count' on page 333 undefined on i
nput line 2329.


LaTeX Warning: Reference `lem:regular_at_generisation' on page 333 undefined on
 input line 2331.


LaTeX Warning: Reference `thm:row_section' on page 333 undefined on input line 
2379.


LaTeX Warning: Reference `thm:pole_existence' on page 333 undefined on input li
ne 2379.


LaTeX Warning: Reference `thm:transport_kernel' on page 333 undefined on input 
line 2379.


LaTeX Warning: Reference `lem:diff_diagonal_domain' on page 333 undefined on in
put line 2379.


LaTeX Warning: Reference `thm:diagonal_triviality' on page 333 undefined on inp
ut line 2379.


LaTeX Warning: Reference `thm:germ_range_of_domain' on page 333 undefined on in
put line 2379.


LaTeX Warning: Reference `thm:generic_image_specializes_unit' on page 333 undef
ined on input line 2379.


LaTeX Warning: Reference `lem:generic_value_bridge' on page 333 undefined on in
put line 2379.


LaTeX Warning: Reference `lem:coheight_strictness' on page 333 undefined on inp
ut line 2379.


LaTeX Warning: Reference `thm:self_product_integral' on page 333 undefined on i
nput line 2379.


LaTeX Warning: Reference `thm:smooth_stalk_regular' on page 333 undefined on in
put line 2379.


LaTeX Warning: Reference `thm:smooth_stalk_regular' on page 333 undefined on in
put line 2389.


LaTeX Warning: Reference `thm:self_product_integral' on page 333 undefined on i
nput line 2390.


LaTeX Warning: Reference `thm:row_section' on page 333 undefined on input line 
2394.


LaTeX Warning: Reference `thm:generic_image_specializes_unit' on page 333 undef
ined on input line 2397.


LaTeX Warning: Reference `lem:generic_value_bridge' on page 333 undefined on in
put line 2398.


LaTeX Warning: Reference `thm:pole_existence' on page 333 undefined on input li
ne 2399.


LaTeX Warning: Reference `thm:transport_kernel' on page 333 undefined on input 
line 2403.

[333]

LaTeX Warning: Reference `lem:diff_diagonal_domain' on page 334 undefined on in
put line 2408.


LaTeX Warning: Reference `thm:diagonal_triviality' on page 334 undefined on inp
ut line 2409.


LaTeX Warning: Reference `thm:germ_range_of_domain' on page 334 undefined on in
put line 2410.


LaTeX Warning: Reference `lem:coheight_strictness' on page 334 undefined on inp
ut line 2416.


LaTeX Warning: Reference `def:milne33_indeterminacy' on page 334 undefined on i
nput line 2423.


LaTeX Warning: Reference `def:indeterminacy_locus' on page 334 undefined on inp
ut line 2423.


LaTeX Warning: Reference `thm:transport_assembly' on page 334 undefined on inpu
t line 2423.


LaTeX Warning: Reference `lem:jacobson_closed_points' on page 334 undefined on 
input line 2423.


LaTeX Warning: Reference `lem:coheight_strictness' on page 334 undefined on inp
ut line 2423.


LaTeX Warning: Reference `def:milne33_indeterminacy' on page 334 undefined on i
nput line 2430.


LaTeX Warning: Reference `lem:jacobson_closed_points' on page 334 undefined on 
input line 2442.


LaTeX Warning: Reference `thm:transport_assembly' on page 334 undefined on inpu
t line 2445.


LaTeX Warning: Reference `lem:coheight_strictness' on page 334 undefined on inp
ut line 2451.


LaTeX Warning: Reference `def:indeterminacy_locus' on page 334 undefined on inp
ut line 2484.


LaTeX Warning: Reference `def:ratmap_toPartialMap' on page 334 undefined on inp
ut line 2484.


LaTeX Warning: Reference `lem:ratmap_hom_ext' on page 334 undefined on input li
ne 2484.


LaTeX Warning: Reference `def:ratmap_toPartialMap' on page 334 undefined on inp
ut line 2500.


LaTeX Warning: Reference `lem:ratmap_hom_ext' on page 334 undefined on input li
ne 2502.


LaTeX Warning: Reference `def:milne33_indeterminacy' on page 334 undefined on i
nput line 2509.


LaTeX Warning: Reference `thm:indeterminacy_codimGe2' on page 334 undefined on 
input line 2509.


LaTeX Warning: Reference `thm:extension_unique_of_empty' on page 334 undefined 
on input line 2509.


LaTeX Warning: Reference `thm:smooth_scheme_reduced' on page 334 undefined on i
nput line 2509.


LaTeX Warning: Reference `thm:indeterminacy_codimGe2' on page 334 undefined on 
input line 2513.


LaTeX Warning: Reference `def:milne33_indeterminacy' on page 334 undefined on i
nput line 2517.


LaTeX Warning: Reference `thm:smooth_scheme_reduced' on page 334 undefined on i
nput line 2523.


LaTeX Warning: Reference `thm:indeterminacy_codimGe2' on page 334 undefined on 
input line 2528.

[334]

LaTeX Warning: Reference `thm:indeterminacy_codimGe2' on page 335 undefined on 
input line 2536.


LaTeX Warning: Reference `thm:extension_unique_of_empty' on page 335 undefined 
on input line 2540.

) (./chapters/Jacobian.tex [335]
Chapter 12.

LaTeX Warning: Reference `def:pic0Functor' on page 336 undefined on input line 
8.


LaTeX Warning: Reference `def:pic0Functor' on page 336 undefined on input line 
23.


LaTeX Warning: Reference `def:jacobian_data' on page 336 undefined on input lin
e 44.


LaTeX Warning: Reference `def:pic0Functor' on page 336 undefined on input line 
44.


LaTeX Warning: Reference `def:jacobian_data' on page 336 undefined on input lin
e 54.


LaTeX Warning: Reference `def:jacobian_data' on page 336 undefined on input lin
e 69.


LaTeX Warning: Reference `def:pic0Functor' on page 336 undefined on input line 
69.

[336

]

LaTeX Warning: Reference `def:pic0Functor' on page 337 undefined on input line 
81.


LaTeX Warning: Reference `def:jacobian_data' on page 337 undefined on input lin
e 85.


LaTeX Warning: Reference `def:jacobian_data' on page 337 undefined on input lin
e 94.


LaTeX Warning: Reference `lem:jacobian_data_homEquiv' on page 337 undefined on 
input line 94.


LaTeX Warning: Reference `lem:jacobian_data_homEquiv' on page 337 undefined on 
input line 110.


LaTeX Warning: Reference `def:jacobian_data' on page 337 undefined on input lin
e 155.


LaTeX Warning: Reference `def:jacobian_data_grp' on page 337 undefined on input
 line 155.


LaTeX Warning: Reference `def:pic0PullbackNat' on page 337 undefined on input l
ine 155.


LaTeX Warning: Reference `thm:yonedaGrp' on page 337 undefined on input line 15
5.


LaTeX Warning: Reference `thm:yonedaGrp' on page 337 undefined on input line 16
5.


LaTeX Warning: Reference `def:pic0PullbackNat' on page 337 undefined on input l
ine 166.


LaTeX Warning: Reference `def:jacobian_data_pullbackHom' on page 337 undefined 
on input line 180.

[337]

LaTeX Warning: Reference `def:pic0PullbackNat' on page 338 undefined on input l
ine 190.


LaTeX Warning: Reference `thm:yonedaGrp' on page 338 undefined on input line 19
0.


LaTeX Warning: Reference `thm:yonedaGrp' on page 338 undefined on input line 19
2.


LaTeX Warning: Reference `def:pic0PullbackNat' on page 338 undefined on input l
ine 194.


LaTeX Warning: Reference `def:pic0PullbackNat' on page 338 undefined on input l
ine 197.


LaTeX Warning: Reference `def:jacobian_data_pullbackHom' on page 338 undefined 
on input line 206.


LaTeX Warning: Reference `lem:jacobian_data_homEquiv' on page 338 undefined on 
input line 206.


LaTeX Warning: Reference `def:pic0Pullback' on page 338 undefined on input line
 206.


LaTeX Warning: Reference `lem:jacobian_data_homEquiv' on page 338 undefined on 
input line 210.


LaTeX Warning: Reference `def:pic0Pullback' on page 338 undefined on input line
 216.


LaTeX Warning: Reference `def:jacobian_data_pullbackHom' on page 338 undefined 
on input line 222.


LaTeX Warning: Reference `def:grp_diff' on page 338 undefined on input line 239
.


LaTeX Warning: Reference `def:grp_diff' on page 338 undefined on input line 244
.


LaTeX Warning: Reference `thm:grp_diagonal_pullback' on page 338 undefined on i
nput line 277.


LaTeX Warning: Reference `thm:grp_diagonal_pullback' on page 338 undefined on i
nput line 286.

[338]

LaTeX Warning: Reference `thm:separated_of_closed_unit' on page 339 undefined o
n input line 298.


LaTeX Warning: Reference `thm:separated_of_closed_unit' on page 339 undefined o
n input line 307.


LaTeX Warning: Reference `def:jacobian_data_grp' on page 339 undefined on input
 line 313.


LaTeX Warning: Reference `thm:group_scheme_separated' on page 339 undefined on 
input line 313.


LaTeX Warning: Reference `def:jacobian_data_grp' on page 339 undefined on input
 line 320.


LaTeX Warning: Reference `thm:group_scheme_separated' on page 339 undefined on 
input line 321.


LaTeX Warning: Reference `sec:difference_map' on page 339 undefined on input li
ne 332.


LaTeX Warning: Reference `def:point_translation' on page 339 undefined on input
 line 380.


LaTeX Warning: Reference `lem:comp_mulRight' on page 339 undefined on input lin
e 380.


LaTeX Warning: Reference `lem:comp_mulRight' on page 339 undefined on input lin
e 387.


LaTeX Warning: Reference `def:point_translation' on page 339 undefined on input
 line 399.


LaTeX Warning: Reference `def:point_translation' on page 339 undefined on input
 line 404.


LaTeX Warning: Reference `def:point_translation_iso' on page 339 undefined on i
nput line 412.


LaTeX Warning: Reference `def:point_translation_iso' on page 339 undefined on i
nput line 414.

[339]

LaTeX Warning: Reference `def:point_translation_iso' on page 340 undefined on i
nput line 428.


LaTeX Warning: Reference `lem:point_translation_apply' on page 340 undefined on
 input line 428.


LaTeX Warning: Reference `def:point_translation_iso' on page 340 undefined on i
nput line 430.


LaTeX Warning: Reference `lem:point_translation_apply' on page 340 undefined on
 input line 439.


LaTeX Warning: Reference `def:jacobian_data_grp' on page 340 undefined on input
 line 509.


LaTeX Warning: Reference `def:point_translation' on page 340 undefined on input
 line 509.


LaTeX Warning: Reference `lem:point_translation_apply' on page 340 undefined on
 input line 509.


LaTeX Warning: Reference `def:point_translation_iso' on page 340 undefined on i
nput line 509.


LaTeX Warning: Reference `lem:point_translation_iso_over' on page 340 undefined
 on input line 509.


LaTeX Warning: Reference `lem:point_translation_iso_points' on page 340 undefin
ed on input line 509.


LaTeX Warning: Reference `lem:smooth_locus_transport' on page 340 undefined on 
input line 509.


LaTeX Warning: Reference `lem:stalk_reduced_transport' on page 340 undefined on
 input line 509.


LaTeX Warning: Reference `lem:irreducible_transport' on page 340 undefined on i
nput line 509.


LaTeX Warning: Reference `def:jacobian_data_grp' on page 340 undefined on input
 line 513.


LaTeX Warning: Reference `def:point_translation' on page 340 undefined on input
 line 523.


LaTeX Warning: Reference `lem:irreducible_transport' on page 340 undefined on i
nput line 523.


LaTeX Warning: Reference `def:point_translation' on page 340 undefined on input
 line 525.


LaTeX Warning: Reference `lem:point_translation_apply' on page 340 undefined on
 input line 525.


LaTeX Warning: Reference `lem:point_translation_iso_over' on page 340 undefined
 on input line 527.


LaTeX Warning: Reference `lem:point_translation_iso_points' on page 340 undefin
ed on input line 528.


LaTeX Warning: Reference `lem:smooth_locus_transport' on page 340 undefined on 
input line 529.


LaTeX Warning: Reference `lem:point_translation_iso_over' on page 340 undefined
 on input line 530.


LaTeX Warning: Reference `lem:stalk_reduced_transport' on page 340 undefined on
 input line 530.


LaTeX Warning: Reference `lem:irreducible_transport' on page 340 undefined on i
nput line 531.


Overfull \hbox (9.36127pt too wide) in paragraph at lines 534--534
[]\TU/lmr/bx/n/14.4 The Abel source: proper-ness and ge-o-met-ric ir-re-ducibil-

 []


LaTeX Warning: Reference `def:jacobian_data' on page 340 undefined on input lin
e 540.

[340]

LaTeX Warning: Reference `def:abel_source' on page 341 undefined on input line 
561.


LaTeX Warning: Reference `def:jacobian_data' on page 341 undefined on input lin
e 561.


LaTeX Warning: Reference `def:abel_source' on page 341 undefined on input line 
584.


LaTeX Warning: Reference `cor:jacobianData_separated' on page 341 undefined on 
input line 584.


LaTeX Warning: Reference `thm:jacobianData_universallyClosed' on page 341 undef
ined on input line 584.


LaTeX Warning: Reference `def:jacobian_data' on page 341 undefined on input lin
e 584.


LaTeX Warning: Reference `cor:jacobianData_separated' on page 341 undefined on 
input line 592.


LaTeX Warning: Reference `thm:jacobianData_universallyClosed' on page 341 undef
ined on input line 593.


LaTeX Warning: Reference `def:jacobian_data' on page 341 undefined on input lin
e 595.


LaTeX Warning: Reference `def:abel_source' on page 341 undefined on input line 
603.


LaTeX Warning: Reference `thm:baseChangeIso' on page 341 undefined on input lin
e 629.

[341]

LaTeX Warning: Reference `def:jacobian_data' on page 342 undefined on input lin
e 634.


LaTeX Warning: Reference `def:baseChange' on page 342 undefined on input line 6
34.


LaTeX Warning: Reference `lem:jacobian_data_homEquiv' on page 342 undefined on 
input line 634.


LaTeX Warning: Reference `def:jacobianData_baseChange' on page 342 undefined on
 input line 648.


LaTeX Warning: Reference `def:jacobian_data_grp' on page 342 undefined on input
 line 648.


LaTeX Warning: Reference `def:jacobianData_baseChange' on page 342 undefined on
 input line 653.


LaTeX Warning: Reference `lem:grpObjObj_baseChange_eq' on page 342 undefined on
 input line 669.


LaTeX Warning: Reference `def:jacobianData_baseChange' on page 342 undefined on
 input line 669.


LaTeX Warning: Reference `def:jacobian_data_unique' on page 342 undefined on in
put line 669.


LaTeX Warning: Reference `def:jacobian_data_unique' on page 342 undefined on in
put line 677.


LaTeX Warning: Reference `def:jacobianData_baseChange' on page 342 undefined on
 input line 678.


LaTeX Warning: Reference `lem:grpObjObj_baseChange_eq' on page 342 undefined on
 input line 679.


LaTeX Warning: Reference `thm:baseChangeIso' on page 342 undefined on input lin
e 681.

)) [342] (../print/print.aux)
 ***********
LaTeX2e <2025-11-01>
L3 programming layer <2026-01-19>
 ***********


LaTeX Warning: There were undefined references.


LaTeX Warning: Label(s) may have changed. Rerun to get cross-references right.


Package rerunfilecheck Warning: File `print.out' has changed.
(rerunfilecheck)                Rerun to get outlines right
(rerunfilecheck)                or use package `bookmark'.

Package rerunfilecheck Info: Checksums for `print.out':
(rerunfilecheck)             Before: <no file>
(rerunfilecheck)             After:  5E7067E2AD656EF036E1EF2E23CAF969;67607.
)

Here is how much of LuaTeX's memory you used:
 21171 strings out of 476076
 125129,1648299 words of node,token memory allocated
 8328 words of node memory still in use:
   6 hlist, 2 vlist, 2 rule, 2 glue, 4 kern, 1 glyph, 1957 attribute, 60 glue_sp
ec, 1957 attribute_list, 1 write nodes
   avail lists: 1:1,2:980,3:402,4:88,5:768,6:40,7:9693,8:111,9:1155,10:17,11:723

 41308 multiletter control sequences out of 65536+600000
 98 fonts using 30594635 bytes
 90i,16n,89p,541b,1377s stack positions out of 10000i,1000n,20000p,200000b,200000s
</usr/share/texmf/fonts/opentype/public/lm/lmroman5-bold.otf></usr/share/texmf/f
onts/opentype/public/lm/lmroman10-bolditalic.otf></usr/share/texmf/fonts/opentyp
e/public/lm/lmroman5-regular.otf></usr/share/texmf/fonts/opentype/public/lm-math
/latinmodern-math.otf></usr/share/texmf/fonts/opentype/public/lm/lmroman7-regula
r.otf></usr/share/texmf/fonts/opentype/public/lm-math/latinmodern-math.otf></usr
/share/texmf/fonts/opentype/public/lm/lmroman10-bold.otf></usr/share/texmf/fonts
/opentype/public/lm/lmmono10-regular.otf></usr/share/texmf/fonts/opentype/public
/lm/lmroman10-italic.otf></usr/share/texmf/fonts/opentype/public/lm-math/latinmo
dern-math.otf></usr/share/texmf/fonts/opentype/public/lm/lmroman10-regular.otf><
/usr/share/texmf/fonts/opentype/public/lm/lmroman12-bold.otf></usr/share/texmf/f
onts/opentype/public/lm/lmroman12-regular.otf></usr/share/texmf/fonts/opentype/p
ublic/lm/lmroman17-regular.otf></usr/share/texlive/texmf-dist/fonts/type1/public
/amsfonts/cm/cmmi10.pfb></usr/share/texlive/texmf-dist/fonts/type1/public/amsfon
ts/symbols/msam10.pfb></usr/share/texlive/texmf-dist/fonts/type1/public/amsfonts
/symbols/msam7.pfb>
Output written on print.pdf (343 pages, 2107071 bytes).

PDF statistics: 3264 PDF objects out of 3580 (max. 8388607)
 2845 compressed objects within 29 object streams
 1985 named destinations out of 2073 (max. 131072)
 1 words of extra memory for PDF output out of 10000 (max. 100000000)

