This is pdfTeX, Version 3.141592653-2.6-1.40.28 (TeX Live 2025/Debian) (preloaded format=pdflatex 2026.7.13)  27 JUL 2026 15:49
entering extended mode
 restricted \write18 enabled.
 %&-line parsing enabled.
**print.tex
(./print.tex
LaTeX2e <2025-11-01>
L3 programming layer <2026-01-19>
(/usr/share/texlive/texmf-dist/tex/latex/base/report.cls
Document Class: report 2025/01/22 v1.4n Standard LaTeX document class
(/usr/share/texlive/texmf-dist/tex/latex/base/size10.clo
File: size10.clo 2025/01/22 v1.4n Standard LaTeX file (size option)
)
\c@part=\count275
\c@chapter=\count276
\c@section=\count277
\c@subsection=\count278
\c@subsubsection=\count279
\c@paragraph=\count280
\c@subparagraph=\count281
\c@figure=\count282
\c@table=\count283
\abovecaptionskip=\skip49
\belowcaptionskip=\skip50
\bibindent=\dimen148
)
(/usr/share/texlive/texmf-dist/tex/latex/geometry/geometry.sty
Package: geometry 2020/01/02 v5.9 Page Geometry

(/usr/share/texlive/texmf-dist/tex/latex/graphics/keyval.sty
Package: keyval 2022/05/29 v1.15 key=value parser (DPC)
\KV@toks@=\toks17
)
(/usr/share/texlive/texmf-dist/tex/generic/iftex/ifvtex.sty
Package: ifvtex 2019/10/25 v1.7 ifvtex legacy package. Use iftex instead.

(/usr/share/texlive/texmf-dist/tex/generic/iftex/iftex.sty
Package: iftex 2024/12/12 v1.0g TeX engine tests
))
\Gm@cnth=\count284
\Gm@cntv=\count285
\c@Gm@tempcnt=\count286
\Gm@bindingoffset=\dimen149
\Gm@wd@mp=\dimen150
\Gm@odd@mp=\dimen151
\Gm@even@mp=\dimen152
\Gm@layoutwidth=\dimen153
\Gm@layoutheight=\dimen154
\Gm@layouthoffset=\dimen155
\Gm@layoutvoffset=\dimen156
\Gm@dimlist=\toks18
)
(/usr/share/texlive/texmf-dist/tex/latex/l3kernel/expl3.sty
Package: expl3 2026-01-19 L3 programming layer (loader) 

(/usr/share/texlive/texmf-dist/tex/latex/l3backend/l3backend-pdftex.def
File: l3backend-pdftex.def 2025-10-09 L3 backend support: PDF output (pdfTeX)
\l__color_backend_stack_int=\count287
))
(/usr/share/texlive/texmf-dist/tex/latex/amsfonts/amssymb.sty
Package: amssymb 2013/01/14 v3.01 AMS font symbols

(/usr/share/texlive/texmf-dist/tex/latex/amsfonts/amsfonts.sty
Package: amsfonts 2013/01/14 v3.01 Basic AMSFonts support
\@emptytoks=\toks19
\symAMSa=\mathgroup4
\symAMSb=\mathgroup5
LaTeX Font Info:    Redeclaring math symbol \hbar on input line 98.
LaTeX Font Info:    Overwriting math alphabet `\mathfrak' in version `bold'
(Font)                  U/euf/m/n --> U/euf/b/n on input line 106.
))
(/usr/share/texlive/texmf-dist/tex/latex/amscls/amsthm.sty
Package: amsthm 2020/05/29 v2.20.6
\thm@style=\toks20
\thm@bodyfont=\toks21
\thm@headfont=\toks22
\thm@notefont=\toks23
\thm@headpunct=\toks24
\thm@preskip=\skip51
\thm@postskip=\skip52
\thm@headsep=\skip53
\dth@everypar=\toks25
)
(/usr/share/texlive/texmf-dist/tex/latex/mathtools/mathtools.sty
Package: mathtools 2024/10/04 v1.31 mathematical typesetting tools

(/usr/share/texlive/texmf-dist/tex/latex/tools/calc.sty
Package: calc 2025/03/01 v4.3b Infix arithmetic (KKT,FJ)
\calc@Acount=\count288
\calc@Bcount=\count289
\calc@Adimen=\dimen157
\calc@Bdimen=\dimen158
\calc@Askip=\skip54
\calc@Bskip=\skip55
LaTeX Info: Redefining \setlength on input line 86.
LaTeX Info: Redefining \addtolength on input line 87.
\calc@Ccount=\count290
\calc@Cskip=\skip56
)
(/usr/share/texlive/texmf-dist/tex/latex/mathtools/mhsetup.sty
Package: mhsetup 2021/03/18 v1.4 programming setup (MH)
)
(/usr/share/texlive/texmf-dist/tex/latex/amsmath/amsmath.sty
Package: amsmath 2025/07/09 v2.17z AMS math features
\@mathmargin=\skip57

For additional information on amsmath, use the `?' option.
(/usr/share/texlive/texmf-dist/tex/latex/amsmath/amstext.sty
Package: amstext 2024/11/17 v2.01 AMS text

(/usr/share/texlive/texmf-dist/tex/latex/amsmath/amsgen.sty
File: amsgen.sty 1999/11/30 v2.0 generic functions
\@emptytoks=\toks26
\ex@=\dimen159
))
(/usr/share/texlive/texmf-dist/tex/latex/amsmath/amsbsy.sty
Package: amsbsy 1999/11/29 v1.2d Bold Symbols
\pmbraise@=\dimen160
)
(/usr/share/texlive/texmf-dist/tex/latex/amsmath/amsopn.sty
Package: amsopn 2022/04/08 v2.04 operator names
)
\inf@bad=\count291
LaTeX Info: Redefining \frac on input line 233.
\uproot@=\count292
\leftroot@=\count293
LaTeX Info: Redefining \overline on input line 398.
LaTeX Info: Redefining \colon on input line 409.
\classnum@=\count294
\DOTSCASE@=\count295
LaTeX Info: Redefining \ldots on input line 495.
LaTeX Info: Redefining \dots on input line 498.
LaTeX Info: Redefining \cdots on input line 619.
\Mathstrutbox@=\box53
\strutbox@=\box54
LaTeX Info: Redefining \big on input line 721.
LaTeX Info: Redefining \Big on input line 722.
LaTeX Info: Redefining \bigg on input line 723.
LaTeX Info: Redefining \Bigg on input line 724.
\big@size=\dimen161
LaTeX Font Info:    Redeclaring font encoding OML on input line 742.
LaTeX Font Info:    Redeclaring font encoding OMS on input line 743.
\macc@depth=\count296
LaTeX Info: Redefining \bmod on input line 904.
LaTeX Info: Redefining \pmod on input line 909.
LaTeX Info: Redefining \smash on input line 939.
LaTeX Info: Redefining \relbar on input line 969.
LaTeX Info: Redefining \Relbar on input line 970.
\c@MaxMatrixCols=\count297
\dotsspace@=\muskip17
\c@parentequation=\count298
\dspbrk@lvl=\count299
\tag@help=\toks27
\row@=\count300
\column@=\count301
\maxfields@=\count302
\andhelp@=\toks28
\eqnshift@=\dimen162
\alignsep@=\dimen163
\tagshift@=\dimen164
\tagwidth@=\dimen165
\totwidth@=\dimen166
\lineht@=\dimen167
\@envbody=\toks29
\multlinegap=\skip58
\multlinetaggap=\skip59
\mathdisplay@stack=\toks30
LaTeX Info: Redefining \[ on input line 2950.
LaTeX Info: Redefining \] on input line 2951.
)
\g_MT_multlinerow_int=\count303
\l_MT_multwidth_dim=\dimen168
\origjot=\skip60
\l_MT_shortvdotswithinadjustabove_dim=\dimen169
\l_MT_shortvdotswithinadjustbelow_dim=\dimen170
\l_MT_above_intertext_sep=\dimen171
\l_MT_below_intertext_sep=\dimen172
\l_MT_above_shortintertext_sep=\dimen173
\l_MT_below_shortintertext_sep=\dimen174
\xmathstrut@box=\box55
\xmathstrut@dim=\dimen175
)
(/usr/share/texlive/texmf-dist/tex/latex/enumitem/enumitem.sty
Package: enumitem 2025/02/06 v3.11 Customized lists
\labelindent=\skip61
\enit@outerparindent=\dimen176
\enit@toks=\toks31
\enit@inbox=\box56
\enit@count@id=\count304
\enitdp@description=\count305
)
(/usr/share/texlive/texmf-dist/tex/latex/tikz-cd/tikz-cd.sty
Package: tikz-cd 2021/05/04 v1.0 Commutative diagrams with TikZ

(/usr/share/texlive/texmf-dist/tex/latex/pgf/frontendlayer/tikz.sty
(/usr/share/texlive/texmf-dist/tex/latex/pgf/basiclayer/pgf.sty
(/usr/share/texlive/texmf-dist/tex/latex/pgf/utilities/pgfrcs.sty
(/usr/share/texlive/texmf-dist/tex/generic/pgf/utilities/pgfutil-common.tex
\pgfutil@everybye=\toks32
\pgfutil@tempdima=\dimen177
\pgfutil@tempdimb=\dimen178
)
(/usr/share/texlive/texmf-dist/tex/generic/pgf/utilities/pgfutil-latex.def
\pgfutil@abb=\box57
)
(/usr/share/texlive/texmf-dist/tex/generic/pgf/utilities/pgfrcs.code.tex
(/usr/share/texlive/texmf-dist/tex/generic/pgf/pgf.revision.tex)
Package: pgfrcs 2025-08-29 v3.1.11a (3.1.11a)
))
Package: pgf 2025-08-29 v3.1.11a (3.1.11a)

(/usr/share/texlive/texmf-dist/tex/latex/pgf/basiclayer/pgfcore.sty
(/usr/share/texlive/texmf-dist/tex/latex/graphics/graphicx.sty
Package: graphicx 2024/12/31 v1.2e Enhanced LaTeX Graphics (DPC,SPQR)

(/usr/share/texlive/texmf-dist/tex/latex/graphics/graphics.sty
Package: graphics 2024/08/06 v1.4g Standard LaTeX Graphics (DPC,SPQR)

(/usr/share/texlive/texmf-dist/tex/latex/graphics/trig.sty
Package: trig 2023/12/02 v1.11 sin cos tan (DPC)
)
(/usr/share/texlive/texmf-dist/tex/latex/graphics-cfg/graphics.cfg
File: graphics.cfg 2016/06/04 v1.11 sample graphics configuration
)
Package graphics Info: Driver file: pdftex.def on input line 106.

(/usr/share/texlive/texmf-dist/tex/latex/graphics-def/pdftex.def
File: pdftex.def 2025/09/29 v1.2d Graphics/color driver for pdftex
))
\Gin@req@height=\dimen179
\Gin@req@width=\dimen180
)
(/usr/share/texlive/texmf-dist/tex/latex/pgf/systemlayer/pgfsys.sty
(/usr/share/texlive/texmf-dist/tex/generic/pgf/systemlayer/pgfsys.code.tex
Package: pgfsys 2025-08-29 v3.1.11a (3.1.11a)

(/usr/share/texlive/texmf-dist/tex/generic/pgf/utilities/pgfkeys.code.tex
\pgfkeys@pathtoks=\toks33
\pgfkeys@temptoks=\toks34

(/usr/share/texlive/texmf-dist/tex/generic/pgf/utilities/pgfkeyslibraryfiltered
.code.tex
\pgfkeys@tmptoks=\toks35
))
\pgf@x=\dimen181
\pgf@y=\dimen182
\pgf@xa=\dimen183
\pgf@ya=\dimen184
\pgf@xb=\dimen185
\pgf@yb=\dimen186
\pgf@xc=\dimen187
\pgf@yc=\dimen188
\pgf@xd=\dimen189
\pgf@yd=\dimen190
\w@pgf@writea=\write3
\r@pgf@reada=\read2
\c@pgf@counta=\count306
\c@pgf@countb=\count307
\c@pgf@countc=\count308
\c@pgf@countd=\count309
\t@pgf@toka=\toks36
\t@pgf@tokb=\toks37
\t@pgf@tokc=\toks38
\pgf@sys@id@count=\count310
 (/usr/share/texlive/texmf-dist/tex/generic/pgf/systemlayer/pgf.cfg
File: pgf.cfg 2025-08-29 v3.1.11a (3.1.11a)
)
Driver file for pgf: pgfsys-pdftex.def
(/usr/share/texlive/texmf-dist/tex/generic/pgf/systemlayer/pgfsys-pdftex.def
File: pgfsys-pdftex.def 2025-08-29 v3.1.11a (3.1.11a)

(/usr/share/texlive/texmf-dist/tex/generic/pgf/systemlayer/pgfsys-common-pdf.de
f
File: pgfsys-common-pdf.def 2025-08-29 v3.1.11a (3.1.11a)
)))
(/usr/share/texlive/texmf-dist/tex/generic/pgf/systemlayer/pgfsyssoftpath.code.
tex
File: pgfsyssoftpath.code.tex 2025-08-29 v3.1.11a (3.1.11a)
\pgfsyssoftpath@smallbuffer@items=\count311
\pgfsyssoftpath@bigbuffer@items=\count312
)
(/usr/share/texlive/texmf-dist/tex/generic/pgf/systemlayer/pgfsysprotocol.code.
tex
File: pgfsysprotocol.code.tex 2025-08-29 v3.1.11a (3.1.11a)
)) (/usr/share/texlive/texmf-dist/tex/latex/xcolor/xcolor.sty
Package: xcolor 2024/09/29 v3.02 LaTeX color extensions (UK)

(/usr/share/texlive/texmf-dist/tex/latex/graphics-cfg/color.cfg
File: color.cfg 2016/01/02 v1.6 sample color configuration
)
Package xcolor Info: Driver file: pdftex.def on input line 274.

(/usr/share/texlive/texmf-dist/tex/latex/graphics/mathcolor.ltx)
Package xcolor Info: Model `cmy' substituted by `cmy0' on input line 1349.
Package xcolor Info: Model `hsb' substituted by `rgb' on input line 1353.
Package xcolor Info: Model `RGB' extended on input line 1365.
Package xcolor Info: Model `HTML' substituted by `rgb' on input line 1367.
Package xcolor Info: Model `Hsb' substituted by `hsb' on input line 1368.
Package xcolor Info: Model `tHsb' substituted by `hsb' on input line 1369.
Package xcolor Info: Model `HSB' substituted by `hsb' on input line 1370.
Package xcolor Info: Model `Gray' substituted by `gray' on input line 1371.
Package xcolor Info: Model `wave' substituted by `hsb' on input line 1372.
)
(/usr/share/texlive/texmf-dist/tex/generic/pgf/basiclayer/pgfcore.code.tex
Package: pgfcore 2025-08-29 v3.1.11a (3.1.11a)

(/usr/share/texlive/texmf-dist/tex/generic/pgf/math/pgfmath.code.tex
(/usr/share/texlive/texmf-dist/tex/generic/pgf/math/pgfmathutil.code.tex)
(/usr/share/texlive/texmf-dist/tex/generic/pgf/math/pgfmathparser.code.tex
\pgfmath@dimen=\dimen191
\pgfmath@count=\count313
\pgfmath@box=\box58
\pgfmath@toks=\toks39
\pgfmath@stack@operand=\toks40
\pgfmath@stack@operation=\toks41
)
(/usr/share/texlive/texmf-dist/tex/generic/pgf/math/pgfmathfunctions.code.tex)
(/usr/share/texlive/texmf-dist/tex/generic/pgf/math/pgfmathfunctions.basic.code
.tex)
(/usr/share/texlive/texmf-dist/tex/generic/pgf/math/pgfmathfunctions.trigonomet
ric.code.tex)
(/usr/share/texlive/texmf-dist/tex/generic/pgf/math/pgfmathfunctions.random.cod
e.tex)
(/usr/share/texlive/texmf-dist/tex/generic/pgf/math/pgfmathfunctions.comparison
.code.tex)
(/usr/share/texlive/texmf-dist/tex/generic/pgf/math/pgfmathfunctions.base.code.
tex)
(/usr/share/texlive/texmf-dist/tex/generic/pgf/math/pgfmathfunctions.round.code
.tex)
(/usr/share/texlive/texmf-dist/tex/generic/pgf/math/pgfmathfunctions.misc.code.
tex)
(/usr/share/texlive/texmf-dist/tex/generic/pgf/math/pgfmathfunctions.integerari
thmetics.code.tex)
(/usr/share/texlive/texmf-dist/tex/generic/pgf/math/pgfmathcalc.code.tex)
(/usr/share/texlive/texmf-dist/tex/generic/pgf/math/pgfmathfloat.code.tex
\c@pgfmathroundto@lastzeros=\count314
))
(/usr/share/texlive/texmf-dist/tex/generic/pgf/math/pgfint.code.tex)
(/usr/share/texlive/texmf-dist/tex/generic/pgf/basiclayer/pgfcorepoints.code.te
x
File: pgfcorepoints.code.tex 2025-08-29 v3.1.11a (3.1.11a)
\pgf@picminx=\dimen192
\pgf@picmaxx=\dimen193
\pgf@picminy=\dimen194
\pgf@picmaxy=\dimen195
\pgf@pathminx=\dimen196
\pgf@pathmaxx=\dimen197
\pgf@pathminy=\dimen198
\pgf@pathmaxy=\dimen199
\pgf@xx=\dimen256
\pgf@xy=\dimen257
\pgf@yx=\dimen258
\pgf@yy=\dimen259
\pgf@zx=\dimen260
\pgf@zy=\dimen261
)
(/usr/share/texlive/texmf-dist/tex/generic/pgf/basiclayer/pgfcorepathconstruct.
code.tex
File: pgfcorepathconstruct.code.tex 2025-08-29 v3.1.11a (3.1.11a)
\pgf@path@lastx=\dimen262
\pgf@path@lasty=\dimen263
)
(/usr/share/texlive/texmf-dist/tex/generic/pgf/basiclayer/pgfcorepathusage.code
.tex
File: pgfcorepathusage.code.tex 2025-08-29 v3.1.11a (3.1.11a)
\pgf@shorten@end@additional=\dimen264
\pgf@shorten@start@additional=\dimen265
)
(/usr/share/texlive/texmf-dist/tex/generic/pgf/basiclayer/pgfcorescopes.code.te
x
File: pgfcorescopes.code.tex 2025-08-29 v3.1.11a (3.1.11a)
\pgfpic=\box59
\pgf@hbox=\box60
\pgf@layerbox@main=\box61
\pgf@picture@serial@count=\count315
)
(/usr/share/texlive/texmf-dist/tex/generic/pgf/basiclayer/pgfcoregraphicstate.c
ode.tex
File: pgfcoregraphicstate.code.tex 2025-08-29 v3.1.11a (3.1.11a)
\pgflinewidth=\dimen266
)
(/usr/share/texlive/texmf-dist/tex/generic/pgf/basiclayer/pgfcoretransformation
s.code.tex
File: pgfcoretransformations.code.tex 2025-08-29 v3.1.11a (3.1.11a)
\pgf@pt@x=\dimen267
\pgf@pt@y=\dimen268
\pgf@pt@temp=\dimen269
)
(/usr/share/texlive/texmf-dist/tex/generic/pgf/basiclayer/pgfcorequick.code.tex
File: pgfcorequick.code.tex 2025-08-29 v3.1.11a (3.1.11a)
)
(/usr/share/texlive/texmf-dist/tex/generic/pgf/basiclayer/pgfcoreobjects.code.t
ex
File: pgfcoreobjects.code.tex 2025-08-29 v3.1.11a (3.1.11a)
)
(/usr/share/texlive/texmf-dist/tex/generic/pgf/basiclayer/pgfcorepathprocessing
.code.tex
File: pgfcorepathprocessing.code.tex 2025-08-29 v3.1.11a (3.1.11a)
)
(/usr/share/texlive/texmf-dist/tex/generic/pgf/basiclayer/pgfcorearrows.code.te
x
File: pgfcorearrows.code.tex 2025-08-29 v3.1.11a (3.1.11a)
\pgfarrowsep=\dimen270
)
(/usr/share/texlive/texmf-dist/tex/generic/pgf/basiclayer/pgfcoreshade.code.tex
File: pgfcoreshade.code.tex 2025-08-29 v3.1.11a (3.1.11a)
\pgf@max=\dimen271
\pgf@sys@shading@range@num=\count316
\pgf@shadingcount=\count317
)
(/usr/share/texlive/texmf-dist/tex/generic/pgf/basiclayer/pgfcoreimage.code.tex
File: pgfcoreimage.code.tex 2025-08-29 v3.1.11a (3.1.11a)
)
(/usr/share/texlive/texmf-dist/tex/generic/pgf/basiclayer/pgfcoreexternal.code.
tex
File: pgfcoreexternal.code.tex 2025-08-29 v3.1.11a (3.1.11a)
\pgfexternal@startupbox=\box62
)
(/usr/share/texlive/texmf-dist/tex/generic/pgf/basiclayer/pgfcorelayers.code.te
x
File: pgfcorelayers.code.tex 2025-08-29 v3.1.11a (3.1.11a)
)
(/usr/share/texlive/texmf-dist/tex/generic/pgf/basiclayer/pgfcoretransparency.c
ode.tex
File: pgfcoretransparency.code.tex 2025-08-29 v3.1.11a (3.1.11a)
)
(/usr/share/texlive/texmf-dist/tex/generic/pgf/basiclayer/pgfcorepatterns.code.
tex
File: pgfcorepatterns.code.tex 2025-08-29 v3.1.11a (3.1.11a)
)
(/usr/share/texlive/texmf-dist/tex/generic/pgf/basiclayer/pgfcorerdf.code.tex
File: pgfcorerdf.code.tex 2025-08-29 v3.1.11a (3.1.11a)
)))
(/usr/share/texlive/texmf-dist/tex/generic/pgf/modules/pgfmoduleshapes.code.tex
File: pgfmoduleshapes.code.tex 2025-08-29 v3.1.11a (3.1.11a)
\pgfnodeparttextbox=\box63
) (/usr/share/texlive/texmf-dist/tex/generic/pgf/modules/pgfmoduleplot.code.tex
File: pgfmoduleplot.code.tex 2025-08-29 v3.1.11a (3.1.11a)
)
(/usr/share/texlive/texmf-dist/tex/latex/pgf/compatibility/pgfcomp-version-0-65
.sty
Package: pgfcomp-version-0-65 2025-08-29 v3.1.11a (3.1.11a)
\pgf@nodesepstart=\dimen272
\pgf@nodesepend=\dimen273
)
(/usr/share/texlive/texmf-dist/tex/latex/pgf/compatibility/pgfcomp-version-1-18
.sty
Package: pgfcomp-version-1-18 2025-08-29 v3.1.11a (3.1.11a)
)) (/usr/share/texlive/texmf-dist/tex/latex/pgf/utilities/pgffor.sty
(/usr/share/texlive/texmf-dist/tex/latex/pgf/utilities/pgfkeys.sty
(/usr/share/texlive/texmf-dist/tex/generic/pgf/utilities/pgfkeys.code.tex))
(/usr/share/texlive/texmf-dist/tex/latex/pgf/math/pgfmath.sty
(/usr/share/texlive/texmf-dist/tex/generic/pgf/math/pgfmath.code.tex))
(/usr/share/texlive/texmf-dist/tex/generic/pgf/utilities/pgffor.code.tex
Package: pgffor 2025-08-29 v3.1.11a (3.1.11a)
\pgffor@iter=\dimen274
\pgffor@skip=\dimen275
\pgffor@stack=\toks42
\pgffor@toks=\toks43
))
(/usr/share/texlive/texmf-dist/tex/generic/pgf/frontendlayer/tikz/tikz.code.tex
Package: tikz 2025-08-29 v3.1.11a (3.1.11a)

(/usr/share/texlive/texmf-dist/tex/generic/pgf/libraries/pgflibraryplothandlers
.code.tex
File: pgflibraryplothandlers.code.tex 2025-08-29 v3.1.11a (3.1.11a)
\pgf@plot@mark@count=\count318
\pgfplotmarksize=\dimen276
)
\tikz@lastx=\dimen277
\tikz@lasty=\dimen278
\tikz@lastxsaved=\dimen279
\tikz@lastysaved=\dimen280
\tikz@lastmovetox=\dimen281
\tikz@lastmovetoy=\dimen282
\tikzleveldistance=\dimen283
\tikzsiblingdistance=\dimen284
\tikz@figbox=\box64
\tikz@figbox@bg=\box65
\tikz@tempbox=\box66
\tikz@tempbox@bg=\box67
\tikztreelevel=\count319
\tikznumberofchildren=\count320
\tikznumberofcurrentchild=\count321
\tikz@fig@count=\count322

(/usr/share/texlive/texmf-dist/tex/generic/pgf/modules/pgfmodulematrix.code.tex
File: pgfmodulematrix.code.tex 2025-08-29 v3.1.11a (3.1.11a)
\pgfmatrixcurrentrow=\count323
\pgfmatrixcurrentcolumn=\count324
\pgf@matrix@numberofcolumns=\count325
)
\tikz@expandcount=\count326

(/usr/share/texlive/texmf-dist/tex/generic/pgf/frontendlayer/tikz/libraries/tik
zlibrarytopaths.code.tex
File: tikzlibrarytopaths.code.tex 2025-08-29 v3.1.11a (3.1.11a)
)))
(/usr/share/texlive/texmf-dist/tex/generic/tikz-cd/tikzlibrarycd.code.tex
(/usr/share/texlive/texmf-dist/tex/generic/pgf/frontendlayer/tikz/libraries/tik
zlibrarymatrix.code.tex
File: tikzlibrarymatrix.code.tex 2025-08-29 v3.1.11a (3.1.11a)
)
(/usr/share/texlive/texmf-dist/tex/generic/pgf/frontendlayer/tikz/libraries/tik
zlibraryquotes.code.tex
File: tikzlibraryquotes.code.tex 2025-08-29 v3.1.11a (3.1.11a)
)
(/usr/share/texlive/texmf-dist/tex/generic/pgf/libraries/pgflibraryarrows.meta.
code.tex
File: pgflibraryarrows.meta.code.tex 2025-08-29 v3.1.11a (3.1.11a)
\pgfarrowinset=\dimen285
\pgfarrowlength=\dimen286
\pgfarrowwidth=\dimen287
\pgfarrowlinewidth=\dimen288
))) (/usr/share/texlive/texmf-dist/tex/latex/hyperref/hyperref.sty
Package: hyperref 2025-07-12 v7.01o Hypertext links for LaTeX

(/usr/share/texlive/texmf-dist/tex/latex/kvsetkeys/kvsetkeys.sty
Package: kvsetkeys 2022-10-05 v1.19 Key value parser (HO)
)
(/usr/share/texlive/texmf-dist/tex/generic/kvdefinekeys/kvdefinekeys.sty
Package: kvdefinekeys 2019-12-19 v1.6 Define keys (HO)
)
(/usr/share/texlive/texmf-dist/tex/generic/pdfescape/pdfescape.sty
Package: pdfescape 2019/12/09 v1.15 Implements pdfTeX's escape features (HO)

(/usr/share/texlive/texmf-dist/tex/generic/ltxcmds/ltxcmds.sty
Package: ltxcmds 2023-12-04 v1.26 LaTeX kernel commands for general use (HO)
)
(/usr/share/texlive/texmf-dist/tex/generic/pdftexcmds/pdftexcmds.sty
Package: pdftexcmds 2020-06-27 v0.33 Utility functions of pdfTeX for LuaTeX (HO
)

(/usr/share/texlive/texmf-dist/tex/generic/infwarerr/infwarerr.sty
Package: infwarerr 2019/12/03 v1.5 Providing info/warning/error messages (HO)
)
Package pdftexcmds Info: \pdf@primitive is available.
Package pdftexcmds Info: \pdf@ifprimitive is available.
Package pdftexcmds Info: \pdfdraftmode found.
))
(/usr/share/texlive/texmf-dist/tex/latex/hycolor/hycolor.sty
Package: hycolor 2020-01-27 v1.10 Color options for hyperref/bookmark (HO)
)
(/usr/share/texlive/texmf-dist/tex/latex/hyperref/nameref.sty
Package: nameref 2025-06-21 v2.57 Cross-referencing by name of section

(/usr/share/texlive/texmf-dist/tex/latex/refcount/refcount.sty
Package: refcount 2019/12/15 v3.6 Data extraction from label references (HO)
)
(/usr/share/texlive/texmf-dist/tex/generic/gettitlestring/gettitlestring.sty
Package: gettitlestring 2019/12/15 v1.6 Cleanup title references (HO)

(/usr/share/texlive/texmf-dist/tex/latex/kvoptions/kvoptions.sty
Package: kvoptions 2022-06-15 v3.15 Key value format for package options (HO)
))
\c@section@level=\count327
)
(/usr/share/texlive/texmf-dist/tex/latex/etoolbox/etoolbox.sty
Package: etoolbox 2025/10/02 v2.5m e-TeX tools for LaTeX (JAW)
\etb@tempcnta=\count328
)
(/usr/share/texlive/texmf-dist/tex/generic/stringenc/stringenc.sty
Package: stringenc 2019/11/29 v1.12 Convert strings between diff. encodings (HO
)
)
\@linkdim=\dimen289
\Hy@linkcounter=\count329
\Hy@pagecounter=\count330

(/usr/share/texlive/texmf-dist/tex/latex/hyperref/pd1enc.def
File: pd1enc.def 2025-07-12 v7.01o Hyperref: PDFDocEncoding definition (HO)
Now handling font encoding PD1 ...
... no UTF-8 mapping file for font encoding PD1
)
(/usr/share/texlive/texmf-dist/tex/generic/intcalc/intcalc.sty
Package: intcalc 2019/12/15 v1.3 Expandable calculations with integers (HO)
)
\Hy@SavedSpaceFactor=\count331

(/usr/share/texlive/texmf-dist/tex/latex/hyperref/puenc.def
File: puenc.def 2025-07-12 v7.01o Hyperref: PDF Unicode definition (HO)
Now handling font encoding PU ...
... no UTF-8 mapping file for font encoding PU
)
Package hyperref Info: Option `unicode' set `true' on input line 4066.
Package hyperref Info: Option `colorlinks' set `true' on input line 4066.
Package hyperref Info: Hyper figures OFF on input line 4195.
Package hyperref Info: Link nesting OFF on input line 4200.
Package hyperref Info: Hyper index ON on input line 4203.
Package hyperref Info: Plain pages OFF on input line 4210.
Package hyperref Info: Backreferencing OFF on input line 4215.
Package hyperref Info: Implicit mode ON; LaTeX internals redefined.
Package hyperref Info: Bookmarks ON on input line 4462.
\c@Hy@tempcnt=\count332

(/usr/share/texlive/texmf-dist/tex/latex/url/url.sty
\Urlmuskip=\muskip18
Package: url 2013/09/16  ver 3.4  Verb mode for urls, etc.
)
LaTeX Info: Redefining \url on input line 4801.
\XeTeXLinkMargin=\dimen290

(/usr/share/texlive/texmf-dist/tex/generic/bitset/bitset.sty
Package: bitset 2019/12/09 v1.3 Handle bit-vector datatype (HO)

(/usr/share/texlive/texmf-dist/tex/generic/bigintcalc/bigintcalc.sty
Package: bigintcalc 2019/12/15 v1.5 Expandable calculations on big integers (HO
)
))
\Fld@menulength=\count333
\Field@Width=\dimen291
\Fld@charsize=\dimen292
Package hyperref Info: Hyper figures OFF on input line 6078.
Package hyperref Info: Link nesting OFF on input line 6083.
Package hyperref Info: Hyper index ON on input line 6086.
Package hyperref Info: backreferencing OFF on input line 6093.
Package hyperref Info: Link coloring ON on input line 6096.
Package hyperref Info: Link coloring with OCG OFF on input line 6103.
Package hyperref Info: PDF/A mode OFF on input line 6108.
\Hy@abspage=\count334
\c@Item=\count335
\c@Hfootnote=\count336
)
Package hyperref Info: Driver (autodetected): hpdftex.

(/usr/share/texlive/texmf-dist/tex/latex/hyperref/hpdftex.def
File: hpdftex.def 2025-07-12 v7.01o Hyperref driver for pdfTeX
\Fld@listcount=\count337
\c@bookmark@seq@number=\count338

(/usr/share/texlive/texmf-dist/tex/latex/rerunfilecheck/rerunfilecheck.sty
Package: rerunfilecheck 2025-06-21 v1.11 Rerun checks for auxiliary files (HO)

(/usr/share/texlive/texmf-dist/tex/generic/uniquecounter/uniquecounter.sty
Package: uniquecounter 2019/12/15 v1.4 Provide unlimited unique counter (HO)
)
Package uniquecounter Info: New unique counter `rerunfilecheck' on input line 2
84.
)
\Hy@SectionHShift=\skip62
)
(/usr/share/texlive/texmf-dist/tex/latex/unicode-math/unicode-math.sty
Package: unicode-math 2023/08/13 v0.8r Unicode maths in XeLaTeX and LuaLaTeX


! Package unicode-math Error: Cannot be run with pdftex!
(unicode-math)                Use XeLaTeX or LuaLaTeX instead.

Type <return> to continue.
 ...                                              
                                                  
l.40 ...ror:nn {unicode-math} {unsupported-engine}
                                                  

LaTeX does not know anything more about this error, sorry.

Try typing <return> to proceed.
If that doesn't work, type X <return> to quit.


)

! LaTeX Error: Unknown option `warnings-off={mathtools-colon,mathtools-overbrac
ket}' for package `unicode-math'.

See the LaTeX manual or LaTeX Companion for explanation.
Type  H <return>  for immediate help.
 ...                                              
                                                  
l.25 ^^M
        
The option `warnings-off={mathtools-colon,mathtools-overbracket}' was not decla
red in package `unicode-math', perhaps you
misspelled its name. Try typing  <return>  to proceed.

(./macros/common.tex
\c@theorem=\count339
) (./macros/print.tex) (./print.aux)
\openout1 = `print.aux'.

LaTeX Font Info:    Checking defaults for OML/cmm/m/it on input line 33.
LaTeX Font Info:    ... okay on input line 33.
LaTeX Font Info:    Checking defaults for OMS/cmsy/m/n on input line 33.
LaTeX Font Info:    ... okay on input line 33.
LaTeX Font Info:    Checking defaults for OT1/cmr/m/n on input line 33.
LaTeX Font Info:    ... okay on input line 33.
LaTeX Font Info:    Checking defaults for T1/cmr/m/n on input line 33.
LaTeX Font Info:    ... okay on input line 33.
LaTeX Font Info:    Checking defaults for TS1/cmr/m/n on input line 33.
LaTeX Font Info:    ... okay on input line 33.
LaTeX Font Info:    Checking defaults for OMX/cmex/m/n on input line 33.
LaTeX Font Info:    ... okay on input line 33.
LaTeX Font Info:    Checking defaults for U/cmr/m/n on input line 33.
LaTeX Font Info:    ... okay on input line 33.
LaTeX Font Info:    Checking defaults for PD1/pdf/m/n on input line 33.
LaTeX Font Info:    ... okay on input line 33.
LaTeX Font Info:    Checking defaults for PU/pdf/m/n on input line 33.
LaTeX Font Info:    ... okay on input line 33.

*geometry* driver: auto-detecting
*geometry* detected driver: pdftex
*geometry* verbose mode - [ preamble ] result:
* driver: pdftex
* paper: a4paper
* layout: <same size as paper>
* layoutoffset:(h,v)=(0.0pt,0.0pt)
* modes: 
* h-part:(L,W,R)=(89.62709pt, 418.25368pt, 89.6271pt)
* v-part:(T,H,B)=(101.40665pt, 591.5302pt, 152.11pt)
* \paperwidth=597.50787pt
* \paperheight=845.04684pt
* \textwidth=418.25368pt
* \textheight=591.5302pt
* \oddsidemargin=17.3571pt
* \evensidemargin=17.3571pt
* \topmargin=-7.86334pt
* \headheight=12.0pt
* \headsep=25.0pt
* \topskip=10.0pt
* \footskip=30.0pt
* \marginparwidth=57.0pt
* \marginparsep=11.0pt
* \columnsep=10.0pt
* \skip\footins=9.0pt plus 4.0pt minus 2.0pt
* \hoffset=0.0pt
* \voffset=0.0pt
* \mag=1000
* \@twocolumnfalse
* \@twosidefalse
* \@mparswitchfalse
* \@reversemarginfalse
* (1in=72.27pt=25.4mm, 1cm=28.453pt)

(/usr/share/texlive/texmf-dist/tex/context/base/mkii/supp-pdf.mkii
[Loading MPS to PDF converter (version 2006.09.02).]
\scratchcounter=\count340
\scratchdimen=\dimen293
\scratchbox=\box68
\nofMPsegments=\count341
\nofMParguments=\count342
\everyMPshowfont=\toks44
\MPscratchCnt=\count343
\MPscratchDim=\dimen294
\MPnumerator=\count344
\makeMPintoPDFobject=\count345
\everyMPtoPDFconversion=\toks45
) (/usr/share/texlive/texmf-dist/tex/latex/epstopdf-pkg/epstopdf-base.sty
Package: epstopdf-base 2020-01-24 v2.11 Base part for package epstopdf

(/usr/share/texlive/texmf-dist/tex/latex/grfext/grfext.sty
Package: grfext 2019/12/03 v1.3 Manage graphics extensions (HO)
)
Package epstopdf-base Info: Redefining graphics rule for `.eps' on input line 4
85.
Package grfext Info: Graphics extension search list:
(grfext)             [.pdf,.png,.jpg,.mps,.jpeg,.jbig2,.jb2,.PDF,.PNG,.JPG,.JPE
G,.JBIG2,.JB2,.eps]
(grfext)             \AppendGraphicsExtensions on input line 504.

(/usr/share/texlive/texmf-dist/tex/latex/latexconfig/epstopdf-sys.cfg
File: epstopdf-sys.cfg 2010/07/13 v1.3 Configuration of (r)epstopdf for TeX Liv
e
))
Package hyperref Info: Link coloring ON on input line 33.

(./print.out) (./print.out)
\@outlinefile=\write4
\openout4 = `print.out'.

LaTeX Font Info:    Trying to load font information for U+msa on input line 35.


(/usr/share/texlive/texmf-dist/tex/latex/amsfonts/umsa.fd
File: umsa.fd 2013/01/14 v3.01 AMS symbols A
)
LaTeX Font Info:    Trying to load font information for U+msb on input line 35.


(/usr/share/texlive/texmf-dist/tex/latex/amsfonts/umsb.fd
File: umsb.fd 2013/01/14 v3.01 AMS symbols B
) [1

{/var/lib/texmf/fonts/map/pdftex/updmap/pdftex.map}] (./content.tex
(./chapters/Cohomology_SheafCompose.tex
Chapter 1.
) (./chapters/Cohomology_StructureSheafAb.tex
pdfTeX warning (ext4): destination with the same identifier (name{page.1}) has 
been already used, duplicate ignored
<to be read again> 
                   \relax 
l.1 \chapter
            {Structure sheaf as a sheaf of abelian groups, sheafification an...
[1

]
Chapter 2.

Overfull \hbox (1.08246pt too wide) in paragraph at lines 12--12
[]\OT1/cmr/bx/n/14.4 Sheafification of abelian-group-valued sheaves on opens 
 []


Package hyperref Warning: Token not allowed in a PDF string (Unicode):
(hyperref)                removing `math shift' on input line 27.


Package hyperref Warning: Token not allowed in a PDF string (Unicode):
(hyperref)                removing `\mathop' on input line 27.


Package hyperref Warning: Token not allowed in a PDF string (Unicode):
(hyperref)                removing `\mathcode' on input line 27.


Package hyperref Warning: Token not allowed in a PDF string (Unicode):
(hyperref)                removing `\mathcode' on input line 27.


Package hyperref Warning: Token not allowed in a PDF string (Unicode):
(hyperref)                removing `\mathcode' on input line 27.


Package hyperref Warning: Token not allowed in a PDF string (Unicode):
(hyperref)                removing `\mathchardef' on input line 27.


Package hyperref Warning: Token not allowed in a PDF string (Unicode):
(hyperref)                removing `\std@minus' on input line 27.


Package hyperref Warning: Token not allowed in a PDF string (Unicode):
(hyperref)                removing `\mathcode' on input line 27.


Package hyperref Warning: Token not allowed in a PDF string (Unicode):
(hyperref)                removing `\mathcode' on input line 27.


Package hyperref Warning: Token not allowed in a PDF string (Unicode):
(hyperref)                removing `\mathcode' on input line 27.


Package hyperref Warning: Token not allowed in a PDF string (Unicode):
(hyperref)                removing `\mathcode' on input line 27.


Package hyperref Warning: Token not allowed in a PDF string (Unicode):
(hyperref)                removing `\leavevmode@ifvmode' on input line 27.


Package hyperref Warning: Token not allowed in a PDF string (Unicode):
(hyperref)                \kern 2.22198pt
(hyperref)                removed on input line 27.


Package hyperref Warning: Token not allowed in a PDF string (Unicode):
(hyperref)                removing `\mathgroup' on input line 27.


Package hyperref Warning: Token not allowed in a PDF string (Unicode):
(hyperref)                removing `\symoperators' on input line 27.


Package hyperref Warning: Token not allowed in a PDF string (Unicode):
(hyperref)                removing `\@ifnextchar' on input line 27.

[2

]) (./chapters/Cohomology_StructureSheafModuleK.tex [3]
Chapter 3.

Package hyperref Warning: Token not allowed in a PDF string (Unicode):
(hyperref)                removing `math shift' on input line 2.


Package hyperref Warning: Token not allowed in a PDF string (Unicode):
(hyperref)                removing `math shift' on input line 2.


Package hyperref Warning: Token not allowed in a PDF string (Unicode):
(hyperref)                removing `math shift' on input line 9.


Package hyperref Warning: Token not allowed in a PDF string (Unicode):
(hyperref)                removing `math shift' on input line 25.


Package hyperref Warning: Token not allowed in a PDF string (Unicode):
(hyperref)                removing `\mathop' on input line 25.


Package hyperref Warning: Token not allowed in a PDF string (Unicode):
(hyperref)                removing `\mathcode' on input line 25.


Package hyperref Warning: Token not allowed in a PDF string (Unicode):
(hyperref)                removing `\mathcode' on input line 25.


Package hyperref Warning: Token not allowed in a PDF string (Unicode):
(hyperref)                removing `\mathcode' on input line 25.


Package hyperref Warning: Token not allowed in a PDF string (Unicode):
(hyperref)                removing `\mathchardef' on input line 25.


Package hyperref Warning: Token not allowed in a PDF string (Unicode):
(hyperref)                removing `\std@minus' on input line 25.


Package hyperref Warning: Token not allowed in a PDF string (Unicode):
(hyperref)                removing `\mathcode' on input line 25.


Package hyperref Warning: Token not allowed in a PDF string (Unicode):
(hyperref)                removing `\mathcode' on input line 25.


Package hyperref Warning: Token not allowed in a PDF string (Unicode):
(hyperref)                removing `\mathcode' on input line 25.


Package hyperref Warning: Token not allowed in a PDF string (Unicode):
(hyperref)                removing `\mathcode' on input line 25.


Package hyperref Warning: Token not allowed in a PDF string (Unicode):
(hyperref)                removing `\leavevmode@ifvmode' on input line 25.


Package hyperref Warning: Token not allowed in a PDF string (Unicode):
(hyperref)                \kern 2.22198pt
(hyperref)                removed on input line 25.


Package hyperref Warning: Token not allowed in a PDF string (Unicode):
(hyperref)                removing `\mathgroup' on input line 25.


Package hyperref Warning: Token not allowed in a PDF string (Unicode):
(hyperref)                removing `\symoperators' on input line 25.


Package hyperref Warning: Token not allowed in a PDF string (Unicode):
(hyperref)                removing `\@ifnextchar' on input line 25.


Package hyperref Warning: Token not allowed in a PDF string (Unicode):
(hyperref)                removing `math shift' on input line 25.


Package hyperref Warning: Token not allowed in a PDF string (Unicode):
(hyperref)                removing `math shift' on input line 43.


Package hyperref Warning: Token not allowed in a PDF string (Unicode):
(hyperref)                removing `\mathop' on input line 43.


Package hyperref Warning: Token not allowed in a PDF string (Unicode):
(hyperref)                removing `\mathcode' on input line 43.


Package hyperref Warning: Token not allowed in a PDF string (Unicode):
(hyperref)                removing `\mathcode' on input line 43.


Package hyperref Warning: Token not allowed in a PDF string (Unicode):
(hyperref)                removing `\mathcode' on input line 43.


Package hyperref Warning: Token not allowed in a PDF string (Unicode):
(hyperref)                removing `\mathchardef' on input line 43.


Package hyperref Warning: Token not allowed in a PDF string (Unicode):
(hyperref)                removing `\std@minus' on input line 43.


Package hyperref Warning: Token not allowed in a PDF string (Unicode):
(hyperref)                removing `\mathcode' on input line 43.


Package hyperref Warning: Token not allowed in a PDF string (Unicode):
(hyperref)                removing `\mathcode' on input line 43.


Package hyperref Warning: Token not allowed in a PDF string (Unicode):
(hyperref)                removing `\mathcode' on input line 43.


Package hyperref Warning: Token not allowed in a PDF string (Unicode):
(hyperref)                removing `\mathcode' on input line 43.


Package hyperref Warning: Token not allowed in a PDF string (Unicode):
(hyperref)                removing `\leavevmode@ifvmode' on input line 43.


Package hyperref Warning: Token not allowed in a PDF string (Unicode):
(hyperref)                \kern 2.22198pt
(hyperref)                removed on input line 43.


Package hyperref Warning: Token not allowed in a PDF string (Unicode):
(hyperref)                removing `\mathgroup' on input line 43.


Package hyperref Warning: Token not allowed in a PDF string (Unicode):
(hyperref)                removing `\symoperators' on input line 43.


Package hyperref Warning: Token not allowed in a PDF string (Unicode):
(hyperref)                removing `\@ifnextchar' on input line 43.


Package hyperref Warning: Token not allowed in a PDF string (Unicode):
(hyperref)                removing `math shift' on input line 43.

[4

]

Package hyperref Warning: Token not allowed in a PDF string (Unicode):
(hyperref)                removing `math shift' on input line 115.

[5]

Package hyperref Warning: Token not allowed in a PDF string (Unicode):
(hyperref)                removing `math shift' on input line 139.


Package hyperref Warning: Token not allowed in a PDF string (Unicode):
(hyperref)                removing `math shift' on input line 149.


Package hyperref Warning: Token not allowed in a PDF string (Unicode):
(hyperref)                removing `math shift' on input line 179.


Package hyperref Warning: Token not allowed in a PDF string (Unicode):
(hyperref)                removing `math shift' on input line 196.


Package hyperref Warning: Token not allowed in a PDF string (Unicode):
(hyperref)                removing `superscript' on input line 196.

[6]

Package hyperref Warning: Token not allowed in a PDF string (Unicode):
(hyperref)                removing `math shift' on input line 237.


Package hyperref Warning: Token not allowed in a PDF string (Unicode):
(hyperref)                removing `math shift' on input line 254.


Package hyperref Warning: Token not allowed in a PDF string (Unicode):
(hyperref)                removing `superscript' on input line 254.


Package hyperref Warning: Token not allowed in a PDF string (Unicode):
(hyperref)                removing `math shift' on input line 278.


Package hyperref Warning: Token not allowed in a PDF string (Unicode):
(hyperref)                removing `math shift' on input line 278.


Package hyperref Warning: Token not allowed in a PDF string (Unicode):
(hyperref)                removing `superscript' on input line 278.

[7]
Overfull \hbox (20.65343pt too wide) in paragraph at lines 300--302
\OT1/cmr/m/it/10 ject of $\OML/cmm/m/it/10 C$\OT1/cmr/m/it/10 , and $\OML/cmm/m
/it/10 F$ \OT1/cmr/m/it/10 a sheaf of $\OML/cmm/m/it/10 k$\OT1/cmr/m/it/10 -mod
ules. If the $\OML/cmm/m/it/10 k$\OT1/cmr/m/it/10 -linear Hom group $[]\OT1/cmr
/m/n/10 ([]\OML/cmm/m/it/10 X; F\OT1/cmr/m/n/10 )$
 []


Package hyperref Warning: Token not allowed in a PDF string (Unicode):
(hyperref)                removing `math shift' on input line 310.


Package hyperref Warning: Token not allowed in a PDF string (Unicode):
(hyperref)                removing `superscript' on input line 310.


Package hyperref Warning: Token not allowed in a PDF string (Unicode):
(hyperref)                removing `math shift' on input line 353.


Package hyperref Warning: Token not allowed in a PDF string (Unicode):
(hyperref)                removing `superscript' on input line 353.

[8]
Overfull \hbox (13.30855pt too wide) in paragraph at lines 362--363
\OT1/cmr/m/n/10 sheaf of $\OML/cmm/m/it/10 k$\OT1/cmr/m/n/10 -modules on $\OML/
cmm/m/it/10 C$\OT1/cmr/m/n/10 . We say that $\OML/cmm/m/it/10 F$ \OT1/cmr/m/n/1
0 has global $\OML/cmm/m/it/10 H[]$ \OT1/cmr/m/n/10 Hom-finiteness if $[]([]\OM
L/cmm/m/it/10 k; F\OT1/cmr/m/n/10 )$
 []

[9]
Overfull \hbox (16.39159pt too wide) in paragraph at lines 512--514
[][]\OT1/cmr/bx/n/10 Theorem 42 \OT1/cmr/m/n/10 (Con-stan-t-sheaf / glob-al--se
c-tions lin-ear equiv-a-lence)\OT1/cmr/bx/n/10 . [][][][][]\OT1/cmr/m/it/10 Let
 $\OML/cmm/m/it/10 k$ \OT1/cmr/m/it/10 be a field, $\OML/cmm/m/it/10 C$ \OT1/cm
r/m/it/10 a Grothendieck
 []

[10] [11]) (./chapters/Cohomology_MayerVietoris.tex [12]
Chapter 4.

Package hyperref Warning: Token not allowed in a PDF string (Unicode):
(hyperref)                removing `math shift' on input line 2.

[13

] [14] [15]
Overfull \hbox (149.96964pt too wide) detected at line 274
\OML/cmm/m/it/10 H[]\OT1/cmr/m/n/10 (\OML/cmm/m/it/10 X[]; \OMS/cmsy/m/n/10 F\O
T1/cmr/m/n/10 ) [] \OML/cmm/m/it/10 H[]\OT1/cmr/m/n/10 (\OML/cmm/m/it/10 X[]; \
OMS/cmsy/m/n/10 F\OT1/cmr/m/n/10 ) \OMS/cmsy/m/n/10 ^^H \OML/cmm/m/it/10 H[]\OT
1/cmr/m/n/10 (\OML/cmm/m/it/10 X[]; \OMS/cmsy/m/n/10 F\OT1/cmr/m/n/10 ) [] \OML
/cmm/m/it/10 H[]\OT1/cmr/m/n/10 (\OML/cmm/m/it/10 X[]; \OMS/cmsy/m/n/10 F\OT1/c
mr/m/n/10 ) [] \OML/cmm/m/it/10 H[]\OT1/cmr/m/n/10 (\OML/cmm/m/it/10 X[]; \OMS/
cmsy/m/n/10 F\OT1/cmr/m/n/10 ) [] \OML/cmm/m/it/10 H[]\OT1/cmr/m/n/10 (\OML/cmm
/m/it/10 X[]; \OMS/cmsy/m/n/10 F\OT1/cmr/m/n/10 ) \OMS/cmsy/m/n/10 ^^H \OML/cmm
/m/it/10 H[]\OT1/cmr/m/n/10 (\OML/cmm/m/it/10 X[]; \OMS/cmsy/m/n/10 F\OT1/cmr/m
/n/10 )\OML/cmm/m/it/10 :
 []


Package hyperref Warning: Token not allowed in a PDF string (Unicode):
(hyperref)                removing `math shift' on input line 283.


Package hyperref Warning: Token not allowed in a PDF string (Unicode):
(hyperref)                removing `\mathop' on input line 283.


Package hyperref Warning: Token not allowed in a PDF string (Unicode):
(hyperref)                removing `\mathcode' on input line 283.


Package hyperref Warning: Token not allowed in a PDF string (Unicode):
(hyperref)                removing `\mathcode' on input line 283.


Package hyperref Warning: Token not allowed in a PDF string (Unicode):
(hyperref)                removing `\mathcode' on input line 283.


Package hyperref Warning: Token not allowed in a PDF string (Unicode):
(hyperref)                removing `\mathchardef' on input line 283.


Package hyperref Warning: Token not allowed in a PDF string (Unicode):
(hyperref)                removing `\std@minus' on input line 283.


Package hyperref Warning: Token not allowed in a PDF string (Unicode):
(hyperref)                removing `\mathcode' on input line 283.


Package hyperref Warning: Token not allowed in a PDF string (Unicode):
(hyperref)                removing `\mathcode' on input line 283.


Package hyperref Warning: Token not allowed in a PDF string (Unicode):
(hyperref)                removing `\mathcode' on input line 283.


Package hyperref Warning: Token not allowed in a PDF string (Unicode):
(hyperref)                removing `\mathcode' on input line 283.


Package hyperref Warning: Token not allowed in a PDF string (Unicode):
(hyperref)                removing `\leavevmode@ifvmode' on input line 283.


Package hyperref Warning: Token not allowed in a PDF string (Unicode):
(hyperref)                \kern 2.22198pt
(hyperref)                removed on input line 283.


Package hyperref Warning: Token not allowed in a PDF string (Unicode):
(hyperref)                removing `\mathgroup' on input line 283.


Package hyperref Warning: Token not allowed in a PDF string (Unicode):
(hyperref)                removing `\symoperators' on input line 283.


Package hyperref Warning: Token not allowed in a PDF string (Unicode):
(hyperref)                removing `\@ifnextchar' on input line 283.

[16] [17] [18]

Package hyperref Warning: Token not allowed in a PDF string (Unicode):
(hyperref)                removing `math shift' on input line 570.


Package hyperref Warning: Token not allowed in a PDF string (Unicode):
(hyperref)                removing `\mathop' on input line 570.


Package hyperref Warning: Token not allowed in a PDF string (Unicode):
(hyperref)                removing `\mathcode' on input line 570.


Package hyperref Warning: Token not allowed in a PDF string (Unicode):
(hyperref)                removing `\mathcode' on input line 570.


Package hyperref Warning: Token not allowed in a PDF string (Unicode):
(hyperref)                removing `\mathcode' on input line 570.


Package hyperref Warning: Token not allowed in a PDF string (Unicode):
(hyperref)                removing `\mathchardef' on input line 570.


Package hyperref Warning: Token not allowed in a PDF string (Unicode):
(hyperref)                removing `\std@minus' on input line 570.


Package hyperref Warning: Token not allowed in a PDF string (Unicode):
(hyperref)                removing `\mathcode' on input line 570.


Package hyperref Warning: Token not allowed in a PDF string (Unicode):
(hyperref)                removing `\mathcode' on input line 570.


Package hyperref Warning: Token not allowed in a PDF string (Unicode):
(hyperref)                removing `\mathcode' on input line 570.


Package hyperref Warning: Token not allowed in a PDF string (Unicode):
(hyperref)                removing `\mathcode' on input line 570.


Package hyperref Warning: Token not allowed in a PDF string (Unicode):
(hyperref)                removing `\leavevmode@ifvmode' on input line 570.


Package hyperref Warning: Token not allowed in a PDF string (Unicode):
(hyperref)                \kern 2.22198pt
(hyperref)                removed on input line 570.


Package hyperref Warning: Token not allowed in a PDF string (Unicode):
(hyperref)                removing `\mathgroup' on input line 570.


Package hyperref Warning: Token not allowed in a PDF string (Unicode):
(hyperref)                removing `\symoperators' on input line 570.


Package hyperref Warning: Token not allowed in a PDF string (Unicode):
(hyperref)                removing `\@ifnextchar' on input line 570.

[19]

Package hyperref Warning: Token not allowed in a PDF string (Unicode):
(hyperref)                removing `math shift' on input line 673.


Package hyperref Warning: Token not allowed in a PDF string (Unicode):
(hyperref)                removing `subscript' on input line 673.

[20]
Overfull \hbox (27.90573pt too wide) in paragraph at lines 754--755
[]\OT1/cmr/m/it/10 Let $\OML/cmm/m/it/10 S$ \OT1/cmr/m/it/10 be a two-affine co
ver of $\OML/cmm/m/it/10 X$ \OT1/cmr/m/it/10 and $\OMS/cmsy/m/n/10 F$ \OT1/cmr/
m/it/10 a sheaf of $\OML/cmm/m/it/10 k$\OT1/cmr/m/it/10 -modules. If $\OML/cmm/
m/it/10 H[]\OT1/cmr/m/n/10 (\OML/cmm/m/it/10 S:[]:X[]; \OMS/cmsy/m/n/10 F\OT1/c
mr/m/n/10 )$
 []


Overfull \hbox (36.8152pt too wide) in paragraph at lines 769--770
[]\OT1/cmr/m/it/10 Let $\OML/cmm/m/it/10 C$ \OT1/cmr/m/it/10 be a scheme over $
[] \OML/cmm/m/it/10 k$ \OT1/cmr/m/it/10 and $\OML/cmm/m/it/10 S$ \OT1/cmr/m/it/
10 a two-affine cover of $\OML/cmm/m/it/10 C$\OT1/cmr/m/it/10 . If $\OML/cmm/m/
it/10 H[]\OT1/cmr/m/n/10 (\OML/cmm/m/it/10 S:[]:X[]; \OMS/cmsy/m/n/10 O[]\OT1/c
mr/m/n/10 )$
 []

LaTeX Font Info:    Trying to load font information for U+euf on input line 786
.
(/usr/share/texlive/texmf-dist/tex/latex/amsfonts/ueuf.fd
File: ueuf.fd 2013/01/14 v3.01 Euler Fraktur
) [21])
(./chapters/Cohomology_FlatBaseChange.tex [22] [23]
Chapter 5.

Package hyperref Warning: Token not allowed in a PDF string (Unicode):
(hyperref)                removing `math shift' on input line 1.


Package hyperref Warning: Token not allowed in a PDF string (Unicode):
(hyperref)                removing `math shift' on input line 1.

[24

]
LaTeX Font Info:    Font shape `OT1/cmtt/bx/n' in size <12> not available
(Font)              Font shape `OT1/cmtt/m/n' tried instead on input line 126.
 [25] [26] [27] [28] [29] [30]
Overfull \hbox (20.76337pt too wide) in paragraph at lines 656--680
[]\OT1/cmr/m/it/10 (3) Dis-charg-ing $[]\OT1/cmr/m/n/10 (\OML/cmm/m/it/10 a\OT1
/cmr/m/n/10 )$ \OT1/cmr/m/it/10 by trans-port. \OT1/cmr/m/n/10 The tar-get re-s
tric-tion $[][] : ^^@([]\OML/cmm/m/it/10 ; \OMS/cmsy/m/n/10 >\OT1/cmr/m/n/10 ) 
\OMS/cmsy/m/n/10 ! \OT1/cmr/m/n/10 ^^@([]\OML/cmm/m/it/10 ; D\OT1/cmr/m/n/10 (\
OML/cmm/m/it/10 'a\OT1/cmr/m/n/10 ))$
 []


Overfull \hbox (11.63371pt too wide) in paragraph at lines 718--727
[]\OT1/cmr/m/it/10 Quasi-coherence as a corol-lary. \OT1/cmr/m/n/10 The ob-ject
 iso-mor-phism just con-structed ex-hibits $[][] \OML/cmm/m/it/10 '[][][] []
 []

[31] [32] [33] [34]
Overfull \hbox (30.50883pt too wide) in paragraph at lines 1140--1153
\OML/cmm/m/it/10 m \OMS/cmsy/m/n/10 7! \OML/cmm/m/it/10 s \OMS/cmsy/m/n/10 
 \OT1/cmr/m/n/10 (\OML/cmm/m/it/10 a \OMS/cmsy/m/n/10 ^^A \OML/cmm/m/it/10 m\OT
1/cmr/m/n/10 )$ (Lemma [][]127[][]). The square is checked point-wise by a dou-
ble $[]$
 []

[35] [36] [37]) (./chapters/Cohomology_HigherDirectImage.tex [38]
Chapter 6.
[39

] [40]) (./chapters/Cohomology_AcyclicResolution.tex [41]
Chapter 7.
[42

]
Overfull \hbox (11.10161pt too wide) in paragraph at lines 171--176
[]\OT1/cmr/m/it/10 Remark (al-ter-na-tive quan-ti-fier shapes). \OT1/cmr/m/n/10
 Two equiv-a-lent for-mu-la-tions are avail-able: ``$(\OML/cmm/m/it/10 R[]G\OT1
/cmr/m/n/10 )(\OML/cmm/m/it/10 J\OT1/cmr/m/n/10 ) =
 []

[43]
Overfull \hbox (41.56485pt too wide) in paragraph at lines 221--226
\OT1/cmr/m/it/10 formed from the biprod-uct co-pro-jec-tion $\OML/cmm/m/it/10 ^
^S[]$ \OT1/cmr/m/it/10 and pro-jec-tion $\OML/cmm/m/it/10 ^^Y[]$ \OT1/cmr/m/it/
10 car-ries a canon-i-cal \OT1/cmtt/m/it/10 ShortComplex.Splitting\OT1/cmr/m/it
/10 ;
 []

[44] [45]

! LaTeX Error: Unicode character τ (U+03C4)
               not set up for use with LaTeX.

See the LaTeX manual or LaTeX Companion for explanation.
Type  H <return>  for immediate help.
 ...                                              
                                                  
l.392   \texttt{quasiIso\_τ₃}
                                ). Let \(\varphi : S_1 \to S_2\) be a morphi...

You may provide a definition with
\DeclareUnicodeCharacter 


! LaTeX Error: Unicode character ₃ (U+2083)
               not set up for use with LaTeX.

See the LaTeX manual or LaTeX Companion for explanation.
Type  H <return>  for immediate help.
 ...                                              
                                                  
l.392   \texttt{quasiIso\_τ₃}
                                ). Let \(\varphi : S_1 \to S_2\) be a morphi...

You may provide a definition with
\DeclareUnicodeCharacter 

[46]
Overfull \hbox (13.64932pt too wide) in paragraph at lines 542--555
\OML/cmm/m/it/10 H[]\OT1/cmr/m/n/10 (\OML/cmm/m/it/10 G\OT1/cmr/m/n/10 (\OML/cm
m/m/it/10 I[]\OT1/cmr/m/n/10 ))$; trans-port these across the injective-resolut
ion com-pu-ta-tion $\OML/cmm/m/it/10 H[]\OT1/cmr/m/n/10 (\OML/cmm/m/it/10 G\OT1
/cmr/m/n/10 (\OML/cmm/m/it/10 I[]\OT1/cmr/m/n/10 )) [] (\OML/cmm/m/it/10 R[]G\O
T1/cmr/m/n/10 )(\OMS/cmsy/m/n/10 ^^@\OT1/cmr/m/n/10 )$
 []

[47] [48] [49]
Overfull \hbox (76.44934pt too wide) in paragraph at lines 865--880
\OT1/cmr/m/it/10 Project, De-rived Cat-e-gories, Tag 05TA (\OT1/cmtt/m/it/10 pr
oposition-enough-acyclics\OT1/cmr/m/it/10 ) and Tag 015D (\OT1/cmtt/m/it/10 lem
ma-F-acyclic-ses\OT1/cmr/m/it/10 ).
 []

[50]
Overfull \hbox (81.48836pt too wide) in paragraph at lines 922--956
\OT1/cmr/m/it/10 Project, De-rived Cat-e-gories, Tag 015E (Leray's acyclic-ity 
lemma) and Tag 05TA (\OT1/cmtt/m/it/10 proposition-enough-acyclics\OT1/cmr/m/it
/10 ).
 []


Overfull \hbox (12.01111pt too wide) in paragraph at lines 1006--1011
\OT1/cmr/m/n/10 the dimension-shift Lemma [][]166[][] ap-plied to them gives, f
or each $\OML/cmm/m/it/10 k \OMS/cmsy/m/n/10 ^^U \OT1/cmr/m/n/10 1$, iso-mor-ph
isms $(\OML/cmm/m/it/10 R[]G\OT1/cmr/m/n/10 )(\OML/cmm/m/it/10 Z[]\OT1/cmr/m/n/
10 ) []
 []


Overfull \hbox (33.57376pt too wide) in paragraph at lines 1025--1032
\OT1/cmr/m/n/10 Finally Lemma [][]170[][] iden-ti-fies this cok-er-nel with the
 co-ho-mol-ogy of the ap-plied com-plex, $[](\OML/cmm/m/it/10 G\OT1/cmr/m/n/10 
(\OML/cmm/m/it/10 J[]\OT1/cmr/m/n/10 ) \OMS/cmsy/m/n/10 !
 []

[51]) (./chapters/Cohomology_CechHigherDirectImage.tex [52]
Chapter 8.

Package hyperref Warning: Token not allowed in a PDF string (Unicode):
(hyperref)                removing `math shift' on input line 1.


Package hyperref Warning: Token not allowed in a PDF string (Unicode):
(hyperref)                removing `superscript' on input line 1.


Package hyperref Warning: Token not allowed in a PDF string (Unicode):
(hyperref)                removing `subscript' on input line 1.


Package hyperref Warning: Token not allowed in a PDF string (Unicode):
(hyperref)                removing `math shift' on input line 1.

[53

] [54] [55] [56] [57]
Overfull \hbox (147.31767pt too wide) in paragraph at lines 493--510
[][]\OT1/cmr/bx/n/10 Definition 185 \OT1/cmr/m/n/10 (Stan-dard affine cover fro
m a span-ning fam-ily)\OT1/cmr/bx/n/10 . []\OT1/cmr/m/it/10 Pro-vided by Math-l
ib (\OT1/cmtt/m/it/10 Mathlib.AlgebraicGeometry.Cover.Open\OT1/cmr/m/it/10 ).
 []


Overfull \hbox (1.67413pt too wide) in paragraph at lines 493--510
[][][][] \OML/cmm/m/it/10 i \OT1/cmr/m/n/10 = [][][] \OML/cmm/m/it/10 R \OT1/cm
r/m/n/10 ([](\OML/cmm/m/it/10 s[]\OT1/cmr/m/n/10 ))[]$,
 []


Overfull \hbox (86.79724pt too wide) in paragraph at lines 573--591
\OT1/cmr/m/n/10 of the two lo-cal-i-sa-tion units ($[]$, by the unique-ness $[]
$
 []

[58]
Overfull \hbox (53.09172pt too wide) in paragraph at lines 664--669
\OT1/cmr/m/it/10 This fol-lows from positive-degree ex-act-ness of the un-der-l
y-ing group ho-mo-mor-phisms, $[][]\OML/cmm/m/it/10 D[] \OMS/cmsy/m/n/10 !
 []

[59]
Overfull \hbox (0.19478pt too wide) in paragraph at lines 732--742
[][]\OT1/cmr/bx/n/10 Lemma 188. []\OT1/cmr/m/it/10 [Element-level prod-uct equi
v-a-lence for the sec-tion []Cech terms] [][][]Let $\OMS/cmsy/m/n/10 f\OML/cmm/
m/it/10 F[]\OMS/cmsy/m/n/10 g[]$
 []


Overfull \hbox (92.3196pt too wide) in paragraph at lines 746--771
\OT1/cmr/m/it/10 e-ment of $\OML/cmm/m/it/10 F[]$\OT1/cmr/m/it/10 ). It is sup-
plied by the Math-lib concrete-limit com-par-i-son $[]$,
 []


Overfull \hbox (91.54149pt too wide) in paragraph at lines 746--771
\OT1/cmr/m/it/10 which holds be-cause the for-get-ful func-tor $[]  []$ pre-ser
ves the dis-crete prod-uct ($[]\OT1/cmr/m/n/10 ([] \OML/cmm/m/it/10 F\OT1/cmr/m
/n/10 )$\OT1/cmr/m/it/10 ).
 []


Overfull \hbox (11.99487pt too wide) in paragraph at lines 774--788
\OT1/cmr/m/n/10 unit $\OML/cmm/m/it/10 M \OMS/cmsy/m/n/10 ! \OML/cmm/m/it/10 M[
]$ \OT1/cmr/m/n/10 are both lo-cal-i-sa-tions of $\OML/cmm/m/it/10 M$ \OT1/cmr/
m/n/10 at $[](\OML/cmm/m/it/10 s[]\OT1/cmr/m/n/10 )$ ($[]$),
 []


Overfull \hbox (274.02243pt too wide) in paragraph at lines 805--818
\OT1/cmr/m/it/10 ac-tion of the degree-$\OML/cmm/m/it/10 q$ \OT1/cmr/m/it/10 di
f-fer-en-tial $[] \OML/cmm/m/it/10 q$ \OT1/cmr/m/it/10 of the alternating-cofac
e-map com-plex $[]\OT1/cmr/m/n/10 ([]  \OMS/cmsy/m/n/10 U F\OT1/cmr/m/n/10 )$
 []


Overfull \hbox (107.68379pt too wide) detected at line 824
[][][] \OT1/cmr/m/n/10 ([] \OML/cmm/m/it/10 q t\OT1/cmr/m/n/10 )[][]  =  [](\OM
S/cmsy/m/n/10 ^^@\OT1/cmr/m/n/10 1)[]  [](\OML/cmm/m/it/10 ^^[; i\OT1/cmr/m/n/1
0 )[][][][]  \OML/cmm/m/it/10 t[][][]:
 []


! LaTeX Error: Unicode character π (U+03C0)
               not set up for use with LaTeX.

See the LaTeX manual or LaTeX Companion for explanation.
Type  H <return>  for immediate help.
 ...                                              
                                                  
l.848   computation \(\operatorname{Pi.lift\_π}
                                                \), which identifies the pro...

You may provide a definition with
\DeclareUnicodeCharacter 

[60]
Overfull \hbox (28.16298pt too wide) in paragraph at lines 889--901
\OT1/cmr/m/n/10 both lo-calise $\OML/cmm/m/it/10 M$ \OT1/cmr/m/n/10 at the sub-
monoid of pow-ers of $\OML/cmm/m/it/10 s[] \OT1/cmr/m/n/10 = [][] \OML/cmm/m/it
/10 s[]$\OT1/cmr/m/n/10 : the for-mer by $[]$
 []


Overfull \hbox (33.68047pt too wide) in paragraph at lines 906--910
\OT1/cmr/m/n/10 the com-par-i-son of the two $[]$ struc-tures, unique by $[]$
 []


Overfull \hbox (18.39148pt too wide) in paragraph at lines 942--950
\OT1/cmr/m/it/10 mol-ogy of the sec-tion []Cech com-plex $[]\OT1/cmr/m/n/10 (\O
MS/cmsy/m/n/10 U\OML/cmm/m/it/10 ; \OMS/cmsy/m/n/10 F\OT1/cmr/m/n/10 )$ \OT1/cm
r/m/it/10 of Def-i-ni-tion [][]196[][] van-ishes, $[]\OT1/cmr/m/n/10 ([](\OMS/c
msy/m/n/10 U\OML/cmm/m/it/10 ; \OMS/cmsy/m/n/10 F\OT1/cmr/m/n/10 )\OML/cmm/m/it
/10 :[] p\OT1/cmr/m/n/10 )$\OT1/cmr/m/it/10 .
 []

[61]
Overfull \hbox (37.662pt too wide) in paragraph at lines 1036--1063
\OT1/cmr/m/n/10 ule $\OML/cmm/m/it/10 M[]$ \OT1/cmr/m/n/10 fur-ther at $\OML/cm
m/m/it/10 s[]$ \OT1/cmr/m/n/10 gives $\OML/cmm/m/it/10 M[]$\OT1/cmr/m/n/10 . Th
is is the key-stone $[]$
 []

[62]
Overfull \hbox (6.77042pt too wide) in paragraph at lines 1206--1217
\OT1/cmr/m/n/10 and re-duces the van-ish-ing $[]([](\OMS/cmsy/m/n/10 U\OML/cmm/
m/it/10 ; \OMS/cmsy/m/n/10 F\OT1/cmr/m/n/10 )\OML/cmm/m/it/10 :[] p\OT1/cmr/m/n
/10 )$ for $\OML/cmm/m/it/10 p > \OT1/cmr/m/n/10 0$ to positive-degree $[]$
 []

[63]
Overfull \hbox (63.35443pt too wide) in paragraph at lines 1256--1313
[][]\OT1/cmr/bx/n/10 Definition 195. []\OT1/cmr/m/n/10 [Free presheaf com-plex 
of a cover] []\OT1/cmr/m/it/10 Source: Stacks Project, Co-ho-mol-ogy, \OT1/cmtt
/m/it/10 lemma-cech-map-into
 []

[64]
Overfull \hbox (83.52881pt too wide) in paragraph at lines 1532--1564
[][]\OT1/cmr/bx/n/10 Definition 198. []\OT1/cmr/m/n/10 [The cover struc-ture pr
esheaf $\OMS/cmsy/m/n/10 O[]$\OT1/cmr/m/n/10 ] [][]\OT1/cmr/m/it/10 Source: Sta
cks Project, Co-ho-mol-ogy, \OT1/cmtt/m/it/10 lemma-homology-complex\OT1/cmr/m/
it/10 .
 []

[65]
Overfull \hbox (81.5184pt too wide) in paragraph at lines 1588--1611
\OT1/cmr/m/it/10 ated mor-phism | the im-age of $\OML/cmm/m/it/10 '$ \OT1/cmr/m
/it/10 un-der the func-tor $[][] \OML/cmm/m/it/10 R V[]: []$\OT1/cmr/m/it/10 ,
 []

[66]
Overfull \hbox (54.3927pt too wide) in paragraph at lines 1740--1761
\OT1/cmr/m/it/10 positive-degree ex-act-ness $[]$ and the cocycle-splitting for
m $[]$.
 []


Overfull \hbox (6.8502pt too wide) in paragraph at lines 1740--1761
\OT1/cmr/m/it/10 contained com-bi-na-torics on $[]$, $[]$, $[]$, and $[]$;
 []

[67]
Overfull \hbox (19.96701pt too wide) in paragraph at lines 1846--1851
\OT1/cmr/m/it/10 i.e. the chain trans-pose of the index-\OT1/cmr/m/n/10 raise \
OT1/cmr/m/it/10 dif-fer-en-tial $[]$ of Lemma [][]201[][].
 []


Overfull \hbox (21.51381pt too wide) in paragraph at lines 1884--1902
\OT1/cmr/m/n/10 component to the cor-re-spond-ing com-bi-na-to-rial can-cel-la-
tion of $[]$
 []


Overfull \hbox (55.9532pt too wide) detected at line 1958
[]\OT1/cmr/m/n/10 ([] \OML/cmm/m/it/10 V\OT1/cmr/m/n/10 )\OML/cmm/m/it/10 : [][
][][] \OMS/cmsy/m/n/10 U[]  []  \OML/cmm/m/it/10 C[];  C[] \OT1/cmr/m/n/10 = []
 \OMS/cmsy/m/n/10 O[]\OT1/cmr/m/n/10 (\OML/cmm/m/it/10 V\OT1/cmr/m/n/10 )\OML/c
mm/m/it/10 ;
 []


Overfull \hbox (26.55031pt too wide) in paragraph at lines 1958--1968
\OT1/cmr/m/it/10 coefficient []Cech dif-fer-en-tial $[]$ on the in-dex set $\OM
L/cmm/m/it/10 J \OT1/cmr/m/n/10 = \OML/cmm/m/it/10 I[]\OT1/cmr/m/n/10 (\OML/cmm
/m/it/10 V\OT1/cmr/m/n/10 )$ \OT1/cmr/m/it/10 (Lemma [][]201[][]).
 []

[68]
Overfull \hbox (32.84532pt too wide) in paragraph at lines 1976--1989
[]$\OT1/cmr/m/n/10 ; each re-main-ing sum-mand is the zero ob-ject by $[]$.
 []


Overfull \hbox (177.9177pt too wide) detected at line 2016
\OT1/cmr/m/n/10 ([] \OML/cmm/m/it/10 V\OT1/cmr/m/n/10 )(\OML/cmm/m/it/10 K\OT1/
cmr/m/n/10 (\OMS/cmsy/m/n/10 U\OT1/cmr/m/n/10 )[]) [] []([] \OML/cmm/m/it/10 V\
OT1/cmr/m/n/10 )([](\OT1/cmr/bx/n/10 y \OML/cmm/m/it/10 U[]\OT1/cmr/m/n/10 )) [
] [] \OMS/cmsy/m/n/10 O[]\OT1/cmr/m/n/10 (\OML/cmm/m/it/10 V\OT1/cmr/m/n/10 ) [
] \OML/cmm/m/it/10 C[];
 []


Overfull \hbox (60.26566pt too wide) in paragraph at lines 2028--2044
\OT1/cmr/m/n/10 (3) com-mute with ev-ery face. On a sur-viv-ing sum-mand the ev
al-u-ated tran-si-tion $[] \OML/cmm/m/it/10 :[]\OT1/cmr/m/n/10 ([]  [])$
 []

[69] [70]
Overfull \hbox (58.05565pt too wide) in paragraph at lines 2257--2293
[][]\OT1/cmr/bx/n/10 Lemma 208. []\OT1/cmr/m/it/10 [The free com-plex re-solves
 $\OMS/cmsy/m/n/10 O[]$\OT1/cmr/m/it/10 ] [][][][][][][][]Source: Stacks Projec
t, Co-ho-mol-ogy, \OT1/cmtt/m/it/10 lemma-homology-complex\OT1/cmr/m/it/10 .
 []


Overfull \hbox (174.84445pt too wide) in paragraph at lines 2337--2347
\OT1/cmr/m/n/10 to show that for ev-ery open $\OML/cmm/m/it/10 V \OMS/cmsy/m/n/
10 ^^Z \OML/cmm/m/it/10 X$ \OT1/cmr/m/n/10 the eval-u-a-tion $[]([]  \OML/cmm/m
/it/10 V\OT1/cmr/m/n/10 )\OML/cmm/m/it/10 : [][]\OT1/cmr/m/n/10 ([])$
 []


Overfull \hbox (133.85483pt too wide) in paragraph at lines 2363--2368
\OT1/cmr/m/n/10 prepend-$\OML/cmm/m/it/10 i[]$ \OT1/cmr/m/n/10 map | the same c
om-bi-na-to-rial con-tent as $[]$ / $[]$
 []

[71]
Overfull \hbox (233.86096pt too wide) detected at line 2420
[] \OMS/cmsy/m/n/10 U F  []  []\OT1/cmr/m/n/10 ([] \OML/cmm/m/it/10 :[] \OMS/cm
sy/m/n/10 F\OT1/cmr/m/n/10 )\OML/cmm/m/it/10 : []\OT1/cmr/m/n/10 ([] \U/msb/m/n
/10 N\OT1/cmr/m/n/10 )[]\OML/cmm/m/it/10 :[][][]\OT1/cmr/m/n/10 ([] \OMS/cmsy/m
/n/10 U\OT1/cmr/m/n/10 )[]\OML/cmm/m/it/10 ;
 []


Overfull \hbox (271.1666pt too wide) detected at line 2451
[]\OT1/cmr/m/n/10 ([] \OML/cmm/m/it/10 :[] \OMS/cmsy/m/n/10 F\OT1/cmr/m/n/10 )\
OML/cmm/m/it/10 : [][]:[][][]\OT1/cmr/m/n/10 ([] \OMS/cmsy/m/n/10 U\OT1/cmr/m/n
/10 )[]  []  []([] \OMS/cmsy/m/n/10 U\OT1/cmr/m/n/10 ) \OMS/cmsy/m/n/10 F\OML/c
mm/m/it/10 ;
 []


Overfull \hbox (76.63162pt too wide) in paragraph at lines 2451--2457
\OT1/cmr/m/it/10 i.e. $[]$ is $[][]$ fol-lowed by $[]$.
 []

[72]
Overfull \hbox (113.386pt too wide) in paragraph at lines 2498--2521
[][]\OT1/cmr/bx/n/10 Lemma 214 \OT1/cmr/m/n/10 (In-jec-tive mod-ules are []Cech
-acyclic)\OT1/cmr/bx/n/10 . [][][][][][][][][][]\OT1/cmr/m/it/10 Source: Stacks
 Project, Co-ho-mol-ogy, \OT1/cmtt/m/it/10 lemma-injective-trivial-cech\OT1/cmr
/m/it/10 .
 []

[73] [74]
Overfull \hbox (2.54315pt too wide) in paragraph at lines 2774--2779
[][][][]\OT1/cmr/m/n/10 Compose two nat-u-ral ad-di-tive iso-mor-phisms. The sh
eafi-fi-ca-tion ad-junc-tion $[] \OMS/cmsy/m/n/10 a
 []


Overfull \hbox (184.20584pt too wide) in paragraph at lines 2858--2863
[][]\OT1/cmr/bx/n/10 Definition 219 \OT1/cmr/m/n/10 (Ext bi-func-tor in an abel
ian cat-e-gory)\OT1/cmr/bx/n/10 . []\OT1/cmr/m/it/10 Pro-vided by Math-lib (\OT
1/cmtt/m/it/10 Mathlib.Algebra.Homology.DerivedCategory.Ext.Basic\OT1/cmr/m/it/
10 ).
 []


Overfull \hbox (173.50455pt too wide) in paragraph at lines 2871--2875
[][]\OT1/cmr/bx/n/10 Lemma 220 \OT1/cmr/m/n/10 (Un-con-di-tional avail-abil-ity
 of $[]$)\OT1/cmr/bx/n/10 . []\OT1/cmr/m/it/10 Pro-vided by Math-lib (\OT1/cmtt
/m/it/10 Mathlib.Algebra.Homology.DerivedCategory.Ext.Basic\OT1/cmr/m/it/10 ).
 []

[75]
Overfull \hbox (162.89325pt too wide) in paragraph at lines 2884--2893
[][]\OT1/cmr/bx/n/10 Lemma 221 \OT1/cmr/m/n/10 (De-gree-zero Ext is the Hom--gr
oup)\OT1/cmr/bx/n/10 . []\OT1/cmr/m/it/10 Pro-vided by Math-lib (\OT1/cmtt/m/it
/10 Mathlib.Algebra.Homology.DerivedCategory.Ext.Basic\OT1/cmr/m/it/10 ).
 []


Overfull \hbox (260.89285pt too wide) in paragraph at lines 2901--2906
[][]\OT1/cmr/bx/n/10 Lemma 222 \OT1/cmr/m/n/10 (Ext van-ishes on in-jec-tives i
n pos-i-tive de-gree)\OT1/cmr/bx/n/10 . []\OT1/cmr/m/it/10 Pro-vided by Math-li
b (\OT1/cmtt/m/it/10 Mathlib.Algebra.Homology.DerivedCategory.Ext.EnoughInjecti
ves\OT1/cmr/m/it/10 ).
 []


Overfull \hbox (29.16188pt too wide) in paragraph at lines 2949--2957
[][][]\OT1/cmr/m/n/10 Compose the degree-zero Ext com-par-i-son $[][](\OML/cmm/
m/it/10 j[]\OMS/cmsy/m/n/10 O[]\OML/cmm/m/it/10 ; \OMS/cmsy/m/n/10 F\OT1/cmr/m/
n/10 ) [] [][](\OML/cmm/m/it/10 j[]\OMS/cmsy/m/n/10 O[]\OML/cmm/m/it/10 ; \OMS/
cmsy/m/n/10 F\OT1/cmr/m/n/10 )$ (Lemma [][]221[][])
 []

[76] [77]
Overfull \hbox (198.79825pt too wide) in paragraph at lines 3145--3184
\OT1/cmr/m/it/10 Stacks Project, Schemes, \OT1/cmtt/m/it/10 lemma-standard-open
 \OT1/cmr/m/it/10 (2), and Sheaves on Spaces, Tag 009L, \OT1/cmtt/m/it/10 lemma
-cofinal-systems-coverings-standard-case\OT1/cmr/m/it/10 .
 []

[78] [79]
Overfull \hbox (13.76822pt too wide) in paragraph at lines 3388--3395
[][]\OT1/cmr/bx/n/10 Lemma 236 \OT1/cmr/m/n/10 (Lo-cally sur-jec-tive mor-phism
s of presheaves)\OT1/cmr/bx/n/10 . []\OT1/cmr/m/it/10 Pro-vided by Math-lib. Fo
r a Grothendieck
 []

[80]
Overfull \hbox (13.74872pt too wide) in paragraph at lines 3460--3485
\OT1/cmr/m/it/10 degree []Cech co-ho-mol-ogy over a stan-dard cover \OT1/cmr/m/
n/10 of the whole affine\OT1/cmr/m/it/10 : if $\OML/cmm/m/it/10 s \OT1/cmr/m/n/
10 : \OML/cmm/m/it/10 ^^S \OMS/cmsy/m/n/10 ! \OML/cmm/m/it/10 R$ \OT1/cmr/m/it/
10 spans, $[]\OT1/cmr/m/n/10 ([] \OML/cmm/m/it/10 s\OT1/cmr/m/n/10 ) =
 []


Overfull \hbox (16.9819pt too wide) in paragraph at lines 3578--3587
[][][]\OT1/cmr/m/n/10 A global pre-sen-ta-tion of $\OMS/cmsy/m/n/10 F$ \OT1/cmr
/m/n/10 makes the tilde{$^^@$ counit $[]$ an iso-mor-phism (Lemma [][]245[][]):

 []

[81] [82] [83]
Overfull \hbox (3.34666pt too wide) in paragraph at lines 3839--3845
\OT1/cmr/m/it/10 quasi-coherent $\OMS/cmsy/m/n/10 O[]$\OT1/cmr/m/it/10 -module.
 Then there ex-ist a fi-nite fam-ily $\OML/cmm/m/it/10 g[]; [] ; g[] \OMS/cmsy/
m/n/10 2 \OML/cmm/m/it/10 R$ \OT1/cmr/m/it/10 with $[]\OMS/cmsy/m/n/10 f\OML/cm
m/m/it/10 g[]; [] ; g[]\OMS/cmsy/m/n/10 g \OT1/cmr/m/n/10 =
 []

[84]
Overfull \hbox (31.52922pt too wide) in paragraph at lines 3970--3985
\OT1/cmr/m/n/10 in-verse equiv-a-lence $[] \OML/cmm/m/it/10 : []$ \OT1/cmr/m/n/
10 (Def-i-ni-tion [][]263[][]) and across the iso-mor-phism $[] \OML/cmm/m/it/1
0 : [] : []\OT1/cmr/m/n/10 (\OMS/cmsy/m/n/10 F\OML/cmm/m/it/10 : [] D\OT1/cmr/m
/n/10 (\OML/cmm/m/it/10 g\OT1/cmr/m/n/10 )) []
 []

[85] [86] [87]

! LaTeX Error: Unicode character Γ (U+0393)
               not set up for use with LaTeX.

See the LaTeX manual or LaTeX Companion for explanation.
Type  H <return>  for immediate help.
 ...                                              
                                                  
l.4230 ...ec\) adjunction unit, \texttt{ΓSpecIso}
                                                   naturality) gives
You may provide a definition with
\DeclareUnicodeCharacter 

[88] [89] [90] [91] [92] [93]
Overfull \hbox (4.35097pt too wide) in paragraph at lines 4787--4811
[] \OML/cmm/m/it/10 R$ \OT1/cmr/m/it/10 and let $\OMS/cmsy/m/n/10 F$ \OT1/cmr/m
/it/10 be a quasi-coherent $\OMS/cmsy/m/n/10 O[]$\OT1/cmr/m/it/10 -module. Then
 the tilde--$\OT1/cmr/m/n/10 ^^@$ \OT1/cmr/m/it/10 counit $[] \OT1/cmr/m/n/10 :
 [] \OMS/cmsy/m/n/10 !
 []


Overfull \hbox (37.59906pt too wide) in paragraph at lines 4815--4832
\OT1/cmr/m/n/10 is an iso-mor-phism. By Lemma [][]246[][] that com-po-nent is t
he lo-cal-iza-tion lift $[]([] \OML/cmm/m/it/10 f\OT1/cmr/m/n/10 )$
 []

[94]
Overfull \hbox (99.61945pt too wide) in paragraph at lines 4893--4904
[][]\OT1/cmr/bx/n/10 Lemma 290 \OT1/cmr/m/n/10 (Free $\OMS/cmsy/m/n/10 O$\OT1/c
mr/m/n/10 -modules are quasi--co-her-ent)\OT1/cmr/bx/n/10 . []\OT1/cmr/m/it/10 
Source: Stacks Project, Schemes, \OT1/cmtt/m/it/10 lemma-colimit-quasi-coherent
\OT1/cmr/m/it/10 .
 []

[95]
Overfull \hbox (7.62927pt too wide) in paragraph at lines 5006--5012
\OT1/cmr/m/it/10 i.e. $[] \OML/cmm/m/it/10 f \OT1/cmr/m/n/10 = []([] \OML/cmm/m
/it/10 R \OT1/cmr/m/n/10 (\OML/cmm/m/it/10 R[]\OT1/cmr/m/n/10 ))$ \OT1/cmr/m/it
/10 where $\OML/cmm/m/it/10 R[] \OT1/cmr/m/n/10 = [] \OML/cmm/m/it/10 f$\OT1/cm
r/m/it/10 . Hence
 []


Overfull \hbox (66.92032pt too wide) in paragraph at lines 5026--5043
[][]\OT1/cmr/bx/n/10 Lemma 296 \OT1/cmr/m/n/10 (Re-strict-ing $[]$ to $\OML/cmm
/m/it/10 D\OT1/cmr/m/n/10 (\OML/cmm/m/it/10 f\OT1/cmr/m/n/10 )$ gives $[]$)\OT1
/cmr/bx/n/10 . [][]\OT1/cmr/m/it/10 Source: Stacks Project, Schemes, \OT1/cmtt/
m/it/10 lemma-widetilde-pullback\OT1/cmr/m/it/10 ,
 []

[96]
Overfull \hbox (15.81967pt too wide) in paragraph at lines 5165--5173
[]\OT1/cmr/m/n/10 This is a purely commutative-algebra state-ment: the pred-i-c
ate $[]([] \OML/cmm/m/it/10 f\OT1/cmr/m/n/10 ) \OML/cmm/m/it/10 g$
 []

[97]
Overfull \hbox (20.4064pt too wide) in paragraph at lines 5238--5255
[][][][]\OT1/cmr/m/n/10 Choose, by Lemma [][]291[][], a fi-nite basic-open cove
r $[] \OML/cmm/m/it/10 R \OT1/cmr/m/n/10 = [][] \OML/cmm/m/it/10 D\OT1/cmr/m/n/
10 (\OML/cmm/m/it/10 s[]\OT1/cmr/m/n/10 )$ with $[]\OMS/cmsy/m/n/10 f\OML/cmm/m
/it/10 s[]; [] ; s[]\OMS/cmsy/m/n/10 g \OT1/cmr/m/n/10 =
 []


Overfull \hbox (136.36906pt too wide) in paragraph at lines 5320--5328
[][]\OT1/cmr/bx/n/10 Lemma 302 \OT1/cmr/m/n/10 (The tilde func-tor pre-serves k
er-nels)\OT1/cmr/bx/n/10 . []\OT1/cmr/m/it/10 Source: Stacks Project, Schemes, 
\OT1/cmtt/m/it/10 lemma-kernel-cokernel-quasi-coherent
 []

[98] [99]
Overfull \hbox (20.22893pt too wide) in paragraph at lines 5456--5474
\OT1/cmr/m/it/10 iso-mor-phism. This is the affine global-generation in-stance 
($\OT1/cmr/m/n/10 [[][] \OMS/cmsy/m/n/10 F[]\OT1/cmr/m/n/10 ] \OMS/cmsy/m/n/10 
) []\OT1/cmr/m/n/10 ([])$\OT1/cmr/m/it/10 ,
 []


Overfull \hbox (5.36206pt too wide) in paragraph at lines 5493--5508
\OT1/cmr/m/it/10 Project, Co-ho-mol-ogy of Schemes, Tag 01XB (\OT1/cmtt/m/it/10
 lemma-quasi-coherent-affine-cohomology-zero\OT1/cmr/m/it/10 ,
 []

[100]
Overfull \hbox (43.70596pt too wide) in paragraph at lines 5603--5608
\OT1/cmr/m/it/10 a com-mu-ta-tive ring, $\OML/cmm/m/it/10 M$ \OT1/cmr/m/it/10 a
n $\OML/cmm/m/it/10 R$\OT1/cmr/m/it/10 -module, and $\OML/cmm/m/it/10 a; b \OMS
/cmsy/m/n/10 2 \OML/cmm/m/it/10 R$\OT1/cmr/m/it/10 . Write $\OML/cmm/m/it/10 M[
] \OT1/cmr/m/n/10 = []([] \OML/cmm/m/it/10 a\OT1/cmr/m/n/10 ) \OML/cmm/m/it/10 
M$
 []


Overfull \hbox (0.8074pt too wide) in paragraph at lines 5652--5656
[][]\OT1/cmr/bx/n/10 Lemma 313 \OT1/cmr/m/n/10 (Sec-tion []Cech mod-ule ex-act-
ness from a lo-cal-i-sa-tion--away span-ning da-tum)\OT1/cmr/bx/n/10 . [][][]\O
T1/cmr/m/it/10 Project-
 []

[101]
Overfull \hbox (0.28427pt too wide) in paragraph at lines 5729--5737
\OT1/cmr/m/n/10 act-ness of Lemma [][]193[][] over $\OML/cmm/m/it/10 R[]$ \OT1/
cmr/m/n/10 with the mod-ule $\OML/cmm/m/it/10 M[] \OT1/cmr/m/n/10 = []([] \OML/
cmm/m/it/10 f\OT1/cmr/m/n/10 ) \OML/cmm/m/it/10 M$\OT1/cmr/m/n/10 ,
 []

[102] [103] [104] [105]
Overfull \hbox (10.91948pt too wide) in paragraph at lines 6090--6092
[]\OT1/cmr/m/it/10 the short com-plex of sec-tion []Cech com-plexes of $\OML/cm
m/m/it/10 P$ \OT1/cmr/m/it/10 is short ex-act (the con-clu-sion of Lemma [][]32
2[][]); 
 []


Overfull \hbox (82.58835pt too wide) in paragraph at lines 6206--6213
\OT1/cmr/m/it/10 where $\OML/cmm/m/it/10 H[]\OT1/cmr/m/n/10 (\OML/cmm/m/it/10 U
; \OMS/cmsy/m/n/10 ^^@\OT1/cmr/m/n/10 )$ \OT1/cmr/m/it/10 is the Ext re-al-iza-
tion of Def-i-ni-tion [][]218[][]. The for-mal state-ment car-ries $\OT1/cmr/m/
n/10 [ [] \OML/cmm/m/it/10 X:[] \OT1/cmr/m/n/10 ]$
 []

[106]
Overfull \hbox (4.57123pt too wide) in paragraph at lines 6309--6325
\OT1/cmr/m/it/10 This is the basis-comparison ve-hi-cle that up-grades the stan
dard-cover []Cech van-ish-ing of Lemma [][]194[][]
 []

[107]

Package hyperref Warning: Token not allowed in a PDF string (Unicode):
(hyperref)                removing `math shift' on input line 6413.


Package hyperref Warning: Token not allowed in a PDF string (Unicode):
(hyperref)                removing `superscript' on input line 6413.


Package hyperref Warning: Token not allowed in a PDF string (Unicode):
(hyperref)                removing `subscript' on input line 6413.


Package hyperref Warning: Token not allowed in a PDF string (Unicode):
(hyperref)                removing `math shift' on input line 6413.

[108] [109]
Overfull \hbox (54.4349pt too wide) in paragraph at lines 6659--6667
[][][][][][][][][][][][]\OT1/cmr/m/it/10 Source: Stacks Project, Co-ho-mol-ogy 
of Schemes, \OT1/cmtt/m/it/10 lemma-cech-cohomology-quasi-coherent-trivial
 []


Overfull \hbox (4.20813pt too wide) in paragraph at lines 6676--6684
\OT1/cmr/m/n/10 The presheaf ho-mol-ogy eval-u-ated at an open $\OML/cmm/m/it/1
0 V$ \OT1/cmr/m/n/10 is the ho-mol-ogy of the sec-tion com-plex $[](\OMS/cmsy/m
/n/10 U\OML/cmm/m/it/10 ; \OMS/cmsy/m/n/10 F\OT1/cmr/m/n/10 )(\OML/cmm/m/it/10 
V\OT1/cmr/m/n/10 )$
 []

[110]
Overfull \hbox (7.07784pt too wide) in paragraph at lines 6716--6726
\OT1/cmr/m/n/10 square the im-age $[](\OMS/cmsy/m/n/10 H[]\OT1/cmr/m/n/10 )$ be
-comes the abelian sheafi-fi-ca-tion $[]$
 []

[111] [112] [113] [114]
Overfull \hbox (0.78186pt too wide) in paragraph at lines 7132--7137
[]\OT1/cmr/m/n/10 Universe con-straint. \OT1/cmr/m/it/10 This state-ment re-qui
res the in-dex type $\OML/cmm/m/it/10 ^^S \OT1/cmr/m/n/10 : [] 0$\OT1/cmr/m/it/
10 : the binary-distributivity
 []

[115]
Overfull \hbox (35.65134pt too wide) detected at line 7191
[] \OML/cmm/m/it/10 X \OT1/cmr/m/n/10 (\OML/cmm/m/it/10 ^^U k: U[]\OT1/cmr/m/n/
10 ) (\OML/cmm/m/it/10 ^^U k: \OT1/cmr/m/n/10 (\OML/cmm/m/it/10 U[]\OT1/cmr/m/n
/10 )\OML/cmm/m/it/10 :^^S\OT1/cmr/m/n/10 )  []  ([] \OMS/cmsy/m/n/10 U \OML/cm
m/m/it/10 ^^[\OT1/cmr/m/n/10 )\OML/cmm/m/it/10 :[]  \OT1/cmr/m/n/10 =  [][][] \
OML/cmm/m/it/10 U[][]:[];
 []

[116] [117]
Overfull \hbox (180.44954pt too wide) in paragraph at lines 7364--7372
[][]\OT1/cmr/bx/n/10 Lemma 353 \OT1/cmr/m/n/10 (Re-stric-t--stalk com-par-i-son
 along an open im-mer-sion)\OT1/cmr/bx/n/10 . []\OT1/cmr/m/it/10 Pro-vided by M
ath-lib (\OT1/cmtt/m/it/10 Mathlib.AlgebraicGeometry.Modules.Sheaf\OT1/cmr/m/it
/10 ).
 []


Overfull \hbox (163.00504pt too wide) in paragraph at lines 7393--7397
[][]\OT1/cmr/bx/n/10 Lemma 355 \OT1/cmr/m/n/10 (Un-der-ly-ing presheaf of a mod
-ule sheaf is a sheaf)\OT1/cmr/bx/n/10 . []\OT1/cmr/m/it/10 Pro-vided by Math-l
ib (\OT1/cmtt/m/it/10 Mathlib.AlgebraicGeometry.Modules.Sheaf\OT1/cmr/m/it/10 )
.
 []

[118]
Overfull \hbox (64.91672pt too wide) in paragraph at lines 7449--7456
\OT1/cmr/m/it/10 the bi-nary co-prod-uct of their un-der-ly-ing schemes $\OML/c
mm/m/it/10 Y[]:[] \OMS/cmsy/m/n/10 q \OML/cmm/m/it/10 Y[]:[]$ \OT1/cmr/m/it/10 
with struc-ture map $[]  \OML/cmm/m/it/10 Y[]:[] Y[]:[] \OT1/cmr/m/n/10 :
 []


Overfull \hbox (100.81845pt too wide) detected at line 7462
[] \OMS/cmsy/m/n/10 F [][][][]  \OML/cmm/m/it/10 Y[]:[] Y[]:[][][]  []  [] \OMS
/cmsy/m/n/10 F \OML/cmm/m/it/10 Y[]  \OMS/cmsy/m/n/10 ^^B  [] F \OML/cmm/m/it/1
0 Y[] []X:[]:
 []


Overfull \hbox (112.72224pt too wide) detected at line 7482
[][][] \OMS/cmsy/m/n/10 F []\OML/cmm/m/it/10 ;  [] \OMS/cmsy/m/n/10 F [][] \OT1
/cmr/m/n/10 : [] \OMS/cmsy/m/n/10 F \OT1/cmr/m/n/10 ([] \OML/cmm/m/it/10 q\OT1/
cmr/m/n/10 ) [][]\OMS/cmsy/m/n/10 ! [] F \OML/cmm/m/it/10 Y[] \OMS/cmsy/m/n/10 
^^B [] F \OML/cmm/m/it/10 Y[];
 []


Overfull \hbox (347.18799pt too wide) detected at line 7503
\OT1/cmr/m/n/10 ([] \OML/cmm/m/it/10 q\OT1/cmr/m/n/10 )\OML/cmm/m/it/10 :[] M [
] \OT1/cmr/m/n/10 ([] \OML/cmm/m/it/10 q\OT1/cmr/m/n/10 )\OML/cmm/m/it/10 :[]\O
T1/cmr/m/n/10 (\OML/cmm/m/it/10 P \OMS/cmsy/m/n/10 ^^B \OML/cmm/m/it/10 Q\OT1/c
mr/m/n/10 ) [] ([] \OML/cmm/m/it/10 q\OT1/cmr/m/n/10 )\OML/cmm/m/it/10 :[] P \O
MS/cmsy/m/n/10 ^^B \OT1/cmr/m/n/10 ([] \OML/cmm/m/it/10 q\OT1/cmr/m/n/10 )\OML/
cmm/m/it/10 :[] Q [] [] \OMS/cmsy/m/n/10 F \OML/cmm/m/it/10 Y[] \OMS/cmsy/m/n/1
0 ^^B [] F \OML/cmm/m/it/10 Y[]
 []


Overfull \hbox (40.7556pt too wide) in paragraph at lines 7518--7533
[]\OT1/cmr/m/it/10 The leaf | bi-nary disjoint-union de-com-po-si-tion. \OT1/cm
r/m/n/10 The de-com-po-si-tion com-par-i-son $[] \OML/cmm/m/it/10 M$
 []

[119]
Overfull \hbox (16.16187pt too wide) in paragraph at lines 7551--7558
\OT1/cmr/m/it/10 both left ad-joint to $\OML/cmm/m/it/10 G$ \OT1/cmr/m/it/10 (a
d-junc-tions $[][]\OML/cmm/m/it/10 ; [][]$\OT1/cmr/m/it/10 ), the unique-ness i
so-mor-phism $[] [][] [][] \OT1/cmr/m/n/10 :
 []


Overfull \hbox (6.20116pt too wide) in paragraph at lines 7564--7572
[][]\OT1/cmr/bx/n/10 Lemma 359 \OT1/cmr/m/n/10 (Per--leg co-her-ence of the bi-
nary push--pull com-par-i-son)\OT1/cmr/bx/n/10 . [][][][][]\OT1/cmr/m/it/10 In 
the set-ting of Lemma [][]357[][],
 []


Overfull \hbox (49.90068pt too wide) in paragraph at lines 7564--7572
\OT1/cmr/m/it/10 with $\OML/cmm/m/it/10 q \OT1/cmr/m/n/10 = []  \OML/cmm/m/it/1
0 Y[]:[] Y[]:[]$ \OT1/cmr/m/it/10 and $\OML/cmm/m/it/10 M \OT1/cmr/m/n/10 = \OM
L/cmm/m/it/10 q[]\OMS/cmsy/m/n/10 F$\OT1/cmr/m/it/10 , write $\OML/cmm/m/it/10 
u[]$ \OT1/cmr/m/it/10 for the $[]$-component of $[] \OML/cmm/m/it/10 M$
 []


Overfull \hbox (13.86801pt too wide) in paragraph at lines 7564--7572
\OT1/cmr/m/it/10 (the unit of the re-stric-tion ad-junc-tion along $[]$ at $\OM
L/cmm/m/it/10 M$\OT1/cmr/m/it/10 ) and $[][] \OT1/cmr/m/n/10 : ([] \OML/cmm/m/i
t/10 q\OT1/cmr/m/n/10 )\OML/cmm/m/it/10 :[][][][]\OT1/cmr/m/n/10 (\OML/cmm/m/it
/10 M\OMS/cmsy/m/n/10 j[]\OT1/cmr/m/n/10 )[] []
 []

[120]
Overfull \hbox (19.30673pt too wide) in paragraph at lines 7631--7635
\OT1/cmr/m/it/10 a fam-ily for which the rel-e-vant co-prod-ucts ex-ist (the to
-tal co-prod-uct $[] \OML/cmm/m/it/10 Z$\OT1/cmr/m/it/10 , the co-prod-uct $[][
] \OML/cmm/m/it/10 Z\OT1/cmr/m/n/10 ([] \OML/cmm/m/it/10 a\OT1/cmr/m/n/10 )$
 []


Overfull \hbox (4.45612pt too wide) in paragraph at lines 7642--7651
\OT1/cmr/m/n/10 nary in-clu-sion and each $[] \OML/cmm/m/it/10 a$ \OT1/cmr/m/n/
10 com-po-nent to the com-pos-ite of the $\OML/cmm/m/it/10 a$\OT1/cmr/m/n/10 -t
h in-clu-sion into $[][] \OML/cmm/m/it/10 Z\OT1/cmr/m/n/10 ([] \OML/cmm/m/it/10
 a\OT1/cmr/m/n/10 )$
 []


Overfull \hbox (124.98492pt too wide) detected at line 7685
[][][]\OT1/cmr/m/n/10 (\OML/cmm/m/it/10 o \OMS/cmsy/m/n/10 7! \OT1/cmr/m/n/10 (
[] \OML/cmm/m/it/10 o\OT1/cmr/m/n/10 )\OML/cmm/m/it/10 :[]\OT1/cmr/m/n/10 )[]  
[]  [][][] ([]  [])\OML/cmm/m/it/10 :[] \OT1/cmr/m/n/10 ([](\OML/cmm/m/it/10 a 
\OMS/cmsy/m/n/10 7! \OT1/cmr/m/n/10 ([] ([] \OML/cmm/m/it/10 a\OT1/cmr/m/n/10 )
)\OML/cmm/m/it/10 :[]\OT1/cmr/m/n/10 ))[]\OML/cmm/m/it/10 :
 []


Overfull \hbox (54.56631pt too wide) in paragraph at lines 7688--7695
[][]\OT1/cmr/m/n/10 Build the slice iso-mor-phism as $[]$ of the underlying-sch
eme iso-mor-phism $[](\OML/cmm/m/it/10 o \OMS/cmsy/m/n/10 7!
 []

[121]
Overfull \hbox (7.46542pt too wide) in paragraph at lines 7744--7752
[]\OT1/cmr/m/n/10 The push--pull ob-ject is $[] \OMS/cmsy/m/n/10 F \OT1/cmr/m/n
/10 ([] \OML/cmm/m/it/10 q\OT1/cmr/m/n/10 ) = ([] \OML/cmm/m/it/10 q\OT1/cmr/m/
n/10 )\OML/cmm/m/it/10 :[][]\OT1/cmr/m/n/10 ([] \OML/cmm/m/it/10 q\OT1/cmr/m/n/
10 )\OML/cmm/m/it/10 :[] \OMS/cmsy/m/n/10 F[]$\OT1/cmr/m/n/10 .
 []


Overfull \hbox (75.86172pt too wide) in paragraph at lines 7753--7758
[]\OT1/cmr/m/n/10 The sin-gle re-main-ing for-mal obli-ga-tion is that the pull
ed-back mod-ule is zero, namely $[][]([] \OML/cmm/m/it/10 q\OT1/cmr/m/n/10 )\OM
L/cmm/m/it/10 :[] \OMS/cmsy/m/n/10 F[]$
 []


Overfull \hbox (82.45686pt too wide) detected at line 7790
[] \OMS/cmsy/m/n/10 F [] \OT1/cmr/m/n/10 : [] \OMS/cmsy/m/n/10 F [][]\OT1/cmr/m
/n/10 ([](\OML/cmm/m/it/10 i \OMS/cmsy/m/n/10 7! \OT1/cmr/m/n/10 ([] \OML/cmm/m
/it/10 i\OT1/cmr/m/n/10 )\OML/cmm/m/it/10 :[]\OT1/cmr/m/n/10 ))[] [][]\OMS/cmsy
/m/n/10 ! [] [] F \OT1/cmr/m/n/10 ([] \OML/cmm/m/it/10 i\OT1/cmr/m/n/10 )
 []


Overfull \hbox (9.97992pt too wide) in paragraph at lines 7803--7810
\OT1/cmr/m/it/10 phism, then so is $[] \OMS/cmsy/m/n/10 F []$\OT1/cmr/m/it/10 .
 In other words, the pred-i-cate ``$[] \OMS/cmsy/m/n/10 F \OT1/cmr/m/n/10 ( \OM
S/cmsy/m/n/10 ^^A \OT1/cmr/m/n/10 )$
 []


Overfull \hbox (80.34445pt too wide) in paragraph at lines 7819--7822
[]\OT1/cmr/m/it/10 Transporting the source. \OT1/cmr/m/n/10 Rein-dex-ing the co
-prod-uct along $\OML/cmm/m/it/10 e$ \OT1/cmr/m/n/10 (the whiskered rein-dex-in
g $[] \OML/cmm/m/it/10 e \OT1/cmr/m/n/10 (\OML/cmm/m/it/10 i \OMS/cmsy/m/n/10 7
!
 []


Overfull \hbox (53.35736pt too wide) in paragraph at lines 7833--7838
[]\OT1/cmr/m/it/10 Transporting the tar-get. \OT1/cmr/m/n/10 Rein-dex-ing the p
rod-uct along $\OML/cmm/m/it/10 e$ \OT1/cmr/m/n/10 (the whiskered rein-dex-ing 
$[] \OML/cmm/m/it/10 e \OT1/cmr/m/n/10 (\OML/cmm/m/it/10 a \OMS/cmsy/m/n/10 7!
 []


Overfull \hbox (78.70297pt too wide) in paragraph at lines 7833--7838
[]\OT1/cmr/m/n/10 )$, equiv-a-lently the prod-uct rein-dex-ing iso-mor-phism $[
]$ along $\OML/cmm/m/it/10 e$\OT1/cmr/m/n/10 ) iden-ti-fies $[][] [] \OMS/cmsy/
m/n/10 F \OT1/cmr/m/n/10 ([] \OML/cmm/m/it/10 o\OT1/cmr/m/n/10 )$
 []

[122]
Overfull \hbox (1.395pt too wide) in paragraph at lines 7839--7853
[]\OT1/cmr/m/it/10 Matching the canon-i-cal form. \OT1/cmr/m/n/10 It re-mains t
o check that con-ju-gat-ing $[] \OMS/cmsy/m/n/10 F \OT1/cmr/m/n/10 ([] \OMS/cms
y/m/n/10 ^^N
 []


Overfull \hbox (11.98315pt too wide) in paragraph at lines 7839--7853
\OT1/cmr/m/n/10 tion by pro-jec-tion: by the defin-ing pro-jec-tion law of the 
com-par-i-son map ($[] \OMS/cmsy/m/n/10 F [] ^^N
 []


Overfull \hbox (20.97147pt too wide) in paragraph at lines 7861--7866
\OT1/cmr/m/it/10 phism. Then for ev-ery fam-ily $[] \OT1/cmr/m/n/10 : [] \OML/c
mm/m/it/10  \OMS/cmsy/m/n/10 ! [] \OML/cmm/m/it/10 X$ \OT1/cmr/m/it/10 the com
-par-i-son map $[] \OMS/cmsy/m/n/10 F []$
 []


Overfull \hbox (48.91768pt too wide) detected at line 7904
[] \OMS/cmsy/m/n/10 F [][][][]\OT1/cmr/m/n/10 (\OML/cmm/m/it/10 i \OMS/cmsy/m/n
/10 7! \OT1/cmr/m/n/10 ([] \OML/cmm/m/it/10 i\OT1/cmr/m/n/10 )\OML/cmm/m/it/10 
:[]\OT1/cmr/m/n/10 )[][]  []  [] [] \OMS/cmsy/m/n/10 F \OT1/cmr/m/n/10 ([] \OML
/cmm/m/it/10 i\OT1/cmr/m/n/10 ) []\OML/cmm/m/it/10 X:[]:
 []


Overfull \hbox (19.98674pt too wide) in paragraph at lines 7927--7936
\OT1/cmr/m/n/10 the $[]$-coproduct splits as the bi-nary co-prod-uct of the $[]
$ leg and the $\OML/cmm/m/it/10 $\OT1/cmr/m/n/10 -coproduct (Lemma [][]363[][]
),
 []

[123] [124] [125]
Overfull \hbox (89.09222pt too wide) in paragraph at lines 8142--8156
[][][]\OT1/cmr/m/n/10 Lemma [][]373[][] sup-plies the eval-u-ated push--pull pr
od-uct iso $^^@(\OML/cmm/m/it/10 V; [] \OMS/cmsy/m/n/10 F \OML/cmm/m/it/10 Y[]\
OT1/cmr/m/n/10 ) [] [][] ^^@([] \OMS/cmsy/m/n/10 U \OML/cmm/m/it/10 ^^[ \OMS/cm
sy/m/n/10 \
 []


Overfull \hbox (3.12273pt too wide) detected at line 8225
\OML/cmm/m/it/10 G[][]\OT1/cmr/m/n/10 	([] \OMS/cmsy/m/n/10 U \OML/cmm/m/it/10 
^^[[] k\OT1/cmr/m/n/10 )[] \OMS/cmsy/m/n/10 ^^A []\OT1/cmr/m/n/10 (\OML/cmm/m/i
t/10 ^^[[]\OT1/cmr/m/n/10 )\OML/cmm/m/it/10 :[]  \OT1/cmr/m/n/10 =  [](\OML/cmm
/m/it/10 ^^[[] \OMS/cmsy/m/n/10 ^^N \OML/cmm/m/it/10 d[]\OT1/cmr/m/n/10 )\OML/c
mm/m/it/10 :[] \OMS/cmsy/m/n/10 ^^A F[][] \OT1/cmr/m/n/10 (\OML/cmm/m/it/10 U[]
 \OMS/cmsy/m/n/10 \ \OML/cmm/m/it/10 V \OMS/cmsy/m/n/10 ^^R \OML/cmm/m/it/10 U[
] \OMS/cmsy/m/n/10 \ \OML/cmm/m/it/10 V\OT1/cmr/m/n/10 )[]\OML/cmm/m/it/10 :
 []

[126]

! LaTeX Error: Unicode character δ (U+03B4)
               not set up for use with LaTeX.

See the LaTeX manual or LaTeX Companion for explanation.
Type  H <return>  for immediate help.
 ...                                              
                                                  
l.8333 ...g \(\operatorname{nerveδ\_backboneProj}
                                                  \) (the nerve coface
You may provide a definition with
\DeclareUnicodeCharacter 

[127]
Overfull \hbox (4.07323pt too wide) in paragraph at lines 8349--8356
[][]\OT1/cmr/bx/n/10 Lemma 383 \OT1/cmr/m/n/10 (Co-or-di-nate for-mula for the 
de-gree-wise ob-ject iso)\OT1/cmr/bx/n/10 . [][][][][][]\OT1/cmr/m/it/10 With t
he no-ta-tion of Lemma [][]378[][],
 []


Overfull \hbox (49.16518pt too wide) detected at line 8363
\OT1/cmr/m/n/10 ([] \OML/cmm/m/it/10 p\OT1/cmr/m/n/10 )\OML/cmm/m/it/10 :[] \OM
S/cmsy/m/n/10 ^^A \OML/cmm/m/it/10 ^^Y[]  \OT1/cmr/m/n/10 =  \OML/cmm/m/it/10 G
[][][] \OMS/cmsy/m/n/10 F \OT1/cmr/m/n/10 ([] \OMS/cmsy/m/n/10 U \OML/cmm/m/it/
10 p ^^\\OT1/cmr/m/n/10 )[] \OMS/cmsy/m/n/10 ^^A []\OT1/cmr/m/n/10 (\OML/cmm/m/
it/10 ^^\\OT1/cmr/m/n/10 )\OML/cmm/m/it/10 :[] \OMS/cmsy/m/n/10 ^^A [][]\OT1/cm
r/m/n/10 ^^@(\OMS/cmsy/m/n/10 ^^A\OML/cmm/m/it/10 ; \OMS/cmsy/m/n/10 F\OT1/cmr/
m/n/10 )[]\OML/cmm/m/it/10 :
 []


Overfull \hbox (90.93729pt too wide) in paragraph at lines 8367--8379
\OT1/cmr/m/n/10 three sur-viv-ing lay-ers term by term: the product-decompositi
on leg sup-plies $\OML/cmm/m/it/10 G[]\OT1/cmr/m/n/10 ([] \OMS/cmsy/m/n/10 F \O
T1/cmr/m/n/10 ([] \OMS/cmsy/m/n/10 U \OML/cmm/m/it/10 p ^^\\OT1/cmr/m/n/10 ))$,

 []


Overfull \hbox (0.82323pt too wide) in paragraph at lines 8387--8396
[][]\OT1/cmr/bx/n/10 Lemma 384 \OT1/cmr/m/n/10 (Per--leg nat-u-ral-ity of the c
ore com-par-i-son co-face)\OT1/cmr/bx/n/10 . [][][][][][][]\OT1/cmr/m/it/10 Wit
h the no-ta-tion of Lemma [][]378[][],
 []


Overfull \hbox (9.8924pt too wide) in paragraph at lines 8387--8396
\OT1/cmr/m/it/10 and degree-$\OT1/cmr/m/n/10 (\OML/cmm/m/it/10 p \OT1/cmr/m/n/1
0 + 1)$ \OT1/cmr/m/it/10 terms of both com-plexes through the prod-uct equiv-a-
lence $[]$
 []


Overfull \hbox (6.56053pt too wide) in paragraph at lines 8387--8396
\OML/cmm/m/it/10 G[][]\OT1/cmr/m/n/10 	(\OML/cmm/m/it/10 ^^N[]\OT1/cmr/m/n/10 )
[] \OMS/cmsy/m/n/10 ^^A \OT1/cmr/m/n/10 ([] (\OML/cmm/m/it/10 p \OT1/cmr/m/n/10
 + 1))\OML/cmm/m/it/10 :[]$\OT1/cmr/m/it/10 , equals the presheaf face re-stric
-tion $[]\OT1/cmr/m/n/10 (\OML/cmm/m/it/10 ^^[[]; k\OT1/cmr/m/n/10 )$
 []

[128] [129] [130]
Overfull \hbox (20.43318pt too wide) in paragraph at lines 8663--8676
\OT1/cmr/m/n/10 com-mutes both func-tors past $[]$, so $\OML/cmm/m/it/10 D[] []
 []\OT1/cmr/m/n/10 (\OML/cmm/m/it/10 G[] \OMS/cmsy/m/n/10 ^^N \OT1/cmr/m/n/10 	
)[][]\OML/cmm/m/it/10 : [] []\OT1/cmr/m/n/10 (\OML/cmm/m/it/10 G[] \OMS/cmsy/m/
n/10 ^^N \OT1/cmr/m/n/10 	)([])[]$
 []


Overfull \hbox (12.96382pt too wide) in paragraph at lines 8686--8694
\OT1/cmr/m/n/10 ject isos and a differential-match square. The degree-$\OML/cmm
/m/it/10 p$ \OT1/cmr/m/n/10 ob-ject iso $[] \OML/cmm/m/it/10 p \OT1/cmr/m/n/10 
: ^^@(\OML/cmm/m/it/10 V; [] \OMS/cmsy/m/n/10 F \OML/cmm/m/it/10 Y[]\OT1/cmr/m/
n/10 ) []
 []


Overfull \hbox (1.13599pt too wide) in paragraph at lines 8695--8706
\OT1/cmr/m/n/10 sec-tion com-plex is, read through the prod-uct equiv-a-lence $
[]$ (Lemma [][]188[][]),
 []

[131]
Overfull \hbox (8.18167pt too wide) in paragraph at lines 8806--8813
[][]\OT1/cmr/bx/n/10 Lemma 394 \OT1/cmr/m/n/10 (Lo-cal van-ish-ing of the eval-
u-ated aug-mented []Cech ho-mol-ogy)\OT1/cmr/bx/n/10 . [][][][]\OT1/cmr/m/it/10
 Let $\OML/cmm/m/it/10 V \OMS/cmsy/m/n/10 ^^T [] U \OML/cmm/m/it/10 i$
 []

[132] [133] [134]
Overfull \hbox (13.72633pt too wide) in paragraph at lines 9134--9145
[][][]\OT1/cmr/m/n/10 Choose an in-jec-tive res-o-lu-tion $\OML/cmm/m/it/10 H \
OMS/cmsy/m/n/10 ! I[]$\OT1/cmr/m/n/10 . By the right-derived-object com-par-i-s
on (Lemma [][]151[][])
 []

[135] [136] [137]
Overfull \hbox (33.92307pt too wide) in paragraph at lines 9417--9424
[]\OT1/cmr/m/it/10 Transport: $\OML/cmm/m/it/10 H[]\OT1/cmr/m/n/10 (\OML/cmm/m/
it/10 f[]\OT1/cmr/m/n/10 (\OML/cmm/m/it/10 K\OT1/cmr/m/n/10 )) [] \OML/cmm/m/it
/10 R[]g[]\OMS/cmsy/m/n/10 H$\OT1/cmr/m/it/10 . \OT1/cmr/m/n/10 The pushforward
-composition iso-mor-phism $[] \OML/cmm/m/it/10 j f \OT1/cmr/m/n/10 :
 []


Overfull \hbox (0.3776pt too wide) in paragraph at lines 9436--9444
\OT1/cmr/m/it/10 phism and $\OML/cmm/m/it/10 W \OMS/cmsy/m/n/10 ^^R \OML/cmm/m/
it/10 X$ \OT1/cmr/m/it/10 an open. The \OT1/cmr/m/n/10 pushforward-sections fun
c-tor $[] \OML/cmm/m/it/10 j W \OT1/cmr/m/n/10 :
 []


Overfull \hbox (4.98775pt too wide) in paragraph at lines 9460--9464
[][]\OT1/cmr/bx/n/10 Lemma 416 \OT1/cmr/m/n/10 (The presheaf-of--mod-ules func-
tor is ad-di-tive)\OT1/cmr/bx/n/10 . []\OT1/cmr/m/it/10 The func-tor $[] \OML/c
mm/m/it/10 X \OT1/cmr/m/n/10 :
 []


Overfull \hbox (0.1676pt too wide) in paragraph at lines 9460--9464
\OML/cmm/m/it/10 X:[] \OMS/cmsy/m/n/10 ! []\OT1/cmr/m/n/10 (\OMS/cmsy/m/n/10 O[
]\OT1/cmr/m/n/10 )$\OT1/cmr/m/it/10 , send-ing a sheaf of $\OMS/cmsy/m/n/10 O[]
$\OT1/cmr/m/it/10 -modules to its un-der-ly-ing presheaf
 []


Overfull \hbox (54.1789pt too wide) in paragraph at lines 9468--9472
[]\OT1/cmr/m/n/10 The func-tor is the com-pos-ite of the for-get-ful func-tor $
[](\OMS/cmsy/m/n/10 O[]\OT1/cmr/m/n/10 ) \OMS/cmsy/m/n/10 ! []\OT1/cmr/m/n/10 (
\OMS/cmsy/m/n/10 O[]\OT1/cmr/m/n/10 )$
 []

[138]
Overfull \hbox (2.03728pt too wide) in paragraph at lines 9570--9580
\OML/cmm/m/it/10 g$\OT1/cmr/m/it/10 . When $\OML/cmm/m/it/10 ' \OT1/cmr/m/n/10 
: \OML/cmm/m/it/10 X [] Y$ \OT1/cmr/m/it/10 is an iso-mor-phism, these as-sem-b
le $[] \OML/cmm/m/it/10 ':[]$ \OT1/cmr/m/it/10 and $[] \OML/cmm/m/it/10 ':[]$
 []

[139]
Overfull \hbox (16.3518pt too wide) in paragraph at lines 9615--9641
\OT1/cmr/m/it/10 Stacks Project, Sheaves on Spaces, Tag 009L, \OT1/cmtt/m/it/10
 lemma-cofinal-systems-coverings-standard-case\OT1/cmr/m/it/10 .
 []

[140]
Overfull \hbox (60.04619pt too wide) in paragraph at lines 9731--9741
[][]\OT1/cmr/m/n/10 Tensoring with $\OML/cmm/m/it/10 S$ \OT1/cmr/m/n/10 ex-hibi
ts $\OML/cmm/m/it/10 M \OMS/cmsy/m/n/10 
[] \OML/cmm/m/it/10 S$ \OT1/cmr/m/n/10 as the base change of $\OML/cmm/m/it/10 
M$ \OT1/cmr/m/n/10 along $\OML/cmm/m/it/10 R \OMS/cmsy/m/n/10 ! \OML/cmm/m/it/1
0 S$ \OT1/cmr/m/n/10 ($[]$);
 []


Overfull \hbox (74.34163pt too wide) in paragraph at lines 9759--9772
\OT1/cmr/m/n/10 are the ver-ti-cal maps of a lad-der, and ex-act-ness trans-fer
s across it by $[]$,
 []

[141]
Overfull \hbox (8.0767pt too wide) in paragraph at lines 9804--9840
[][]\OT1/cmr/bx/n/10 Lemma 430. []\OT1/cmr/m/it/10 [The general-affine-open cha
nge-of-ring []Cech-vanishing seed] [][][][][][][]Source: Stacks Project,
 []


Overfull \hbox (150.67758pt too wide) in paragraph at lines 9804--9840
\OT1/cmr/m/it/10 Schemes, Tag 01HV, \OT1/cmtt/m/it/10 lemma-spec-sheaves \OT1/c
mr/m/it/10 (4), and Co-ho-mol-ogy of Schemes, \OT1/cmtt/m/it/10 lemma-cech-coho
mology-quasi-coherent-trivial\OT1/cmr/m/it/10 .
 []


Overfull \hbox (5.35945pt too wide) in paragraph at lines 9914--9924
[][]\OT1/cmr/bx/n/10 Lemma 432 \OT1/cmr/m/n/10 (Gen-er-al-affine Serre van-ish-
ing from the en-larged []Cech seed)\OT1/cmr/bx/n/10 . [][][]\OT1/cmr/m/it/10 Pr
oject-local: enlarged-
 []

[142]
Overfull \hbox (61.36136pt too wide) in paragraph at lines 9950--9957
[][][]\OT1/cmr/m/n/10 Lemma [][]431[][] sup-plies the enlarged-system seed $[](
[] \OML/cmm/m/it/10 R\OT1/cmr/m/n/10 ) \OMS/cmsy/m/n/10 F$
 []


Overfull \hbox (0.48245pt too wide) in paragraph at lines 9971--9976
\OT1/cmr/m/it/10 This is the general-affine-open com-pan-ion of the distinguish
ed-open Serre van-ish-ing (Lemma [][]228[][]):
 []


Overfull \hbox (9.64532pt too wide) in paragraph at lines 9989--9993
[]$[]$\OT1/cmr/m/n/10 : the faces of a stan-dard cover are the dis-tin-guished 
opens $[][] \OML/cmm/m/it/10 D\OT1/cmr/m/n/10 (\OML/cmm/m/it/10 g[]\OT1/cmr/m/n
/10 ) = \OML/cmm/m/it/10 D[][][] g[][]$\OT1/cmr/m/n/10 ,
 []

[143]
Overfull \hbox (34.95097pt too wide) in paragraph at lines 10036--10044
[][][]\OT1/cmr/m/n/10 Both sides corep-re-sent the func-tor $[](\OML/cmm/m/it/1
0 ':[][]V\OT1/cmr/m/n/10 )  \OMS/cmsy/m/n/10 ^^N  []$\OT1/cmr/m/n/10 : the ob-j
ect $^^H\OML/cmm/m/it/10 :[]\OT1/cmr/m/n/10 (\OML/cmm/m/it/10 j[]\OMS/cmsy/m/n/
10 O[]\OT1/cmr/m/n/10 )$
 []


Overfull \hbox (19.02483pt too wide) in paragraph at lines 10051--10054
[]\OT1/cmr/m/n/10 The ad-junc-tion un-der-ly-ing the equiv-a-lence $^^H$ presen
ts the func-tor corep-re-sented by $^^H\OML/cmm/m/it/10 :[]\OT1/cmr/m/n/10 (\OM
L/cmm/m/it/10 A\OT1/cmr/m/n/10 )$
 []


Overfull \hbox (17.41359pt too wide) in paragraph at lines 10054--10059
\OT1/cmr/m/n/10 types, iden-ti-fies the func-tor corep-re-sented by $\OML/cmm/m
/it/10 A$ \OT1/cmr/m/n/10 with the sec-tions func-tor: it is $[] \OML/cmm/m/it/
10 V$
 []


Overfull \hbox (10.20992pt too wide) in paragraph at lines 10059--10064
[] \OML/cmm/m/it/10 V \OT1/cmr/m/n/10 = [](\OML/cmm/m/it/10 ':[][]V\OT1/cmr/m/n
/10 )$, an equal-ity of func-tors. Read-ing Lemma [][]418[][]
 []


Overfull \hbox (5.98532pt too wide) in paragraph at lines 10059--10064
\OT1/cmr/m/n/10 at the open $\OML/cmm/m/it/10 ':[][]V$ \OT1/cmr/m/n/10 then ex-
hibits this same func-tor as the one corep-re-sented by $\OML/cmm/m/it/10 j[]\O
MS/cmsy/m/n/10 O[]$\OT1/cmr/m/n/10 . 
 []

[144]
Overfull \hbox (17.42142pt too wide) in paragraph at lines 10180--10186
\OT1/cmr/m/it/10 Tak-ing $\OML/cmm/m/it/10 A \OT1/cmr/m/n/10 = []$\OT1/cmr/m/it
/10 , this is the re-ceiv-ing ob-ject $\OT1/cmr/m/n/10 (\OML/cmm/m/it/10 F: [] 
[] J K\OT1/cmr/m/n/10 )\OML/cmm/m/it/10 :[] R$
 []

[145]
Overfull \hbox (23.16899pt too wide) in paragraph at lines 10217--10226
\OT1/cmr/m/it/10 stricted to $\OML/cmm/m/it/10 U[]$\OT1/cmr/m/it/10 ; since $\O
ML/cmm/m/it/10 '$ \OT1/cmr/m/it/10 is an iso-mor-phism, $\OML/cmm/m/it/10 F$ \O
T1/cmr/m/it/10 is an equiv-a-lence, so it is con-tin-u-ous ($\OML/cmm/m/it/10 F
: [] J K$\OT1/cmr/m/it/10 )
 []


Overfull \hbox (97.46199pt too wide) in paragraph at lines 10269--10280
\OML/cmm/m/it/10 G$\OT1/cmr/m/it/10 ; let $\OML/cmm/m/it/10 S \OT1/cmr/m/n/10 :
 [] \OML/cmm/m/it/10 J  []$\OT1/cmr/m/it/10 , $\OML/cmm/m/it/10 R \OT1/cmr/m/n/
10 : [] \OML/cmm/m/it/10 K  []$\OT1/cmr/m/it/10 , and let $\OML/cmm/m/it/10 ' \
OT1/cmr/m/n/10 : \OML/cmm/m/it/10 S \OMS/cmsy/m/n/10 ! \OT1/cmr/m/n/10 (\OML/cm
m/m/it/10 F: [] [] J K\OT1/cmr/m/n/10 )\OML/cmm/m/it/10 :[] R$
 []


Overfull \hbox (14.33443pt too wide) in paragraph at lines 10269--10280
\OT1/cmr/m/it/10 unit tri-an-gle). Then the in-duced mod-ule push-for-wards are
 ad-joint: $[] \OML/cmm/m/it/10 ' \OMS/cmsy/m/n/10 a
 []


Overfull \hbox (13.22159pt too wide) in paragraph at lines 10286--10296
[] \OML/cmm/m/it/10 X F \OT1/cmr/m/n/10 : [] \OML/cmm/m/it/10 X \OMS/cmsy/m/n/1
0 ' []\OT1/cmr/m/n/10 (\OML/cmm/m/it/10 F:[]:[] X\OT1/cmr/m/n/10 )$\OT1/cmr/m/i
t/10 . Its for-ward func-tor is $[] \OML/cmm/m/it/10 F:[]$\OT1/cmr/m/it/10 ;
 []


Overfull \hbox (24.94331pt too wide) in paragraph at lines 10286--10296
\OT1/cmr/m/it/10 cru-cially its \OT1/cmr/m/n/10 in-verse \OT1/cmr/m/it/10 is no
t the bare $[] \OML/cmm/m/it/10 F:[]$ \OT1/cmr/m/it/10 but the cor-rected com-p
os-ite $[] \OML/cmm/m/it/10 F:[] \OMS/cmsy/m/n/10 ^^N
 []


Overfull \hbox (41.04669pt too wide) in paragraph at lines 10286--10296
[][]\OML/cmm/m/it/10 F:[]:[]:[] X[]$\OT1/cmr/m/it/10 . The $[]$ fac-tor re-pair
s the fact that $\OML/cmm/m/it/10 F:[]:[]\OT1/cmr/m/n/10 (\OML/cmm/m/it/10 F:[]
:[] X\OT1/cmr/m/n/10 )$
 []

[146]
Overfull \hbox (84.38509pt too wide) detected at line 10361
[] \OML/cmm/m/it/10 f  \OMS/cmsy/m/n/10 a  [] \OML/cmm/m/it/10 f \OT1/cmr/m/n/1
0 ([] \OML/cmm/m/it/10 f \OT1/cmr/m/n/10 : \OML/cmm/m/it/10 Y:[] \OMS/cmsy/m/n/
10 ! \OML/cmm/m/it/10 X:[];  [] f \OT1/cmr/m/n/10 : \OML/cmm/m/it/10 X:[] \OMS/
cmsy/m/n/10 ! \OML/cmm/m/it/10 Y:[]\OT1/cmr/m/n/10 )\OML/cmm/m/it/10 :
 []


Overfull \hbox (39.87851pt too wide) in paragraph at lines 10396--10400
\OT1/cmr/m/it/10 for-ward func-tor is def-i-ni-tion-ally $[] \OML/cmm/m/it/10 '
:[]:[]$ \OT1/cmr/m/it/10 and whose in-verse is $[] \OML/cmm/m/it/10 ':[]:[]$\OT
1/cmr/m/it/10 ; 
 []


Overfull \hbox (22.08905pt too wide) in paragraph at lines 10400--10403
[]\OT1/cmr/m/it/10 the slice equiv-a-lence $[] \OML/cmm/m/it/10 ' U[] \OT1/cmr/
m/n/10 = [] \OML/cmm/m/it/10 U[] \OT1/cmr/m/n/10 ([] \OML/cmm/m/it/10 '\OT1/cmr
/m/n/10 ) : [] \OML/cmm/m/it/10 U[] \OMS/cmsy/m/n/10 '
 []


Overfull \hbox (33.99669pt too wide) in paragraph at lines 10408--10424
[][][][][][]\OT1/cmr/m/n/10 The opens-equivalence is $[] \OML/cmm/m/it/10 ' \OT
1/cmr/m/n/10 = []([] \OML/cmm/m/it/10 :[] '\OT1/cmr/m/n/10 )\OML/cmm/m/it/10 :[
]$
 []


Overfull \hbox (26.81187pt too wide) in paragraph at lines 10408--10424
\OT1/cmr/m/n/10 (Lemma [][]448[][]); its func-tor is def-i-ni-tion-ally $[] \OM
L/cmm/m/it/10 ':[]:[]$ \OT1/cmr/m/n/10 and its in-verse $[] \OML/cmm/m/it/10 ':
[]:[]$\OT1/cmr/m/n/10 ,
 []


Overfull \hbox (1.45532pt too wide) in paragraph at lines 10408--10424
[]$\OT1/cmr/m/n/10 's in-verse (Lemma [][]447[][]): it is the com-pos-ite of $[
]([] \OML/cmm/m/it/10 ':[]:[]\OT1/cmr/m/n/10 )$
 []


Overfull \hbox (199.4181pt too wide) detected at line 10437
\OML/cmm/m/it/10 '[] \OT1/cmr/m/n/10 : (\OML/cmm/m/it/10 Y:[]: [] V[]\OT1/cmr/m
/n/10 ) [][]\OMS/cmsy/m/n/10 ! [][]\OML/cmm/m/it/10 :[]: [] [] \OT1/cmr/m/n/10 
(\OML/cmm/m/it/10 J[]:[] V[]\OT1/cmr/m/n/10 ) (\OML/cmm/m/it/10 J[]:[] U[]\OT1/
cmr/m/n/10 )[]\OML/cmm/m/it/10 :[] \OT1/cmr/m/n/10 (\OML/cmm/m/it/10 X:[]: [] U
[]\OT1/cmr/m/n/10 )\OML/cmm/m/it/10 ;
 []

[147]
Overfull \hbox (64.62828pt too wide) in paragraph at lines 10437--10449
\OT1/cmr/m/it/10 along the \OT1/cmr/m/n/10 correction-carrying \OT1/cmr/m/it/10
 in-verse $[]\OML/cmm/m/it/10 :[] \OT1/cmr/m/n/10 = []([] \OML/cmm/m/it/10 ':[]
:[]\OT1/cmr/m/n/10 ) \OMS/cmsy/m/n/10 ^^N []\OT1/cmr/m/n/10 ([]\OML/cmm/m/it/10
 :[]\OT1/cmr/m/n/10 )$\OT1/cmr/m/it/10 .
 []


Overfull \hbox (10.16527pt too wide) in paragraph at lines 10437--10449
\OT1/cmr/m/it/10 sec-tion of $\OML/cmm/m/it/10 X:[]: [] U[]$ \OT1/cmr/m/it/10 o
ver $[]\OML/cmm/m/it/10 :[]:[] W$\OT1/cmr/m/it/10 , whose un-der-ly-ing open is
 $\OML/cmm/m/it/10 ':[][] W:[]$
 []


Overfull \hbox (5.19151pt too wide) in paragraph at lines 10467--10482
\OT1/cmr/m/n/10 continuous func-tors, $[]$ for the two fac-tors of $[]\OML/cmm/
m/it/10 :[]$\OT1/cmr/m/n/10 ,
 []


Overfull \hbox (13.24982pt too wide) in paragraph at lines 10487--10494
[][]\OT1/cmr/bx/n/10 Lemma 457 \OT1/cmr/m/n/10 (Counit com-pat-i-bil-ity square
 $\OML/cmm/m/it/10 H[]$ \OT1/cmr/m/n/10 for the slice ad-junc-tion)\OT1/cmr/bx/
n/10 . [][][]\OT1/cmr/m/it/10 In the set-ting of Lemma [][]456[][],
 []


Overfull \hbox (3.33662pt too wide) in paragraph at lines 10487--10494
\OT1/cmr/m/it/10 naturality com-pat-i-bil-ity square $\OML/cmm/m/it/10 H[]$ \OT
1/cmr/m/it/10 re-quired by Math-lib's two-pushforward ad-junc-tion (Lemma [][]4
46[][]),
 []


Overfull \hbox (2.97202pt too wide) in paragraph at lines 10510--10515
[][]\OT1/cmr/bx/n/10 Lemma 458 \OT1/cmr/m/n/10 (Unit com-pat-i-bil-ity square $
\OML/cmm/m/it/10 H[]$ \OT1/cmr/m/n/10 for the slice ad-junc-tion)\OT1/cmr/bx/n/
10 . [][][]\OT1/cmr/m/it/10 In the set-ting of Lemma [][]456[][],
 []

[148]
Overfull \hbox (32.82048pt too wide) in paragraph at lines 10547--10563
\OT1/cmr/m/n/10 left ad-joint is the cor-rected in-verse $([] \OML/cmm/m/it/10 
' U[]\OT1/cmr/m/n/10 )\OML/cmm/m/it/10 :[] \OT1/cmr/m/n/10 = []([] \OML/cmm/m/i
t/10 ':[]:[]\OT1/cmr/m/n/10 ) \OMS/cmsy/m/n/10 ^^N
 []


Overfull \hbox (16.23317pt too wide) in paragraph at lines 10547--10563
[]\OT1/cmr/m/n/10 ([]\OML/cmm/m/it/10 :[]\OT1/cmr/m/n/10 )$, and its right ad-j
oint is the for-ward func-tor $[]([] \OML/cmm/m/it/10 ':[]:[]\OT1/cmr/m/n/10 )$

 []


Overfull \hbox (2.56148pt too wide) in paragraph at lines 10564--10577
\OT1/cmr/m/n/10 by the in-verse of $[]$ (Lemma [][]447[][]). Be-cause the open 
iden-tity $\OML/cmm/m/it/10 ':[][]\OT1/cmr/m/n/10 (\OML/cmm/m/it/10 ':[][]U[]\O
T1/cmr/m/n/10 ) =
 []


Overfull \hbox (38.18211pt too wide) in paragraph at lines 10600--10607
[][][][][][]\OT1/cmr/m/n/10 Assemble the iso-mor-phism in two steps. The unit/f
ree-module com-par-i-son $[]$
 []

[149]
Overfull \hbox (24.06412pt too wide) in paragraph at lines 10690--10698
\OT1/cmr/m/n/10 across the opens-equivalence) trans-ports to a pre-sen-ta-tion 
of $([] \OML/cmm/m/it/10  []\OT1/cmr/m/n/10 )\OML/cmm/m/it/10 :[]\OT1/cmr/m/n/1
0 (\OML/cmm/m/it/10 H: [] W[]\OT1/cmr/m/n/10 )$.
 []

[150]
Overfull \hbox (12.24431pt too wide) in paragraph at lines 10821--10827
[][]\OT1/cmr/bx/n/10 Lemma 465 \OT1/cmr/m/n/10 (Sheafi-fi-ca-tion of a sec-tion
-wise-lo-cal-ly-zero presheaf van-ishes)\OT1/cmr/bx/n/10 . [][]\OT1/cmr/m/it/10
 Let $\OML/cmm/m/it/10 J$ \OT1/cmr/m/it/10 be a Grothendieck
 []

[151]
Overfull \hbox (11.5003pt too wide) in paragraph at lines 10968--10985
[][][][][][][]\OT1/cmr/m/n/10 The degree-$\OML/cmm/m/it/10 p$ []\OT1/cmr/m/n/10
 Cech term is iden-ti-fied, via the push--pull prod-uct de-com-po-si-tion of Le
mma [][]371[][],
 []

[152]
Overfull \hbox (218.1613pt too wide) in paragraph at lines 11019--11061
\OT1/cmr/m/it/10 mol-ogy of Schemes, Tag 02KE (\OT1/cmtt/m/it/10 lemma-cech-coh
omology-quasi-coherent\OT1/cmr/m/it/10 ) and \OT1/cmtt/m/it/10 lemma-quasi-cohe
rence-higher-direct-images-application\OT1/cmr/m/it/10 .
 []


Overfull \hbox (4.8026pt too wide) in paragraph at lines 11064--11068
\OT1/cmr/m/it/10 In par-tic-u-lar, over an affine base $\OML/cmm/m/it/10 S \OT1
/cmr/m/n/10 = [](\OML/cmm/m/it/10 A\OT1/cmr/m/n/10 )$\OT1/cmr/m/it/10 , tak-ing
 global sec-tions gives $\OML/cmm/m/it/10 H[]\OT1/cmr/m/n/10 (\OML/cmm/m/it/10 
X; \OMS/cmsy/m/n/10 F\OT1/cmr/m/n/10 ) = [](\U/euf/m/n/10 U\OML/cmm/m/it/10 ; \
OMS/cmsy/m/n/10 F\OT1/cmr/m/n/10 ) =
 []

[153]
Overfull \hbox (2.01985pt too wide) in paragraph at lines 11128--11142
\OT1/cmr/m/n/10 By con-struc-tion (Def-i-ni-tion [][]173[][]) the com-plex $\OM
L/cmm/m/it/10 f[] \OMS/cmsy/m/n/10 C[]$ \OT1/cmr/m/n/10 is pre-cisely the rel-a
-tive []Cech com-plex $[](\U/euf/m/n/10 U\OML/cmm/m/it/10 ; \OMS/cmsy/m/n/10 F\
OT1/cmr/m/n/10 )$,
 []


Overfull \hbox (6.6222pt too wide) in paragraph at lines 11147--11155
\OT1/cmr/m/n/10 0$ \OT1/cmr/m/it/10 for all $\OML/cmm/m/it/10 k \OMS/cmsy/m/n/1
0 ^^U \OT1/cmr/m/n/10 1$ \OT1/cmr/m/it/10 and all $\OML/cmm/m/it/10 s$\OT1/cmr/
m/it/10 . Then the prod-uct $[][] \OML/cmm/m/it/10 X[]$ \OT1/cmr/m/it/10 is rig
ht $\OML/cmm/m/it/10 G$\OT1/cmr/m/it/10 -acyclic: $\OML/cmm/m/it/10 G:[] k [][]
[] X[][] \OT1/cmr/m/n/10 =
 []

[154] [155]
Overfull \hbox (73.94945pt too wide) in paragraph at lines 11315--11322
[][]\OT1/cmr/bx/n/10 Lemma 473 \OT1/cmr/m/n/10 (To-tal com-plex of a bi-com-ple
x)\OT1/cmr/bx/n/10 . []\OT1/cmr/m/it/10 Pro-vided by Math-lib (\OT1/cmtt/m/it/1
0 Mathlib.Algebra.Homology.TotalComplex\OT1/cmr/m/it/10 ).
 []


Overfull \hbox (125.1937pt too wide) in paragraph at lines 11331--11343
[][]\OT1/cmr/bx/n/10 Lemma 474 \OT1/cmr/m/n/10 (Spec-tral se-quence of a spec-t
ral ob-ject)\OT1/cmr/bx/n/10 . []\OT1/cmr/m/it/10 Pro-vided by Math-lib (\OT1/c
mtt/m/it/10 Mathlib.Algebra.Homology.SpectralObject.*\OT1/cmr/m/it/10 ,
 []


Overfull \hbox (77.43631pt too wide) in paragraph at lines 11331--11343
\OT1/cmr/m/it/10 one, to-gether with a page da-tum, Math-lib pro-duces a gen-ui
ne spec-tral se-quence via $[]$,
 []

[156] [157] [158]
Overfull \hbox (261.4486pt too wide) in paragraph at lines 11686--11690
[][]\OT1/cmr/bx/n/10 Lemma 484 \OT1/cmr/m/n/10 (Fac-tori-sa-tion of the sheaf-o
f--mod-ules pull-back)\OT1/cmr/bx/n/10 . []\OT1/cmr/m/it/10 Pro-vided by Math-l
ib (\OT1/cmtt/m/it/10 Mathlib.Algebra.Category.ModuleCat.Sheaf.PullbackContinuo
us\OT1/cmr/m/it/10 ).
 []


Overfull \hbox (117.79776pt too wide) detected at line 11695
[] \OML/cmm/m/it/10 '  []  []  \OMS/cmsy/m/n/10 ^^N [][] \OML/cmm/m/it/10 '[][]
  \OMS/cmsy/m/n/10 ^^N  []\OML/cmm/m/it/10 ;
 []


Overfull \hbox (129.75478pt too wide) in paragraph at lines 11722--11726
[][]\OT1/cmr/bx/n/10 Lemma 487 \OT1/cmr/m/n/10 (Flat ex-ten-sion of scalars is 
left--ex-act)\OT1/cmr/bx/n/10 . []\OT1/cmr/m/it/10 Pro-vided by Math-lib (\OT1/
cmtt/m/it/10 Mathlib.Algebra.Category.ModuleCat.Descent\OT1/cmr/m/it/10 ).
 []


Overfull \hbox (6.80902pt too wide) in paragraph at lines 11734--11739
[][]\OT1/cmr/bx/n/10 Definition 488 \OT1/cmr/m/n/10 (In-verse-im-age model of p
resheaf pull-back)\OT1/cmr/bx/n/10 . []\OT1/cmr/m/n/10 The inverse-image model 
for presheaf-
 []


Overfull \hbox (10.88304pt too wide) in paragraph at lines 11743--11754
[][]\OT1/cmr/bx/n/10 Lemma 489 \OT1/cmr/m/n/10 (The in-verse-im-age model com-p
utes presheaf pull-back)\OT1/cmr/bx/n/10 . [][]\OT1/cmr/m/it/10 The model $\OML
/cmm/m/it/10 g[] \OMS/cmsy/m/n/10 ^^N []$
 []


Overfull \hbox (145.40356pt too wide) in paragraph at lines 11743--11754
\OT1/cmr/m/it/10 joints it is there-fore canon-i-cally iso-mor-phic to $[] \OML
/cmm/m/it/10 '[] \OT1/cmr/m/n/10 = ([] \OML/cmm/m/it/10 '[]\OT1/cmr/m/n/10 )[]$
\OT1/cmr/m/it/10 .
 []

[159]
Overfull \hbox (118.54063pt too wide) in paragraph at lines 11800--11811
[][][][][]\OT1/cmr/m/n/10 By Lemma [][]484[][], on the gen-uine scheme site $\O
ML/cmm/m/it/10 g[]$ \OT1/cmr/m/n/10 fac-tors as the com-pos-ite $[] \OMS/cmsy/m
/n/10 ^^N\OT1/cmr/m/n/10 ([] \OML/cmm/m/it/10 '[]\OT1/cmr/m/n/10 ) \OMS/cmsy/m/
n/10 ^^N
 []


Overfull \hbox (7.83023pt too wide) in paragraph at lines 11834--11843
\OT1/cmr/m/n/10 By Def-i-ni-tion [][]184[][], $[](\U/euf/m/n/10 U\OML/cmm/m/it/
10 ; \OMS/cmsy/m/n/10 F\OT1/cmr/m/n/10 ) = [][]([] \OML/cmm/m/it/10 f\OT1/cmr/m
/n/10 ) \OMS/cmsy/m/n/10 ^^N []\OT1/cmr/m/n/10 (\U/euf/m/n/10 U\OML/cmm/m/it/10
 ; \OMS/cmsy/m/n/10 F\OT1/cmr/m/n/10 )[]$,
 []


Overfull \hbox (53.39334pt too wide) in paragraph at lines 11858--11869
\OT1/cmr/m/it/10 coface-map cochain com-plex func-tor: there is a nat-u-ral iso
-mor-phism $\OML/cmm/m/it/10 F[][]\OT1/cmr/m/n/10 (\OML/cmm/m/it/10 C\OT1/cmr/m
/n/10 )[] []
 []

[160]
Overfull \hbox (27.92052pt too wide) in paragraph at lines 11930--11943
\OT1/cmr/m/n/10 The brick [][]497[][] speaks the affine $[]$-model over $[]$: i
t com-pares $\OML/cmm/m/it/10 g[][]\OT1/cmr/m/n/10 ([] \OML/cmm/m/it/10 '\OT1/c
mr/m/n/10 )[][][]$ with $([] \OML/cmm/m/it/10 '[]\OT1/cmr/m/n/10 )[][]\OML/cmm/
m/it/10 g[][][]$
 []

[161]
Overfull \hbox (4.7345pt too wide) in paragraph at lines 12019--12033
[][]\OT1/cmr/bx/n/10 Lemma 502 \OT1/cmr/m/n/10 (Pull-back pre-serves quasi--co-
her-ence (open-im-mer-sion case))\OT1/cmr/bx/n/10 . [][]\OT1/cmr/m/it/10 Source
: Stacks Project,
 []

[162] [163]
Overfull \hbox (10.3736pt too wide) in paragraph at lines 12205--12218
[]\OT1/cmr/m/it/10 Altitude 2. \OT1/cmr/m/n/10 Col-lapse $\OML/cmm/m/it/10 f[] 
\OMS/cmsy/m/n/10 ^^N \OT1/cmr/m/n/10 (\OML/cmm/m/it/10 p[]\OT1/cmr/m/n/10 )[] [
] (\OML/cmm/m/it/10 f \OMS/cmsy/m/n/10 ^^N \OML/cmm/m/it/10 p[]\OT1/cmr/m/n/10 
)[]$ by [][]454[][]; thus $([] \OML/cmm/m/it/10 f\OT1/cmr/m/n/10 )\OML/cmm/m/it
/10 : []\OT1/cmr/m/n/10 ([] \OMS/cmsy/m/n/10 F \OML/cmm/m/it/10 Y[]\OT1/cmr/m/n
/10 ) =
 []


Overfull \hbox (27.97612pt too wide) detected at line 12242
\OT1/cmr/m/n/10 ([] \OML/cmm/m/it/10 f\OT1/cmr/m/n/10 )\OML/cmm/m/it/10 :  [][]
[] \OMS/cmsy/m/n/10 F \OML/cmm/m/it/10 Y[][]  []  \OT1/cmr/m/n/10 ([] \OML/cmm/
m/it/10 e[]\OT1/cmr/m/n/10 )\OML/cmm/m/it/10 :  [][]\OT1/cmr/m/n/10 ([]([] \OML
/cmm/m/it/10 '[]\OT1/cmr/m/n/10 ))\OML/cmm/m/it/10 :  [][][][][]:
 []


Overfull \hbox (22.03462pt too wide) in paragraph at lines 12259--12271
\OT1/cmr/m/n/10 Collapsing the push-for-ward of the com-pos-ite, $[](\OML/cmm/m
/it/10 e[] \OMS/cmsy/m/n/10 ^^N \OML/cmm/m/it/10 f\OT1/cmr/m/n/10 ) [] ([] \OML
/cmm/m/it/10 e[]\OT1/cmr/m/n/10 ) \OMS/cmsy/m/n/10 ^^N \OT1/cmr/m/n/10 ([] \OML
/cmm/m/it/10 f\OT1/cmr/m/n/10 )$
 []

[164]
Overfull \hbox (14.4024pt too wide) detected at line 12383
[][][][][] \OML/cmm/m/it/10 N[]  []  [][][][][] N[];  []  [][][]B \OMS/cmsy/m/n
/10 
[] \OML/cmm/m/it/10 N[]  []  R[] \OMS/cmsy/m/n/10 
[] \OML/cmm/m/it/10 N:
 []

[165]
Overfull \hbox (100.44592pt too wide) detected at line 12451
\OT1/cmr/m/n/10 (\OML/cmm/m/it/10 g[]\OT1/cmr/m/n/10 )[][][] \OMS/cmsy/m/n/10 F
 \OT1/cmr/m/n/10 ([] \OML/cmm/m/it/10 j[]\OT1/cmr/m/n/10 )[] = (\OML/cmm/m/it/1
0 g[]\OT1/cmr/m/n/10 )[][](\OML/cmm/m/it/10 j[]\OT1/cmr/m/n/10 )[](\OML/cmm/m/i
t/10 j[]\OT1/cmr/m/n/10 )[]\OMS/cmsy/m/n/10 F[]  []  \OT1/cmr/m/n/10 (\OML/cmm/
m/it/10 j[]\OT1/cmr/m/n/10 )[](\OML/cmm/m/it/10 j[]\OT1/cmr/m/n/10 )[][](\OML/c
mm/m/it/10 g[]\OT1/cmr/m/n/10 )[]\OMS/cmsy/m/n/10 F[] \OT1/cmr/m/n/10 = [][](\O
ML/cmm/m/it/10 g[]\OT1/cmr/m/n/10 )[]\OMS/cmsy/m/n/10 F[] \OT1/cmr/m/n/10 ([] \
OML/cmm/m/it/10 j[]\OT1/cmr/m/n/10 )\OML/cmm/m/it/10 :
 []


Overfull \hbox (13.34392pt too wide) in paragraph at lines 12451--12461
\OT1/cmr/m/n/10 Pushing for-ward along $\OML/cmm/m/it/10 f[]$ \OT1/cmr/m/n/10 r
e-duces the left side of the claim to $\OML/cmm/m/it/10 f[][][]\OT1/cmr/m/n/10 
((\OML/cmm/m/it/10 g[]\OT1/cmr/m/n/10 )[]\OMS/cmsy/m/n/10 F\OT1/cmr/m/n/10 ) ([
] \OML/cmm/m/it/10 j[]\OT1/cmr/m/n/10 )[]$.
 []

[166]
Overfull \hbox (5.42734pt too wide) in paragraph at lines 12595--12601
[][][][][][][][][][][]\OT1/cmr/m/n/10 The two sides of the com-par-i-son are ro
uted in-de-pen-dently to the com-mon affine $([] \OMS/cmsy/m/n/10 ^^A\OT1/cmr/m
/n/10 )[][]$
 []

[167]
Overfull \hbox (36.19058pt too wide) in paragraph at lines 12652--12658
\OT1/cmr/m/n/10 serted com-par-i-son $\OML/cmm/m/it/10 g[][]f[]\OT1/cmr/m/n/10 
([] \OMS/cmsy/m/n/10 F \OT1/cmr/m/n/10 ([] \OML/cmm/m/it/10 j[]\OT1/cmr/m/n/10 
))[] [] \OML/cmm/m/it/10 f[][]\OT1/cmr/m/n/10 (\OML/cmm/m/it/10 g[]\OT1/cmr/m/n
/10 )[]([] \OMS/cmsy/m/n/10 F \OT1/cmr/m/n/10 ([] \OML/cmm/m/it/10 j[]\OT1/cmr/
m/n/10 ))[]$. 
 []

[168] [169]
Overfull \hbox (9.88217pt too wide) in paragraph at lines 12819--12827
\OT1/cmr/m/n/10 Applied to $\OMS/cmsy/m/n/10 F$ \OT1/cmr/m/n/10 this iden-ti-fi
es $\OML/cmm/m/it/10 p[]\OT1/cmr/m/n/10 (\OML/cmm/m/it/10 g[]\OT1/cmr/m/n/10 )[
]\OMS/cmsy/m/n/10 F [] \OT1/cmr/m/n/10 (\OML/cmm/m/it/10 g[]\OT1/cmr/m/n/10 )[]
\OML/cmm/m/it/10 G$\OT1/cmr/m/n/10 , hence the right-hand side rewrites as $\OM
L/cmm/m/it/10 p[] p[]\OT1/cmr/m/n/10 (\OML/cmm/m/it/10 g[]\OT1/cmr/m/n/10 )[]\O
MS/cmsy/m/n/10 F []
 []


Overfull \hbox (35.50685pt too wide) in paragraph at lines 12819--12827
\OML/cmm/m/it/10 p[] \OT1/cmr/m/n/10 (\OML/cmm/m/it/10 g[]\OT1/cmr/m/n/10 )[]\O
ML/cmm/m/it/10 G \OT1/cmr/m/n/10 = ([] \OML/cmm/m/it/10 p[]\OT1/cmr/m/n/10 )((\
OML/cmm/m/it/10 g[]\OT1/cmr/m/n/10 )[]\OML/cmm/m/it/10 G\OT1/cmr/m/n/10 )$, whi
le the left-hand side is $(\OML/cmm/m/it/10 g[]\OT1/cmr/m/n/10 )[][]\OML/cmm/m/
it/10 p[] G[] \OT1/cmr/m/n/10 = (\OML/cmm/m/it/10 g[]\OT1/cmr/m/n/10 )[][]([] \
OML/cmm/m/it/10 p\OT1/cmr/m/n/10 )\OML/cmm/m/it/10 G[]$\OT1/cmr/m/n/10 .
 []

[170] [171] [172]
Overfull \hbox (158.0883pt too wide) in paragraph at lines 13081--13084
[][]\OT1/cmr/bx/n/10 Lemma 527 \OT1/cmr/m/n/10 (Open im-mer-sions are sta-ble u
n-der base change)\OT1/cmr/bx/n/10 . []\OT1/cmr/m/it/10 Pro-vided by Math-lib (
\OT1/cmtt/m/it/10 Mathlib.AlgebraicGeometry.OpenImmersion\OT1/cmr/m/it/10 ).
 []

[173]
Overfull \hbox (81.61392pt too wide) in paragraph at lines 13224--13231
\OT1/cmr/m/n/10 square along $\OML/cmm/m/it/10 g[]$\OT1/cmr/m/n/10 : the as-ser
ted iden-ti-fi-ca-tion is the sheaf-level Beck--Chevalley iso-mor-phism $(\OML/
cmm/m/it/10 g[]\OT1/cmr/m/n/10 )[]([] \OMS/cmsy/m/n/10 F \OML/cmm/m/it/10 Y[]\O
T1/cmr/m/n/10 ) []
 []


Overfull \hbox (32.07825pt too wide) in paragraph at lines 13231--13238
\OT1/cmr/m/n/10 pull ob-ject de-com-poses as the fi-nite prod-uct $[] \OMS/cmsy
/m/n/10 F \OML/cmm/m/it/10 Y[] [] [][] [] \OMS/cmsy/m/n/10 F \OT1/cmr/m/n/10 ([
] \OML/cmm/m/it/10 j[]\OT1/cmr/m/n/10 )$,
 []


Overfull \hbox (18.64993pt too wide) in paragraph at lines 13231--13238
\OT1/cmr/m/n/10 and $(\OML/cmm/m/it/10 g[]\OT1/cmr/m/n/10 )[]$ pre-serves this 
fi-nite prod-uct. The left-hand side thus re-duces to $[][](\OML/cmm/m/it/10 g[
]\OT1/cmr/m/n/10 )[][](\OML/cmm/m/it/10 j[]\OT1/cmr/m/n/10 )[](\OML/cmm/m/it/10
 j[]\OT1/cmr/m/n/10 )[]\OMS/cmsy/m/n/10 F[]$\OT1/cmr/m/n/10 . 
 []


Overfull \hbox (10.05513pt too wide) in paragraph at lines 13254--13266
\OT1/cmr/m/n/10 with affine mem-bers, to-gether with the cover-base-change iden
-ti-fi-ca-tion $[] \U/euf/m/n/10 U[] \OML/cmm/m/it/10 ^^[ \OT1/cmr/m/n/10 =
 []

[174]
Overfull \hbox (17.5804pt too wide) in paragraph at lines 13336--13346
\OT1/cmr/m/n/10 through the []Cech nerve, fol-lowed by the im-age un-der the fu
nc-tor $[] \OML/cmm/m/it/10 f[]$ \OT1/cmr/m/n/10 (via $[]$)
 []


Overfull \hbox (27.33041pt too wide) in paragraph at lines 13411--13419
[]\OT1/cmr/m/n/10 The Beck--Chevalley nat-u-ral iso (Lemma [][]518[][]) rewrite
s the cosim-pli-cial ob-ject as $([] \OML/cmm/m/it/10 f[]\OT1/cmr/m/n/10 ) \OMS
/cmsy/m/n/10 ^^N
 []

[175]
Overfull \hbox (0.41972pt too wide) in paragraph at lines 13419--13423
[]\OT1/cmr/m/n/10 Lemma [][]532[][] iden-ti-fies the $(\OML/cmm/m/it/10 g[]\OT1
/cmr/m/n/10 )[]$-twisted nerve with $[](\U/euf/m/n/10 U[]\OML/cmm/m/it/10 ; \OT
1/cmr/m/n/10 (\OML/cmm/m/it/10 g[]\OT1/cmr/m/n/10 )[]\OMS/cmsy/m/n/10 F\OT1/cmr
/m/n/10 )$, so the alternating-
 []

) (./chapters/Genus.tex [176]
Chapter 9.
[177

]
Overfull \hbox (26.93282pt too wide) in paragraph at lines 59--60
[]$\OML/cmm/m/it/10 H[]$ \OT1/cmr/bx/n/10 al-ge-braic bridge \OT1/cmr/m/n/10 (t
his project): $\OML/cmm/m/it/10 H[]\OT1/cmr/m/n/10 (\OML/cmm/m/it/10 C; \OMS/cm
sy/m/n/10 O[]\OT1/cmr/m/n/10 )[] \OMS/cmsy/m/n/10 '[] [][]\OT1/cmr/m/n/10 ([]\O
ML/cmm/m/it/10 ; [] C\OT1/cmr/m/n/10 )$,
 []


Overfull \hbox (12.9539pt too wide) in paragraph at lines 59--60
\OT1/cmr/m/n/10 via Math-lib's $[]$ lin-ear equiv-a-lence. Used down-stream for
 the ge-o-met-ric con-tent $\OML/cmm/m/it/10 H[]\OT1/cmr/m/n/10 (\OML/cmm/m/it/
10 C; \OMS/cmsy/m/n/10 O[]\OT1/cmr/m/n/10 ) \OMS/cmsy/m/n/10 '
 []

LaTeX Font Info:    Font shape `OT1/cmtt/bx/n' in size <14.4> not available
(Font)              Font shape `OT1/cmtt/m/n' tried instead on input line 68.

Overfull \hbox (24.79135pt too wide) in paragraph at lines 71--72
\OT1/cmr/m/n/10 The orig-i-nal chal-lenge file writes $[]$, not $[]$. Be-cause 
$[]\OML/cmm/m/it/10 :[]$\OT1/cmr/m/n/10 ,
 []

) (./chapters/AbelianVarietyRigidity.tex [178]
Chapter 10.
[179

] [180] [181]) (./chapters/Jacobian.tex [182]
Chapter 11.
[183

]

Package hyperref Warning: Token not allowed in a PDF string (Unicode):
(hyperref)                removing `math shift' on input line 111.


Package hyperref Warning: Token not allowed in a PDF string (Unicode):
(hyperref)                removing `\mathop' on input line 111.


Package hyperref Warning: Token not allowed in a PDF string (Unicode):
(hyperref)                removing `\mathcode' on input line 111.


Package hyperref Warning: Token not allowed in a PDF string (Unicode):
(hyperref)                removing `\mathcode' on input line 111.


Package hyperref Warning: Token not allowed in a PDF string (Unicode):
(hyperref)                removing `\mathcode' on input line 111.


Package hyperref Warning: Token not allowed in a PDF string (Unicode):
(hyperref)                removing `\mathchardef' on input line 111.


Package hyperref Warning: Token not allowed in a PDF string (Unicode):
(hyperref)                removing `\std@minus' on input line 111.


Package hyperref Warning: Token not allowed in a PDF string (Unicode):
(hyperref)                removing `\mathcode' on input line 111.


Package hyperref Warning: Token not allowed in a PDF string (Unicode):
(hyperref)                removing `\mathcode' on input line 111.


Package hyperref Warning: Token not allowed in a PDF string (Unicode):
(hyperref)                removing `\mathcode' on input line 111.


Package hyperref Warning: Token not allowed in a PDF string (Unicode):
(hyperref)                removing `\mathcode' on input line 111.


Package hyperref Warning: Token not allowed in a PDF string (Unicode):
(hyperref)                removing `\leavevmode@ifvmode' on input line 111.


Package hyperref Warning: Token not allowed in a PDF string (Unicode):
(hyperref)                \kern 2.22198pt
(hyperref)                removed on input line 111.


Package hyperref Warning: Token not allowed in a PDF string (Unicode):
(hyperref)                removing `\mathgroup' on input line 111.


Package hyperref Warning: Token not allowed in a PDF string (Unicode):
(hyperref)                removing `\symoperators' on input line 111.


Package hyperref Warning: Token not allowed in a PDF string (Unicode):
(hyperref)                removing `\@ifnextchar' on input line 111.


Package hyperref Warning: Token not allowed in a PDF string (Unicode):
(hyperref)                removing `superscript' on input line 111.


Package hyperref Warning: Token not allowed in a PDF string (Unicode):
(hyperref)                removing `subscript' on input line 111.

[184] [185]

Package hyperref Warning: Token not allowed in a PDF string (Unicode):
(hyperref)                removing `math shift' on input line 308.


Package hyperref Warning: Token not allowed in a PDF string (Unicode):
(hyperref)                removing `\mathop' on input line 308.


Package hyperref Warning: Token not allowed in a PDF string (Unicode):
(hyperref)                removing `\mathcode' on input line 308.


Package hyperref Warning: Token not allowed in a PDF string (Unicode):
(hyperref)                removing `\mathcode' on input line 308.


Package hyperref Warning: Token not allowed in a PDF string (Unicode):
(hyperref)                removing `\mathcode' on input line 308.


Package hyperref Warning: Token not allowed in a PDF string (Unicode):
(hyperref)                removing `\mathchardef' on input line 308.


Package hyperref Warning: Token not allowed in a PDF string (Unicode):
(hyperref)                removing `\std@minus' on input line 308.


Package hyperref Warning: Token not allowed in a PDF string (Unicode):
(hyperref)                removing `\mathcode' on input line 308.


Package hyperref Warning: Token not allowed in a PDF string (Unicode):
(hyperref)                removing `\mathcode' on input line 308.


Package hyperref Warning: Token not allowed in a PDF string (Unicode):
(hyperref)                removing `\mathcode' on input line 308.


Package hyperref Warning: Token not allowed in a PDF string (Unicode):
(hyperref)                removing `\mathcode' on input line 308.


Package hyperref Warning: Token not allowed in a PDF string (Unicode):
(hyperref)                removing `\leavevmode@ifvmode' on input line 308.


Package hyperref Warning: Token not allowed in a PDF string (Unicode):
(hyperref)                \kern 2.22198pt
(hyperref)                removed on input line 308.


Package hyperref Warning: Token not allowed in a PDF string (Unicode):
(hyperref)                removing `\mathgroup' on input line 308.


Package hyperref Warning: Token not allowed in a PDF string (Unicode):
(hyperref)                removing `\symoperators' on input line 308.


Package hyperref Warning: Token not allowed in a PDF string (Unicode):
(hyperref)                removing `\@ifnextchar' on input line 308.


Package hyperref Warning: Token not allowed in a PDF string (Unicode):
(hyperref)                removing `superscript' on input line 308.

) (./chapters/AbelJacobi.tex [186]
Chapter 12.
[187

]) (./chapters/Picard_RelativeSpec.tex [188]
Chapter 13.
[189

] [190]
Overfull \hbox (1.48369pt too wide) in paragraph at lines 231--238
\OT1/cmr/m/it/10 push-for-ward $\OML/cmm/m/it/10 q[]\OMS/cmsy/m/n/10 O[]$ \OT1/
cmr/m/it/10 along the affine pro-jec-tion $\OML/cmm/m/it/10 q$ \OT1/cmr/m/it/10
 car-ries the Stacks 01LL quasi-coherence
 []

[191]
Overfull \hbox (31.44768pt too wide) in paragraph at lines 371--375
[][]\OT1/cmr/bx/n/10 Theorem 599 \OT1/cmr/m/n/10 (Rel-a-tive Spec func-tor)\OT1
/cmr/bx/n/10 . [][][]\OT1/cmr/m/it/10 Source: [Stacks Project], tag 01LR; [Hart
shorne], II Ex. 5.17(b).
 []

[192]) (./chapters/Picard_LineBundlePullback.tex [193]
Chapter 14.
[194

]
Overfull \hbox (68.9623pt too wide) detected at line 116
\OML/cmm/m/it/10 ^^Y[]\OMS/cmsy/m/n/10 N \OT1/cmr/m/n/10 := [](\OML/cmm/m/it/10
 ^^Y[]\OT1/cmr/m/n/10 )[]\OMS/cmsy/m/n/10 N\OML/cmm/m/it/10 ;  [][] \OMS/cmsy/m
/n/10 2 []\OT1/cmr/m/n/10 (\OML/cmm/m/it/10 C \OMS/cmsy/m/n/10 ! \OML/cmm/m/it/
10 S; T \OMS/cmsy/m/n/10 ! \OML/cmm/m/it/10 S\OT1/cmr/m/n/10 )\OML/cmm/m/it/10 
:
 []

[195]) (./chapters/Picard_RelPicFunctor.tex [196]
Chapter 15.
[197

]
Overfull \hbox (7.36809pt too wide) in paragraph at lines 166--169
[]\OT1/cmr/m/it/10 Step 1 (abelian group on the car-rier). \OT1/cmr/m/n/10 On i
so-mor-phism classes of the car-rier $[](\OML/cmm/m/it/10 ^^Y[]; ^^Y[]\OT1/cmr/
m/n/10 )$,
 []


Overfull \hbox (10.96928pt too wide) in paragraph at lines 207--215
\OT1/cmr/m/n/10 by the locally-trivial com-par-i-son iso-mor-phism [][]687[][] 
spe-cialised to the pro-jec-tion $\OML/cmm/m/it/10 ^^Y[]$ \OT1/cmr/m/n/10 on th
e $[]$
 []


Overfull \hbox (2.46451pt too wide) in paragraph at lines 216--222
[]\OT1/cmr/m/it/10 Step 3 (se-toid rec-on-cil-i-a-tion). \OT1/cmr/m/n/10 The se
t-valued quo-tient of [][]607[][] is taken mod-ulo the isomorphism-
 []

[198] [199] [200]
Overfull \hbox (82.11746pt too wide) detected at line 564
\OT1/cmr/m/n/10 (\OML/cmm/m/it/10 A \OMS/cmsy/m/n/10 
 \OML/cmm/m/it/10 B\OT1/cmr/m/n/10 ) \OMS/cmsy/m/n/10 
 \OT1/cmr/m/n/10 (\OML/cmm/m/it/10 C \OMS/cmsy/m/n/10 
 \OML/cmm/m/it/10 D\OT1/cmr/m/n/10 ) [] \OML/cmm/m/it/10 A \OMS/cmsy/m/n/10 
 []\OML/cmm/m/it/10 B \OMS/cmsy/m/n/10 
 \OT1/cmr/m/n/10 (\OML/cmm/m/it/10 C \OMS/cmsy/m/n/10 
 \OML/cmm/m/it/10 D\OT1/cmr/m/n/10 )[] [] \OML/cmm/m/it/10 A \OMS/cmsy/m/n/10 
 []\OT1/cmr/m/n/10 (\OML/cmm/m/it/10 B \OMS/cmsy/m/n/10 
 \OML/cmm/m/it/10 C\OT1/cmr/m/n/10 ) \OMS/cmsy/m/n/10 
 \OML/cmm/m/it/10 D[] [] A \OMS/cmsy/m/n/10 
 []\OT1/cmr/m/n/10 (\OML/cmm/m/it/10 C \OMS/cmsy/m/n/10 
 \OML/cmm/m/it/10 B\OT1/cmr/m/n/10 ) \OMS/cmsy/m/n/10 
 \OML/cmm/m/it/10 D[] [] A \OMS/cmsy/m/n/10 
 []\OML/cmm/m/it/10 C \OMS/cmsy/m/n/10 
 \OT1/cmr/m/n/10 (\OML/cmm/m/it/10 B \OMS/cmsy/m/n/10 
 \OML/cmm/m/it/10 D\OT1/cmr/m/n/10 )[] [] (\OML/cmm/m/it/10 A \OMS/cmsy/m/n/10 

 \OML/cmm/m/it/10 C\OT1/cmr/m/n/10 ) \OMS/cmsy/m/n/10 
 \OT1/cmr/m/n/10 (\OML/cmm/m/it/10 B \OMS/cmsy/m/n/10 
 \OML/cmm/m/it/10 D\OT1/cmr/m/n/10 )\OML/cmm/m/it/10 ;
 []

[201]
Overfull \hbox (9.5409pt too wide) in paragraph at lines 648--648
[]\OT1/cmr/bx/n/14.4 The rel-a-tive Pi-card presheaf as a group-valued presheaf
 
 []

[202]
Overfull \hbox (16.1249pt too wide) in paragraph at lines 883--888
[][]\OT1/cmr/bx/n/10 Definition 628 \OT1/cmr/m/n/10 (Ab-so-lute Pi-card func-to
r)\OT1/cmr/bx/n/10 . [][][][]\OT1/cmr/m/it/10 Source: [Kleiman], ``The Pi-card 
scheme'', \TS1/cmr/m/it/10 �\OT1/cmr/m/it/10 2, Def. df:aPf
 []

[203] [204]
Overfull \hbox (94.79784pt too wide) in paragraph at lines 1201--1209
\OT1/cmtt/m/n/10 AlgebraicJacobian/Picard/LineBundlePullback.lean \OT1/cmr/m/n/
10 ([][]14[][]) and \OT1/cmtt/m/n/10 AlgebraicJacobian/Picard/RelativeSpec.lean

 []


Overfull \hbox (19.57948pt too wide) in paragraph at lines 1209--1218
\OT1/cmr/m/n/10 on the quo-tient set built in \OT1/cmtt/m/n/10 AlgebraicGeometr
y.Scheme.RelPicPresheaf.preimage[]subgroup
 []

[205]

! LaTeX Error: Unicode character ᵒ (U+1D52)
               not set up for use with LaTeX.

See the LaTeX manual or LaTeX Companion for explanation.
Type  H <return>  for immediate help.
 ...                                              
                                                  
l.1256     (Sheaf etaleTopology AddCommGrpCat)}
                                                (module
You may provide a definition with
\DeclareUnicodeCharacter 


! LaTeX Error: Unicode character ᵖ (U+1D56)
               not set up for use with LaTeX.

See the LaTeX manual or LaTeX Companion for explanation.
Type  H <return>  for immediate help.
 ...                                              
                                                  
l.1256     (Sheaf etaleTopology AddCommGrpCat)}
                                                (module
You may provide a definition with
\DeclareUnicodeCharacter 


! LaTeX Error: Unicode character ᵒ (U+1D52)
               not set up for use with LaTeX.

See the LaTeX manual or LaTeX Companion for explanation.
Type  H <return>  for immediate help.
 ...                                              
                                                  
l.1266     \texttt{(Over (Spec k))ᵒᵖ}
                                         ). If the \texttt{HasWeakSheafify}
You may provide a definition with
\DeclareUnicodeCharacter 


! LaTeX Error: Unicode character ᵖ (U+1D56)
               not set up for use with LaTeX.

See the LaTeX manual or LaTeX Companion for explanation.
Type  H <return>  for immediate help.
 ...                                              
                                                  
l.1266     \texttt{(Over (Spec k))ᵒᵖ}
                                         ). If the \texttt{HasWeakSheafify}
You may provide a definition with
\DeclareUnicodeCharacter 


Overfull \hbox (11.8277pt too wide) in paragraph at lines 1236--1277
[]\OT1/cmtt/m/n/10 AlgebraicGeometry.Scheme.PicSharp.etSheaf \OT1/cmr/m/n/10 ([
][]630[][]) is the ^^Setale sheafi-fi-ca-tion of \OT1/cmtt/m/n/10 PicSharp\OT1/
cmr/m/n/10 .
 []


Overfull \hbox (0.48256pt too wide) in paragraph at lines 1236--1277
\OT1/cmtt/m/n/10 Scheme \OT1/cmr/m/n/10 with tar-get cat-e-gory \OT1/cmtt/m/n/1
0 AddCommGrpCat\OT1/cmr/m/n/10 . \OT1/cmr/bx/n/10 Lean API note. \OT1/cmr/m/n/1
0 The big ^^Setale Grothendieck
 []


Overfull \hbox (180.4365pt too wide) in paragraph at lines 1236--1277
\OT1/cmr/m/n/10 type \OT1/cmtt/m/n/10 CategoryTheory.GrothendieckTopology Algeb
raicGeometry.Scheme \OT1/cmr/m/n/10 (mod-ule \OT1/cmtt/m/n/10 Mathlib.Algebraic
Geometry.Sites.Etale\OT1/cmr/m/n/10 ;
 []


Overfull \hbox (16.71774pt too wide) in paragraph at lines 1236--1277
\OT1/cmr/m/n/10 an \OT1/cmtt/m/n/10 abbrev \OT1/cmr/m/n/10 for the topol-ogy ge
n-er-ated by the big ^^Setale pre-topol-ogy \OT1/cmtt/m/n/10 Scheme.etalePretop
ology\OT1/cmr/m/n/10 ).
 []


Overfull \hbox (13.60655pt too wide) in paragraph at lines 1236--1277
\OT1/cmr/m/n/10 The sheafi-fi-ca-tion en-try point with abelian-group tar-get i
s \OT1/cmtt/m/n/10 CategoryTheory.presheafToSheaf
 []


Overfull \hbox (157.18661pt too wide) in paragraph at lines 1236--1277
\OMS/cmsy/m/n/10 )$ \OT1/cmtt/m/n/10 AddCommGrpCat) (Sheaf etaleTopology AddCom
mGrpCat) \OT1/cmr/m/n/10 (mod-ule \OT1/cmtt/m/n/10 Mathlib.CategoryTheory.Sites
.Sheafification\OT1/cmr/m/n/10 );
 []


Overfull \hbox (25.13347pt too wide) in paragraph at lines 1236--1277
\OT1/cmr/m/n/10 it is avail-able un-der a \OT1/cmtt/m/n/10 CategoryTheory.HasWe
akSheafify \OT1/cmr/m/n/10 in-stance for the pair \OT1/cmtt/m/n/10 (etaleTopolo
gy,
 []


Overfull \hbox (31.13358pt too wide) in paragraph at lines 1236--1277
\OT1/cmtt/m/n/10 Scheme \OT1/cmr/m/n/10 cat-e-gory and re-strict-ing along \OT1
/cmtt/m/n/10 Over (Spec k) \OT1/cmr/m/n/10 via Math-lib's \OT1/cmtt/m/n/10 Cate
goryTheory.Sites.Over
 []


Overfull \hbox (208.60333pt too wide) in paragraph at lines 1236--1277
\OT1/cmr/m/n/10 sheafi-fi-ca-tion \OT1/cmtt/m/n/10 CategoryTheory.GrothendieckT
opology.sheafify \OT1/cmr/m/n/10 (mod-ule \OT1/cmtt/m/n/10 Mathlib.CategoryTheo
ry.Sites.ConcreteSheafification\OT1/cmr/m/n/10 )
 []


! LaTeX Error: Unicode character ᵒ (U+1D52)
               not set up for use with LaTeX.

See the LaTeX manual or LaTeX Companion for explanation.
Type  H <return>  for immediate help.
 ...                                              
                                                  
l.1281 ...meᵒᵖ \(\Rightarrow\) AddCommGrpCat)}
                                                  
You may provide a definition with
\DeclareUnicodeCharacter 


! LaTeX Error: Unicode character ᵖ (U+1D56)
               not set up for use with LaTeX.

See the LaTeX manual or LaTeX Companion for explanation.
Type  H <return>  for immediate help.
 ...                                              
                                                  
l.1281 ...meᵒᵖ \(\Rightarrow\) AddCommGrpCat)}
                                                  
You may provide a definition with
\DeclareUnicodeCharacter 


Overfull \hbox (2.8317pt too wide) in paragraph at lines 1277--1301
[]\OT1/cmtt/m/n/10 AlgebraicGeometry.Scheme.PicSharp.etSheaf[]group[]structure 
\OT1/cmr/m/n/10 ([][]631[][]) pack-ages the fact
 []


Overfull \hbox (74.63275pt too wide) in paragraph at lines 1277--1301
\OT1/cmr/m/n/10 canon-i-cal \OT1/cmtt/m/n/10 Functor (Scheme $\OMS/cmsy/m/n/10 
)$ \OT1/cmtt/m/n/10 AddCommGrpCat) \OT1/cmr/m/n/10 ob-tained by ap-ply-ing \OT1
/cmtt/m/n/10 CategoryTheory.presheafToSheaf
 []


Overfull \hbox (0.65991pt too wide) in paragraph at lines 1277--1301
\OT1/cmtt/m/n/10 AlgebraicGeometry.Scheme.etaleTopology AddCommGrpCat \OT1/cmr/
m/n/10 to \OT1/cmtt/m/n/10 PicSharp.presheaf \OT1/cmr/m/n/10 and
 []


Overfull \hbox (110.3567pt too wide) in paragraph at lines 1277--1301
\OT1/cmr/m/n/10 then for-get-ting from the sheaf cat-e-gory back to a presheaf-
of-abelian-groups via \OT1/cmtt/m/n/10 (CategoryTheory.sheafToPresheaf
 []


Overfull \hbox (41.68909pt too wide) in paragraph at lines 1277--1301
\OT1/cmr/m/n/10 sheaf of sets via the con-crete plus-construction \OT1/cmtt/m/n
/10 CategoryTheory.GrothendieckTopology.sheafify\OT1/cmr/m/n/10 )
 []


Overfull \hbox (0.54926pt too wide) in paragraph at lines 1277--1301
\OT1/cmr/m/n/10 with the value of \OT1/cmtt/m/n/10 presheafToSheaf etaleTopolog
y AddCommGrpCat PicSharp.presheaf
 []


Overfull \hbox (32.88527pt too wide) in paragraph at lines 1277--1301
\OT1/cmr/m/n/10 un-der the for-get-ful func-tor, us-ing \OT1/cmtt/m/n/10 Catego
ryTheory.GrothendieckTopology.sheafification[]obj
 []

[206]
LaTeX Font Info:    Trying to load font information for OMS+cmtt on input line 
1341.
LaTeX Font Info:    No file OMScmtt.fd. on input line 1341.


LaTeX Font Warning: Font shape `OMS/cmtt/m/n' undefined
(Font)              using `OMS/cmsy/m/n' instead
(Font)              for symbol `textbackslash' on input line 1341.


Overfull \hbox (5.05226pt too wide) in paragraph at lines 1339--1346
\OT1/cmr/m/n/10 The six Lean-pinned dec-la-ra-tion blocks (plus the forward-loo
king [][]632[][], which car-ries no \OMS/cmtt/m/n/10 n\OT1/cmtt/m/n/10 lean\OMS
/cmtt/m/n/10 f\OT1/cmtt/m/n/10 ...\OMS/cmtt/m/n/10 g
 []


Overfull \hbox (6.74825pt too wide) in paragraph at lines 1339--1346
\OT1/cmr/m/n/10 pin and so is not yet tracked by the de-ter-min-is-tic \OT1/cmt
t/m/n/10 sync[]leanok \OT1/cmr/m/n/10 phase) form a con-nected \OMS/cmtt/m/n/10
 n\OT1/cmtt/m/n/10 uses\OMS/cmtt/m/n/10 f\OT1/cmtt/m/n/10 ...\OMS/cmtt/m/n/10 g

 []

) (./chapters/Picard_TensorObjSubstrate.tex [207]
Chapter 16.
LaTeX Font Info:    Font shape `OT1/cmtt/bx/n' in size <24.88> not available
(Font)              Font shape `OT1/cmtt/m/n' tried instead on input line 1.

Overfull \hbox (46.59268pt too wide) in paragraph at lines 85--89
[]\OT1/cmr/m/n/10 a bi-nary tensor-product op-er-a-tion $\OMS/cmtt/m/n/10 
  \OT1/cmr/m/n/10 : []\OML/cmm/m/it/10 :[] X \OMS/cmtt/m/n/10 ^^B []\OML/cmm/m/
it/10 :[] X \OMS/cmtt/m/n/10 ! []\OML/cmm/m/it/10 :[] X$\OT1/cmr/m/n/10 ,
 []

[208

]
Overfull \hbox (103.60455pt too wide) in paragraph at lines 99--116
\OT1/cmr/m/n/10 ond, Math-lib's localization-of-monoidal-categories API ($[]$)
 []


Overfull \hbox (1.00253pt too wide) in paragraph at lines 117--149
\OT1/cmr/m/n/10 tagon/triangle/hexagon iden-ti-ties nor the $\OML/cmm/m/it/10 J
:W:[]$ \OT1/cmr/m/n/10 in-stance that the $[]$
 []

[209]
Overfull \hbox (141.315pt too wide) in paragraph at lines 165--171
 []\OT1/cmr/bx/n/10 (i) The presheaf-of-modules monoidal cat-e-gory.[] \OT1/cmr
/m/n/10 Math-lib's \OT1/cmtt/m/n/10 Mathlib.Algebra.Category.ModuleCat.Presheaf
.Monoidal
 []


Overfull \hbox (54.63673pt too wide) in paragraph at lines 165--171
\OT1/cmr/m/n/10 con-structs a monoidal-category in-stance $[]$ on $[] (\OML/cmm
/m/it/10 R \OMS/cmtt/m/n/10 ^^N
 []


Overfull \hbox (63.87454pt too wide) in paragraph at lines 173--199
\OT1/cmr/m/it/10 Source: [Math-lib], \OT1/cmtt/m/it/10 PresheafOfModules.monoid
alCategoryStruct \OT1/cmr/m/it/10 / \OT1/cmtt/m/it/10 PresheafOfModules.monoida
lCategory\OT1/cmr/m/it/10 ,
 []


Overfull \hbox (137.82751pt too wide) in paragraph at lines 200--229
 []\OT1/cmr/bx/n/10 (ii) The localization-of-monoidal-categories API.[] \OT1/cm
r/m/n/10 Math-lib's \OT1/cmtt/m/n/10 Mathlib.CategoryTheory.Localization.Monoid
al.Basic
 []


Overfull \hbox (93.32706pt too wide) in paragraph at lines 200--229
\OT1/cmr/m/n/10 pro-vides the class $[]$ and the con-struc-tion $[]$.
 []


Overfull \hbox (41.97714pt too wide) in paragraph at lines 200--229
\OT1/cmr/m/n/10 The class records ex-actly the whiskering-stability data: \OT1/
cmr/m/it/10 Source: [Math-lib], \OT1/cmtt/m/it/10 MorphismProperty.IsMonoidal
 []


Overfull \hbox (113.7796pt too wide) in paragraph at lines 200--229
\OT1/cmr/m/it/10 and \OT1/cmtt/m/it/10 Localization.Monoidal.LocalizedMonoidal\
OT1/cmr/m/it/10 , in \OT1/cmtt/m/it/10 Mathlib/CategoryTheory/Localization/Mono
idal/Basic.lean\OT1/cmr/m/it/10 ,
 []


Overfull \hbox (88.73633pt too wide) in paragraph at lines 230--256
 []\OT1/cmr/bx/n/10 (iii) The proof tem-plate for $\OML/cmm/m/it/10 W$\OT1/cmr/
bx/n/10 -monoidality.[] \OT1/cmr/m/n/10 Math-lib's \OT1/cmtt/m/n/10 Mathlib.Cat
egoryTheory.Sites.Point.IsMonoidalW
 []


Overfull \hbox (65.21077pt too wide) in paragraph at lines 230--256
\OT1/cmr/m/n/10 cat-e-gory $\OML/cmm/m/it/10 A$ \OT1/cmr/m/n/10 (i.e. $\OML/cmm
/m/it/10 C[] \OMS/cmtt/m/n/10 ! \OML/cmm/m/it/10 A$\OT1/cmr/m/n/10 ), via the c
onservative-family char-ac-ter-i-sa-tion $[]$, $[]$
 []


Overfull \hbox (62.82225pt too wide) in paragraph at lines 230--256
\OT1/cmr/m/n/10 and type-class in-fer-ence: \OT1/cmr/m/it/10 Source: [Math-lib]
, \OT1/cmtt/m/it/10 ObjectProperty.IsConservativeFamilyOfPoints.isMonoidal[]W\O
T1/cmr/m/it/10 ,
 []

[210]
Overfull \hbox (47.8077pt too wide) in paragraph at lines 301--308
[]\OT1/cmr/m/n/10 The project's pol-icy on this gap is \OT1/cmr/m/it/10 project
-side\OT1/cmr/m/n/10 : the sub-strate is built in-side \OT1/cmtt/m/n/10 Algebra
icJacobian/Picard/
 []


Package hyperref Warning: Token not allowed in a PDF string (Unicode):
(hyperref)                removing `math shift' on input line 309.

[211]
Overfull \hbox (104.1594pt too wide) in paragraph at lines 379--392
[]$ \OT1/cmr/m/n/10 (Math-lib mod-ule \OT1/cmtt/m/n/10 Mathlib.CategoryTheory.M
onoidal.PresheafOfModules\OT1/cmr/m/n/10 )
 []


Overfull \hbox (16.93372pt too wide) in paragraph at lines 397--412
[] \OMS/cmtt/m/n/10 O[]$ \OT1/cmr/m/n/10 and the sheafi-fi-ca-tion lo-cal-izer 
$\OML/cmm/m/it/10 J:W$\OT1/cmr/m/n/10 , sup-ply-ing the in-stance $\OML/cmm/m/i
t/10 J:W:[]$
 []


Overfull \hbox (47.29321pt too wide) in paragraph at lines 413--431
[]$\OT1/cmr/m/n/10 . It would use nei-ther $[]([] \OML/cmm/m/it/10 R\OT1/cmr/m/
n/10 )$
 []


Overfull \hbox (5.80626pt too wide) in paragraph at lines 432--455
\OT1/cmr/m/n/10 group $[] \OML/cmm/m/it/10 R \OT1/cmr/m/n/10 := []([] \OML/cmm/
m/it/10 R\OT1/cmr/m/n/10 )$ (\OT1/cmtt/m/n/10 Mathlib.RingTheory.PicardGroup\OT
1/cmr/m/n/10 ),
 []


Package hyperref Warning: Token not allowed in a PDF string (Unicode):
(hyperref)                removing `math shift' on input line 457.

[212]
Overfull \hbox (51.2373pt too wide) in paragraph at lines 487--504
\OT1/cmr/m/it/10 monoidal. Con-se-quently, com-pos-ing with the already-monoida
l Math-lib func-tor $[][][]$
 []


Overfull \hbox (201.15979pt too wide) in paragraph at lines 521--542
\OT1/cmr/m/n/10 restriction-of-scalars func-tor $[] \OML/cmm/m/it/10 f$ \OT1/cm
r/m/n/10 is lax monoidal (\OT1/cmtt/m/n/10 Mathlib.Algebra.Category.ModuleCat.M
onoidal.Adjunction\OT1/cmr/m/n/10 ,
 []


Overfull \hbox (82.46005pt too wide) in paragraph at lines 521--542
\OML/cmm/m/it/10 M[]:[] X$\OT1/cmr/m/n/10 , and the presheaf func-tor $[] \OML/
cmm/m/it/10 '$ \OT1/cmr/m/n/10 acts sec-tion-wise as $[] (\OML/cmm/m/it/10 ':[]
 X\OT1/cmr/m/n/10 )$.
 []


Overfull \hbox (5.85085pt too wide) in paragraph at lines 543--549
\OT1/cmr/m/n/10 factored $\OML/cmm/m/it/10 R; S$\OT1/cmr/m/n/10 . In the projec
t this holds: the rel-e-vant $\OML/cmm/m/it/10 '$ \OT1/cmr/m/n/10 is $([] \OML/
cmm/m/it/10 f\OT1/cmr/m/n/10 )\OML/cmm/m/it/10 :[]$\OT1/cmr/m/n/10 ,
 []

[213]
Overfull \hbox (99.39648pt too wide) in paragraph at lines 593--600
\OT1/cmr/m/n/10 ([] \OML/cmm/m/it/10 '\OT1/cmr/m/n/10 )\OML/cmm/m/it/10 :[]\OT1
/cmr/m/n/10 (\OMS/cmtt/m/n/10 ^^@\OT1/cmr/m/n/10 )$, via the present com-par-i-
son $[]$.
 []


Overfull \hbox (4.40143pt too wide) in paragraph at lines 601--611
[]$ \OT1/cmr/m/n/10 (the present $[]$). Hence the whole
 []


Overfull \hbox (48.53508pt too wide) in paragraph at lines 647--648
[]\OT1/cmr/m/it/10 Source: [Stacks Project], Mod-ules on Ringed Spaces, Lemma \
OT1/cmtt/m/it/10 lemma-exactness-pushforward-pullback\OT1/cmr/m/it/10 :
 []


Overfull \hbox (24.93803pt too wide) in paragraph at lines 657--667
\OT1/cmr/m/n/10 phism $\OML/cmm/m/it/10 e \OT1/cmr/m/n/10 : \OML/cmm/m/it/10 R 
\OMS/cmtt/m/n/10 ' \OML/cmm/m/it/10 S$ \OT1/cmr/m/n/10 the canon-i-cal map $\OM
L/cmm/m/it/10 a \OMS/cmtt/m/n/10 
[] \OML/cmm/m/it/10 b \OMS/cmtt/m/n/10 7! \OML/cmm/m/it/10 a \OMS/cmtt/m/n/10 
[] \OML/cmm/m/it/10 b$ \OT1/cmr/m/n/10 is an $\OML/cmm/m/it/10 R$\OT1/cmr/m/n/1
0 -linear equiv-a-lence $[][](\OML/cmm/m/it/10 M\OT1/cmr/m/n/10 ) \OMS/cmtt/m/n
/10 
[]
 []

[214]
Overfull \hbox (115.4395pt too wide) in paragraph at lines 683--693
[]\OT1/cmr/m/n/10 This presheaf-level ad-junc-tion is the presheaf ana-logue of
 the sheaf-level $[]$,
 []


Overfull \hbox (9.49309pt too wide) in paragraph at lines 683--693
\OT1/cmr/m/n/10 (\OT1/cmtt/m/n/10 Mathlib/.../SheafOfModules/Sheaf/PushforwardC
ontinuous.lean\OT1/cmr/m/n/10 ), whereas $[]$
 []


Overfull \hbox (56.18315pt too wide) detected at line 721
[][]\OT1/cmr/m/n/10 (\OML/cmm/m/it/10 M\OT1/cmr/m/n/10 ) \OMS/cmtt/m/n/10 
[] [][]\OT1/cmr/m/n/10 (\OML/cmm/m/it/10 N\OT1/cmr/m/n/10 )  []  [][][]\OML/cmm
/m/it/10 M \OMS/cmtt/m/n/10 
[] \OML/cmm/m/it/10 N[];  a \OMS/cmtt/m/n/10 
[] \OML/cmm/m/it/10 b  \OMS/cmtt/m/n/10 7[][]!  \OML/cmm/m/it/10 a \OMS/cmtt/m/
n/10 
[] \OML/cmm/m/it/10 b;
 []

[215]
Overfull \hbox (8.60793pt too wide) in paragraph at lines 817--834
[]\OT1/cmr/m/n/10 This is a one-morphism read-ing of the struc-tural iden-tity 
that the sheafi-fi-ca-tion of presheaves
 []


Overfull \hbox (47.65953pt too wide) in paragraph at lines 817--834
\OT1/cmr/m/n/10 of $\OML/cmm/m/it/10 R[]$\OT1/cmr/m/n/10 -modules \OT1/cmr/m/it
/10 is \OT1/cmr/m/n/10 the lo-cal-iza-tion of $[] \OML/cmm/m/it/10 R[]$ \OT1/cm
r/m/n/10 at the class $\OML/cmm/m/it/10 J:W:[] \OT1/cmr/m/n/10 ([] \OML/cmm/m/i
t/10 R[]\OT1/cmr/m/n/10 )$
 []


Overfull \hbox (46.35466pt too wide) in paragraph at lines 817--834
\OT1/cmr/m/n/10 phisms, and Math-lib's $[]$
 []


Package hyperref Warning: Token not allowed in a PDF string (Unicode):
(hyperref)                removing `math shift' on input line 836.

[216]
Overfull \hbox (11.10068pt too wide) in paragraph at lines 916--925
\OT1/cmr/m/it/10 is $\OML/cmm/m/it/10 R:[] x$\OT1/cmr/m/it/10 -linear ($[]$), a
nd is char-ac-terised on germs by $\OML/cmm/m/it/10 g[]\OT1/cmr/m/n/10 ([][] \O
ML/cmm/m/it/10 s\OT1/cmr/m/n/10 ) = [][](\OML/cmm/m/it/10 g[] s\OT1/cmr/m/n/10 
)$
 []


Overfull \hbox (178.3998pt too wide) in paragraph at lines 936--948
[][]\OT1/cmr/m/n/10 The stalk $\OML/cmm/m/it/10 M[] \OT1/cmr/m/n/10 = [] \OML/c
mm/m/it/10 M:[] x$ \OT1/cmr/m/n/10 car-ries its $\OML/cmm/m/it/10 R:[] x$\OT1/c
mr/m/n/10 -module struc-ture from \OT1/cmtt/m/n/10 Mathlib.Algebra.Category.Mod
uleCat.Stalk\OT1/cmr/m/n/10 .
 []

[217]
Overfull \hbox (2.97282pt too wide) in paragraph at lines 994--1006
[]\OT1/cmr/m/it/10 This is the $[]$-field con-tent (the in-jec-tiv-ity half) of
 the \OT1/cmr/m/n/10 full \OT1/cmr/m/it/10 in-stance $\OML/cmm/m/it/10 J:W:[]$
 []

[218]
Overfull \hbox (97.60637pt too wide) in paragraph at lines 1053--1062
\OT1/cmr/m/n/10 proved stalk-wise, by the ar-gu-ment Math-lib uses for fixed-ba
se presheaves in $[]$
 []


Overfull \hbox (22.11479pt too wide) in paragraph at lines 1108--1115
[]\OT1/cmr/m/n/10 This stalk-wise fall-back is re-quired \OT1/cmr/m/it/10 only 
\OT1/cmr/m/n/10 if the full-generality $\OML/cmm/m/it/10 J:W:[]$ \OT1/cmr/m/n/1
0 / $[]$
 []

[219]
Overfull \hbox (126.10574pt too wide) in paragraph at lines 1203--1224
\OT1/cmr/m/n/10 the sheafi-fi-ca-tion trans-port of the presheaf-of-modules as-
so-ci-a-tor $[]$,
 []

[220]
Overfull \hbox (0.33041pt too wide) in paragraph at lines 1225--1230
[]\OT1/cmr/m/n/10 Concretely, the same iso-mor-phism is de-scribed by glu-ing c
anon-i-cal lo-cal iso-mor-phisms through
 []


Overfull \hbox (35.19469pt too wide) detected at line 1238
[]\OT1/cmr/m/n/10 (\OML/cmm/m/it/10 M \OMS/cmtt/m/n/10 
[] \OML/cmm/m/it/10 N\OT1/cmr/m/n/10 ) \OMS/cmtt/m/n/10 
[] \OML/cmm/m/it/10 P[][][]  []  []M\OMS/cmtt/m/n/10 j[] 
[] \OML/cmm/m/it/10 N\OMS/cmtt/m/n/10 j[][] 
[] \OML/cmm/m/it/10 P\OMS/cmtt/m/n/10 j[]  []  \OML/cmm/m/it/10 M\OMS/cmtt/m/n/
10 j[] 
[] []\OML/cmm/m/it/10 N\OMS/cmtt/m/n/10 j[] 
[] \OML/cmm/m/it/10 P\OMS/cmtt/m/n/10 j[][]  []  []\OML/cmm/m/it/10 M \OMS/cmtt
/m/n/10 
[] \OT1/cmr/m/n/10 (\OML/cmm/m/it/10 N \OMS/cmtt/m/n/10 
[] \OML/cmm/m/it/10 P\OT1/cmr/m/n/10 )[][][]\OML/cmm/m/it/10 ;
 []


Overfull \hbox (23.20828pt too wide) in paragraph at lines 1246--1251
\OT1/cmr/m/n/10 cat-e-gory $[] \OMS/cmtt/m/n/10 O[]$ \OT1/cmr/m/n/10 ($[]$,
 []


Overfull \hbox (4.54146pt too wide) in paragraph at lines 1277--1295
[]\OT1/cmr/m/n/10 Note that, un-like the pointwise-existence state-ment [][]639
[][] --- a \OT1/cmr/m/it/10 propo-si-tion \OT1/cmr/m/n/10 proved cover-pointwis
e
 []

[221]
Overfull \hbox (49.18704pt too wide) in paragraph at lines 1315--1326
\OT1/cmr/m/n/10 tors $\OML/cmm/m/it/10 ^^U; ^^Z$ \OT1/cmr/m/n/10 at the preshea
f level. Their sheafi-fi-ca-tions $[](\OML/cmm/m/it/10 ^^U\OT1/cmr/m/n/10 )$, $
[](\OML/cmm/m/it/10 ^^Z\OT1/cmr/m/n/10 )$,
 []


Overfull \hbox (135.98685pt too wide) in paragraph at lines 1352--1394
[][]\OT1/cmr/bx/n/10 Lemma 647 \OT1/cmr/m/n/10 (In-verse of an in-vert-ible mod
-ule)\OT1/cmr/bx/n/10 . [][][][]\OT1/cmr/m/it/10 Source: [Stacks Project], Tag 
01CR, Lemma \OT1/cmtt/m/it/10 lemma-constructions-invertible
 []

[222]
Overfull \hbox (94.20279pt too wide) in paragraph at lines 1501--1509
\OT1/cmr/m/it/10 and $[] \OML/cmm/m/it/10 M[]$ \OT1/cmr/m/it/10 then $[]\OT1/cm
r/m/n/10 (\OML/cmm/m/it/10 M \OMS/cmtt/m/n/10 
[] \OML/cmm/m/it/10 M[]\OT1/cmr/m/n/10 )$\OT1/cmr/m/it/10 . Hence $\OMS/cmtt/m/
n/10 
$ \OT1/cmr/m/it/10 closes on $[] \OML/cmm/m/it/10 ^^Y[] ^^Y[]$\OT1/cmr/m/it/10 
,
 []


Overfull \hbox (33.50221pt too wide) in paragraph at lines 1512--1527
\OT1/cmr/m/n/10 lo-cally triv-ial of rank one ($[]$). The Lean con-struc-tion $
[]$
 []


Overfull \hbox (5.74506pt too wide) in paragraph at lines 1512--1527
\OT1/cmr/m/n/10 ap-plies this di-rectly to a pair of ob-jects of the $[]$ sub-t
ype $[]$,
 []


Overfull \hbox (24.77177pt too wide) in paragraph at lines 1533--1543
\OT1/cmr/m/n/10 ized in the ded-i-cated Lean file $[]$. 
 []

[223]
Overfull \hbox (74.4621pt too wide) in paragraph at lines 1578--1581
\OT1/cmr/m/it/10 natural in $\OML/cmm/m/it/10 A$ \OT1/cmr/m/it/10 and $\OML/cmm
/m/it/10 B$\OT1/cmr/m/it/10 , where $\OMS/cmtt/m/n/10 
[]$ \OT1/cmr/m/it/10 is the presheaf-of-modules ten-sor prod-uct $[]$. 
 []


Overfull \hbox (31.97473pt too wide) detected at line 1615
[][]  [] []  \OT1/cmr/m/n/10 (\OML/cmm/m/it/10 A \OMS/cmtt/m/n/10 
[] \OML/cmm/m/it/10 B\OT1/cmr/m/n/10 )(\OML/cmm/m/it/10 U\OT1/cmr/m/n/10 ) = \O
ML/cmm/m/it/10 A\OT1/cmr/m/n/10 (\OML/cmm/m/it/10 U\OT1/cmr/m/n/10 ) \OMS/cmtt/
m/n/10 
[] \OML/cmm/m/it/10 B\OT1/cmr/m/n/10 (\OML/cmm/m/it/10 U\OT1/cmr/m/n/10 )  [][]
\OMS/cmtt/m/n/10 !  \OML/cmm/m/it/10 A[] \OMS/cmtt/m/n/10 
[] \OML/cmm/m/it/10 B[];  a \OMS/cmtt/m/n/10 
 \OML/cmm/m/it/10 b \OMS/cmtt/m/n/10 7[][]! [][]\OML/cmm/m/it/10 a \OMS/cmtt/m/
n/10 
 [][]\OML/cmm/m/it/10 b:
 []


Overfull \hbox (40.1911pt too wide) in paragraph at lines 1617--1624
[]\OT1/cmr/m/it/10 (ii) Col-imit de-scent to the for-ward com-par-i-son map \OT
1/cmr/m/n/10 ($[]$, $[]$).
 []


Overfull \hbox (47.74022pt too wide) in paragraph at lines 1634--1649
\OT1/cmr/m/n/10 to an $\OML/cmm/m/it/10 R:[] x$\OT1/cmr/m/n/10 -linear map: on 
a germ $[][]\OML/cmm/m/it/10 r$ \OT1/cmr/m/n/10 of a sec-tion $\OML/cmm/m/it/10
 r \OMS/cmtt/m/n/10 2 \OML/cmm/m/it/10 R\OT1/cmr/m/n/10 (\OML/cmm/m/it/10 U\OT1
/cmr/m/n/10 )$ one checks $[][]([][]\OML/cmm/m/it/10 r\OT1/cmr/m/n/10 ) \OMS/cm
tt/m/n/10 ^^A
 []

[224]
Overfull \hbox (160.59067pt too wide) in paragraph at lines 1702--1710
\OT1/cmr/m/it/10 same \OT1/cmr/m/n/10 canon-i-cal bridge al-ready in-voked for 
the stage-(iii) $\OML/cmm/m/it/10 R[]$\OT1/cmr/m/n/10 -linearity pack-ag-ing (t
he $[]$/$[]$
 []


Overfull \hbox (21.89833pt too wide) in paragraph at lines 1711--1726
\OT1/cmr/m/n/10 iden-tity on a sim-ple ten-sor $[][]\OML/cmm/m/it/10 a \OMS/cmt
t/m/n/10 
 [][]\OML/cmm/m/it/10 b$ \OT1/cmr/m/n/10 by the germ char-ac-ter-i-sa-tion $[]$

 []

[225] [226]
Overfull \hbox (5.9017pt too wide) in paragraph at lines 1868--1877
\OT1/cmr/m/n/10 con-struc-tion of the $\OML/cmm/m/it/10 R[]$\OT1/cmr/m/n/10 -ba
lanced ad-di-tive bi-lin-ear map un-der-ly-ing the re-verse map $[]$
 []


Overfull \hbox (18.71902pt too wide) in paragraph at lines 1889--1889
[]\OT1/cmr/bx/n/14.4 Tensor in-vert-ibil-ity and the commutative-monoid group-
 []


Overfull \hbox (44.06166pt too wide) in paragraph at lines 1892--1907
[] \OT1/cmr/m/n/10 = []([]([] \OML/cmm/m/it/10 R\OT1/cmr/m/n/10 ))$, $[]$; \OT1
/cmtt/m/n/10 Mathlib.RingTheory.PicardGroup\OT1/cmr/m/n/10 )
 []

[227]
Overfull \hbox (134.0215pt too wide) in paragraph at lines 2015--2070
\OT1/cmr/m/it/10 Tag 01CR (Mod-ules on Ringed Spaces, ``In-vert-ible mod-ules''
), Def-i-ni-tion 01CX and Lemma \OT1/cmtt/m/it/10 lemma-constructions-invertibl
e\OT1/cmr/m/it/10 .
 []


Overfull \hbox (10.31401pt too wide) in paragraph at lines 2072--2084
[]\OT1/cmr/bx/it/10 Primary con-struc-tion (di-rectly on locally-trivial iso-cl
asses, ^^Ra la $[]$).
 []


Overfull \hbox (9.88649pt too wide) in paragraph at lines 2072--2084
\OT1/cmr/m/it/10 invertible) sheaves, mir-ror-ing Math-lib's ring-level Pi-card
 group $[]$ / $[]$
 []


Overfull \hbox (58.15578pt too wide) in paragraph at lines 2104--2127
\OT1/cmr/m/it/10 The gen-uine prece-dent is Math-lib's fixed-ring Pi-card group
 $[] \OML/cmm/m/it/10 R \OT1/cmr/m/n/10 := []([] \OML/cmm/m/it/10 R\OT1/cmr/m/n
/10 )$
 []

[228]
Overfull \hbox (125.0679pt too wide) in paragraph at lines 2139--2151
[] \OML/cmm/m/it/10 X:[]$ \OT1/cmr/m/it/10 is a full (sym-met-ric) $[]$ via $[]
$,
 []


Overfull \hbox (57.81161pt too wide) in paragraph at lines 2139--2151
\OT1/cmr/m/it/10 ex-actly as Math-lib builds $[] \OML/cmm/m/it/10 R \OT1/cmr/m/
n/10 = []([]([] \OML/cmm/m/it/10 R\OT1/cmr/m/n/10 ))$ \OT1/cmr/m/it/10 and tran
s-ports $[]$.
 []


Overfull \hbox (35.1349pt too wide) in paragraph at lines 2155--2167
[][][][][][][][][][][][][][][]\OT1/cmr/m/n/10 Work di-rectly on iso-mor-phism c
lasses of locally-trivial sheaves, as in Math-lib's $[]$
 []


Overfull \hbox (5.0419pt too wide) in paragraph at lines 2175--2198
[] \OT1/cmr/m/n/10 )$. This is the same one-isomorphism-per-law shape that Math
-lib's $[]$
 []


Overfull \hbox (96.93982pt too wide) in paragraph at lines 2199--2205
[]\OML/cmm/m/it/10 :[] X$ \OT1/cmr/m/n/10 via $[]$, the group is the units of t
he skele-ton, $[]([]([]\OML/cmm/m/it/10 :[] X\OT1/cmr/m/n/10 ))$,
 []

[229]
Overfull \hbox (44.60808pt too wide) in paragraph at lines 2210--2220
\OT1/cmr/m/n/10 The rel-a-tive Pi-card con-sumer ([][]15[][]) car-ries its line
 bun-dles on the \OT1/cmr/m/it/10 local-triviality \OT1/cmr/m/n/10 pred-i-cate 
$[]$
 []


Overfull \hbox (16.99414pt too wide) in paragraph at lines 2210--2220
\OT1/cmr/m/n/10 ([][]600[][]): its car-rier $[]$ is the sub-ob-ject $\OMS/cmtt/
m/n/10 f \OML/cmm/m/it/10 L \OMS/cmtt/m/n/10 2 []\OML/cmm/m/it/10 :[] \OT1/cmr/
m/n/10 (\OML/cmm/m/it/10 C \OMS/cmtt/m/n/10 ^^B[] \OML/cmm/m/it/10 T\OT1/cmr/m/
n/10 ) \OMS/cmtt/m/n/10 j [] \OML/cmm/m/it/10 L \OMS/cmtt/m/n/10 g$
 []


Overfull \hbox (71.77357pt too wide) in paragraph at lines 2243--2254
\OT1/cmr/m/n/10 three-line con-se-quence of two facts about pull-back, ex-actly
 as in the Stacks proof of \OT1/cmtt/m/n/10 lemma-pullback-invertible\OT1/cmr/m
/n/10 .
 []

[230]
Overfull \hbox (41.21371pt too wide) in paragraph at lines 2294--2302
\OT1/cmr/m/n/10 as-sem-bled from the nat-u-ral-ity of the ab-stract oplax $\OML
/cmm/m/it/10 ^^N$ \OT1/cmr/m/n/10 (Math-lib's $[]\OML/cmm/m/it/10 ^^N[]$\OT1/cm
r/m/n/10 )
 []


Overfull \hbox (89.45378pt too wide) in paragraph at lines 2303--2317
\OML/cmm/m/it/10 f[]\OT1/cmr/m/n/10 (\OMS/cmtt/m/n/10 O 
 O\OT1/cmr/m/n/10 ) \OMS/cmtt/m/n/10 ! \OML/cmm/m/it/10 f[]\OMS/cmtt/m/n/10 O 
 \OML/cmm/m/it/10 f[]\OMS/cmtt/m/n/10 O$ \OT1/cmr/m/n/10 is re-duced, by the $\
OML/cmm/m/it/10 ^^N$\OT1/cmr/m/n/10 -wrapping $[]$
 []


Overfull \hbox (35.18489pt too wide) in paragraph at lines 2303--2317
\OT1/cmr/m/n/10 (the presheaf oplax left-unitality fac-tored through sheafi-fi-
ca-tion, us-ing $[]$
 []


Overfull \hbox (72.90765pt too wide) in paragraph at lines 2303--2317
\OML/cmm/m/it/10 a[]:[]\OT1/cmr/m/n/10 (\OML/cmm/m/it/10 ^^Q F\OT1/cmr/m/n/10 )
 \OMS/cmtt/m/n/10 ^^N [] \OT1/cmr/m/n/10 = [] \OMS/cmtt/m/n/10 ^^N []$ \OT1/cmr
/m/n/10 (\OT1/cmtt/m/n/10 eta[]bridge[]unit[]square\OT1/cmr/m/n/10 ).
 []

[231]
Overfull \hbox (30.75969pt too wide) in paragraph at lines 2375--2382
\OT1/cmr/m/it/10 presheaf ($[][][]$) with the lax monoidal re-stric-tion of sca
lars $[] \OML/cmm/m/it/10 '$
 []


Overfull \hbox (1.23758pt too wide) in paragraph at lines 2414--2422
\OT1/cmr/m/it/10 produced by the doc-tri-nal ad-junc-tion trans-fer $[]$: the o
plax
 []


Overfull \hbox (167.59966pt too wide) detected at line 2471
\OML/cmm/m/it/10 ^^N[] \OT1/cmr/m/n/10 : ([] \OML/cmm/m/it/10 f\OT1/cmr/m/n/10 
)\OML/cmm/m/it/10 :[] \OT1/cmr/m/n/10 (\OML/cmm/m/it/10 M \OMS/cmtt/m/n/10 
[] \OML/cmm/m/it/10 N\OT1/cmr/m/n/10 )  [][]\OMS/cmtt/m/n/10 !  \OT1/cmr/m/n/10
 ([] \OML/cmm/m/it/10 f\OT1/cmr/m/n/10 )\OML/cmm/m/it/10 :[] M \OMS/cmtt/m/n/10
 
[] \OT1/cmr/m/n/10 ([] \OML/cmm/m/it/10 f\OT1/cmr/m/n/10 )\OML/cmm/m/it/10 :[] 
N
 []

[232]
Overfull \hbox (104.54375pt too wide) in paragraph at lines 2515--2519
\OT1/cmr/m/it/10 for the in-duced presheaf-of-modules map pre-sent-ing $\OML/cm
m/m/it/10 f$\OT1/cmr/m/it/10 , and let $\OML/cmm/m/it/10 a[] \OT1/cmr/m/n/10 = 
[] (\OT1/cmr/bx/n/10 1[]\OT1/cmr/m/n/10 )$
 []

[233]
Overfull \hbox (95.90218pt too wide) detected at line 2658
\OML/cmm/m/it/10 f[][][] X:[][]  []  [] Y:[];  [] f[]\OMS/cmtt/m/n/10 O[]  []  
O[]\OML/cmm/m/it/10 ;
 []


Overfull \hbox (26.30678pt too wide) in paragraph at lines 2677--2686
\OT1/cmr/m/n/10 tween small cat-e-gories that pre-serves fi-nite lim-its is rep
-re-sentably flat, so $[]$
 []

[234] [235]
Overfull \hbox (3.2455pt too wide) in paragraph at lines 2767--2774
[][]\OT1/cmr/bx/n/10 Lemma 664 \OT1/cmr/m/n/10 (Sec-tion-level nat-u-ral-ity of
 the ten-sor/unit rec-on-cil-i-a-tion $[]$)\OT1/cmr/bx/n/10 .
 []


Overfull \hbox (88.53627pt too wide) in paragraph at lines 2787--2797
\OT1/cmr/m/n/10 is rewrit-ten as a \OT1/cmr/m/it/10 sin-gle \OT1/cmr/m/n/10 ten
-sor of mor-phisms of the form $\OML/cmm/m/it/10 a:[]\OT1/cmr/m/n/10 (\OML/cmm/
m/it/10 ^^Q[] \OMS/cmtt/m/n/10 
 \OML/cmm/m/it/10 ^^Q[]\OT1/cmr/m/n/10 )$, where $\OML/cmm/m/it/10 ^^Q \OT1/cmr
/m/n/10 = ([])\OML/cmm/m/it/10 :[]$
 []

[236]
Overfull \hbox (21.07643pt too wide) in paragraph at lines 2855--2862
\OT1/cmr/m/n/10 monoidal \OT1/cmr/m/it/10 unit co-her-ence\OT1/cmr/m/n/10 : $[]
$ ex-presses $\OML/cmm/m/it/10 ^^N \OT1/cmr/m/n/10 ([] \OML/cmm/m/it/10 '[]\OT1
/cmr/m/n/10 ) \OT1/cmr/bx/n/10 1 1$
 []


Overfull \hbox (45.92688pt too wide) in paragraph at lines 2864--2867
\OT1/cmr/m/n/10 the sheafi-fied presheaf unit com-par-i-son (the $\OML/cmm/m/it
/10 ^^N$\OT1/cmr/m/n/10 -wrapping re-duc-tion). By \OT1/cmtt/m/n/10 isiso[]shea
fifyeta[]of[]unitsquare
 []


Overfull \hbox (61.33966pt too wide) detected at line 2872
\OT1/cmr/m/n/10 ([] \OML/cmm/m/it/10 f \OMS/cmtt/m/n/10 O[]\OT1/cmr/m/n/10 )\OM
L/cmm/m/it/10 :[] [] a[]:[] \OT1/cmr/m/n/10 (\OML/cmm/m/it/10 ^^Q \OT1/cmr/m/n/
10 ([] \OML/cmm/m/it/10 '[]\OT1/cmr/m/n/10 )) [] []\OML/cmm/m/it/10 :[]  \OT1/c
mr/m/n/10 =  [] \OML/cmm/m/it/10 ';
 []


Package hyperref Warning: Token not allowed in a PDF string (Unicode):
(hyperref)                removing `math shift' on input line 2882.


Package hyperref Warning: Token not allowed in a PDF string (Unicode):
(hyperref)                removing `math shift' on input line 2882.


Overfull \hbox (1.78706pt too wide) in paragraph at lines 2913--2919
\OT1/cmr/m/it/10 Consequently, for the com-pos-ite ad-junc-tion $\OML/cmm/m/it/
10 A$ \OT1/cmr/m/it/10 of the unit square (left ad-joint $\OML/cmm/m/it/10 a[] 
\OMS/cmtt/m/n/10 ^^N [][] \OML/cmm/m/it/10 '$\OT1/cmr/m/it/10 ),
 []


Overfull \hbox (2.22415pt too wide) in paragraph at lines 2922--2937
[][]\OML/cmm/m/it/10 :[] [] R[]\OT1/cmr/m/n/10 ([][]\OML/cmm/m/it/10 :[]\OT1/cm
r/m/n/10 )[]$ and its counit du-ally; equiv-a-lently its hom-set bi-jec-tion $\
OML/cmm/m/it/10 A:[]$
 []


Overfull \hbox (30.14548pt too wide) in paragraph at lines 2922--2937
\OML/cmm/m/it/10 R[] d$ \OT1/cmr/m/n/10 and then across $[][]$ to $\OML/cmm/m/i
t/10 c \OMS/cmtt/m/n/10 ! \OML/cmm/m/it/10 R[]R[] d$\OT1/cmr/m/n/10 . Ap-ply-in
g this with $[][] = [] (\OT1/cmr/bx/n/10 1[]\OT1/cmr/m/n/10 )$,
 []


Overfull \hbox (1.91333pt too wide) in paragraph at lines 2942--2953
[][]\OT1/cmr/bx/n/10 Lemma 668 \OT1/cmr/m/n/10 (The sheafi-fy-then-pull-back co
m-par-i-son is the left--ad-join-t-u-nique-ness iso-mor-phism)\OT1/cmr/bx/n/10 
.
 []


Overfull \hbox (259.64104pt too wide) in paragraph at lines 2942--2953
\OT1/cmr/m/it/10 with the sheaf-level pullback--pushforward ad-junc-tion of $\O
ML/cmm/m/it/10 '$\OT1/cmr/m/it/10 , namely $\OML/cmm/m/it/10 A \OT1/cmr/m/n/10 
= ([] (\OT1/cmr/bx/n/10 1[]\OT1/cmr/m/n/10 ))\OML/cmm/m/it/10 :[] \OT1/cmr/m/n/
10 ([][] \OML/cmm/m/it/10 '\OT1/cmr/m/n/10 )$\OT1/cmr/m/it/10 ,
 []


Overfull \hbox (41.24367pt too wide) in paragraph at lines 2942--2953
\OT1/cmr/m/it/10 tion on $\OML/cmm/m/it/10 Y$\OT1/cmr/m/it/10 , namely $\OML/cm
m/m/it/10 B \OT1/cmr/m/n/10 = ([] \OML/cmm/m/it/10 '[]\OT1/cmr/m/n/10 )\OML/cmm
/m/it/10 :[] \OT1/cmr/m/n/10 ([] (\OT1/cmr/bx/n/10 1[]\OT1/cmr/m/n/10 ))$\OT1/c
mr/m/it/10 ,
 []

[237]
Overfull \hbox (32.13918pt too wide) in paragraph at lines 2966--2977
\OT1/cmr/m/n/10 tween their left ad-joints is de-fined. Un-fold-ing the canon-i
-cal com-par-i-son $[] \OML/cmm/m/it/10 '$
 []


Overfull \hbox (2.9439pt too wide) in paragraph at lines 2982--2989
[] \OML/cmm/m/it/10 A B$\OT1/cmr/m/it/10 ), and let $\OML/cmm/m/it/10 g \OT1/cm
r/m/n/10 = ([] \OML/cmm/m/it/10 '\OT1/cmr/m/n/10 )\OML/cmm/m/it/10 :[]:[] \OT1/
cmr/bx/n/10 1[]$\OT1/cmr/m/it/10 .
 []


Overfull \hbox (72.38283pt too wide) detected at line 2997
\OML/cmm/m/it/10 A:[] g  \OT1/cmr/m/n/10 =  \OML/cmm/m/it/10 B:[]:[] \OT1/cmr/b
x/n/10 1[]  \OT1/cmr/m/n/10 =  []\OML/cmm/m/it/10 :[]:[] \OT1/cmr/bx/n/10 1[]  
[]  \OT1/cmr/m/n/10 ([] \OML/cmm/m/it/10 '[]\OT1/cmr/m/n/10 )\OML/cmm/m/it/10 :
[][][][]\OT1/cmr/m/n/10 (\OML/cmm/m/it/10 F:[] \OT1/cmr/bx/n/10 1[]\OT1/cmr/m/n
/10 )[]\OML/cmm/m/it/10 :
 []


Overfull \hbox (49.20575pt too wide) in paragraph at lines 3001--3017
[][][]\OT1/cmr/m/n/10 The com-par-i-son $[] \OML/cmm/m/it/10 '$ \OT1/cmr/m/n/10
 is by def-i-ni-tion $[] \OML/cmm/m/it/10 A B$
 []


Overfull \hbox (280.98885pt too wide) in paragraph at lines 3001--3017
\OT1/cmr/m/n/10 equal-ity. For the sec-ond, ex-pand $\OML/cmm/m/it/10 B:[]$ \OT
1/cmr/m/n/10 by $[]$ on $\OML/cmm/m/it/10 B \OT1/cmr/m/n/10 = ([] \OML/cmm/m/it
/10 '[]\OT1/cmr/m/n/10 )\OML/cmm/m/it/10 :[] \OT1/cmr/m/n/10 ([] (\OT1/cmr/bx/n
/10 1[]\OT1/cmr/m/n/10 ))$:
 []


Overfull \hbox (68.8351pt too wide) in paragraph at lines 3031--3037
\OT1/cmr/m/it/10 left ad-joint is the sheaf-level pull-back). Writ-ing $[] \OT1
/cmr/m/n/10 = []$
 []

[238]
Overfull \hbox (10.00253pt too wide) in paragraph at lines 3056--3062
\OML/cmm/m/it/10 Z \OMS/cmtt/m/n/10 ! \OML/cmm/m/it/10 Y$ \OT1/cmr/m/it/10 and 
$\OML/cmm/m/it/10 f \OT1/cmr/m/n/10 : \OML/cmm/m/it/10 Y \OMS/cmtt/m/n/10 ! \OM
L/cmm/m/it/10 X$ \OT1/cmr/m/it/10 be com-pos-able, write $[] \OT1/cmr/m/n/10 = 
[] \OML/cmm/m/it/10 '[] '[]$
 []


Overfull \hbox (26.24173pt too wide) in paragraph at lines 3056--3062
\OT1/cmr/m/it/10 for the presheaf pull-back pseud-o-func-to-ri-al-ity iso-mor-p
hism $[] \OML/cmm/m/it/10 '[] \OMS/cmtt/m/n/10 ^^N [] \OML/cmm/m/it/10 '[] [] [
] '[]$\OT1/cmr/m/it/10 ,
 []


Overfull \hbox (9.78107pt too wide) in paragraph at lines 3104--3112
[][][][]\OT1/cmr/m/n/10 By [][]868[][] each $[]\OML/cmm/m/it/10 :[]$ \OT1/cmr/m
/n/10 is a sin-gle $\OML/cmm/m/it/10 a:[]$ \OT1/cmr/m/n/10 of a $[]$ of sheafif
ication-
 []


Overfull \hbox (139.45146pt too wide) detected at line 3145
 \OT1/cmr/m/n/10 =  \OML/cmm/m/it/10 F[] []^^Q[]  []  [] \OT1/cmr/m/n/10 ([] \O
ML/cmm/m/it/10 f W\OT1/cmr/m/n/10 )\OML/cmm/m/it/10 :[][]  []  ^^Q[]  []  [] \O
T1/cmr/m/n/10 ([] \OML/cmm/m/it/10 h \OT1/cmr/m/n/10 (\OML/cmm/m/it/10 f[]W\OT1
/cmr/m/n/10 ))\OML/cmm/m/it/10 :[]  []  [] \OT1/cmr/m/n/10 (([] \OML/cmm/m/it/1
0 h f\OT1/cmr/m/n/10 )\OML/cmm/m/it/10 :[] W\OT1/cmr/m/n/10 )\OML/cmm/m/it/10 :
[]:
 []

[239]
Overfull \hbox (3.0185pt too wide) in paragraph at lines 3189--3195
[] \OML/cmm/m/it/10 '[]$\OT1/cmr/m/it/10 , $[] \OT1/cmr/m/n/10 = []$\OT1/cmr/m/
it/10 , and $[] \OT1/cmr/m/n/10 =
 []


Overfull \hbox (280.46602pt too wide) detected at line 3202
[]\OT1/cmr/m/n/10 ([] (\OML/cmm/m/it/10 h \OMS/cmtt/m/n/10 ^^N \OML/cmm/m/it/10
 f\OT1/cmr/m/n/10 ))\OML/cmm/m/it/10 :[] P[][]  \OT1/cmr/m/n/10 =  \OML/cmm/m/i
t/10 a[]:[][][]:[][][]  []  []\OT1/cmr/m/n/10 ([] \OML/cmm/m/it/10 h\OT1/cmr/m/
n/10 )\OML/cmm/m/it/10 :[] \OT1/cmr/m/n/10 (\OML/cmm/m/it/10 F[]P\OT1/cmr/m/n/1
0 )[][]  []  \OML/cmm/m/it/10 h[] []\OT1/cmr/m/n/10 (([] \OML/cmm/m/it/10 f\OT1
/cmr/m/n/10 )\OML/cmm/m/it/10 :[] P\OT1/cmr/m/n/10 )[][]  []  ([] \OML/cmm/m/it
/10 h f\OT1/cmr/m/n/10 )\OML/cmm/m/it/10 :[][]:
 []


Overfull \hbox (313.25778pt too wide) detected at line 3216
[]\OT1/cmr/m/n/10 ([] (\OML/cmm/m/it/10 h \OMS/cmtt/m/n/10 ^^N \OML/cmm/m/it/10
 f\OT1/cmr/m/n/10 ))\OML/cmm/m/it/10 :[] P[]:[]  \OT1/cmr/m/n/10 =  ([] \OML/cm
m/m/it/10 h f\OT1/cmr/m/n/10 )\OML/cmm/m/it/10 :[][]  []  h[] []\OT1/cmr/m/n/10
 (([] \OML/cmm/m/it/10 f\OT1/cmr/m/n/10 )\OML/cmm/m/it/10 :[] P\OT1/cmr/m/n/10 
)\OML/cmm/m/it/10 :[][]  []  []\OT1/cmr/m/n/10 ([] \OML/cmm/m/it/10 h\OT1/cmr/m
/n/10 )\OML/cmm/m/it/10 :[] \OT1/cmr/m/n/10 (\OML/cmm/m/it/10 F[]P\OT1/cmr/m/n/
10 )[]\OML/cmm/m/it/10 :[]  []  a[]:[][][]:[][][]:
 []


Overfull \hbox (14.3132pt too wide) in paragraph at lines 3251--3259
[][]\OT1/cmr/m/n/10 The dis-played equal-ity is the nat-u-ral-ity square of the
 nat-u-ral iso-mor-phism $[] \OML/cmm/m/it/10 h f \OT1/cmr/m/n/10 :
 []

[240]
Overfull \hbox (278.25117pt too wide) detected at line 3287
\OML/cmm/m/it/10 ^^N[]\OT1/cmr/m/n/10 (\OML/cmm/m/it/10 M; N\OT1/cmr/m/n/10 )  
=  ([] \OML/cmm/m/it/10 h f\OT1/cmr/m/n/10 )\OML/cmm/m/it/10 :[][]  []  h[] []^
^N[]\OT1/cmr/m/n/10 (\OML/cmm/m/it/10 M; N\OT1/cmr/m/n/10 )[]  []  \OML/cmm/m/i
t/10 ^^N[]\OT1/cmr/m/n/10 (\OML/cmm/m/it/10 f[]M;  f[]N\OT1/cmr/m/n/10 )  []  [
][]([] \OML/cmm/m/it/10 h f\OT1/cmr/m/n/10 )[]\OML/cmm/m/it/10 ;  \OT1/cmr/m/n/
10 ([] \OML/cmm/m/it/10 h f\OT1/cmr/m/n/10 )[][]\OML/cmm/m/it/10 :[];
 []


Overfull \hbox (116.82332pt too wide) in paragraph at lines 3351--3361
\OT1/cmr/m/n/10 def-i-ni-tional equal-ity at de-fault trans-parency, so the rec
-on-cil-i-a-tion is def-i-ni-tional ($[]$).
 []


Overfull \hbox (2.94084pt too wide) in paragraph at lines 3351--3361
\OT1/cmr/m/n/10 The gen-uine con-tent of Sq2 is there-fore not the rec-on-cil-i
-a-tion but the monoidal-ity of $[]$
 []

[241]
Overfull \hbox (60.49332pt too wide) detected at line 3372
[] \OML/cmm/m/it/10 '[] '[]  \OT1/cmr/m/n/10 :  [] \OML/cmm/m/it/10 '[]  \OMS/c
mtt/m/n/10 ^^N  [] \OML/cmm/m/it/10 '[]  []  [] []'[]  []  \OT1/cmr/m/n/10 ([] 
\OML/cmm/m/it/10 f:[]\OT1/cmr/m/n/10 )[]\OML/cmm/m/it/10 :[] '[][]
 []


Overfull \hbox (53.1566pt too wide) in paragraph at lines 3372--3380
\OT1/cmr/m/n/10 is a \OT1/cmr/m/it/10 monoidal \OT1/cmr/m/n/10 nat-u-ral iso-mo
r-phism be-tween the oplax-monoidal func-tors $[][] \OML/cmm/m/it/10 '[] \OMS/c
mtt/m/n/10 ^^N [] \OML/cmm/m/it/10 '[];  []^^N[]$
 []


Overfull \hbox (105.41463pt too wide) detected at line 3386
\OML/cmm/m/it/10 ^^N[]  \OT1/cmr/m/n/10 =  ([] \OML/cmm/m/it/10 '[] '[]\OT1/cmr
/m/n/10 )\OML/cmm/m/it/10 :[][]  []  \OT1/cmr/m/n/10 ([]\OML/cmm/m/it/10 ^^N\OT
1/cmr/m/n/10 )[]  []  []([] \OML/cmm/m/it/10 '[] '[]\OT1/cmr/m/n/10 )\OML/cmm/m
/it/10 :[][] \OMS/cmtt/m/n/10 
 \OT1/cmr/m/n/10 ([] \OML/cmm/m/it/10 '[] '[]\OT1/cmr/m/n/10 )\OML/cmm/m/it/10 
:[][][]:
 []


Overfull \hbox (11.74333pt too wide) in paragraph at lines 3386--3409
[]$ \OT1/cmr/m/n/10 (with $[]$ and $[]$)
 []


Overfull \hbox (157.21986pt too wide) in paragraph at lines 3410--3420
\OT1/cmr/m/n/10 argument $[]$/$\OML/cmm/m/it/10 ^^N[]$ \OT1/cmr/m/n/10 book-kee
p-ing --- which fol-lows the tem-plate of Math-lib's $[]$
 []

[242]
Overfull \hbox (58.843pt too wide) in paragraph at lines 3446--3454
\OML/cmm/m/it/10 X$\OT1/cmr/m/n/10 , writ-ing $\OML/cmm/m/it/10 a[]; a[]$ \OT1/
cmr/m/n/10 for the sheafi-fi-ca-tions and $[] = []$,
 []


Overfull \hbox (504.05612pt too wide) detected at line 3464
\OT1/cmr/m/n/10 (([] (\OML/cmm/m/it/10 h \OMS/cmtt/m/n/10 ^^N \OML/cmm/m/it/10 
f\OT1/cmr/m/n/10 ))\OML/cmm/m/it/10 :[] P\OT1/cmr/m/n/10 )\OML/cmm/m/it/10 :[] 
 \OT1/cmr/m/n/10 =  ([] \OML/cmm/m/it/10 h f\OT1/cmr/m/n/10 )\OML/cmm/m/it/10 :
[][]  []  h[][]\OT1/cmr/m/n/10 (([] \OML/cmm/m/it/10 f\OT1/cmr/m/n/10 )\OML/cmm
/m/it/10 :[] P\OT1/cmr/m/n/10 )\OML/cmm/m/it/10 :[][]  []  \OT1/cmr/m/n/10 (([]
 \OML/cmm/m/it/10 h\OT1/cmr/m/n/10 )\OML/cmm/m/it/10 :[] \OT1/cmr/m/n/10 ([] \O
ML/cmm/m/it/10 '[] P\OT1/cmr/m/n/10 ))\OML/cmm/m/it/10 :[]  []  a[]:[][]\OT1/cm
r/m/n/10 ([] \OML/cmm/m/it/10 '[] '[]\OT1/cmr/m/n/10 )\OML/cmm/m/it/10 :[][][]:

 []


Overfull \hbox (46.33498pt too wide) in paragraph at lines 3464--3472
\OT1/cmr/m/n/10 junc-tion for $\OML/cmm/m/it/10 h \OMS/cmtt/m/n/10 ^^N \OML/cmm
/m/it/10 f$ \OT1/cmr/m/n/10 and eval-u-at-ing the left-hand side by the mate id
en-tity $[]$
 []


Overfull \hbox (16.7479pt too wide) in paragraph at lines 3473--3484
[]\OT1/cmr/m/it/10 The re-duced tail goal. \OT1/cmr/m/n/10 Af-ter peel-ing the 
lead-ing pseud-o-func-to-ri-al-ity fac-tor $([] \OML/cmm/m/it/10 h f\OT1/cmr/m/
n/10 )\OML/cmm/m/it/10 :[]$\OT1/cmr/m/n/10 ,
 []

[243]
Overfull \hbox (14.16362pt too wide) in paragraph at lines 3537--3544
[]\OT1/cmr/m/it/10 Sq3 (unit-iso trans-port). \OT1/cmr/m/n/10 The monoidal-unit
 sheafi-fi-ca-tion iso-mor-phism $[]$
 []


Overfull \hbox (69.17188pt too wide) in paragraph at lines 3545--3562
\OT1/cmr/m/n/10 ([] \OML/cmm/m/it/10 h f\OT1/cmr/m/n/10 )[]$, and pro-duces the
 fi-nal $[][]([] \OML/cmm/m/it/10 h f\OT1/cmr/m/n/10 )[]\OML/cmm/m/it/10 ; \OT1
/cmr/m/n/10 ([] \OML/cmm/m/it/10 h f\OT1/cmr/m/n/10 )[][]$
 []


Overfull \hbox (28.44508pt too wide) in paragraph at lines 3545--3562
\OT1/cmr/m/n/10 fac-tor. It is \OT1/cmr/m/it/10 ab-sent from Math-lib\OT1/cmr/m
/n/10 ; but $[]$ fac-tors through $[]$ (as $[][]$
 []


Overfull \hbox (115.56297pt too wide) in paragraph at lines 3583--3587
[]\OT1/cmr/m/it/10 The $\OML/cmm/m/it/10 ^^N[]$ \OT1/cmr/m/it/10 split \OT1/cmr
/m/n/10 via $[]\OML/cmm/m/it/10 ^^N$ \OT1/cmr/m/n/10 (me-chan-i-cal): $\OML/cmm
/m/it/10 ^^N[]$ \OT1/cmr/m/n/10 be-comes $([] \OML/cmm/m/it/10 '[]\OT1/cmr/m/n/
10 )\OML/cmm/m/it/10 :[]\OT1/cmr/m/n/10 (\OML/cmm/m/it/10 ^^N[] M:[] N:[]\OT1/c
mr/m/n/10 ) []
 []

[244]
Overfull \hbox (86.063pt too wide) in paragraph at lines 3602--3613
\OT1/cmr/m/n/10 ments $[]([] \OML/cmm/m/it/10 f\OT1/cmr/m/n/10 )\OML/cmm/m/it/1
0 :[] M[] \OMS/cmtt/m/n/10 
 []\OT1/cmr/m/n/10 ([] \OML/cmm/m/it/10 f\OT1/cmr/m/n/10 )\OML/cmm/m/it/10 :[] 
N[]$\OT1/cmr/m/n/10 , whereas $\OML/cmm/m/it/10 S[]$ \OT1/cmr/m/n/10 --- the $\
OML/cmm/m/it/10 h$\OT1/cmr/m/n/10 -instance of $[]$
 []


Overfull \hbox (37.20421pt too wide) in paragraph at lines 3623--3640
[] \OML/cmm/m/it/10 f$ \OT1/cmr/m/n/10 ([][]869[][]): one side presents the dat
a through the sheaf-pullback $[]([] \OML/cmm/m/it/10 f\OT1/cmr/m/n/10 )\OML/cmm
/m/it/10 :[] M[]:[]$\OT1/cmr/m/n/10 ,
 []


Overfull \hbox (69.4388pt too wide) in paragraph at lines 3641--3655
\OT1/cmr/m/n/10 the nat-u-ral-ity of the oplax ten-so-ra-tor $\OML/cmm/m/it/10 
^^N$ \OT1/cmr/m/n/10 ([][]657[][]); the single-$[]$ pre-sen-ta-tion $[]\OML/cmm
/m/it/10 :[] \OT1/cmr/m/n/10 =
 []


Overfull \hbox (9.21739pt too wide) in paragraph at lines 3641--3655
\OML/cmm/m/it/10 a:[]\OT1/cmr/m/n/10 (\OML/cmm/m/it/10 ^^Q \OMS/cmtt/m/n/10 
 \OML/cmm/m/it/10 ^^Q\OT1/cmr/m/n/10 )$ of [][]868[][], which keeps ev-ery fac-
tor in-side one monoidal in-stance; and the $[]$
 []


Overfull \hbox (22.43361pt too wide) in paragraph at lines 3659--3677
[][]\OT1/cmr/m/n/10 637[][], to the state-ment that the canon-i-cal left-adjoin
t-uniqueness iso-mor-phism $\OML/cmm/m/it/10 H[] \OT1/cmr/m/n/10 = [] :
 []


Overfull \hbox (107.39095pt too wide) in paragraph at lines 3659--3677
\OT1/cmr/m/n/10 structure-ring map of the re-stric-tion (sec-tion-wise $\OML/cm
m/m/it/10 f:[][]$\OT1/cmr/m/n/10 ), and $\OML/cmm/m/it/10 G[] \OT1/cmr/m/n/10 =
 [][] \OML/cmm/m/it/10 f:[] X:[]  \OMS/cmtt/m/n/10 ^^N
 []


Overfull \hbox (33.91687pt too wide) in paragraph at lines 3659--3677
[] \OML/cmm/m/it/10 ^^L[]$ \OT1/cmr/m/n/10 is the re-sult-ing \OT1/cmr/m/it/10 
strong\OT1/cmr/m/n/10 -monoidal re-stric-tion func-tor (a left ad-joint of $[] 
\OML/cmm/m/it/10 '[]$\OT1/cmr/m/n/10 ,
 []

[245]
Overfull \hbox (89.25844pt too wide) detected at line 3693
\OT1/cmr/m/n/10 ([] \OML/cmm/m/it/10 '[]\OT1/cmr/m/n/10 )\OML/cmm/m/it/10 :[]:[
] \OT1/cmr/bx/n/10 1[]  []  \OT1/cmr/m/n/10 ([] \OML/cmm/m/it/10 '[]\OT1/cmr/m/
n/10 )\OML/cmm/m/it/10 :[][]^^Q\OT1/cmr/m/n/10 ([] \OML/cmm/m/it/10 '[]\OT1/cmr
/m/n/10 )[]  =  \OML/cmm/m/it/10 "\OT1/cmr/m/n/10 ([] \OML/cmm/m/it/10 '[]\OT1/
cmr/m/n/10 )\OML/cmm/m/it/10 :
 []


Overfull \hbox (139.8596pt too wide) in paragraph at lines 3698--3706
[][][]\OT1/cmr/m/n/10 This is the mate iden-tity $[]\OML/cmm/m/it/10 ^^Q$ \OT1/
cmr/m/n/10 for the ad-junc-tion $[] \OML/cmm/m/it/10 '[]$\OT1/cmr/m/n/10 ,
 []


Overfull \hbox (4.52205pt too wide) in paragraph at lines 3698--3706
\OT1/cmr/m/n/10 whose $[]$ struc-ture is sup-plied by $[]$ ([][]656[][])
 []


Overfull \hbox (99.58035pt too wide) detected at line 3751
[]\OT1/cmr/m/n/10 (([] \OML/cmm/m/it/10 adj '   H[] H[]\OT1/cmr/m/n/10 )\OML/cm
m/m/it/10 :[]:[] M\OT1/cmr/m/n/10 )\OML/cmm/m/it/10 :[] U[]:[] x  \OT1/cmr/m/n/
10 =  []\OML/cmm/m/it/10 M:[] \OT1/cmr/m/n/10 (\OML/cmm/m/it/10 adj:[]:[] U[]\O
T1/cmr/m/n/10 )[][]\OML/cmm/m/it/10 :[] x:
 []


Overfull \hbox (104.51593pt too wide) in paragraph at lines 3766--3771
\OT1/cmr/m/it/10 act dual of [][]679[][]. For the same pushforward--pushforward
 ad-junc-tion $\OML/cmm/m/it/10 F \OMS/cmtt/m/n/10 a \OML/cmm/m/it/10 G$ \OT1/c
mr/m/it/10 ($[] \OML/cmm/m/it/10 adj '   H[] H[]$\OT1/cmr/m/it/10 ),
 []

[246]
Overfull \hbox (95.33963pt too wide) detected at line 3775
[]\OT1/cmr/m/n/10 (([] \OML/cmm/m/it/10 adj '   H[] H[]\OT1/cmr/m/n/10 )\OML/cm
m/m/it/10 :[]:[] N\OT1/cmr/m/n/10 )\OML/cmm/m/it/10 :[] U[]:[] y  \OT1/cmr/m/n/
10 =  []\OML/cmm/m/it/10 N:[] \OT1/cmr/m/n/10 (\OML/cmm/m/it/10 adj:[]:[] U[]\O
T1/cmr/m/n/10 )[][]\OML/cmm/m/it/10 :[] y:
 []


Overfull \hbox (85.41187pt too wide) in paragraph at lines 3834--3854
[][][][][][][][]\OT1/cmr/m/n/10 The value lemma [][]679[][] char-ac-terises the
 ad-junc-tion unit in the canon-i-cal $[]$
 []


Overfull \hbox (100.20796pt too wide) in paragraph at lines 3834--3854
\OT1/cmr/m/n/10 form. Since the mate is ex-pressed via the ad-junc-tion $[][]$,
 we iden-tify $[][]$ with $[]$
 []

[247]
Overfull \hbox (59.49457pt too wide) detected at line 3909
\OML/cmm/m/it/10 ^^V[][] [][][] \OT1/cmr/m/n/10 (\OML/cmm/m/it/10 G[]A\OT1/cmr/
m/n/10 ) (\OML/cmm/m/it/10 G[]B\OT1/cmr/m/n/10 )  =  \OML/cmm/m/it/10 ^^V[][][]
 \OT1/cmr/m/n/10 (\OML/cmm/m/it/10 G[]A\OT1/cmr/m/n/10 ) (\OML/cmm/m/it/10 G[]B
\OT1/cmr/m/n/10 )\OML/cmm/m/it/10 :
 []


Overfull \hbox (64.48782pt too wide) in paragraph at lines 3916--3926
[][][][]\OT1/cmr/m/n/10 Crucially the two sides are \OT1/cmr/m/it/10 not \OT1/c
mr/m/n/10 sym-met-ric. The left-hand ten-so-ra-tor $\OML/cmm/m/it/10 ^^V\OT1/cm
r/m/n/10 ([] [][])$
 []


Overfull \hbox (116.80942pt too wide) in paragraph at lines 3916--3926
\OT1/cmr/m/n/10 is an ad-junc-tion \OT1/cmr/m/it/10 mate \OT1/cmr/m/n/10 of the
 strong oplax ten-so-ra-tor of $\OML/cmm/m/it/10 G[]$\OT1/cmr/m/n/10 , whereas 
the right-hand $\OML/cmm/m/it/10 ^^V\OT1/cmr/m/n/10 ([] \OML/cmm/m/it/10 '[]\OT
1/cmr/m/n/10 )$
 []


Overfull \hbox (81.65662pt too wide) in paragraph at lines 3927--3938
[]\OT1/cmr/m/n/10 We first re-duce the right-hand side at the level of \OT1/cmr
/m/it/10 mor-phisms\OT1/cmr/m/n/10 , re-plac-ing $\OML/cmm/m/it/10 ^^V\OT1/cmr/
m/n/10 ([] \OML/cmm/m/it/10 '[]\OT1/cmr/m/n/10 )$
 []

[248]
Overfull \hbox (28.11855pt too wide) in paragraph at lines 4014--4018
[][][][][][][][][]\OT1/cmr/m/it/10 Source: [Stacks Project], Mod-ules on Ringed
 Spaces, Lemma \OT1/cmtt/m/it/10 lemma-tensor-product-pullback\OT1/cmr/m/it/10 
. 
 []

[249]
Overfull \hbox (36.71384pt too wide) in paragraph at lines 4085--4118
\OT1/cmr/m/it/10 ules on Ringed Spaces, Lem-mas \OT1/cmtt/m/it/10 lemma-tensor-
product-pullback \OT1/cmr/m/it/10 and \OT1/cmtt/m/it/10 lemma-pullback-locally-
free\OT1/cmr/m/it/10 :
 []


Overfull \hbox (77.75795pt too wide) in paragraph at lines 4121--4124
[][][][][][][][][][]\OT1/cmr/m/it/10 Source: [Stacks Project], Lem-mas \OT1/cmt
t/m/it/10 lemma-tensor-product-pullback \OT1/cmr/m/it/10 and \OT1/cmtt/m/it/10 
lemma-pullback-locally-free\OT1/cmr/m/it/10 . 
 []


Overfull \hbox (73.83252pt too wide) in paragraph at lines 4179--4188
\OML/cmm/m/it/10 Q [] \OMS/cmtt/m/n/10 O[]$ \OT1/cmr/m/n/10 trans-port $[] \OML
/cmm/m/it/10 f P Q$ \OT1/cmr/m/n/10 onto the com-par-i-son on the unit pair $[]
 \OML/cmm/m/it/10 f \OMS/cmtt/m/n/10 O[] O[]$\OT1/cmr/m/n/10 ,
 []

[250] [251]

Package hyperref Warning: Token not allowed in a PDF string (Unicode):
(hyperref)                removing `math shift' on input line 4437.


Overfull \hbox (32.13467pt too wide) in paragraph at lines 4454--4455
[][]\OT1/cmr/bx/n/10 Theorem 694 \OT1/cmr/m/n/10 (Abelian--group in-stance on t
he rel-a-tive Pi-card quo-tient via $[]\OML/cmm/m/it/10 :[]:[]$\OT1/cmr/m/n/10 
)\OT1/cmr/bx/n/10 .
 []

[252]
Overfull \hbox (21.187pt too wide) in paragraph at lines 4505--4543
[][][][][][][]\OT1/cmr/m/n/10 Write $[](\OML/cmm/m/it/10 C \OMS/cmtt/m/n/10 ^^B
[] \OML/cmm/m/it/10 T\OT1/cmr/m/n/10 )$ for the set of iso-mor-phism classes of
 ob-jects of $[] \OML/cmm/m/it/10 ^^Y[] ^^Y[]$
 []


Overfull \hbox (52.97719pt too wide) in paragraph at lines 4505--4543
\OMS/cmtt/m/n/10 
[]$\OT1/cmr/m/n/10 . (The scheme-level Pi-card group is gen-uinely ab-sent from
 Math-lib --- \OT1/cmtt/m/n/10 Mathlib.RingTheory.PicardGroup
 []

[253]
Overfull \hbox (80.9194pt too wide) in paragraph at lines 4575--4582
[]\OT1/cmr/bx/n/10 The sheafi-fied rel-a-tive Pi-card func-tor and its abelian-
group tar-get \OT1/cmr/m/n/10 (\OT1/cmtt/m/n/10 rel[]pic[]etale[]sheafification
\OT1/cmr/m/n/10 ,
 []

[254] [255]
Overfull \hbox (12.47754pt too wide) in paragraph at lines 4763--4774
[]\OT1/cmr/m/n/10 A struc-tural point gov-erns the whole con-struc-tion. The na
ive rule $\OML/cmm/m/it/10 U \OMS/cmtt/m/n/10 7! [][]\OT1/cmr/m/n/10 (\OML/cmm/
m/it/10 M\OT1/cmr/m/n/10 (\OML/cmm/m/it/10 U\OT1/cmr/m/n/10 )\OML/cmm/m/it/10 ;
 N\OT1/cmr/m/n/10 (\OML/cmm/m/it/10 U\OT1/cmr/m/n/10 ))$
 []

[256]
Overfull \hbox (99.76483pt too wide) in paragraph at lines 4950--4954
\OT1/cmr/m/it/10 This semi-lin-ear-ity is the com-pat-i-bil-ity da-tum that the
 presheaf as-sem-bly of [][]697[][] (through $[]$
 []

[257]
Overfull \hbox (9.14919pt too wide) in paragraph at lines 5058--5082
\OT1/cmr/m/it/10 ules on Ringed Spaces'', \TS1/cmr/m/it/10 �\OT1/cmr/m/it/10 In
ternal Hom (tag area 01CM). Let $\OML/cmm/m/it/10 X$ \OT1/cmr/m/it/10 be a sche
me, $\OML/cmm/m/it/10 R \OT1/cmr/m/n/10 = \OML/cmm/m/it/10 X:[]$\OT1/cmr/m/it/1
0 ,
 []

[258] [259]
Overfull \hbox (10.83401pt too wide) in paragraph at lines 5212--5223
\OT1/cmr/m/it/10 structure-presheaf nat-u-ral trans-for-ma-tion with com-po-nen
ts $\OML/cmm/m/it/10 [] \OT1/cmr/m/n/10 = (\OML/cmm/m/it/10 f:[] U\OT1/cmr/m/n
/10 )\OML/cmm/m/it/10 :[]$\OT1/cmr/m/it/10 , a $[]$-
 []


Overfull \hbox (7.574pt too wide) in paragraph at lines 5212--5223
\OT1/cmr/m/it/10 level ring iso-mor-phism, and $\OML/cmm/m/it/10 ^^L \OT1/cmr/m
/n/10 = [] \OML/cmm/m/it/10  \OT1/cmr/m/n/10 ([][] [] [])$ \OT1/cmr/m/it/10 fo
r its $[]$-
 []


Overfull \hbox (46.48015pt too wide) in paragraph at lines 5240--5247
\OT1/cmr/m/n/10 mod-ule --- the $\OMS/cmtt/m/n/10 O[]\OT1/cmr/m/n/10 (\OML/cmm/
m/it/10 V\OT1/cmr/m/n/10 )$-module in-her-ited from $[] \OML/cmm/m/it/10 ^^L$ \
OT1/cmr/m/n/10 --- and the right-hand $[]$,
 []

[260] [261]
Overfull \hbox (105.78267pt too wide) in paragraph at lines 5395--5401
\OT1/cmr/m/it/10 and $\OML/cmm/m/it/10 W[] \OMS/cmtt/m/n/10 ^^R \OML/cmm/m/it/1
0 Y$ \OT1/cmr/m/it/10 an open. The lax-monoidal unit $\OML/cmm/m/it/10 "$ \OT1/
cmr/m/it/10 of the change-of-rings func-tor $[] []\OT1/cmr/m/n/10 (\OML/cmm/m/i
t/10 f:[] W[]\OT1/cmr/m/n/10 )\OML/cmm/m/it/10 :[]:[][]$\OT1/cmr/m/it/10 ,
 []

[262]
Overfull \hbox (215.9175pt too wide) detected at line 5463
[] \OML/cmm/m/it/10 f W[]  \OT1/cmr/m/n/10 :=  [][]\OML/cmm/m/it/10 "\OT1/cmr/m
/n/10 ([] (\OML/cmm/m/it/10 f:[] W[]\OT1/cmr/m/n/10 )\OML/cmm/m/it/10 :[]:[]\OT
1/cmr/m/n/10 )[]  [] []  ([] (\OML/cmm/m/it/10 f:[] W[]\OT1/cmr/m/n/10 )[])(\OT
1/cmr/bx/n/10 1[]\OT1/cmr/m/n/10 (\OML/cmm/m/it/10 fW[]\OT1/cmr/m/n/10 ))  [][]
\OMS/cmtt/m/n/10 !  \OT1/cmr/bx/n/10 1[]\OT1/cmr/m/n/10 (\OML/cmm/m/it/10 W[]\O
T1/cmr/m/n/10 )\OML/cmm/m/it/10 ;
 []


Overfull \hbox (63.83105pt too wide) in paragraph at lines 5477--5484
[][]\OT1/cmr/bx/n/10 Definition 711 \OT1/cmr/m/n/10 (Leg-(B) unit ring-iso swap
, re-verse ($\OML/cmm/m/it/10 "$ \OT1/cmr/m/n/10 it-self))\OT1/cmr/bx/n/10 . []
[]\OT1/cmr/m/n/10 The re-verse map $[] \OML/cmm/m/it/10 f W[] \OT1/cmr/m/n/10 :
=
 []


Overfull \hbox (248.01465pt too wide) detected at line 5504
[] \OML/cmm/m/it/10 f W[]  \OT1/cmr/m/n/10 :=  [][]\OML/cmm/m/it/10 "\OT1/cmr/m
/n/10 ([] (\OML/cmm/m/it/10 f:[] W[]\OT1/cmr/m/n/10 )\OML/cmm/m/it/10 :[]:[]\OT
1/cmr/m/n/10 )[]  [] []  ([] (\OML/cmm/m/it/10 f:[] W[]\OT1/cmr/m/n/10 )\OML/cm
m/m/it/10 :[]\OT1/cmr/m/n/10 )(\OT1/cmr/bx/n/10 1[]\OT1/cmr/m/n/10 (\OML/cmm/m/
it/10 W[]\OT1/cmr/m/n/10 ))  [][]\OMS/cmtt/m/n/10 !  \OT1/cmr/bx/n/10 1[]\OT1/c
mr/m/n/10 (\OML/cmm/m/it/10 fW[]\OT1/cmr/m/n/10 )\OML/cmm/m/it/10 ;
 []


Overfull \hbox (290.40596pt too wide) detected at line 5529
[] \OML/cmm/m/it/10 e  \OT1/cmr/m/n/10 :=  [][]\OML/cmm/m/it/10 "\OT1/cmr/m/n/1
0 ([] (\OML/cmm/m/it/10 X:[]:[] \OT1/cmr/m/n/10 ([] \OML/cmm/m/it/10 e\OT1/cmr/
m/n/10 ))\OML/cmm/m/it/10 :[]\OT1/cmr/m/n/10 )[]  [] []  [][] (\OML/cmm/m/it/10
 X:[]:[] \OT1/cmr/m/n/10 ([] \OML/cmm/m/it/10 e\OT1/cmr/m/n/10 ))[](\OT1/cmr/bx
/n/10 1[]\OT1/cmr/m/n/10 (\OML/cmm/m/it/10 b\OT1/cmr/m/n/10 ))  [][]\OMS/cmtt/m
/n/10 !  \OT1/cmr/bx/n/10 1[]\OT1/cmr/m/n/10 (\OML/cmm/m/it/10 a\OT1/cmr/m/n/10
 )\OML/cmm/m/it/10 ;
 []


Overfull \hbox (64.38347pt too wide) in paragraph at lines 5548--5551
[][]\OT1/cmr/bx/n/10 Lemma 714 \OT1/cmr/m/n/10 (Round-trip of the swap pair, $[
] \OMS/cmtt/m/n/10 ^^N []$\OT1/cmr/m/n/10 )\OT1/cmr/bx/n/10 . [][][]$[] \OML/cm
m/m/it/10 f W[] \OMS/cmtt/m/n/10 ^^N [] \OML/cmm/m/it/10 f W[] \OT1/cmr/m/n/10 
=
 []

[263]
Overfull \hbox (64.38347pt too wide) in paragraph at lines 5562--5565
[][]\OT1/cmr/bx/n/10 Lemma 715 \OT1/cmr/m/n/10 (Round-trip of the swap pair, $[
] \OMS/cmtt/m/n/10 ^^N []$\OT1/cmr/m/n/10 )\OT1/cmr/bx/n/10 . [][][]$[] \OML/cm
m/m/it/10 f W[] \OMS/cmtt/m/n/10 ^^N [] \OML/cmm/m/it/10 f W[] \OT1/cmr/m/n/10 
=
 []


Overfull \hbox (234.11125pt too wide) detected at line 5670
\OML/cmm/m/it/10 M:[]\OT1/cmr/m/n/10 ([])  \OMS/cmtt/m/n/10 ^^N  \OT1/cmr/m/n/1
0 ([] (\OML/cmm/m/it/10 f:[] P\OT1/cmr/m/n/10 )\OML/cmm/m/it/10 :[]\OT1/cmr/m/n
/10 )\OML/cmm/m/it/10 :[][] [][]  \OMS/cmtt/m/n/10 ^^N  [] \OML/cmm/m/it/10 f P
  \OMS/cmtt/m/n/10 ^^N  [] \OT1/cmr/m/n/10 ([] \OML/cmm/m/it/10 he:[]\OT1/cmr/m
/n/10 )\OML/cmm/m/it/10 ;
 []


Overfull \hbox (22.9287pt too wide) in paragraph at lines 5670--5685
\OT1/cmr/m/n/10 ([][]712[][]), the in-verse of $\OML/cmm/m/it/10 "$ \OT1/cmr/m/
n/10 in the $[]$-direction ([][]708[][]). The fourth leg $[] ([] \OML/cmm/m/it/
10 he:[]\OT1/cmr/m/n/10 )$
 []

[264]
Overfull \hbox (76.57593pt too wide) in paragraph at lines 5721--5730
\OT1/cmr/m/it/10 It is the clean-statement ex-trac-tion whose $[]$ (by de-feq) 
closes the $[]$ field of $[]$. 
 []

[265]
Overfull \hbox (135.18799pt too wide) detected at line 5777
[][] \OML/cmm/m/it/10 f M V '[]:[] W \OT1/cmr/m/n/10 (\OML/cmm/m/it/10 z\OT1/cm
r/m/n/10 )  =  ([] \OML/cmm/m/it/10 f W[]\OT1/cmr/m/n/10 )\OML/cmm/m/it/10 :[][
]':[][][] \OT1/cmr/m/n/10 (\OML/cmm/m/it/10 f:[] W:[]\OT1/cmr/m/n/10 )[] (\OML/
cmm/m/it/10 z\OT1/cmr/m/n/10 )[]\OML/cmm/m/it/10 ;
 []


Overfull \hbox (25.05544pt too wide) in paragraph at lines 5777--5785
[] \OML/cmm/m/it/10 f W[]$ \OT1/cmr/m/it/10 ([][]710[][], the $\OT1/cmr/m/n/10 
(\OML/cmm/m/it/10 f:[] W[]\OT1/cmr/m/n/10 )\OML/cmm/m/it/10 :[]$ \OT1/cmr/m/it/
10 con-ju-ga-tion); the in-ter-ven-ing $[]$
 []


Overfull \hbox (7.95822pt too wide) in paragraph at lines 5796--5801
\OT1/cmr/m/it/10 no ex-ter-nal ref-er-ence. The un-der-ly-ing map of the codoma
in unit ring-swap $[] \OML/cmm/m/it/10 f W[]$
 []


Overfull \hbox (46.27943pt too wide) in paragraph at lines 5809--5816
[][]$[]$ \OT1/cmr/m/n/10 is the cat-e-gor-i-cal in-verse of the unit $\OML/cmm/
m/it/10 "$\OT1/cmr/m/n/10 , and $\OML/cmm/m/it/10 "\OT1/cmr/m/n/10 ([] (\OML/cm
m/m/it/10 f:[] W[]\OT1/cmr/m/n/10 )[])$
 []


Overfull \hbox (71.89839pt too wide) detected at line 5831
\OT1/cmr/m/n/10 (\OML/cmm/m/it/10 f [] g\OT1/cmr/m/n/10 )\OML/cmm/m/it/10 :[] U
  \OT1/cmr/m/n/10 =  \OML/cmm/m/it/10 Z:[]:[][][] \OT1/cmr/m/n/10 ([] \OML/cmm/
m/it/10 f g U\OT1/cmr/m/n/10 )[][] [] \OML/cmm/m/it/10 g:[][]f:[] U[] [] f:[] U
;
 []


Overfull \hbox (407.65334pt too wide) detected at line 5855
[][] \OT1/cmr/m/n/10 (\OML/cmm/m/it/10 h [] f\OT1/cmr/m/n/10 ) \OML/cmm/m/it/10
 M V '[]:[] W \OT1/cmr/m/n/10 (\OML/cmm/m/it/10 z\OT1/cmr/m/n/10 )  =  ([] \OML
/cmm/m/it/10 h W[]\OT1/cmr/m/n/10 )\OML/cmm/m/it/10 :[][]\OT1/cmr/m/n/10 ([] \O
ML/cmm/m/it/10 f \OT1/cmr/m/n/10 (\OML/cmm/m/it/10 h:[] W[]\OT1/cmr/m/n/10 ))\O
ML/cmm/m/it/10 :[][]^^Z[]':[]\OT1/cmr/m/n/10 ([] ((\OML/cmm/m/it/10 h [] f\OT1/
cmr/m/n/10 )\OML/cmm/m/it/10 :[] W:[]\OT1/cmr/m/n/10 )) (\OML/cmm/m/it/10 z\OT1
/cmr/m/n/10 )[][][]\OML/cmm/m/it/10 ;
 []

[266]
Overfull \hbox (60.60387pt too wide) detected at line 5902
\OT1/cmr/m/n/10 (\OML/cmm/m/it/10 f:[] V\OT1/cmr/m/n/10 )\OML/cmm/m/it/10 :[][]
\OT1/cmr/m/n/10 (\OML/cmm/m/it/10 X:[]:[] \OT1/cmr/m/n/10 (\OML/cmm/m/it/10 f:[
][] i\OT1/cmr/m/n/10 )) \OML/cmm/m/it/10 w[]  \OT1/cmr/m/n/10 =  (\OML/cmm/m/it
/10 Y:[]:[] i\OT1/cmr/m/n/10 )[](\OML/cmm/m/it/10 f:[] U\OT1/cmr/m/n/10 )\OML/c
mm/m/it/10 :[] w[]:
 []


Overfull \hbox (31.47029pt too wide) in paragraph at lines 5932--5941
\OT1/cmr/m/n/10 crete el-e-ment equa-tion closed by two in-gre-di-ents: $\OML/c
mm/m/it/10 '$\OT1/cmr/m/n/10 -naturality ($[]$)
 []


Overfull \hbox (22.80872pt too wide) in paragraph at lines 5932--5941
\OT1/cmr/m/n/10 at the $\OML/cmm/m/it/10 f$\OT1/cmr/m/n/10 -image of $\OML/cmm/
m/it/10 f[]$ \OT1/cmr/m/n/10 in the $\OML/cmm/m/it/10 X$\OT1/cmr/m/n/10 -slice 
(the in-dex-ing tri-an-gle pinned by the thin-poset $[]$),
 []


Overfull \hbox (62.11617pt too wide) in paragraph at lines 5946--5966
[][][][]\OT1/cmr/m/it/10 Source: [Stacks Project], ``Mod-ules on Ringed Spaces'
', \TS1/cmr/m/it/10 �\OT1/cmr/m/it/10 Internal Hom, Lemma \OT1/cmtt/m/it/10 lem
ma-pullback-internal-hom
 []

[267]
Overfull \hbox (55.08754pt too wide) in paragraph at lines 5975--5986
[][][][]\OT1/cmr/m/n/10 This is the clas-si-cal internal-hom base-change iso-mo
r-phism $\OML/cmm/m/it/10 f[]\OMS/cmtt/m/n/10 H \OML/cmm/m/it/10 om[]\OT1/cmr/m
/n/10 (\OML/cmm/m/it/10 M; \OMS/cmtt/m/n/10 O[]\OT1/cmr/m/n/10 ) [] \OMS/cmtt/m
/n/10 H \OML/cmm/m/it/10 om[]\OT1/cmr/m/n/10 (\OML/cmm/m/it/10 f[]M; f[]\OMS/cm
tt/m/n/10 O[]\OT1/cmr/m/n/10 )$
 []

[268]
Overfull \hbox (23.10866pt too wide) in paragraph at lines 6092--6100
[]\OT1/cmr/m/n/10 It is worth record-ing \OT1/cmr/m/it/10 why \OT1/cmr/m/n/10 t
he strong-monoidal re-stric-tion (\OT1/cmtt/m/n/10 presheaf[]pushforward[]adj[]
substrate\OT1/cmr/m/n/10 )
 []


Overfull \hbox (53.61537pt too wide) in paragraph at lines 6101--6107
[]\OT1/cmr/m/n/10 We cau-tion that the naive ``fixed-value-category slice equiv
-a-lence'' of \OT1/cmtt/m/n/10 open[]immersion[]slice[]sheaf[]equiv
 []

[269]
Overfull \hbox (8.85716pt too wide) in paragraph at lines 6115--6129
\OT1/cmr/m/n/10 surjective open im-mer-sion, which is a lo-cal-iza-tion), and a
n ex-act pair-ing $[] \OML/cmm/m/it/10 M \OT1/cmr/m/n/10 ([] \OML/cmm/m/it/10 M
\OT1/cmr/m/n/10 )$
 []


Overfull \hbox (19.21928pt too wide) in paragraph at lines 6167--6183
\OT1/cmr/m/it/10 Lemma \OT1/cmtt/m/it/10 lemma-constructions-invertible \OT1/cm
r/m/it/10 (item 2). Let $\OML/cmm/m/it/10 X$ \OT1/cmr/m/it/10 be a scheme and $
\OML/cmm/m/it/10 L \OMS/cmtt/m/n/10 2 []\OML/cmm/m/it/10 :[] X$
 []

[270]
Overfull \hbox (48.85701pt too wide) in paragraph at lines 6260--6265
\OT1/cmr/m/it/10 the equal-ity pow-er-ing the $[]$-conjugations of $[]$ (\OT1/c
mtt/m/it/10 scheme[]modules[]hom[]local[]section\OT1/cmr/m/it/10 )
 []

[271] [272]
Overfull \hbox (26.35298pt too wide) in paragraph at lines 6452--6481
[]\OT1/cmr/m/n/10 Two sup-port-ing bridges or-gan-ise the squares. \OT1/cmr/m/i
t/10 Bridge B1 \OT1/cmr/m/n/10 ([][]767[][]) iden-ti-fies $[] \OML/cmm/m/it/10 
f$
 []


Overfull \hbox (20.92763pt too wide) in paragraph at lines 6452--6481
\OT1/cmr/m/n/10 with the trans-ported com-par-i-son: it is the \OT1/cmr/m/it/10
 di-rect \OT1/cmr/m/n/10 con-ju-gate fac-tori-sa-tion $[] \OML/cmm/m/it/10 f \O
T1/cmr/m/n/10 =
 []


Overfull \hbox (84.62231pt too wide) in paragraph at lines 6452--6481
\OT1/cmr/m/n/10 to-gether with nat-u-ral-ity $[]$ ([][]663[][]), trans-ported b
ack along $[]$
 []

[273]
Overfull \hbox (0.76024pt too wide) in paragraph at lines 6496--6502
\OT1/cmr/m/n/10 defined as the com-pos-ite $([] \OML/cmm/m/it/10 h[]\OT1/cmr/m/
n/10 )[] [] [] \OML/cmm/m/it/10 j ^^S[]$\OT1/cmr/m/n/10 : the (Math-
 []


Overfull \hbox (67.17519pt too wide) in paragraph at lines 6523--6541
\OT1/cmr/m/it/10 ence legs oc-cur. The $[]$-component is recorded sep-a-rately 
as $[]$
 []


Overfull \hbox (41.02321pt too wide) in paragraph at lines 6543--6555
[][][]\OT1/cmr/m/n/10 This is the gen-eral pseud-o-func-to-ri-al-ity co-her-enc
e of the com-par-i-son $[]$:
 []


Overfull \hbox (54.02347pt too wide) in paragraph at lines 6543--6555
\OT1/cmr/m/n/10 ing the base change along a com-pos-ite with the com-pos-ite of
 base changes, and $[]$
 []


Overfull \hbox (9.91202pt too wide) in paragraph at lines 6570--6595
[][][][][][][][]\OT1/cmr/m/n/10 This is a gen-eral co-her-ence of the pseud-o-f
unc-tor com-par-i-son $[]$.
 []

[274]
Overfull \hbox (34.66382pt too wide) in paragraph at lines 6614--6624
\OT1/cmr/m/it/10 where $\OML/cmm/m/it/10 c[] \OT1/cmr/m/n/10 = []([] \OML/cmm/m
/it/10 h[]\OT1/cmr/m/n/10 )[][]\OML/cmm/m/it/10 :[]:[] A$\OT1/cmr/m/it/10 , $\O
ML/cmm/m/it/10 c[] \OT1/cmr/m/n/10 = ([] \OML/cmm/m/it/10 j ^^S[]\OT1/cmr/m/n/1
0 )\OML/cmm/m/it/10 :[]:[] A$\OT1/cmr/m/it/10 ,
 []


Overfull \hbox (195.95334pt too wide) in paragraph at lines 6614--6624
\OML/cmm/m/it/10 c[] \OT1/cmr/m/n/10 = ([] \OML/cmm/m/it/10 j\OT1/cmr/m/n/10 )[
]([] \OML/cmm/m/it/10 ^^S[]\OT1/cmr/m/n/10 )\OML/cmm/m/it/10 :[]:[] A[]$\OT1/cm
r/m/it/10 , $\OML/cmm/m/it/10 c[] \OT1/cmr/m/n/10 = ([] \OML/cmm/m/it/10 j\OT1/
cmr/m/n/10 )\OML/cmm/m/it/10 :[]:[] []\OT1/cmr/m/n/10 ([] \OML/cmm/m/it/10 ^^S[
]\OT1/cmr/m/n/10 )\OML/cmm/m/it/10 :[] A[]$\OT1/cmr/m/it/10 ,
 []


Overfull \hbox (12.11865pt too wide) in paragraph at lines 6630--6642
[][][][][][][][][][][]\OT1/cmr/m/n/10 It suf-fices to prove the un-der-ly-ing i
den-tity of nat-u-ral trans-for-ma-tions $[] \OML/cmm/m/it/10 ^^S[] \OMS/cmtt/m
/n/10 )
 []


Overfull \hbox (54.07245pt too wide) in paragraph at lines 6630--6642
\OT1/cmr/m/n/10 the con-ju-ga-tion bi-jec-tion $[] ([] \OML/cmm/m/it/10 ^^S[]\O
T1/cmr/m/n/10 ) ([] \OML/cmm/m/it/10 ^^S[]\OT1/cmr/m/n/10 )$
 []


Overfull \hbox (174.3638pt too wide) in paragraph at lines 6643--6658
\OT1/cmr/m/n/10 ([] \OML/cmm/m/it/10 ^^S[]\OT1/cmr/m/n/10 )\OML/cmm/m/it/10 :[]
 \OT1/cmr/m/n/10 ([] \OML/cmm/m/it/10 j\OT1/cmr/m/n/10 )$, $\OML/cmm/m/it/10 G[
] \OT1/cmr/m/n/10 = ([] \OML/cmm/m/it/10 ^^S[]\OT1/cmr/m/n/10 )\OML/cmm/m/it/10
 :[] \OT1/cmr/m/n/10 ([] \OML/cmm/m/it/10 j\OT1/cmr/m/n/10 )$,
 []


Overfull \hbox (1.64658pt too wide) in paragraph at lines 6643--6658
\OML/cmm/m/it/10 G[] \OT1/cmr/m/n/10 = ([] \OML/cmm/m/it/10 ^^S[]\OT1/cmr/m/n/1
0 )\OML/cmm/m/it/10 :[] \OT1/cmr/m/n/10 ([] \OML/cmm/m/it/10 j\OT1/cmr/m/n/10 )
$, $\OML/cmm/m/it/10 G[] \OT1/cmr/m/n/10 =
 []

[275]
Overfull \hbox (303.25677pt too wide) in paragraph at lines 6683--6689
\OT1/cmr/m/it/10 open im-mer-sions. Un-der the con-ju-ga-tion be-tween the com-
pos-ite pull-back ad-junc-tion $\OT1/cmr/m/n/10 ([] \OML/cmm/m/it/10 g\OT1/cmr/
m/n/10 )\OML/cmm/m/it/10 :[] \OT1/cmr/m/n/10 ([] \OML/cmm/m/it/10 f\OT1/cmr/m/n
/10 )$
 []


Overfull \hbox (66.09532pt too wide) in paragraph at lines 6695--6705
\OT1/cmr/m/n/10 hom-groups only for-mally; con-cretely, ap-ply it to the iden-t
ity $([] \OML/cmm/m/it/10 f g\OT1/cmr/m/n/10 )\OML/cmm/m/it/10 :[] [] \OT1/cmr/
m/n/10 ([] \OML/cmm/m/it/10 f g\OT1/cmr/m/n/10 )\OML/cmm/m/it/10 :[] \OT1/cmr/m
/n/10 =
 []


Overfull \hbox (182.17422pt too wide) in paragraph at lines 6710--6714
\OT1/cmr/m/it/10 im-mer-sion $\OML/cmm/m/it/10 f$\OT1/cmr/m/it/10 , the con-ju-
gate of the com-par-i-son hom un-der $[] \OT1/cmr/m/n/10 ([] \OML/cmm/m/it/10 f
\OT1/cmr/m/n/10 ) ([] \OML/cmm/m/it/10 f\OT1/cmr/m/n/10 )$
 []


Overfull \hbox (82.85841pt too wide) in paragraph at lines 6744--6752
[][][]\OT1/cmr/m/n/10 Since $[] \OML/cmm/m/it/10 ^^S[]$ \OT1/cmr/m/n/10 is the 
left-adjoint-uniqueness com-par-i-son of $[] \OML/cmm/m/it/10 ^^S[]$
 []


Overfull \hbox (8.25806pt too wide) in paragraph at lines 6766--6773
\OT1/cmr/m/n/10 its con-ju-gate is given by the unit tri-an-gle $[]$ ([][]755[]
[]). The $[]$
 []

[276]
Overfull \hbox (25.21683pt too wide) detected at line 6839
\OT1/cmr/m/n/10 ([] [][] [][])[] [] ([] [][] [][])[] = ([] [][] [][])[]\OML/cmm
/m/it/10 :
 []


Overfull \hbox (17.17912pt too wide) in paragraph at lines 6846--6852
\OT1/cmr/m/it/10 ite equals the ver-ti-cal com-pos-ite of the mates: $[] [][] [
][] \OT1/cmr/m/n/10 (\OML/cmm/m/it/10  \OMS/cmtt/m/n/10 ^^A[] \OML/cmm/m/it/10
 ^^L\OT1/cmr/m/n/10 ) = ([] [][] [][] \OML/cmm/m/it/10 \OT1/cmr/m/n/10 ) \OMS/
cmtt/m/n/10 ^^A[]
 []


Overfull \hbox (0.23293pt too wide) in paragraph at lines 6874--6880
\OT1/cmr/m/n/10 ([] \OML/cmm/m/it/10 g\OT1/cmr/m/n/10 )\OML/cmm/m/it/10 :[] \OT
1/cmr/m/n/10 ([] \OML/cmm/m/it/10 f\OT1/cmr/m/n/10 )$ \OT1/cmr/m/it/10 and the 
pull-
 []

[277]
Overfull \hbox (22.26889pt too wide) in paragraph at lines 6953--6959
[]\OT1/cmr/m/n/10 Pure cat-e-gory al-ge-bra. Rewrite the unit-form fac-tor as t
he ad-junc-tion trans-pose $[]\OML/cmm/m/it/10 :[]:[] P []
 []


Overfull \hbox (327.47765pt too wide) detected at line 6977
[] []\OT1/cmr/m/n/10 ([] \OML/cmm/m/it/10 g\OT1/cmr/m/n/10 )\OML/cmm/m/it/10 :[
] \OT1/cmr/m/n/10 ([] \OML/cmm/m/it/10 f\OT1/cmr/m/n/10 )[] ([] (\OML/cmm/m/it/
10 f [] g\OT1/cmr/m/n/10 )) ([] \OML/cmm/m/it/10 f g\OT1/cmr/m/n/10 )\OML/cmm/m
/it/10 :[] \OT1/cmr/m/n/10 = ([] \OML/cmm/m/it/10 f g\OT1/cmr/m/n/10 )\OML/cmm/
m/it/10 :[]:
 []


Overfull \hbox (39.50896pt too wide) in paragraph at lines 6977--6984
\OT1/cmr/m/it/10 avail-able for the pull-back world only be-cause $[]$ is \OT1/
cmr/m/n/10 def-i-ni-tion-ally equal \OT1/cmr/m/it/10 to $[]$,
 []


Overfull \hbox (7.27232pt too wide) in paragraph at lines 6988--7003
[]\OT1/cmr/m/n/10 Both $[]$ and $[]$ are sec-tion-wise $[]$/identity maps:
 []

[278] [279]
Overfull \hbox (150.73367pt too wide) detected at line 7161
\OML/cmm/m/it/10 H[]:[]:[] M[]  \OT1/cmr/m/n/10 =  \OML/cmm/m/it/10 ^^Q[] [] []
[]\OT1/cmr/m/n/10 ([] \OML/cmm/m/it/10 f M\OT1/cmr/m/n/10 )\OML/cmm/m/it/10 :[]
[] [] [][]\OT1/cmr/m/n/10 (([] \OML/cmm/m/it/10 f\OT1/cmr/m/n/10 )\OML/cmm/m/it
/10 :[] M\OT1/cmr/m/n/10 )\OML/cmm/m/it/10 :[][];
 []


Overfull \hbox (37.93126pt too wide) in paragraph at lines 7161--7167
\OT1/cmr/m/it/10 level pull-back com-par-i-son, and the maps are trans-ported t
hrough the for-get-ful func-tor $[]\OML/cmm/m/it/10 :[] Y \OMS/cmtt/m/n/10 !
 []


Overfull \hbox (15.18013pt too wide) in paragraph at lines 7175--7203
\OT1/cmr/m/n/10 ex-panded by the unit for-mula. Rewrit-ing $[]$ ([][]869[][]) a
nd $[]$
 []


Overfull \hbox (30.99959pt too wide) in paragraph at lines 7175--7203
[]$ \OT1/cmr/m/n/10 ([][]753[][]) and tran-si-tiv-ity $[]$ ([][]751[][]), the $
[]$
 []

[280]
Overfull \hbox (425.98888pt too wide) detected at line 7221
[][]\OT1/cmr/m/n/10 ([] \OML/cmm/m/it/10 f\OT1/cmr/m/n/10 )\OML/cmm/m/it/10 :[]
:[] M[] \OT1/cmr/m/n/10 = ([] \OML/cmm/m/it/10 '[]\OT1/cmr/m/n/10 )\OML/cmm/m/i
t/10 :[]:[] M[] [] \OT1/cmr/m/n/10 ([] \OML/cmm/m/it/10 '[]\OT1/cmr/m/n/10 )\OM
L/cmm/m/it/10 :[][]^^Q[] [] []\OT1/cmr/m/n/10 (([] \OML/cmm/m/it/10 f M\OT1/cmr
/m/n/10 )\OML/cmm/m/it/10 :[]\OT1/cmr/m/n/10 )[]\OML/cmm/m/it/10 ;
 []


Overfull \hbox (13.32623pt too wide) in paragraph at lines 7229--7235
[]\OT1/cmr/m/n/10 ([] \OML/cmm/m/it/10 '\OT1/cmr/m/n/10 ) ([] \OML/cmm/m/it/10 
'\OT1/cmr/m/n/10 )$),
 []


Overfull \hbox (282.58974pt too wide) detected at line 7241
\OT1/cmr/m/n/10 ([] \OML/cmm/m/it/10 '\OT1/cmr/m/n/10 )\OML/cmm/m/it/10 :[]:[] 
M \OT1/cmr/m/n/10 = ([] \OML/cmm/m/it/10 f M\OT1/cmr/m/n/10 )\OML/cmm/m/it/10 :
[] \OT1/cmr/m/n/10 = []\OML/cmm/m/it/10 :[]:[] M[] [] \OT1/cmr/m/n/10 ([] \OML/
cmm/m/it/10 '\OT1/cmr/m/n/10 )\OML/cmm/m/it/10 :[] \OT1/cmr/m/n/10 (\OML/cmm/m/
it/10 "[]\OT1/cmr/m/n/10 )\OML/cmm/m/it/10 ;  " \OT1/cmr/m/n/10 := ([][])\OML/c
mm/m/it/10 :[];
 []


Overfull \hbox (126.67696pt too wide) in paragraph at lines 7248--7262
[]\OT1/cmr/m/n/10 The iden-tity is the $[]$ ana-logue of Math-lib's $[]$
 []


Overfull \hbox (15.00755pt too wide) in paragraph at lines 7262--7268
[]\OT1/cmr/m/n/10 Transpose along the \OT1/cmr/m/it/10 in-ner-most \OT1/cmr/m/n
/10 ad-junc-tion $[] \OML/cmm/m/it/10 '[]$ \OT1/cmr/m/n/10 (the presheaf-
 []


Overfull \hbox (132.8122pt too wide) in paragraph at lines 7262--7268
\OT1/cmr/m/n/10 level one whose $[]$ the crux $\OML/cmm/m/it/10 H[]$ \OT1/cmr/m
/n/10 al-ready uses), via $[]([] \OML/cmm/m/it/10 '[]\OT1/cmr/m/n/10 )\OML/cmm/
m/it/10 :[] [] [][]:[]$
 []


Overfull \hbox (79.95158pt too wide) in paragraph at lines 7268--7275
[]\OT1/cmr/m/n/10 Feed the defin-ing unit tri-an-gle of the com-pos-ite com-par
-i-son, $[] := [] \OML/cmm/m/it/10 A B M[]$
 []


Overfull \hbox (96.67213pt too wide) in paragraph at lines 7268--7275
[] [][]$ \OT1/cmr/m/n/10 (the two com-pos-ite ad-junc-tions whose left-adjoint 
com-par-i-son \OT1/cmr/m/it/10 is $[]$\OT1/cmr/m/n/10 ,
 []

[281]
Overfull \hbox (243.54457pt too wide) detected at line 7303
[] \OML/cmm/m/it/10 f M N \OT1/cmr/m/n/10 = [][] \OML/cmm/m/it/10 f[]:[] \OT1/c
mr/m/n/10 (\OML/cmm/m/it/10 M \OMS/cmtt/m/n/10 
[] \OML/cmm/m/it/10 N\OT1/cmr/m/n/10 ) [] [][][] \OML/cmm/m/it/10 f M N[] [] []
 ^^Z[] ^^Z[];
 []


Overfull \hbox (48.0703pt too wide) in paragraph at lines 7303--7308
\OT1/cmr/m/it/10 where $\OML/cmm/m/it/10 ^^Z[] \OT1/cmr/m/n/10 := ([] \OML/cmm/
m/it/10 f\OT1/cmr/m/n/10 )\OML/cmm/m/it/10 :[] M$ \OT1/cmr/m/it/10 is the per-l
eg com-par-i-son and $[] \OML/cmm/m/it/10 f$
 []


Overfull \hbox (83.55486pt too wide) in paragraph at lines 7310--7323
\OT1/cmr/m/n/10 ([][]658[][]) is built from the iden-ti-cal pre-fix fol-lowed b
y the sheafi-fied oplax ten-so-ra-tor $\OML/cmm/m/it/10 ^^N[][] '[][]$
 []


Overfull \hbox (73.52841pt too wide) in paragraph at lines 7324--7340
\OT1/cmr/m/n/10 ra-tor $\OML/cmm/m/it/10 ^^V[][][][][] [] [] ^^L[][]$ \OT1/cmr/
m/n/10 that forms the tail of $[] \OML/cmm/m/it/10 f$\OT1/cmr/m/n/10 .
 []


Overfull \hbox (74.73065pt too wide) in paragraph at lines 7341--7349
[]\OT1/cmr/m/n/10 ([] \OML/cmm/m/it/10 f\OT1/cmr/m/n/10 )$ is de-fined; the per
-leg com-par-isons $\OML/cmm/m/it/10 ^^Z[] \OT1/cmr/m/n/10 = ([] \OML/cmm/m/it/
10 f\OT1/cmr/m/n/10 )\OML/cmm/m/it/10 :[] M$
 []

[282]
Overfull \hbox (43.15047pt too wide) in paragraph at lines 7374--7378
\OT1/cmr/m/it/10 commutes, where $\OML/cmm/m/it/10 %$ \OT1/cmr/m/it/10 is the e
quality-of-opens rein-dex-ing of [][]732[][]. Equiv-a-lently, mod-ulo $\OML/cmm
/m/it/10 %$\OT1/cmr/m/it/10 , $\OT1/cmr/m/n/10 ([] \OML/cmm/m/it/10 j\OT1/cmr/m
/n/10 ) \OML/cmm/m/it/10 T\OT1/cmr/m/n/10 (\OML/cmm/m/it/10 ^^S[]\OT1/cmr/m/n/1
0 ) =
 []


Overfull \hbox (22.7769pt too wide) in paragraph at lines 7380--7424
\OT1/cmr/m/n/10 dex-ing $\OML/cmm/m/it/10 %$ \OT1/cmr/m/n/10 by the rein-dex co
-her-ence (Bridge B2, used here only through $[]$'s
 []


Overfull \hbox (67.69038pt too wide) in paragraph at lines 7380--7424
\OT1/cmr/m/it/10 pull-back\OT1/cmr/m/n/10 -world ten-sor maps. That equa-tion i
s the already-proven com-po-si-tion law $[]$
 []


Overfull \hbox (33.18513pt too wide) in paragraph at lines 7380--7424
[] \OML/cmm/m/it/10 ^^S[]$\OT1/cmr/m/n/10 , con-ju-gated by the pull-back pseud
-o-func-to-ri-al-ity iso-mor-phism $[] \OML/cmm/m/it/10 j ^^S[]$\OT1/cmr/m/n/10
 .
 []


Overfull \hbox (19.82794pt too wide) in paragraph at lines 7429--7436
[][]\OT1/cmr/bx/n/10 Definition 769 \OT1/cmr/m/n/10 (Cone B / presheaf dual bas
e-change com-par-i-son $\OML/cmm/m/it/10 ^^R[]$ \OT1/cmr/m/n/10 (Step 4 of $[]$
))\OT1/cmr/bx/n/10 .
 []

[283]
Overfull \hbox (2.99963pt too wide) detected at line 7505
\OT1/cmr/m/n/10 ([] \OML/cmm/m/it/10 g\OT1/cmr/m/n/10 ) (\OML/cmm/m/it/10 '\OT1
/cmr/m/n/10 )  =  [][][]([] \OML/cmm/m/it/10 U\OT1/cmr/m/n/10 )[]\OML/cmm/m/it/
10 :[] g  []  ';  ' \OMS/cmtt/m/n/10 2 []\OML/cmm/m/it/10 M[]\OMS/cmtt/m/n/10 j
[] ! \OML/cmm/m/it/10 R\OMS/cmtt/m/n/10 j[][]\OML/cmm/m/it/10 :
 []

[284]
Overfull \hbox (13.51599pt too wide) in paragraph at lines 7586--7598
\OT1/cmr/m/it/10 sec-tion and an el-e-ment, con-ju-gat-ing $\OML/cmm/m/it/10 ^^
R$ \OT1/cmr/m/it/10 by the morphism-level trans-port $[] \OT1/cmr/m/n/10 ([] \O
ML/cmm/m/it/10 j\OT1/cmr/m/n/10 )$
 []

[285]
Overfull \hbox (293.04785pt too wide) detected at line 7659
[] \OML/cmm/m/it/10 f M \OT1/cmr/m/n/10 = [][] \OML/cmm/m/it/10 f[]:[] \OT1/cmr
/m/n/10 ([] \OML/cmm/m/it/10 M\OT1/cmr/m/n/10 )  []  [][] \OML/cmm/m/it/10 '[]:
[] [][] M[][]  []  []:[] \OT1/cmr/m/n/10 (\OML/cmm/m/it/10 ^^R[]\OT1/cmr/m/n/10
 )\OML/cmm/m/it/10 ;
 []


Overfull \hbox (15.13591pt too wide) detected at line 7692
\OT1/cmr/m/n/10 ([] \OML/cmm/m/it/10 '\OT1/cmr/m/n/10 )\OML/cmm/m/it/10 :[][][]
 ^^^[][] [] ^^R[]  \OT1/cmr/m/n/10 =  \OML/cmm/m/it/10 ^^R[] [] [][]\OT1/cmr/m/
n/10 ([] \OML/cmm/m/it/10 ^^L\OT1/cmr/m/n/10 )\OML/cmm/m/it/10 :[] ^^^[][];
 []


Overfull \hbox (32.48131pt too wide) in paragraph at lines 7700--7717
[][][][]\OT1/cmr/m/n/10 The com-par-i-son fac-tors ([][]769[][]) as $\OML/cmm/m
/it/10 ^^R[] \OT1/cmr/m/n/10 = (\OML/cmm/m/it/10 H\OT1/cmr/m/n/10 1[])[] [] [](
\OML/cmm/m/it/10 V \OMS/cmtt/m/n/10 7! [] \OML/cmm/m/it/10 f M V\OT1/cmr/m/n/10
 )$,
 []


Overfull \hbox (284.93916pt too wide) detected at line 7736
\OT1/cmr/m/n/10 ([] \OML/cmm/m/it/10 j\OT1/cmr/m/n/10 )\OML/cmm/m/it/10 :[] \OT
1/cmr/m/n/10 ([] \OML/cmm/m/it/10 e\OT1/cmr/m/n/10 ) = [] \OML/cmm/m/it/10 j M[
]  \U/msa/m/n/10 o  [][]\OT1/cmr/m/n/10 ([] \OML/cmm/m/it/10 j\OT1/cmr/m/n/10 )
\OML/cmm/m/it/10 :[] e[]  \U/msa/m/n/10 o  \OT1/cmr/m/n/10 ([] \OML/cmm/m/it/10
 j M\OT1/cmr/m/n/10 )[]\OML/cmm/m/it/10 :
 []

[286]
Overfull \hbox (570.1849pt too wide) detected at line 7776
\OT1/cmr/m/n/10 ([] \OML/cmm/m/it/10 f\OT1/cmr/m/n/10 )\OML/cmm/m/it/10 :[] \OT
1/cmr/m/n/10 ([] \OML/cmm/m/it/10 a b\OT1/cmr/m/n/10 ) = [] \OML/cmm/m/it/10 f 
M N  \U/msa/m/n/10 o  [][]\OT1/cmr/m/n/10 ([] \OML/cmm/m/it/10 f\OT1/cmr/m/n/10
 )\OML/cmm/m/it/10 :[] a[][]\OT1/cmr/m/n/10 ([] \OML/cmm/m/it/10 f\OT1/cmr/m/n/
10 )\OML/cmm/m/it/10 :[] b[]  \U/msa/m/n/10 o  \OT1/cmr/m/n/10 ([] \OML/cmm/m/i
t/10 f M[] N[]\OT1/cmr/m/n/10 )[]\OML/cmm/m/it/10 :
 []


Overfull \hbox (88.76425pt too wide) in paragraph at lines 7782--7795
\OT1/cmr/m/n/10 on the lead-ing leg and one for its in-verse on each per-factor
 tail. The shared pre-fix $[]\OML/cmm/m/it/10 :[] []
 []


Overfull \hbox (14.938pt too wide) in paragraph at lines 7782--7795
\OML/cmm/m/it/10 ^^N[]$ \OT1/cmr/m/n/10 can-cels and the two per-leg tails matc
h by inverse-naturality of $[]$,
 []


Overfull \hbox (275.13124pt too wide) detected at line 7821
\OT1/cmr/m/n/10 ([] \OML/cmm/m/it/10 ^^S[]\OT1/cmr/m/n/10 )\OML/cmm/m/it/10 :[]
 P \OT1/cmr/m/n/10 = []([] \OML/cmm/m/it/10 j ^^S[]\OT1/cmr/m/n/10 )\OML/cmm/m/
it/10 :[] \OT1/cmr/m/n/10 (\OML/cmm/m/it/10 a[]P\OT1/cmr/m/n/10 )[][]  []  ([] 
\OML/cmm/m/it/10 j\OT1/cmr/m/n/10 )[]([] \OML/cmm/m/it/10 ^^S[]\OT1/cmr/m/n/10 
)\OML/cmm/m/it/10 :[] P[]  []  \OT1/cmr/m/n/10 ([] \OML/cmm/m/it/10 j\OT1/cmr/m
/n/10 )\OML/cmm/m/it/10 :[][]\OT1/cmr/m/n/10 ([] \OML/cmm/m/it/10 ^^S[]\OT1/cmr
/m/n/10 ) \OML/cmm/m/it/10 P[]  []  a[][]\OT1/cmr/m/n/10 ([][] \OML/cmm/m/it/10
 ^^S[] j\OT1/cmr/m/n/10 )\OML/cmm/m/it/10 :[]:[] P[];
 []

[287]
Overfull \hbox (30.88824pt too wide) in paragraph at lines 7869--7882
\OT1/cmr/m/n/10 built in-side [][]769[][] re-presents the ab-stract presheaf pu
ll-back $[] \OML/cmm/m/it/10 '$ \OT1/cmr/m/n/10 as the push-for-ward $[] \OML/c
mm/m/it/10 ^^L$
 []


Overfull \hbox (3.9623pt too wide) in paragraph at lines 7869--7882
\OT1/cmr/m/n/10 on ob-jects, giv-ing $([] \OML/cmm/m/it/10 ^^L\OT1/cmr/m/n/10 )
\OML/cmm/m/it/10 :[] M[] [] \OT1/cmr/m/n/10 ([] \OML/cmm/m/it/10 '\OT1/cmr/m/n/
10 )\OML/cmm/m/it/10 :[] M[]$\OT1/cmr/m/n/10 . Sec-ond, the $[]$-component
 []


Overfull \hbox (14.82892pt too wide) in paragraph at lines 7910--7914
[][]\OT1/cmr/bx/n/10 Lemma 783 \OT1/cmr/m/n/10 (Re-stric-tion along a com-pos-i
te as a com-po-si-tion of re-stric-tions $[]$)\OT1/cmr/bx/n/10 .
 []


Overfull \hbox (109.46278pt too wide) in paragraph at lines 7917--7922
\OT1/cmr/m/it/10 Its con-travari-ant im-age un-der the dual --- $[]$ ([][]705[]
[]) of the for-get-ful im-age of $\OT1/cmr/m/n/10 ([] \OML/cmm/m/it/10 h f\OT1/
cmr/m/n/10 )\OML/cmm/m/it/10 :[] M$
 []

[288]
Overfull \hbox (33.41118pt too wide) in paragraph at lines 7945--7948
\OT1/cmr/m/n/10 the Math-lib com-pu-ta-tion $[]$ fol-lowed by the $[]$
 []


Overfull \hbox (7.34404pt too wide) in paragraph at lines 7979--7984
\OT1/cmr/m/it/10 (\OT1/cmtt/m/it/10 Mathlib/CategoryTheory/Adjunction/Compositi
onIso.lean\OT1/cmr/m/it/10 ). Given three ad-junc-tions $[][] \OT1/cmr/m/n/10 :

 []


Overfull \hbox (356.40598pt too wide) detected at line 7990
\OT1/cmr/m/n/10 ([] [][] [][] [][] \OML/cmm/m/it/10 e\OT1/cmr/m/n/10 )\OML/cmm/
m/it/10 :[]:[] X  \OT1/cmr/m/n/10 =  \OML/cmm/m/it/10 F[]:[][]F[]:[] \OT1/cmr/m
/n/10 ([][]\OML/cmm/m/it/10 :[]:[] X\OT1/cmr/m/n/10 )[]  []  \OML/cmm/m/it/10 F
[]:[][]F[]:[] \OT1/cmr/m/n/10 (\OML/cmm/m/it/10 e:[]:[] \OMS/cmtt/m/n/10 ^^A\OT
1/cmr/m/n/10 )[]  []  \OML/cmm/m/it/10 F[]:[] \OT1/cmr/m/n/10 ([][]\OML/cmm/m/i
t/10 :[]:[] \OMS/cmtt/m/n/10 ^^A\OT1/cmr/m/n/10 )  []  [][]\OML/cmm/m/it/10 :[]
:[] \OMS/cmtt/m/n/10 ^^A\OML/cmm/m/it/10 ;
 []


Overfull \hbox (55.4859pt too wide) in paragraph at lines 8024--8037
\OT1/cmr/m/n/10 the two whiskered $\OML/cmm/m/it/10 H\OT1/cmr/m/n/10 1$ fac-tor
s col-lapse via $[]$ and $[]$
 []

[289]
Overfull \hbox (187.43788pt too wide) detected at line 8055
\OML/cmm/m/it/10 H\OT1/cmr/m/n/10 1[]  =  ([]  [] )\OML/cmm/m/it/10 :[] \OT1/cm
r/m/n/10 ([] \OML/cmm/m/it/10 '[]\OT1/cmr/m/n/10 )  [] []  [] \OML/cmm/m/it/10 
^^L[]  []  [] '[]
 []


Overfull \hbox (2.70375pt too wide) in paragraph at lines 8055--8068
\OT1/cmr/m/it/10 iso $[] \OML/cmm/m/it/10 h f$ \OT1/cmr/m/it/10 ([][]783[][], e
quiv-a-lently the push-for-ward com-po-si-tion $[]$).
 []


Overfull \hbox (98.28212pt too wide) detected at line 8073
\OML/cmm/m/it/10 FC:[]  []  \OT1/cmr/m/n/10 (\OML/cmm/m/it/10 H\OT1/cmr/m/n/10 
1[])\OML/cmm/m/it/10 :[]  \OT1/cmr/m/n/10 =  [](\OML/cmm/m/it/10 H\OT1/cmr/m/n/
10 1[])\OML/cmm/m/it/10 :[]  .  [] ^^L[][]  []  [][] '[]  /  \OT1/cmr/m/n/10 (\
OML/cmm/m/it/10 H\OT1/cmr/m/n/10 1[])\OML/cmm/m/it/10 :[][]  []  \OT1/cmr/m/n/1
0 ([] \OML/cmm/m/it/10 '[] '[]\OT1/cmr/m/n/10 )\OML/cmm/m/it/10 :[];
 []


Overfull \hbox (65.27957pt too wide) in paragraph at lines 8073--8088
[] \OML/cmm/m/it/10 '[]$ \OT1/cmr/m/it/10 ($\OML/cmm/m/it/10 g \OMS/cmtt/m/n/10
 2 f\OML/cmm/m/it/10 f;  h;  h [] f\OMS/cmtt/m/n/10 g$\OT1/cmr/m/it/10 ); the c
on-sumer in-stan-ti-ates it with the match-ing $[]$
 []

[290]
Overfull \hbox (238.25824pt too wide) detected at line 8172
\OML/cmm/m/it/10 ^^R[] \OT1/cmr/m/n/10 = ([] \OML/cmm/m/it/10 j ^^S[]\OT1/cmr/m
/n/10 )\OML/cmm/m/it/10 :[][]  []  \OT1/cmr/m/n/10 ([] \OML/cmm/m/it/10 j\OT1/c
mr/m/n/10 )[]\OML/cmm/m/it/10 ^^R[][]  []  ^^R[]  []  [][][]:[] \OT1/cmr/m/n/10
 (([] \OML/cmm/m/it/10 j ^^S[]\OT1/cmr/m/n/10 )\OML/cmm/m/it/10 :[] M\OT1/cmr/m
/n/10 )[]\OML/cmm/m/it/10 :[]:
 []


Overfull \hbox (14.83128pt too wide) in paragraph at lines 8172--8189
\OT1/cmr/m/it/10 Stating the mid-dle fac-tor at the re-stricted mod-ule $\OML/c
mm/m/it/10 M\OMS/cmtt/m/n/10 j[]$ \OT1/cmr/m/it/10 is type-correct be-cause the
 object-identification
 []


Overfull \hbox (87.5817pt too wide) in paragraph at lines 8222--8229
[]\OT1/cmr/bx/n/10 Substitute co-cy-cle (a). \OT1/cmr/m/n/10 By the ab-stract $
\OML/cmm/m/it/10 H\OT1/cmr/m/n/10 1$ co-cy-cle [][]788[][] this pre-fix equals 
$([] \OML/cmm/m/it/10 ^^L[]\OT1/cmr/m/n/10 )\OML/cmm/m/it/10 :[] \OT1/cmr/m/n/1
0 (\OML/cmm/m/it/10 H\OT1/cmr/m/n/10 1[]\OML/cmm/m/it/10 :[]\OT1/cmr/m/n/10 ) [
]
 []

[291]
Overfull \hbox (61.76985pt too wide) in paragraph at lines 8229--8233
[]\OT1/cmr/bx/n/10 Cancel $[]$. \OT1/cmr/m/n/10 The trail-ing $[]\OML/cmm/m/it/
10 :[][]$ \OT1/cmr/m/n/10 meets the lead-ing $([] \OML/cmm/m/it/10 j ^^S[]\OT1/
cmr/m/n/10 )\OML/cmm/m/it/10 :[][]$
 []


Overfull \hbox (23.30952pt too wide) in paragraph at lines 8233--8238
[]\OT1/cmr/bx/n/10 Slide $\OML/cmm/m/it/10 H\OT1/cmr/m/n/10 1[]$ \OT1/cmr/bx/n/
10 by one nat-u-ral-ity. \OT1/cmr/m/n/10 The fac-tor $\OML/cmm/m/it/10 H\OT1/cm
r/m/n/10 1[]\OML/cmm/m/it/10 :[]$ \OT1/cmr/m/n/10 is moved past $([] \OML/cmm/m
/it/10 '[]\OT1/cmr/m/n/10 )\OML/cmm/m/it/10 :[] \OT1/cmr/m/n/10 (\OML/cmm/m/it/
10 ^^R[]:[]\OT1/cmr/m/n/10 )$
 []


Overfull \hbox (58.83562pt too wide) detected at line 8247
[][][]\OML/cmm/m/it/10 FC:[][] [] [][]  \OT1/cmr/m/n/10 =  ([] \OML/cmm/m/it/10
 ^^L[]\OT1/cmr/m/n/10 )\OML/cmm/m/it/10 :[]\OT1/cmr/m/n/10 ([][]) [] [][](\OML/
cmm/m/it/10 M\OMS/cmtt/m/n/10 j[]\OT1/cmr/m/n/10 ) [] []([]\OML/cmm/m/it/10 :[]
 %\OT1/cmr/m/n/10 )\OML/cmm/m/it/10 :[]:
 []


Overfull \hbox (49.03682pt too wide) in paragraph at lines 8269--8317
\OT1/cmr/m/n/10 ($[]$, $(\OML/cmm/m/it/10 h [] f\OT1/cmr/m/n/10 )\OML/cmm/m/it/
10 :[] U \OT1/cmr/m/n/10 = \OML/cmm/m/it/10 X:[]:[]\OT1/cmr/m/n/10 ([])[] [] \O
ML/cmm/m/it/10 f:[]\OT1/cmr/m/n/10 (\OML/cmm/m/it/10 h:[] U\OT1/cmr/m/n/10 ) []

 []


Overfull \hbox (18.14708pt too wide) in paragraph at lines 8269--8317
\OML/cmm/m/it/10 X:[]:[]\OT1/cmr/m/n/10 (\OMS/cmtt/m/n/10 ^^@\OT1/cmr/m/n/10 )[
]$ of an $[] \OML/cmm/m/it/10 X$ \OT1/cmr/m/n/10 mor-phism. This form is reache
d \OT1/cmr/m/it/10 def-i-ni-tion-ally \OT1/cmr/m/n/10 (the units/counits
 []

[292]
Overfull \hbox (202.81625pt too wide) detected at line 8361
\OML/cmm/m/it/10 D\OT1/cmr/m/n/10 (\OML/cmm/m/it/10 f [] g\OT1/cmr/m/n/10 )  = 
 [][] \OML/cmm/m/it/10 f g[]:[] \OT1/cmr/m/n/10 ([] \OML/cmm/m/it/10 M\OT1/cmr/
m/n/10 )  []  ([] \OML/cmm/m/it/10 f\OT1/cmr/m/n/10 ) \OML/cmm/m/it/10 D\OT1/cm
r/m/n/10 (\OML/cmm/m/it/10 g\OT1/cmr/m/n/10 )  []  \OML/cmm/m/it/10 D\OT1/cmr/m
/n/10 (\OML/cmm/m/it/10 f\OT1/cmr/m/n/10 ) []\OML/cmm/m/it/10 M\OMS/cmtt/m/n/10
 j[][]  []  [] []\OT1/cmr/m/n/10 ([] \OML/cmm/m/it/10 f g\OT1/cmr/m/n/10 )\OML/
cmm/m/it/10 :[] M[];
 []


Overfull \hbox (11.77242pt too wide) in paragraph at lines 8361--8367
\OT1/cmr/m/it/10 where $[] \OML/cmm/m/it/10 f g$ \OT1/cmr/m/it/10 ([][]783[][])
 is the restriction-composition pseud-o-func-to-ri-al-ity iso $\OML/cmm/m/it/10
 A\OMS/cmtt/m/n/10 j[] []
 []


Overfull \hbox (22.71138pt too wide) in paragraph at lines 8361--8367
\OT1/cmr/m/n/10 (\OML/cmm/m/it/10 A\OMS/cmtt/m/n/10 j[]\OT1/cmr/m/n/10 )\OMS/cm
tt/m/n/10 j[]$ \OT1/cmr/m/it/10 and $[]$ ([][]705[][]) is its con-travari-ant d
ual im-age. Choos-ing the $[]$-
 []


Overfull \hbox (60.30025pt too wide) in paragraph at lines 8378--8398
[]$\OT1/cmr/m/n/10 -reindex by Bridge B2 ([][]743[][]), re-duc-ing the iden-tit
y to its $[]$-
 []


Overfull \hbox (110.13783pt too wide) in paragraph at lines 8378--8398
\OT1/cmr/m/n/10 The con-travari-ant rein-dex-ing on the dual flank is the dual 
im-age $[]$ ([][]705[][]) of $([] \OML/cmm/m/it/10 f g\OT1/cmr/m/n/10 )\OML/cmm
/m/it/10 :[] M$
 []

[293]
Overfull \hbox (263.0995pt too wide) detected at line 8414
[][] \OML/cmm/m/it/10 hf[]:[] \OT1/cmr/m/n/10 ([] \OML/cmm/m/it/10 M\OT1/cmr/m/
n/10 )  []  [] \OML/cmm/m/it/10 g M  \OT1/cmr/m/n/10 =  [] \OML/cmm/m/it/10 f M
  []  [] []\OT1/cmr/m/n/10 ([] \OML/cmm/m/it/10 hf\OT1/cmr/m/n/10 )\OML/cmm/m/i
t/10 :[] M[][]:
 []


Overfull \hbox (3.70987pt too wide) in paragraph at lines 8414--8418
\OT1/cmr/m/it/10 to the com-pos-ite $\OML/cmm/m/it/10 j [] ^^S[]$\OT1/cmr/m/it/
10 . \OT1/cmr/m/n/10 (This brick is al-ready ver-i-fied in Lean: $[]$,
 []


Overfull \hbox (49.98747pt too wide) in paragraph at lines 8420--8428
[][][][]\OT1/cmr/m/n/10 Substitute $\OML/cmm/m/it/10 g \OT1/cmr/m/n/10 := \OML/
cmm/m/it/10 f$ \OT1/cmr/m/n/10 along $\OML/cmm/m/it/10 hf$\OT1/cmr/m/n/10 . The
n the re-stric-tion con-gru-ence col-lapses, $[] ([]) =
 []


! LaTeX Error: Unicode character ι (U+03B9)
               not set up for use with LaTeX.

See the LaTeX manual or LaTeX Companion for explanation.
Type  H <return>  for immediate help.
 ...                                              
                                                  
l.8477 ... \mathbin{;} \iota_U = \iota_V\) (\(hjι
                                                  \), \cref{lem:image_preima...

You may provide a definition with
\DeclareUnicodeCharacter 


! LaTeX Error: Unicode character ι (U+03B9)
               not set up for use with LaTeX.

See the LaTeX manual or LaTeX Companion for explanation.
Type  H <return>  for immediate help.
 ...                                              
                                                  
l.8479 ...he \(\mathtt{restrictFunctorCongr}\,hjι
                                                  \)
You may provide a definition with
\DeclareUnicodeCharacter 


! LaTeX Error: Unicode character ι (U+03B9)
               not set up for use with LaTeX.

See the LaTeX manual or LaTeX Companion for explanation.
Type  H <return>  for immediate help.
 ...                                              
                                                  
l.8482   \((\mathtt{restrictFunctorCongr}\,hjι
                                               )^{-1} \mathbin{;} \mathtt{re...

You may provide a definition with
\DeclareUnicodeCharacter 


Overfull \hbox (13.93239pt too wide) in paragraph at lines 8476--8489
\OT1/cmr/m/n/10 L1 re-con-sti-tutes $\OML/cmm/m/it/10 % \OT1/cmr/m/n/10 = [] \O
ML/cmm/m/it/10 j$\OT1/cmr/m/n/10 , which is by def-i-ni-tion $([] \OML/cmm/m/it
/10 hj\OT1/cmr/m/n/10 )[] []
 []

[294]
Overfull \hbox (150.93109pt too wide) detected at line 8536
\OML/cmm/m/it/10 H[] \OT1/cmr/m/n/10 := [][][]\OML/cmm/m/it/10 ;  [] '[] \OT1/c
mr/m/n/10 : [] \OML/cmm/m/it/10 ^^L  []  [] '
 []


Overfull \hbox (5.50478pt too wide) in paragraph at lines 8555--8561
\OT1/cmr/bx/n/10 1 \OMS/cmtt/m/n/10 ! \OML/cmm/m/it/10 G\OT1/cmr/m/n/10 (\OT1/c
mr/bx/n/10 1\OT1/cmr/m/n/10 )$. Ap-plied to the lax-monoidal presheaf push-for-
ward $[] \OML/cmm/m/it/10 ^^L$
 []


Overfull \hbox (7.92204pt too wide) in paragraph at lines 8585--8592
\OT1/cmr/m/it/10 in which the topo-log-i-cal push-for-ward $[][]$ is strong mon
oidal and $[] \OML/cmm/m/it/10 ^^L$
 []

[295]
Overfull \hbox (9.98672pt too wide) in paragraph at lines 8664--8674
\OT1/cmr/m/it/10 acts sec-tion-wise on car-ri-ers by the ring map $\OML/cmm/m/i
t/10 $\OT1/cmr/m/it/10 : over a sec-tion $\OML/cmm/m/it/10 W$\OT1/cmr/m/it/10 
, $\OML/cmm/m/it/10 ":[] W \OT1/cmr/m/n/10 (\OML/cmm/m/it/10 r\OT1/cmr/m/n/10 )
 = (\OML/cmm/m/it/10 :[] W\OT1/cmr/m/n/10 )\OML/cmm/m/it/10 :[] \OT1/cmr/m/n/1
0 (\OML/cmm/m/it/10 r\OT1/cmr/m/n/10 )$\OT1/cmr/m/it/10 .
 []


Overfull \hbox (34.56679pt too wide) in paragraph at lines 8687--8697
\OT1/cmr/m/it/10 on car-ri-ers as the in-verse structure-ring trans-port: over 
a sec-tion $\OML/cmm/m/it/10 V$\OT1/cmr/m/it/10 , $[]\OML/cmm/m/it/10 q:[][][]\
OT1/cmr/m/n/10 (\OML/cmm/m/it/10 w\OT1/cmr/m/n/10 ) = (\OML/cmm/m/it/10 f:[] V\
OT1/cmr/m/n/10 )\OML/cmm/m/it/10 :[] \OT1/cmr/m/n/10 (\OML/cmm/m/it/10 w\OT1/cm
r/m/n/10 )$\OT1/cmr/m/it/10 .
 []

[296]
Overfull \hbox (53.82469pt too wide) in paragraph at lines 8699--8709
[][][]\OT1/cmr/m/n/10 Split $[] \OML/cmm/m/it/10 ^^L \OT1/cmr/m/n/10 = [][] \OM
S/cmtt/m/n/10 ^^N [] \OML/cmm/m/it/10 ^^L$ \OT1/cmr/m/n/10 ([][]797[][]). Un-de
r $[]$
 []

[297]
Overfull \hbox (24.93956pt too wide) detected at line 8793
[]  []  [][] \OML/cmm/m/it/10 q[][]  []  [][]  \OT1/cmr/m/n/10 =  ([][])[][][][
]  []  \OML/cmm/m/it/10 q:
 []


Overfull \hbox (4.96704pt too wide) in paragraph at lines 8798--8805
\OT1/cmr/m/n/10 ring swap; pre-com-pos-ing by $\OML/cmm/m/it/10 q$ \OT1/cmr/m/n
/10 and eval-u-at-ing at $1$ (the dual-unit iso $[] =
 []


Overfull \hbox (59.32243pt too wide) in paragraph at lines 8805--8811
[]\OT1/cmr/m/it/10 Right-hand side. \OT1/cmr/m/n/10 The push-for-ward of the ev
al-at-$1$ con-trac-tion $([][])([][])$
 []


Overfull \hbox (23.68495pt too wide) in paragraph at lines 8812--8818
\OT1/cmr/m/n/10 of $\OMS/cmtt/m/n/10 O[]$\OT1/cmr/m/n/10 -linear en-do-mor-phis
ms of the (com-mu-ta-tive) struc-ture ring --- the same $[]$-
 []


Overfull \hbox (42.21281pt too wide) detected at line 8838
\OT1/cmr/m/n/10 ([] \OML/cmm/m/it/10 j\OT1/cmr/m/n/10 ) [][]  []  \OML/cmm/m/it
/10 u[]  \OT1/cmr/m/n/10 =  [] \OML/cmm/m/it/10 j \OT1/cmr/m/n/10 (\OT1/cmr/bx/
n/10 1[]\OT1/cmr/m/n/10 )  []  [][] \OML/cmm/m/it/10 u[][][]  []  [][];
 []


Overfull \hbox (40.6034pt too wide) in paragraph at lines 8842--8853
\OT1/cmr/m/n/10 in-verse into a sin-gle right-associated com-pos-ite. Ex-pand-i
ng the bare com-par-i-son $[] \OML/cmm/m/it/10 j \OT1/cmr/m/n/10 (\OT1/cmr/bx/n
/10 1[]\OT1/cmr/m/n/10 )$
 []


Overfull \hbox (8.54724pt too wide) in paragraph at lines 8842--8853
\OT1/cmr/m/n/10 by the dual-B1 fac-tori-sa-tion ([][]776[][]) into the three-fa
ctor com-pos-ite $[] \OML/cmm/m/it/10 j []
 []

[298]
Overfull \hbox (4.01198pt too wide) in paragraph at lines 8872--8875
[]\OT1/cmr/m/n/10 the \OT1/cmr/m/it/10 dual flank \OT1/cmr/m/n/10 ([][]804[][])
: the for-got-ten sheaf-level unit-restriction com-para-tor equals the presheaf

 []


Overfull \hbox (6.31941pt too wide) in paragraph at lines 8893--8904
\OT1/cmr/m/it/10 ref-er-ence. Let $\OML/cmm/m/it/10 f \OT1/cmr/m/n/10 : \OML/cm
m/m/it/10 Y ,[]\OMS/cmtt/m/n/10 ! \OML/cmm/m/it/10 X$ \OT1/cmr/m/it/10 be an op
en im-mer-sion with pull-back ring map $\OML/cmm/m/it/10 ' \OT1/cmr/m/n/10 = \O
ML/cmm/m/it/10 f:[]$
 []


Overfull \hbox (54.20384pt too wide) in paragraph at lines 8893--8904
[]$ \OT1/cmr/m/it/10 to the com-pos-ite of the chart-scheme unit iden-ti-fi-ca-
tion $[] \OML/cmm/m/it/10 f$
 []


Overfull \hbox (110.206pt too wide) detected at line 8909
[]\OML/cmm/m/it/10 :[][]\OT1/cmr/m/n/10 ([] \OML/cmm/m/it/10 f\OT1/cmr/m/n/10 )
\OML/cmm/m/it/10 :[] \OT1/cmr/m/n/10 (\OT1/cmr/bx/n/10 1[]\OT1/cmr/m/n/10 )  []
  [] \OML/cmm/m/it/10 f[]  \OT1/cmr/m/n/10 =  [] \OML/cmm/m/it/10 f:
 []


Overfull \hbox (14.15292pt too wide) in paragraph at lines 8920--8923
[]\OT1/cmr/m/n/10 On the right, the car-rier ac-tion of $\OML/cmm/m/it/10 q:[]$
 \OT1/cmr/m/n/10 at $\OML/cmm/m/it/10 V$ \OT1/cmr/m/n/10 is the structure-ring 
iso-mor-phism $(\OML/cmm/m/it/10 f:[] V\OT1/cmr/m/n/10 )\OML/cmm/m/it/10 :[]$
 []


Overfull \hbox (175.10504pt too wide) in paragraph at lines 8924--8932
\OT1/cmr/m/n/10 com-para-tor is the left-adjoint-uniqueness iso-mor-phism $[]([
] \OML/cmm/m/it/10 f\OT1/cmr/m/n/10 ) ([] \OML/cmm/m/it/10 f\OT1/cmr/m/n/10 )$
 []


Overfull \hbox (0.49089pt too wide) in paragraph at lines 8924--8932
\OT1/cmr/m/n/10 ([][]760[][]); the sec-ond is the ad-junc-tion trans-pose $([] 
\OML/cmm/m/it/10 f\OT1/cmr/m/n/10 )\OML/cmm/m/it/10 :[][]$
 []


Overfull \hbox (28.6342pt too wide) in paragraph at lines 8964--8975
[][]\OT1/cmr/bx/n/10 Lemma 805 \OT1/cmr/m/n/10 (RES2 L1: the unit pull-back ide
n-ti-fi-ca-tion fac-tors through \OT1/cmtt/m/n/10 sheafificationCompPullback
 []

[299]
Overfull \hbox (74.0128pt too wide) detected at line 8979
\OT1/cmr/m/n/10 ([] \OML/cmm/m/it/10 f M[]\OT1/cmr/m/n/10 )\OML/cmm/m/it/10 :[]
 \OT1/cmr/m/n/10 = ([] \OML/cmm/m/it/10 '\OT1/cmr/m/n/10 )\OML/cmm/m/it/10 :[]:
[] \OT1/cmr/bx/n/10 1[]  []  \OT1/cmr/m/n/10 ([] \OML/cmm/m/it/10 f\OT1/cmr/m/n
/10 )\OML/cmm/m/it/10 :[][][]:[] M[][]:
 []


Overfull \hbox (61.67299pt too wide) in paragraph at lines 8982--8991
[][]\OT1/cmr/m/n/10 Immediate from the def-i-ni-tion $[] \OML/cmm/m/it/10 f M[]
 \OT1/cmr/m/n/10 = (([] \OML/cmm/m/it/10 '\OT1/cmr/m/n/10 )\OML/cmm/m/it/10 :[]
 \OT1/cmr/bx/n/10 1[]\OT1/cmr/m/n/10 )[] []
 []


Overfull \hbox (2.92102pt too wide) in paragraph at lines 8996--9006
\OT1/cmr/m/it/10 With no-ta-tion as above, let $[] \OT1/cmr/m/n/10 = ([] \OT1/c
mr/bx/n/10 1[]\OT1/cmr/m/n/10 )\OML/cmm/m/it/10 :[]$ \OT1/cmr/m/it/10 be the $\
OML/cmm/m/it/10 Y$\OT1/cmr/m/it/10 -sheafification
 []


Overfull \hbox (42.52083pt too wide) in paragraph at lines 8996--9006
\OT1/cmr/m/it/10 counit re-pro-duces the sheaf pull-back iden-ti-fi-ca-tion fol
-lowed by the sheaf pullback-unit iso $[] \OML/cmm/m/it/10 f$
 []


Overfull \hbox (49.95303pt too wide) in paragraph at lines 9015--9030
\OT1/cmr/m/n/10 and the for-got-ten in-verse $[]$; RES1 $[]$
 []


Overfull \hbox (112.59143pt too wide) detected at line 9058
\OT1/cmr/m/n/10 ([] \OML/cmm/m/it/10 f\OT1/cmr/m/n/10 )\OML/cmm/m/it/10 :[][][]
[]:[] \OT1/cmr/bx/n/10 1[][]  []  \OT1/cmr/m/n/10 ([] \OML/cmm/m/it/10 f\OT1/cm
r/m/n/10 )\OML/cmm/m/it/10 :[]  \OT1/cmr/m/n/10 =  [] \OML/cmm/m/it/10 ':[]:[] 
\OT1/cmr/bx/n/10 1[]
 []


Overfull \hbox (2.14532pt too wide) detected at line 9063
   [] []\OML/cmm/m/it/10 :[][]\OT1/cmr/m/n/10 ([] \OML/cmm/m/it/10 f\OT1/cmr/m/
n/10 )\OML/cmm/m/it/10 :[][]  []  [][]:[] \OT1/cmr/bx/n/10 1[]\OML/cmm/m/it/10 
;
 []

[300]
Overfull \hbox (17.8999pt too wide) in paragraph at lines 9069--9080
\OT1/cmr/m/n/10 hom/inv legs can-cel ($[]$), leav-ing the left-hand side $([] \
OML/cmm/m/it/10 f\OT1/cmr/m/n/10 )\OML/cmm/m/it/10 :[]\OT1/cmr/m/n/10 ([]\OML/c
mm/m/it/10 :[] M[]\OT1/cmr/m/n/10 ) []
 []


Overfull \hbox (127.6291pt too wide) detected at line 9098
[][]  \OT1/cmr/m/n/10 =  [] (\OML/cmm/m/it/10 u[]\OT1/cmr/m/n/10 )  []  [][] \O
ML/cmm/m/it/10 j \OT1/cmr/m/n/10 (\OT1/cmr/bx/n/10 1[]\OT1/cmr/m/n/10 )[][]  []
  ([] \OML/cmm/m/it/10 j\OT1/cmr/m/n/10 )\OML/cmm/m/it/10 :[] [][]  []  u[];
 []


Overfull \hbox (36.17757pt too wide) detected at line 9114
\OT1/cmr/m/n/10 ([] \OML/cmm/m/it/10 j\OT1/cmr/m/n/10 ) [][]  []  \OML/cmm/m/it
/10 u[] \OT1/cmr/m/n/10 = [] \OML/cmm/m/it/10 j \OT1/cmr/m/n/10 (\OT1/cmr/bx/n/
10 1[]\OT1/cmr/m/n/10 )  []  [][] \OML/cmm/m/it/10 u[][][]  []  [][]:
 []


Overfull \hbox (22.98761pt too wide) in paragraph at lines 9114--9123
\OT1/cmr/m/n/10 with its in-verse --- yields the con-ju-gated four-leg iden-tit
y ver-ba-tim, with $([] \OML/cmm/m/it/10 j \OT1/cmr/m/n/10 (\OT1/cmr/bx/n/10 1[
]\OT1/cmr/m/n/10 ))[]$
 []


Overfull \hbox (52.88193pt too wide) detected at line 9173
\OT1/cmr/m/n/10 ([] \OML/cmm/m/it/10 f\OT1/cmr/m/n/10 )\OML/cmm/m/it/10 :[] \OT
1/cmr/m/n/10 = ([] \OML/cmm/m/it/10 f \OMS/cmtt/m/n/10 O[]\OT1/cmr/m/n/10 )\OML
/cmm/m/it/10 :[] [] a[]:[][]^^Q \OT1/cmr/m/n/10 ([] \OML/cmm/m/it/10 '[]\OT1/cm
r/m/n/10 )[] [] []\OML/cmm/m/it/10 :[];
 []

[301]
Overfull \hbox (40.09314pt too wide) in paragraph at lines 9179--9186
\OT1/cmr/m/n/10 pair is an iso-mor-phism ([][]666[][]): there the right-hand co
m-pos-ite is shown to equal $[] \OML/cmm/m/it/10 '$\OT1/cmr/m/n/10 ,
 []


Overfull \hbox (49.45403pt too wide) detected at line 9202
[] \OML/cmm/m/it/10 f M N \OT1/cmr/m/n/10 = ([] \OML/cmm/m/it/10 f \OT1/cmr/m/n
/10 (\OML/cmm/m/it/10 M \OMS/cmtt/m/n/10 
[] \OML/cmm/m/it/10 N\OT1/cmr/m/n/10 ))\OML/cmm/m/it/10 :[] [] a[]:[][]^^N \OT1
/cmr/m/n/10 ([] \OML/cmm/m/it/10 '[]\OT1/cmr/m/n/10 ) \OML/cmm/m/it/10 M[] N[][
] [] ^^L[];
 []


Overfull \hbox (131.95827pt too wide) detected at line 9235
\OT1/cmr/m/n/10 ([][])\OML/cmm/m/it/10 :[] [] f[][]\OT1/cmr/m/n/10 ([] \OML/cmm
/m/it/10 M\OT1/cmr/m/n/10 )\OML/cmm/m/it/10 :[][] \OT1/cmr/m/n/10 = \OML/cmm/m/
it/10 a[]:[][]F:[] \OT1/cmr/m/n/10 ([] \OML/cmm/m/it/10 M\OT1/cmr/m/n/10 )\OML/
cmm/m/it/10 :[][][] [] \OT1/cmr/m/n/10 ([][])\OML/cmm/m/it/10 :[];
 []


Overfull \hbox (8.57516pt too wide) in paragraph at lines 9257--9264
\OT1/cmr/m/it/10 a lo-cal-iza-tion func-tor for a monoidal mor-phism prop-erty 
$\OML/cmm/m/it/10 W$\OT1/cmr/m/it/10 , so that $\OMS/cmtt/m/n/10 D \OT1/cmr/m/n
/10 = [] \OML/cmm/m/it/10 L W "$
 []

[302]
Overfull \hbox (13.93327pt too wide) in paragraph at lines 9301--9310
\OT1/cmr/m/it/10 tive and lo-cally sur-jec-tive). The sheafi-fi-ca-tion re-flec
-tor $\OML/cmm/m/it/10 a \OT1/cmr/m/n/10 = [] \OML/cmm/m/it/10  \OT1/cmr/m/n/1
0 :
 []


Overfull \hbox (90.99432pt too wide) detected at line 9333
[][] \OT1/cmr/m/n/10 (\OML/cmm/m/it/10 a:[] \OT1/cmr/m/n/10 (\OML/cmm/m/it/10 F
:[] M[]\OT1/cmr/m/n/10 ))[]\OML/cmm/m/it/10 :[] \OT1/cmr/m/n/10 = \OML/cmm/m/it
/10 "[] \U/msa/m/n/10 B \OML/cmm/m/it/10 a:[] \OT1/cmr/m/n/10 (\OML/cmm/m/it/10
 F:[] M[]\OT1/cmr/m/n/10 ) [] (\OML/cmm/m/it/10 ^^V[]\OT1/cmr/m/n/10 )\OML/cmm/
m/it/10 :[] [] a:[] []^^U[][]:
 []

[303]
Overfull \hbox (265.24019pt too wide) detected at line 9398
\OT1/cmr/m/n/10 ([][])\OML/cmm/m/it/10 :[] [] a[]:[][][] \OMS/cmtt/m/n/10 
 \OT1/cmr/m/n/10 ([] \OML/cmm/m/it/10 M\OT1/cmr/m/n/10 )[] [] ([] (\OML/cmm/m/i
t/10 f[]M\OT1/cmr/m/n/10 ))\OML/cmm/m/it/10 :[] \OT1/cmr/m/n/10 = \OML/cmm/m/it
/10 a[]:[][]^^U[][] [] \OT1/cmr/m/n/10 ([][])\OML/cmm/m/it/10 :[];
 []


Overfull \hbox (62.88356pt too wide) in paragraph at lines 9431--9435
[][][][][][]\OT1/cmr/m/it/10 With no-ta-tion as above, write $[][] \OT1/cmr/m/n
/10 = [] \OML/cmm/m/it/10 f \OT1/cmr/m/n/10 (\OMS/cmtt/m/n/10 ^^@\OT1/cmr/m/n/1
0 )$\OT1/cmr/m/it/10 , $\OML/cmm/m/it/10 ^^Q F \OT1/cmr/m/n/10 = []\OML/cmm/m/i
t/10 ^^Q \OT1/cmr/m/n/10 ([] \OML/cmm/m/it/10 '[]\OT1/cmr/m/n/10 )$
 []


Overfull \hbox (86.61996pt too wide) in paragraph at lines 9463--9473
[]\OT1/cmr/m/it/10 Bridge-1 sub-sti-tu-tion and whisker ex-pan-sion. \OT1/cmr/m
/n/10 The whisker $([] ([] \OML/cmm/m/it/10 f\OT1/cmr/m/n/10 ) \OT1/cmr/bx/n/10
 1[]\OT1/cmr/m/n/10 )\OML/cmm/m/it/10 :[]$
 []


Overfull \hbox (37.32747pt too wide) in paragraph at lines 9463--9473
\OT1/cmr/m/n/10 sti-tut-ing bridge 1 ([][]811[][]), $([] \OML/cmm/m/it/10 f\OT1
/cmr/m/n/10 )\OML/cmm/m/it/10 :[] \OT1/cmr/m/n/10 = ([] \OMS/cmtt/m/n/10 O[]\OT
1/cmr/m/n/10 )\OML/cmm/m/it/10 :[] [] a[]:[]\OT1/cmr/m/n/10 (\OML/cmm/m/it/10 ^
^Q F\OT1/cmr/m/n/10 ) [] []\OML/cmm/m/it/10 :[]$\OT1/cmr/m/n/10 ,
 []

[304]
Overfull \hbox (33.65318pt too wide) in paragraph at lines 9508--9513
\OML/cmm/m/it/10 Y \OMS/cmtt/m/n/10 ! \OML/cmm/m/it/10 X$ \OT1/cmr/m/it/10 and 
$\OML/cmm/m/it/10 M \OMS/cmtt/m/n/10 2 []\OML/cmm/m/it/10 :[] X$\OT1/cmr/m/it/1
0 . The sheaf-level pull-back func-tor $\OML/cmm/m/it/10 f[] \OT1/cmr/m/n/10 = 
[]\OML/cmm/m/it/10 :[] f$
 []


Overfull \hbox (200.69803pt too wide) detected at line 9518
[] \OML/cmm/m/it/10 f \OMS/cmtt/m/n/10 O[] \OML/cmm/m/it/10 M [] []\OT1/cmr/m/n
/10 ([] \OML/cmm/m/it/10 f\OT1/cmr/m/n/10 ) \OMS/cmtt/m/n/10 
 \OT1/cmr/bx/n/10 1[][] [] \OT1/cmr/m/n/10 ([] (\OML/cmm/m/it/10 f[]M\OT1/cmr/m
/n/10 ))\OML/cmm/m/it/10 :[] \OT1/cmr/m/n/10 = \OML/cmm/m/it/10 f[][]\OT1/cmr/m
/n/10 ([] \OML/cmm/m/it/10 M\OT1/cmr/m/n/10 )\OML/cmm/m/it/10 :[][]:
 []


Overfull \hbox (117.34732pt too wide) in paragraph at lines 9521--9542
[][][][][][]\OT1/cmr/m/n/10 Sheafify the presheaf oplax left-unitality co-her-e
nce $[] ([] \OML/cmm/m/it/10 '[]\OT1/cmr/m/n/10 ) \OML/cmm/m/it/10 M[]$
 []


Overfull \hbox (28.7507pt too wide) in paragraph at lines 9521--9542
\OT1/cmr/m/n/10 to the whiskered $[] \OML/cmm/m/it/10 f$ \OT1/cmr/m/n/10 by sub
-lemma 3 ([][]819[][]), the $\OML/cmm/m/it/10 ^^U$\OT1/cmr/m/n/10 -leg to $[] (
\OML/cmm/m/it/10 f[]M\OT1/cmr/m/n/10 )$
 []


Overfull \hbox (5.1902pt too wide) in paragraph at lines 9521--9542
\OT1/cmr/m/n/10 whisker ex-pan-sion and the left-factor de-vice can-cel-la-tion
 against the $[]$/$[]$
 []


Overfull \hbox (11.23401pt too wide) in paragraph at lines 9547--9558
\OT1/cmr/m/n/10 ([] \OML/cmm/m/it/10 j\OT1/cmr/m/n/10 ) ([])$ \OT1/cmr/m/it/10 
through the chart com-par-i-son $[] \OML/cmm/m/it/10 j$
 []

[305]
Overfull \hbox (59.85262pt too wide) in paragraph at lines 9560--9570
[][][][][]\OT1/cmr/m/n/10 After bridg-ing the chart re-stric-tion func-tor to t
he ab-stract pull-back via $[] \OML/cmm/m/it/10 j$
 []


Overfull \hbox (33.70618pt too wide) in paragraph at lines 9583--9591
\OT1/cmr/m/it/10 Unlike the tensor-restriction com-par-i-son $[]$, the con-trac
-tion $[]$
 []


Overfull \hbox (19.8438pt too wide) in paragraph at lines 9610--9622
\OT1/cmr/m/n/10 in-ner seam is the \OT1/cmr/m/it/10 sheafi-fi-ca-tion trans-por
t \OT1/cmr/m/n/10 of that co-her-ence to the sheaf-level maps $[]$
 []

[306]
Overfull \hbox (110.58023pt too wide) detected at line 9647
\OML/cmm/m/it/10 u[]\OT1/cmr/m/n/10 (\OML/cmm/m/it/10 f\OT1/cmr/m/n/10 ) := [][
] \OML/cmm/m/it/10 f[]:[] \OT1/cmr/m/n/10 ([] \OML/cmm/m/it/10 X\OT1/cmr/m/n/10
 ) [] [] \OML/cmm/m/it/10 f \OT1/cmr/m/n/10 : [] (\OMS/cmtt/m/n/10 O[]\OT1/cmr/
m/n/10 ) \OML/cmm/m/it/10 f [] \OMS/cmtt/m/n/10 O[]
 []


Overfull \hbox (86.17113pt too wide) in paragraph at lines 9656--9671
[][][][][][]\OT1/cmr/m/n/10 This is the cheap-est con-stituent: it is the proje
ct's proven \OT1/cmr/m/it/10 unit com-po-si-tion law $[]$
 []


Overfull \hbox (31.1432pt too wide) in paragraph at lines 9656--9671
\OT1/cmr/m/n/10 ([][]661[][]) re-wrapped by Bridge B2 alone, with no deep con-t
ent. By def-i-ni-tion $\OML/cmm/m/it/10 u[]\OT1/cmr/m/n/10 (\OML/cmm/m/it/10 f\
OT1/cmr/m/n/10 ) = [] \OML/cmm/m/it/10 f \OT1/cmr/m/n/10 =
 []


Overfull \hbox (81.6871pt too wide) in paragraph at lines 9656--9671
[] \OML/cmm/m/it/10 f [] [] f$ \OT1/cmr/m/n/10 ([][]741[][]), and $[] = []$
 []


Overfull \hbox (4.15929pt too wide) in paragraph at lines 9656--9671
\OT1/cmr/m/n/10 re-mains is ex-actly the pullback-world iden-tity $[](\OML/cmm/
m/it/10 j [] ^^S[]\OT1/cmr/m/n/10 ) = [][] []
 []


Overfull \hbox (312.59924pt too wide) detected at line 9689
\OT1/cmr/m/n/10 ([] \OML/cmm/m/it/10 f\OT1/cmr/m/n/10 )\OML/cmm/m/it/10 :[]:[] 
A [] \OT1/cmr/m/n/10 ([] \OML/cmm/m/it/10 h\OT1/cmr/m/n/10 )\OML/cmm/m/it/10 :[
]:[] A \OT1/cmr/m/n/10 = ([] \OML/cmm/m/it/10 h\OT1/cmr/m/n/10 )\OML/cmm/m/it/1
0 :[]:[] A [] \OT1/cmr/m/n/10 ([] \OML/cmm/m/it/10 f[]\OT1/cmr/m/n/10 )\OML/cmm
/m/it/10 :[]:[] A:
 []


Overfull \hbox (89.90886pt too wide) detected at line 9717
[] \OML/cmm/m/it/10 h[] e[]  \OT1/cmr/m/n/10 =  [] \OML/cmm/m/it/10 j M [] \OT1
/cmr/m/n/10 ([] \OML/cmm/m/it/10 j\OT1/cmr/m/n/10 )\OML/cmm/m/it/10 :[] e[] [] 
[] j;
 []


Overfull \hbox (41.76775pt too wide) in paragraph at lines 9717--9721
\OT1/cmr/m/it/10 where $[] \OML/cmm/m/it/10 j M$ \OT1/cmr/m/it/10 is the restri
ction-composite rein-dex-ing $\OML/cmm/m/it/10 %[]$ \OT1/cmr/m/it/10 ([][]740[]
[]) and $[] \OML/cmm/m/it/10 j$
 []


Overfull \hbox (128.84811pt too wide) detected at line 9733
[]\OT1/cmr/m/n/10 (\OML/cmm/m/it/10 ^^S[]\OT1/cmr/m/n/10 ) [] [](\OML/cmm/m/it/
10 h[]\OT1/cmr/m/n/10 ) [] ([] \OML/cmm/m/it/10 j ^^S[]\OT1/cmr/m/n/10 )[] [] (
[] \OML/cmm/m/it/10 j\OT1/cmr/m/n/10 )[][](\OML/cmm/m/it/10 ^^S[]\OT1/cmr/m/n/1
0 )[][] [] ([] \OML/cmm/m/it/10 j\OT1/cmr/m/n/10 ) \OML/cmm/m/it/10 e[] [] [] j
;
 []


Overfull \hbox (19.14438pt too wide) in paragraph at lines 9733--9745
\OT1/cmr/m/n/10 un-folds ([][]740[][]) as $([] \OML/cmm/m/it/10 h[]\OT1/cmr/m/n
/10 )[] [] [] \OML/cmm/m/it/10 j ^^S[]$\OT1/cmr/m/n/10 , and $[] \OML/cmm/m/it/
10 j$
 []

[307]
Overfull \hbox (609.49744pt too wide) detected at line 9765
\OT1/cmr/m/n/10 ([] \OML/cmm/m/it/10 j\OT1/cmr/m/n/10 )\OML/cmm/m/it/10 :[] \OT
1/cmr/m/n/10 ([] \OML/cmm/m/it/10 e[] c\OT1/cmr/m/n/10 ) = [] \OML/cmm/m/it/10 
j \OT1/cmr/m/n/10 (\OML/cmm/m/it/10 L\OMS/cmtt/m/n/10 j[]\OT1/cmr/m/n/10 ) (([]
 \OML/cmm/m/it/10 L\OT1/cmr/m/n/10 )\OMS/cmtt/m/n/10 j[]\OT1/cmr/m/n/10 ) [] []
 (([] \OML/cmm/m/it/10 j\OT1/cmr/m/n/10 )\OML/cmm/m/it/10 :[] e[]\OT1/cmr/m/n/1
0 ) (([] \OML/cmm/m/it/10 j\OT1/cmr/m/n/10 )\OML/cmm/m/it/10 :[] c\OT1/cmr/m/n/
10 ) [] ([] \OML/cmm/m/it/10 j \OMS/cmtt/m/n/10 O[] O[]\OT1/cmr/m/n/10 )[]\OML/
cmm/m/it/10 :
 []


Overfull \hbox (25.26668pt too wide) in paragraph at lines 9768--9776
\OT1/cmr/m/n/10 tar-get ob-jects are $\OML/cmm/m/it/10 M[] \OT1/cmr/m/n/10 = \O
ML/cmm/m/it/10 N[] \OT1/cmr/m/n/10 = \OMS/cmtt/m/n/10 O[]$\OT1/cmr/m/n/10 , so 
the trail-ing com-par-i-son is $([] \OML/cmm/m/it/10 j \OMS/cmtt/m/n/10 O[] O[]
\OT1/cmr/m/n/10 )[]$.
 []


Overfull \hbox (64.14436pt too wide) in paragraph at lines 9794--9802
[][][][]\OT1/cmr/m/n/10 The Seam-1 key-stone ([][]825[][]) reads $[] \OML/cmm/m
/it/10 h[] e[] \OT1/cmr/m/n/10 = \OML/cmm/m/it/10 %[] [] \OT1/cmr/m/n/10 ([] \O
ML/cmm/m/it/10 j\OT1/cmr/m/n/10 )\OML/cmm/m/it/10 :[] e[] []
 []


Overfull \hbox (10.08685pt too wide) detected at line 9816
\OML/cmm/m/it/10 c[] \OT1/cmr/m/n/10 = [] \OML/cmm/m/it/10 ^^S[] [] [][] \OT1/c
mr/m/n/10 ([] \OML/cmm/m/it/10 h[] e[]\OT1/cmr/m/n/10 )[][] [] [][]
 []


Overfull \hbox (2.39758pt too wide) in paragraph at lines 9816--9821
\OT1/cmr/m/it/10 for its $\OML/cmm/m/it/10 V$\OT1/cmr/m/it/10 -built re-fine-me
nt (with $\OML/cmm/m/it/10 e[]$ \OT1/cmr/m/it/10 re-placed by $[] \OML/cmm/m/it
/10 h[] e[]$\OT1/cmr/m/it/10 ). Writ-ing $\OML/cmm/m/it/10 %[] \OT1/cmr/m/n/10 
=
 []


Overfull \hbox (107.61813pt too wide) in paragraph at lines 9833--9842
[]\OT1/cmr/m/it/10 Leg 1\OT1/cmr/m/n/10 , $[] \OML/cmm/m/it/10 ^^S[]$\OT1/cmr/m
/n/10 : S3 ([][]793[][]) reads $[] \OML/cmm/m/it/10 ^^S[] \OT1/cmr/m/n/10 = \OM
L/cmm/m/it/10 %[] [] \OT1/cmr/m/n/10 ([] \OML/cmm/m/it/10 j\OT1/cmr/m/n/10 )([]
 \OML/cmm/m/it/10 ^^S[]\OT1/cmr/m/n/10 ) []
 []


Overfull \hbox (47.56099pt too wide) in paragraph at lines 9833--9842
\OML/cmm/m/it/10 D[]\OT1/cmr/m/n/10 (\OML/cmm/m/it/10 L\OMS/cmtt/m/n/10 j[]\OT1
/cmr/m/n/10 ) [] [] \OML/cmm/m/it/10 %[]$\OT1/cmr/m/n/10 ; solv-ing for the mid
-dle fac-tor gives $([] \OML/cmm/m/it/10 j\OT1/cmr/m/n/10 )([] \OML/cmm/m/it/10
 ^^S[]\OT1/cmr/m/n/10 ) =
 []


Overfull \hbox (18.83414pt too wide) in paragraph at lines 9842--9850
\OT1/cmr/m/n/10 tak-ing in-verses, the $[] \OML/cmm/m/it/10 j$\OT1/cmr/m/n/10 -
image of leg 2 is $\OML/cmm/m/it/10 D[]\OT1/cmr/m/n/10 (\OML/cmm/m/it/10 L\OMS/
cmtt/m/n/10 j[]\OT1/cmr/m/n/10 ) [] ([] (([] \OML/cmm/m/it/10 j\OT1/cmr/m/n/10 
) \OML/cmm/m/it/10 e[]\OT1/cmr/m/n/10 ))[] []
 []

[308]
Overfull \hbox (49.4629pt too wide) in paragraph at lines 9891--9894
[]\OT1/cmr/m/it/10 the $\OML/cmm/m/it/10 e[]$\OT1/cmr/m/it/10 -leg, whose $\OML
/cmm/m/it/10 V$\OT1/cmr/m/it/10 -refinement is the iden-ti-fi-ca-tion $[] \OML/
cmm/m/it/10 h[] e[] \OT1/cmr/m/n/10 = ([] \OML/cmm/m/it/10 j\OT1/cmr/m/n/10 ) \
OML/cmm/m/it/10 e[]$
 []


Overfull \hbox (35.6952pt too wide) in paragraph at lines 9907--9926
\OT1/cmr/m/n/10 stituent (2), by bi-func-to-rial nat-u-ral-ity of $[]$, into th
e flank-ing $[]$
 []


Overfull \hbox (136.98537pt too wide) in paragraph at lines 9907--9926
\OT1/cmr/m/n/10 com-par-isons into the con-ju-gat-ing $\OML/cmm/m/it/10 %$ \OT1
/cmr/m/n/10 on both flanks, leav-ing the $\OML/cmm/m/it/10 V$\OT1/cmr/m/n/10 -b
uilt $[] ([] \OML/cmm/m/it/10 h[] e[]\OT1/cmr/m/n/10 ) (\OML/cmm/m/it/10 c[]\OT
1/cmr/m/n/10 )$
 []


Overfull \hbox (9.92828pt too wide) in paragraph at lines 9931--9939
\OML/cmm/m/it/10 c[]; [] ; c[]$\OT1/cmr/m/it/10 , the four in-ter-nal rein-dex-
ings $\OML/cmm/m/it/10 %[]; [] ; %[]$ \OT1/cmr/m/it/10 (the $[] \OML/cmm/m/it/1
0 j$\OT1/cmr/m/it/10 /$[]$
 []

[309]
Overfull \hbox (44.91751pt too wide) in paragraph at lines 9955--9964
[]\OT1/cmr/m/n/10 Pure $[]$ co-cy-cle col-lapse, iden-ti-cal in form to the sib
-ling as-sem-bles $[]$,
 []

[310] [311]
Overfull \hbox (35.69487pt too wide) in paragraph at lines 10131--10138
\OT1/cmr/m/n/10 com-poses through the two lay-ers of the con-struc-tion $[] = [
]([]) []
 []


Overfull \hbox (34.62611pt too wide) in paragraph at lines 10138--10143
[]\OT1/cmr/m/n/10 the presheaf eval-core nat-u-ral-ity $[] [] [] [] = [] []
 []


Overfull \hbox (144.2373pt too wide) detected at line 10170
[] \OML/cmm/m/it/10 t [][][]  []  \OT1/cmr/m/n/10 ([] \OML/cmm/m/it/10 t\OT1/cm
r/m/n/10 )[]  []  [][]  []  []  =  []\OML/cmm/m/it/10 :
 []


Overfull \hbox (7.95045pt too wide) in paragraph at lines 10181--10194
\OT1/cmr/m/n/10 pu-ta-tion. First, the $\OML/cmm/m/it/10 N$\OT1/cmr/m/n/10 -leg
 --- the dual-conjugated tran-si-tion $[][] [] ([] \OML/cmm/m/it/10 t\OT1/cmr/m
/n/10 )[] []
 []


Overfull \hbox (0.56606pt too wide) in paragraph at lines 10199--10212
[][]\OT1/cmr/bx/n/10 Remark 838 \OT1/cmr/m/n/10 (Al-ter-na-tive route via ob-je
c-t-level de-scent (fall-back))\OT1/cmr/bx/n/10 . []\OT1/cmr/m/n/10 Should the 
slice-and-sheafify
 []

[312]
Overfull \hbox (29.73882pt too wide) in paragraph at lines 10289--10292
[][]\OT1/cmr/bx/n/10 Definition 843 \OT1/cmr/m/n/10 (Lax--monoidal unit of re-s
tric-t-s-calars)\OT1/cmr/bx/n/10 . [][]\OT1/cmr/m/n/10 The lax-monoidal unit $\
OML/cmm/m/it/10 "$ \OT1/cmr/m/n/10 of $[] \OML/cmm/m/it/10 $\OT1/cmr/m/n/10 ,
 []

[313]
Overfull \hbox (0.1342pt too wide) in paragraph at lines 10390--10414
\OT1/cmr/m/it/10 space-level form of the same ad-junc-tion is [Stacks Project, 
Tag 0096, \OT1/cmr/m/n/10 Sheaves on Spaces\OT1/cmr/m/it/10 , \TS1/cmr/m/it/10 
�\OT1/cmr/m/it/10 Pullback
 []


! LaTeX Error: Unicode character ₀ (U+2080)
               not set up for use with LaTeX.

See the LaTeX manual or LaTeX Companion for explanation.
Type  H <return>  for immediate help.
 ...                                              
                                                  
l.10452 ...\(\mathtt{pushforward₀IsRightAdjoint}
                                                  \),
You may provide a definition with
\DeclareUnicodeCharacter 

[314]
Overfull \hbox (4.95749pt too wide) in paragraph at lines 10653--10653
[]\OT1/cmr/bx/n/14.4 Substrate helper dec-la-ra-tions (wired lean-aux blocks) 
 []


Overfull \hbox (64.46805pt too wide) in paragraph at lines 10656--10664
\OT1/cmr/m/n/10 This sec-tion gives a blueprint en-try to each of the project-l
ocal helper dec-la-ra-tions of \OT1/cmtt/m/n/10 TensorObjSubstrate.lean
 []

[315]
Overfull \hbox (24.29915pt too wide) detected at line 10693
[] \OT1/cmr/m/n/10 (\OML/cmm/m/it/10 e[] \U/msa/m/n/10 o \OML/cmm/m/it/10 e[]\O
T1/cmr/m/n/10 ) (\OML/cmm/m/it/10 e[] \U/msa/m/n/10 o \OML/cmm/m/it/10 e[]\OT1/
cmr/m/n/10 ) = [] \OML/cmm/m/it/10 e[] e[]  \U/msa/m/n/10 o  [] \OML/cmm/m/it/1
0 e[] e[]:
 []


Overfull \hbox (29.54997pt too wide) in paragraph at lines 10709--10713
[][]\OT1/cmr/bx/n/10 Lemma 855 \OT1/cmr/m/n/10 ($[]$ pre-serves iden-ti-ties)\O
T1/cmr/bx/n/10 . [][]$[] \OT1/cmr/m/n/10 ([] \OML/cmm/m/it/10 M\OT1/cmr/m/n/10 
) ([] \OML/cmm/m/it/10 N\OT1/cmr/m/n/10 ) =
 []

[316]
Overfull \hbox (17.30125pt too wide) in paragraph at lines 10779--10782
[][]\OT1/cmr/bx/n/10 Lemma 859 \OT1/cmr/m/n/10 (Presheaf du-al--trans-port pre-
serves iden-ti-ties)\OT1/cmr/bx/n/10 . [][]$[] \OT1/cmr/m/n/10 ([] \OML/cmm/m/i
t/10 L\OT1/cmr/m/n/10 ) = [] (\OML/cmm/m/it/10 L[]\OT1/cmr/m/n/10 )$
 []


Overfull \hbox (26.5235pt too wide) in paragraph at lines 10812--10815
[][]\OT1/cmr/bx/n/10 Lemma 861 \OT1/cmr/m/n/10 (Sheaf-level du-al--trans-port p
re-serves iden-ti-ties)\OT1/cmr/bx/n/10 . [][][]$[] \OT1/cmr/m/n/10 ([] \OML/cm
m/m/it/10 L\OT1/cmr/m/n/10 ) = [] (\OML/cmm/m/it/10 L[]\OT1/cmr/m/n/10 )$
 []


Overfull \hbox (0.73343pt too wide) in paragraph at lines 10826--10831
\OT1/cmr/m/n/10 struc-ture sheaf: $[] \OMS/cmtt/m/n/10 O[] O[] [] O[]$\OT1/cmr/
m/n/10 , where $\OMS/cmtt/m/n/10 O[] \OT1/cmr/m/n/10 = [] \OML/cmm/m/it/10 X:[]
$\OT1/cmr/m/n/10 .
 []


Overfull \hbox (2.20831pt too wide) in paragraph at lines 10843--10848
[][]\OT1/cmr/bx/n/10 Definition 863 \OT1/cmr/m/n/10 (Mid-dle--four in-ter-chang
e for $\OMS/cmtt/m/n/10 
[]$\OT1/cmr/m/n/10 )\OT1/cmr/bx/n/10 . [][][][]\OT1/cmr/m/n/10 For ar-bi-trary 
$\OML/cmm/m/it/10 A; B; C; D \OMS/cmtt/m/n/10 2 []\OML/cmm/m/it/10 :[] X$
 []


Overfull \hbox (41.85645pt too wide) in paragraph at lines 10876--10881
[][]\OT1/cmr/bx/n/10 Definition 865 \OT1/cmr/m/n/10 (Bun-dled iso form of the u
nit com-par-i-son)\OT1/cmr/bx/n/10 . [][]\OT1/cmr/m/n/10 For $\OML/cmm/m/it/10 
g \OT1/cmr/m/n/10 : \OML/cmm/m/it/10 Y \OMS/cmtt/m/n/10 ! \OML/cmm/m/it/10 X$ \
OT1/cmr/m/n/10 with $([] \OML/cmm/m/it/10 g:[]\OT1/cmr/m/n/10 )\OML/cmm/m/it/10
 :[]$\OT1/cmr/m/n/10 ,
 []

[317] [318]
Overfull \hbox (5.34293pt too wide) detected at line 11026
\OML/cmm/m/it/10 a[]:[] ^^N[]  \OT1/cmr/m/n/10 =  \OML/cmm/m/it/10 a[]:[][]\OT1
/cmr/m/n/10 ([] \OML/cmm/m/it/10 '[]\OT1/cmr/m/n/10 )\OML/cmm/m/it/10 :[] ^^N[]
\OT1/cmr/m/n/10 (\OML/cmm/m/it/10 M:[]; N:[]\OT1/cmr/m/n/10 )[]  []  \OML/cmm/m
/it/10 a[]:[] ^^N[][]F[]M:[];  F[]N:[][]:
 []


Overfull \hbox (32.84016pt too wide) in paragraph at lines 11089--11103
\OT1/cmr/m/it/10 back along $\OML/cmm/m/it/10 f$\OT1/cmr/m/it/10 , $\OML/cmm/m/
it/10 R[] \OT1/cmr/m/n/10 = \OML/cmm/m/it/10 h[][]\OT1/cmr/m/n/10 ([] \OML/cmm/
m/it/10 f\OT1/cmr/m/n/10 )\OML/cmm/m/it/10 :[] P[]$ \OT1/cmr/m/it/10 and $\OML/
cmm/m/it/10 R[] \OT1/cmr/m/n/10 = ([] \OML/cmm/m/it/10 h\OT1/cmr/m/n/10 )\OML/c
mm/m/it/10 :[] \OT1/cmr/m/n/10 ([][] \OML/cmm/m/it/10 P\OT1/cmr/m/n/10 )$
 []

[319]
Overfull \hbox (34.94638pt too wide) in paragraph at lines 11143--11146
[]\OT1/cmr/m/it/10 (d) Slide $[]$ past the re-cov-ered units. \OT1/cmr/m/n/10 T
he sheaf-level com-par-i-son $[] \OML/cmm/m/it/10 h f$
 []


Overfull \hbox (23.85515pt too wide) in paragraph at lines 11169--11176
\OT1/cmr/m/n/10 extension-of-scalars func-tor and its ad-junc-tion, the lax-mon
oidal struc-ture maps $\OML/cmm/m/it/10 ^^V$ \OT1/cmr/m/n/10 of $[]$
 []

[320]
Overfull \hbox (30.04367pt too wide) in paragraph at lines 11271--11275
[][]\OT1/cmr/m/it/10 The outer leg of [][]884[][]: ap-plied to a pure ten-sor, 
$\OT1/cmr/m/n/10 (([] \OML/cmm/m/it/10 '\OT1/cmr/m/n/10 )\OML/cmm/m/it/10 :[] \
OT1/cmr/m/n/10 (\OML/cmm/m/it/10 ^^V\OT1/cmr/m/n/10 ([] \OML/cmm/m/it/10  \OT1/
cmr/m/n/10 ) \OML/cmm/m/it/10 N[] N[]\OT1/cmr/m/n/10 ))[]$
 []


Overfull \hbox (14.37349pt too wide) in paragraph at lines 11288--11294
[] \OML/cmm/m/it/10 '[]$ \OT1/cmr/m/it/10 on the (strongly-monoidal, $\OML/cmm/
m/it/10 ^^V[] \OT1/cmr/m/n/10 = \OT1/cmr/bx/n/10 1$\OT1/cmr/m/it/10 ) rein-dexe
d ob-jects $[][] \OML/cmm/m/it/10 F R[]$\OT1/cmr/m/it/10 .
 []


Overfull \hbox (5.29672pt too wide) in paragraph at lines 11288--11294
\OT1/cmr/m/it/10 This un-folds the opaque push-for-ward lax-monoidal $\OML/cmm/
m/it/10 ^^V$ \OT1/cmr/m/it/10 into the di-rectly com-putable $[]$
 []


Overfull \hbox (2.78609pt too wide) in paragraph at lines 11296--11303
[]$ \OT1/cmr/m/n/10 of the (iden-tity) $[][]$ ten-so-ra-tor with the $[]$
 []

[321]
Overfull \hbox (42.31151pt too wide) in paragraph at lines 11336--11343
[][]\OT1/cmr/bx/n/10 Lemma 885 \OT1/cmr/m/n/10 (For-get-ful im-age of a sheaf--
push-for-ward map)\OT1/cmr/bx/n/10 . []\OT1/cmr/m/it/10 The for-get-ful func-to
r $[]$
 []


Overfull \hbox (118.29794pt too wide) in paragraph at lines 11336--11343
\OT1/cmr/m/it/10 in-ter-twines the sheaf-level $[] \OML/cmm/m/it/10 '$ \OT1/cmr
/m/it/10 with the presheaf-level $[] \OML/cmm/m/it/10 ':[]$\OT1/cmr/m/it/10 :
 []


Overfull \hbox (213.41068pt too wide) in paragraph at lines 11336--11343
\OT1/cmr/m/it/10 for a mor-phism $\OML/cmm/m/it/10 g$ \OT1/cmr/m/it/10 of sheav
es of mod-ules, $[]\OML/cmm/m/it/10 :[] \OT1/cmr/m/n/10 (([] \OML/cmm/m/it/10 '
\OT1/cmr/m/n/10 )\OML/cmm/m/it/10 :[] g\OT1/cmr/m/n/10 ) = ([] \OML/cmm/m/it/10
 ':[]\OT1/cmr/m/n/10 )\OML/cmm/m/it/10 :[] \OT1/cmr/m/n/10 ([]\OML/cmm/m/it/10 
:[] g\OT1/cmr/m/n/10 )$\OT1/cmr/m/it/10 .
 []

) (./chapters/Picard_SheafOverEquivalence.tex [322]
Chapter 17.

Overfull \hbox (56.6366pt too wide) in paragraph at lines 30--36
\OT1/cmr/m/n/10 --- be-tween the slice of $[] \OML/cmm/m/it/10 X$ \OT1/cmr/m/n/
10 over $\OML/cmm/m/it/10 U$ \OT1/cmr/m/n/10 (car-ry-ing the slice topol-ogy $(
[] \OML/cmm/m/it/10 X\OT1/cmr/m/n/10 )\OML/cmm/m/it/10 :[] U$\OT1/cmr/m/n/10 )
 []


Overfull \hbox (59.39795pt too wide) detected at line 41
[]  \OT1/cmr/m/n/10 :  [] []([])\OML/cmm/m/it/10 :[][]   \OMS/cmtt/m/n/10 '   [
] []\OML/cmm/m/it/10 X:[]:[] U[];
 []


Overfull \hbox (38.92996pt too wide) detected at line 52
\OML/cmm/m/it/10 '  \OT1/cmr/m/n/10 :  \OML/cmm/m/it/10 X:[]:[] U  [][]\OMS/cmt
t/m/n/10 !  []\OML/cmm/m/it/10 e:[]:[][]:[] []\OT1/cmr/m/n/10 ([])\OML/cmm/m/it
/10 :[][]
 []

[323

]
Overfull \hbox (3.60362pt too wide) in paragraph at lines 117--125
[][]\OT1/cmr/bx/n/10 Definition 890 \OT1/cmr/m/n/10 (Con-ti-nu-ity of the in-ve
rse leg of the over-e-quiv-a-lence)\OT1/cmr/bx/n/10 . []\OT1/cmr/m/n/10 The in-
verse leg $\OML/cmm/m/it/10 e:[] \OT1/cmr/m/n/10 :
 []


Overfull \hbox (140.12192pt too wide) in paragraph at lines 117--125
\OT1/cmr/m/n/10 ous from the sub-space topol-ogy $[] []$ to the slice topol-ogy
 $([] \OML/cmm/m/it/10 X\OT1/cmr/m/n/10 )\OML/cmm/m/it/10 :[] U$\OT1/cmr/m/n/10
 .
 []


Overfull \hbox (15.35652pt too wide) in paragraph at lines 130--134
\OT1/cmr/m/n/10 dense-subsite in-stance for the in-verse leg and the pri-or-ity
 in-stance $[] \OMS/cmtt/m/n/10 ) []$
 []


Overfull \hbox (6.82594pt too wide) in paragraph at lines 139--146
[][]\OT1/cmr/bx/n/10 Definition 891 \OT1/cmr/m/n/10 (Con-ti-nu-ity of the func-
tor leg of the over-e-quiv-a-lence)\OT1/cmr/bx/n/10 . [][]\OT1/cmr/m/n/10 The f
unc-tor leg $\OML/cmm/m/it/10 e:[] \OT1/cmr/m/n/10 :
 []


Overfull \hbox (24.14948pt too wide) in paragraph at lines 139--146
\OT1/cmr/m/n/10 ([] \OML/cmm/m/it/10 X\OT1/cmr/m/n/10 )\OML/cmm/m/it/10 :[] U$ 
\OT1/cmr/m/n/10 to the sub-space topol-ogy $[] []$.
 []

[324]
Overfull \hbox (22.67809pt too wide) in paragraph at lines 223--229
\OT1/cmr/m/n/10 vid-ing the section-level in-verse of $\OML/cmm/m/it/10 '$\OT1/
cmr/m/n/10 . It is the da-tum $\OML/cmm/m/it/10  $ \OT1/cmr/m/n/10 fed into $[]
$. 
 []


Overfull \hbox (40.76474pt too wide) in paragraph at lines 326--342
\OT1/cmr/m/n/10 tor $[] [] \OMS/cmtt/m/n/10 ! [] \OML/cmm/m/it/10 X$\OT1/cmr/m/
n/10 ). The func-tor un-der-ly-ing the over-equivalence is $[] \OML/cmm/m/it/10
 '$\OT1/cmr/m/n/10 .
 []

[325]
Overfull \hbox (157.64883pt too wide) detected at line 355
[]\OML/cmm/m/it/10 :[]:[] [][] \OT1/cmr/m/n/10 ([])\OML/cmm/m/it/10 :[][]  []  
[] []X:[]:[] U[];
 []


Overfull \hbox (181.25858pt too wide) detected at line 382
[] \OML/cmm/m/it/10 '  \OT1/cmr/m/n/10 :  [] []\OML/cmm/m/it/10 X:[]:[] U[]  []
[]\OMS/cmtt/m/n/10 !  \OT1/cmr/m/n/10 ([] \OML/cmm/m/it/10 '\OT1/cmr/m/n/10 )\O
ML/cmm/m/it/10 :[] [][] \OT1/cmr/m/n/10 ([])\OML/cmm/m/it/10 :[][]:
 []

[326]
Overfull \hbox (395.10555pt too wide) detected at line 442
\OML/cmm/m/it/10 M:[] U [] []:[]:[] []M\OMS/cmtt/m/n/10 j[][] [] []\OML/cmm/m/i
t/10 :[]:[] \OT1/cmr/m/n/10 ([]  [] ) [] [] []\OML/cmm/m/it/10 X:[]:[] U[]:
 []


Overfull \hbox (25.95398pt too wide) in paragraph at lines 449--461
\OT1/cmr/m/n/10 presentation trans-port $[]$ must act in $[] (\OML/cmm/m/it/10 
X:[]:[] U\OT1/cmr/m/n/10 )$
 []


Overfull \hbox (41.60696pt too wide) in paragraph at lines 478--483
[][]\OT1/cmr/m/n/10 Proved di-rectly in Lean: the dec-la-ra-tion is def-i-ni-ti
on-ally the gen-eral $[]\OML/cmm/m/it/10 :[]$
 []

) (./chapters/Picard_LineBundleCoherence.tex [327]
Chapter 18.

Overfull \hbox (139.36932pt too wide) in paragraph at lines 45--55
\OT1/cmr/m/n/10 struc-tion con-sumes, namely finitely pre-sented: $\OML/cmm/m/i
t/10 M:[]$ \OT1/cmr/m/n/10 in Math-lib's $[]$
 []


Overfull \hbox (51.688pt too wide) in paragraph at lines 70--75
\OT1/cmr/m/n/10 The Math-lib pred-i-cates $[]$ and $[]$
 []


Overfull \hbox (279.59904pt too wide) detected at line 79
\OT1/cmr/m/n/10 (\OML/cmm/m/it/10 J=x\OT1/cmr/m/n/10 )\OML/cmm/m/it/10 :[]\OT1/
cmr/m/n/10 ([][])\OML/cmm/m/it/10 ;  []\OT1/cmr/m/n/10 (\OML/cmm/m/it/10 J=x; [
]\OT1/cmr/m/n/10 )\OML/cmm/m/it/10 ;  \OT1/cmr/m/n/10 (\OML/cmm/m/it/10 J=x\OT1
/cmr/m/n/10 )\OML/cmm/m/it/10 :[]\OT1/cmr/m/n/10 ([])\OML/cmm/m/it/10 :
 []

[328

]
Overfull \hbox (42.63782pt too wide) in paragraph at lines 89--97
\OT1/cmr/m/n/10 by $[]$. Un-der this as-sump-tion the pred-i-cate $\OML/cmm/m/i
t/10 M:[]$
 []

[329]
Overfull \hbox (70.98663pt too wide) in paragraph at lines 260--269
[]\OT1/cmr/m/n/10 The chart pre-sen-ta-tion is ob-tained by trans-port-ing the 
canon-i-cal fi-nite pre-sen-ta-tion of $[] (\OML/cmm/m/it/10 U[]\OT1/cmr/m/n/10
 )\OML/cmm/m/it/10 :[]$
 []


Overfull \hbox (64.77094pt too wide) in paragraph at lines 294--308
[]$\OT1/cmr/m/n/10 , and the con-struc-tor $[]$
 []


Overfull \hbox (110.8553pt too wide) in paragraph at lines 327--334
[][]\OT1/cmr/m/n/10 Finite pre-sen-ta-tion im-plies fi-nite type by Math-lib's 
$[]$,
 []


Overfull \hbox (213.45741pt too wide) in paragraph at lines 327--334
\OT1/cmr/m/n/10 im-me-di-ate from [][]909[][]. Quasi-coherence is im-me-di-ate 
from fi-nite pre-sen-ta-tion by $[]$.
 []

[330]) (./chapters/Picard_FlatteningStratification.tex [331]
Chapter 19.
[332

] [333] [334] [335] [336] [337] [338] [339] [340] [341] [342] [343]
[344] [345] [346] [347] [348] [349] [350] [351] [352] [353] [354])
(./chapters/Picard_QuotScheme.tex [355] [356]
Chapter 20.
[357

]
Overfull \hbox (33.51576pt too wide) in paragraph at lines 238--250
\OT1/cmr/m/n/10 with degree-$\OML/cmm/m/it/10 m$ \OT1/cmr/m/n/10 com-po-nent $^
^@(\OML/cmm/m/it/10 X[]; L[]\OT1/cmr/m/n/10 )$ and mul-ti-pli-ca-tion the ten-s
or prod-uct of sec-tions $^^@(\OML/cmm/m/it/10 X[]; L[]\OT1/cmr/m/n/10 ) \OMS/c
mtt/m/n/10 
[]
 []

[358] [359]
Overfull \hbox (120.34819pt too wide) in paragraph at lines 432--436
[][]\OT1/cmr/bx/n/10 Lemma 1018 \OT1/cmr/m/n/10 (The ra-tio-nal power se-ries $
(1 \OMS/cmtt/m/n/10 ^^@ \OML/cmm/m/it/10 X\OT1/cmr/m/n/10 )[]$)\OT1/cmr/bx/n/10
 . []\OT1/cmr/m/it/10 Pro-vided by Math-lib (\OT1/cmtt/m/it/10 Mathlib.RingTheo
ry.PowerSeries.WellKnown\OT1/cmr/m/it/10 ).
 []

[360] [361] [362] [363]
Overfull \hbox (178.96407pt too wide) in paragraph at lines 970--978
\OT1/cmr/m/it/10 the ex-trac-tion of the unique poly-no-mial from a ra-tio-nal 
Hilbert func-tion ([][]1030[][], \OT1/cmtt/m/it/10 Scheme.existsUnique[]hilbert
Polynomial[]of[]isRatHilb\OT1/cmr/m/it/10 )
 []

[364]
Overfull \hbox (152.94862pt too wide) in paragraph at lines 1053--1063
[][]\OT1/cmr/bx/n/10 Lemma 1035 \OT1/cmr/m/n/10 (Ho-mo-ge-neous sub-mod-ule)\OT
1/cmr/bx/n/10 . []\OT1/cmr/m/it/10 Pro-vided by Math-lib (\OT1/cmtt/m/it/10 Mat
hlib.RingTheory.GradedAlgebra.Homogeneous.Submodule\OT1/cmr/m/it/10 ).
 []


Overfull \hbox (231.83672pt too wide) in paragraph at lines 1070--1077
[][]\OT1/cmr/bx/n/10 Lemma 1036 \OT1/cmr/m/n/10 (A span of ho-mo-ge-neous el-e-
ments is ho-mo-ge-neous)\OT1/cmr/bx/n/10 . []\OT1/cmr/m/it/10 Pro-vided by Math
-lib (\OT1/cmtt/m/it/10 Mathlib.RingTheory.GradedAlgebra.Homogeneous.Ideal\OT1/
cmr/m/it/10 ).
 []


Overfull \hbox (58.1989pt too wide) in paragraph at lines 1084--1087
[][]\OT1/cmr/bx/n/10 Lemma 1037 \OT1/cmr/m/n/10 (Rank--nul-lity)\OT1/cmr/bx/n/1
0 . []\OT1/cmr/m/it/10 Pro-vided by Math-lib (\OT1/cmtt/m/it/10 Mathlib.LinearA
lgebra.FiniteDimensional.Lemmas\OT1/cmr/m/it/10 ).
 []


Overfull \hbox (135.44962pt too wide) in paragraph at lines 1099--1107
[][]\OT1/cmr/bx/n/10 Lemma 1038 \OT1/cmr/m/n/10 (Fi-nite gen-er-a-tion trans-fe
rs along a sur-jec-tion)\OT1/cmr/bx/n/10 . []\OT1/cmr/m/it/10 Pro-vided by Math
-lib (\OT1/cmtt/m/it/10 Mathlib.RingTheory.Finiteness.Basic\OT1/cmr/m/it/10 ).
 []

[365]
Overfull \hbox (146.97743pt too wide) in paragraph at lines 1146--1154
[][]\OT1/cmr/bx/n/10 Lemma 1041 \OT1/cmr/m/n/10 (Finite-ness trans-fers along a
 sur-jec-tive lin-ear map)\OT1/cmr/bx/n/10 . []\OT1/cmr/m/it/10 Pro-vided by Ma
th-lib (\OT1/cmtt/m/it/10 Mathlib.RingTheory.Finiteness.Defs\OT1/cmr/m/it/10 ).

 []


Overfull \hbox (128.94955pt too wide) in paragraph at lines 1171--1179
[][]\OT1/cmr/bx/n/10 Lemma 1043 \OT1/cmr/m/n/10 (The lift of a lin-ear map thro
ugh a quo-tient)\OT1/cmr/bx/n/10 . []\OT1/cmr/m/it/10 Pro-vided by Math-lib (\O
T1/cmtt/m/it/10 Mathlib.LinearAlgebra.Quotient.Basic\OT1/cmr/m/it/10 ).
 []


Overfull \hbox (6.71625pt too wide) in paragraph at lines 1213--1219
\OT1/cmr/m/it/10 module. Then $\OML/cmm/m/it/10 M$ \OT1/cmr/m/it/10 is a Noethe
-rian $\OML/cmm/m/it/10 A$\OT1/cmr/m/it/10 -module. Com-bined with [][]1045[][]
 this makes a fi-nite $\OML/cmm/m/it/10 ^^T\OT1/cmr/m/n/10 [\OML/cmm/m/it/10 t[
]; [] ; t[]\OT1/cmr/m/n/10 ]$\OT1/cmr/m/it/10 -
 []

[366] [367]
Overfull \hbox (6.22478pt too wide) in paragraph at lines 1404--1411
[][][]\OT1/cmr/m/n/10 Let $\OML/cmm/m/it/10 m \OMS/cmtt/m/n/10 2 \OML/cmm/m/it/
10 x[]\OT1/cmr/m/n/10 (\OML/cmm/m/it/10 N[]\OT1/cmr/m/n/10 )$ and fix a de-gree
 $\OML/cmm/m/it/10 i$\OT1/cmr/m/n/10 . By the degree-shift com-mu-ta-tion ([][]
1052[][]), $\OML/cmm/m/it/10 x\OT1/cmr/m/n/10 ([][](\OML/cmm/m/it/10 m\OT1/cmr/
m/n/10 )) =
 []

[368] [369] [370]
Overfull \hbox (5.68105pt too wide) detected at line 1815
\OML/cmm/m/it/10 h[]\OT1/cmr/m/n/10 (\OML/cmm/m/it/10 n \OT1/cmr/m/n/10 + 1) \O
MS/cmtt/m/n/10 ^^@ \OML/cmm/m/it/10 h[]\OT1/cmr/m/n/10 (\OML/cmm/m/it/10 n\OT1/
cmr/m/n/10 ) = [][] \OML/cmm/m/it/10 Q[] \OMS/cmtt/m/n/10 ^^@ [][] \OML/cmm/m/i
t/10 Q[] \OT1/cmr/m/n/10 = [][](\OML/cmm/m/it/10 Q[]= [] '\OT1/cmr/m/n/10 ) \OM
S/cmtt/m/n/10 ^^@ [][]\OT1/cmr/m/n/10 ([] \OML/cmm/m/it/10 '\OT1/cmr/m/n/10 ) =
 \OML/cmm/m/it/10 h[]\OT1/cmr/m/n/10 (\OML/cmm/m/it/10 n \OT1/cmr/m/n/10 + 1) \
OMS/cmtt/m/n/10 ^^@ \OML/cmm/m/it/10 h[]\OT1/cmr/m/n/10 (\OML/cmm/m/it/10 n\OT1
/cmr/m/n/10 )\OML/cmm/m/it/10 :
 []

[371]
Overfull \hbox (0.43256pt too wide) in paragraph at lines 1836--1840
[][]\OT1/cmr/bx/n/10 Definition 1071 \OT1/cmr/m/n/10 (Poly-no-mial eval-u-a-tio
n ring ho-mo-mor-phism)\OT1/cmr/bx/n/10 . [][]\OT1/cmr/m/n/10 Let $\OML/cmm/m/i
t/10 t \OT1/cmr/m/n/10 : \OMS/cmtt/m/n/10 f\OT1/cmr/m/n/10 0\OML/cmm/m/it/10 ; 
[] ; r \OMS/cmtt/m/n/10 ^^@ \OT1/cmr/m/n/10 1\OMS/cmtt/m/n/10 g ! [][]\OT1/cmr/
m/n/10 (\OML/cmm/m/it/10 M\OT1/cmr/m/n/10 )$
 []

[372]
Overfull \hbox (80.57469pt too wide) detected at line 1944
[] \OT1/cmr/m/n/10 : \OML/cmm/m/it/10 ^^T\OT1/cmr/m/n/10 [\OML/cmm/m/it/10 t[];
 [] ; t[]\OT1/cmr/m/n/10 ] = [](\OMS/cmtt/m/n/10 f\OT1/cmr/m/n/10 0\OML/cmm/m/i
t/10 ; [] ; r\OMS/cmtt/m/n/10 g\OML/cmm/m/it/10 ; ^^T\OT1/cmr/m/n/10 )  [][]\OM
S/cmtt/m/n/10 !  []\OT1/cmr/m/n/10 (\OMS/cmtt/m/n/10 f\OT1/cmr/m/n/10 0\OML/cmm
/m/it/10 ; [] ; r \OMS/cmtt/m/n/10 ^^@ \OT1/cmr/m/n/10 1\OMS/cmtt/m/n/10 g\OML/
cmm/m/it/10 ; ^^T\OT1/cmr/m/n/10 ) = \OML/cmm/m/it/10 ^^T\OT1/cmr/m/n/10 [\OML/
cmm/m/it/10 t[]; [] ; t[]\OT1/cmr/m/n/10 ]
 []


Overfull \hbox (1.03932pt too wide) in paragraph at lines 2025--2036
\OT1/cmr/m/it/10 tient $\OML/cmm/m/it/10 N=P[]$ \OT1/cmr/m/it/10 is fi-nite ove
r $\OML/cmm/m/it/10 ^^T\OT1/cmr/m/n/10 [\OML/cmm/m/it/10 t[]; [] ; t[]\OT1/cmr/
m/n/10 ]$ \OT1/cmr/m/it/10 ([][]1074[][], [][]1077[][]). Then $\OML/cmm/m/it/10
 N=P[]$ \OT1/cmr/m/it/10 is also fi-nite over $\OML/cmm/m/it/10 ^^T\OT1/cmr/m/n
/10 [\OML/cmm/m/it/10 t[]; [] ; t[]\OT1/cmr/m/n/10 ]$\OT1/cmr/m/it/10 .
 []


Overfull \hbox (53.96712pt too wide) in paragraph at lines 2046--2056
\OT1/cmr/m/it/10 module struc-ture of [][]1074[][] (with car-ri-ers the am-bi-e
nt $\OML/cmm/m/it/10 t$\OT1/cmr/m/it/10 -stable sub-mod-ules $[] \OML/cmm/m/it/
10 P$\OT1/cmr/m/it/10 , $[] \OML/cmm/m/it/10 P[]$\OT1/cmr/m/it/10 ,
 []

[373]
Overfull \hbox (9.2234pt too wide) in paragraph at lines 2079--2091
\OT1/cmr/m/n/10 where the source car-ries the $\OML/cmm/m/it/10 ^^T\OT1/cmr/m/n
/10 [\OML/cmm/m/it/10 t[]; [] ; t[]\OT1/cmr/m/n/10 ]$-module struc-ture and the
 tar-get the re-duced $\OML/cmm/m/it/10 ^^T\OT1/cmr/m/n/10 [\OML/cmm/m/it/10 t[
]; [] ; t[]\OT1/cmr/m/n/10 ]$-
 []


Overfull \hbox (2.59422pt too wide) in paragraph at lines 2101--2111
[]\OT1/cmr/m/it/10 Why the free poly-no-mial ring. \OT1/cmr/m/n/10 The smaller 
ring must be the \OT1/cmr/m/it/10 free \OT1/cmr/m/n/10 poly-no-mial ring $\OML/
cmm/m/it/10 ^^T\OT1/cmr/m/n/10 [\OML/cmm/m/it/10 t[]; [] ; t[]\OT1/cmr/m/n/10 ]
$,
 []

[374] [375]
Overfull \hbox (4.92346pt too wide) in paragraph at lines 2397--2412
[][]\OT1/cmr/bx/n/10 Lemma 1092 \OT1/cmr/m/n/10 (Ra-tio-nal-ity of the am-bi-en
t sub-quo-tient Hilbert func-tion)\OT1/cmr/bx/n/10 . [][][][][][][][][][][][]\O
T1/cmr/m/it/10 Source: [Stacks Project],
 []

[376] [377]
Overfull \hbox (157.8661pt too wide) in paragraph at lines 2598--2606
[][]\OT1/cmr/bx/n/10 Lemma 1096 \OT1/cmr/m/n/10 (Sec-tions on a ba-sic open lo-
cal-ize the affine ring)\OT1/cmr/bx/n/10 . []\OT1/cmr/m/it/10 Pro-vided by Math
-lib (\OT1/cmtt/m/it/10 Mathlib.AlgebraicGeometry.AffineScheme\OT1/cmr/m/it/10 
).
 []

[378]
Overfull \hbox (4.41875pt too wide) in paragraph at lines 2668--2672
\OT1/cmr/m/it/10 vided by Math-lib (\OT1/cmtt/m/it/10 Mathlib.Topology.Sheaves.
SheafCondition.PairwiseIntersections\OT1/cmr/m/it/10 ). For
 []


Overfull \hbox (121.67157pt too wide) in paragraph at lines 2728--2733
[][]\OT1/cmr/bx/n/10 Lemma 1102 \OT1/cmr/m/n/10 (Re-stric-tion is iso-mor-phic 
to pull-back)\OT1/cmr/bx/n/10 . []\OT1/cmr/m/it/10 Pro-vided by Math-lib (\OT1/
cmtt/m/it/10 Mathlib.AlgebraicGeometry.Modules.Sheaf\OT1/cmr/m/it/10 ).
 []


Overfull \hbox (179.00491pt too wide) in paragraph at lines 2764--2769
[][]\OT1/cmr/bx/n/10 Lemma 1104 \OT1/cmr/m/n/10 (Sheaf cat-e-gories of equiv-a-
lent sites are equiv-a-lent)\OT1/cmr/bx/n/10 . []\OT1/cmr/m/it/10 Pro-vided by 
Math-lib (\OT1/cmtt/m/it/10 Mathlib.CategoryTheory.Sites.Equivalence\OT1/cmr/m/
it/10 ).
 []

[379]
Overfull \hbox (9.07211pt too wide) in paragraph at lines 2794--2798
\OT1/cmr/m/it/10 the \OT1/cmtt/m/it/10 Topology/Sheaves/Over.lean \OT1/cmr/m/it
/10 TODO. Sym-met-ri-cally, the in-verse of $[] \OML/cmm/m/it/10 U$
 []


Overfull \hbox (15.51045pt too wide) in paragraph at lines 2810--2817
\OT1/cmr/m/it/10 dense-subsite wit-ness as-sem-bled from the two co-con-ti-nu-i
ties. The in-verse of $[] \OML/cmm/m/it/10 U$
 []


Overfull \hbox (9.06862pt too wide) in paragraph at lines 2850--2856
\OT1/cmr/m/n/10 ([][]1104[][]). This is ex-actly the equiv-a-lence left as a TO
DO in Math-lib's \OT1/cmtt/m/n/10 Topology/Sheaves/Over.lean\OT1/cmr/m/n/10 ,
 []

[380]
Overfull \hbox (38.6989pt too wide) in paragraph at lines 2951--2957
\OT1/cmr/m/n/10 sheaf iden-ti-fi-ca-tions; re-call that $[] \OML/cmm/m/it/10 U:
^^S$ \OT1/cmr/m/n/10 ([][]1101[][]) is pre-cisely push-for-ward along $\OML/cmm
/m/it/10 U:^^S:[]$\OT1/cmr/m/n/10 .
 []


Overfull \hbox (17.2611pt too wide) in paragraph at lines 2958--2966
\OT1/cmr/m/n/10 lence the sliced mod-ule $\OML/cmm/m/it/10 M:[] U$ \OT1/cmr/m/n
/10 cor-re-sponds to the ge-o-met-ric re-stric-tion $([] \OML/cmm/m/it/10 U:^^S
\OT1/cmr/m/n/10 )\OML/cmm/m/it/10 :[] M$\OT1/cmr/m/n/10 . 
 []

[381] [382] [383] [384] [385] [386]
Overfull \hbox (132.56032pt too wide) in paragraph at lines 3537--3547
[][]\OT1/cmr/bx/n/10 Lemma 1126 \OT1/cmr/m/n/10 (Proper-ness as a mor-phism pro
p-erty)\OT1/cmr/bx/n/10 . []\OT1/cmr/m/it/10 Pro-vided by Math-lib (\OT1/cmtt/m
/it/10 Mathlib.AlgebraicGeometry.Morphisms.Proper\OT1/cmr/m/it/10 ).
 []

[387]
Overfull \hbox (190.89381pt too wide) in paragraph at lines 3802--3807
[][]\OT1/cmr/bx/n/10 Lemma 1132 \OT1/cmr/m/n/10 (Mod-ule finite-ness is lo-cal 
along a span-ning fam-ily)\OT1/cmr/bx/n/10 . []\OT1/cmr/m/it/10 Pro-vided by Ma
th-lib (\OT1/cmtt/m/it/10 Mathlib.RingTheory.Localization.Finiteness\OT1/cmr/m/
it/10 ).
 []

[388] [389] [390] [391] [392]
Overfull \hbox (3.97778pt too wide) in paragraph at lines 4283--4301
\OT1/cmr/m/n/10 Stacks 01CC affine tensor-section for-mula flagged in [][]1140[
][]. The route is: iden-tify $^^@(\OML/cmm/m/it/10 A; V\OT1/cmr/m/n/10 )[] \OMS
/cmtt/m/n/10 
[]
 []

[393] [394] [395] [396] [397] [398] [399] [400] [401]
Overfull \hbox (47.5977pt too wide) in paragraph at lines 5511--5522
[][]\OT1/cmr/m/n/10 In the degree-zero part of the lo-cal-iza-tion $\U/msb/m/n/
10 Z\OT1/cmr/m/n/10 [\OML/cmm/m/it/10 X[]\OT1/cmr/m/n/10 ][]$, the three frac-t
ions sat-isfy $(\OML/cmm/m/it/10 X[]=X[]\OT1/cmr/m/n/10 )(\OML/cmm/m/it/10 X[]=
X[]\OT1/cmr/m/n/10 ) =
 []

[402] [403]
Overfull \hbox (29.76956pt too wide) in paragraph at lines 5790--5795
[][]\OT1/cmr/bx/n/10 Lemma 1195 \OT1/cmr/m/n/10 (Pro-jec-tive space is pro-jec-
tive over its base)\OT1/cmr/bx/n/10 . [][][]\OT1/cmr/m/it/10 The struc-tural mo
r-phism $\U/msb/m/n/10 P\OT1/cmr/m/n/10 (\OMS/cmtt/m/n/10 f\OT1/cmr/m/n/10 0\OM
L/cmm/m/it/10 ; [] ; d\OMS/cmtt/m/n/10 g\OT1/cmr/m/n/10 ; \OML/cmm/m/it/10 S\OT
1/cmr/m/n/10 ) \OMS/cmtt/m/n/10 !
 []

[404] [405]
Overfull \hbox (9.99039pt too wide) in paragraph at lines 6048--6057
\OT1/cmr/m/n/10 pullback--pushforward ad-junc-tion ap-plied to $\OMS/cmtt/m/n/1
0 O[]$\OT1/cmr/m/n/10 , post-composed with the pushforward-composition
 []

[406]
Overfull \hbox (72.8538pt too wide) in paragraph at lines 6123--6132
[][]\OT1/cmr/m/n/10 1206[][] iden-ti-fies global sec-tions of $\OMS/cmtt/m/n/10
 O\OT1/cmr/m/n/10 (\OML/cmm/m/it/10 m\OT1/cmr/m/n/10 )$ with the ab-stract comp
atible-family sub-mod-ule $[](\OML/cmm/m/it/10 D; \OMS/cmtt/m/n/10 O\OML/cmm/m/
it/10 ; \OT1/cmr/m/n/10 ((\OML/cmm/m/it/10 X[]=X[]\OT1/cmr/m/n/10 )[]))$
 []

[407]

Package hyperref Warning: Token not allowed in a PDF string (Unicode):
(hyperref)                removing `math shift' on input line 6218.


Overfull \hbox (16.6382pt too wide) in paragraph at lines 6243--6249
[][]\OT1/cmr/m/n/10 On global sec-tions, re-stric-tion of a chart sec-tion alon
g the over-lap im-mer-sion into $\OML/cmm/m/it/10 D[]\OT1/cmr/m/n/10 (\OML/cmm/
m/it/10 X[]X[]\OT1/cmr/m/n/10 ) \OMS/cmtt/m/n/10 ^^R
 []


Overfull \hbox (4.14845pt too wide) in paragraph at lines 6262--6269
[][]\OT1/cmr/m/n/10 In $[](\OML/cmm/m/it/10 X[]X[]\OT1/cmr/m/n/10 )$, the two a
way-map im-ages of $\OML/cmm/m/it/10 F=X[]$ \OT1/cmr/m/n/10 and $\OML/cmm/m/it/
10 F=X[]$ \OT1/cmr/m/n/10 dif-fer by ex-actly $(\OML/cmm/m/it/10 X[]=X[]\OT1/cm
r/m/n/10 )[]$
 []

[408] [409] [410]
Overfull \hbox (42.84714pt too wide) in paragraph at lines 6566--6581
[]\OT1/cmr/bx/n/10 (Boundedness, [][]1222[][].) \OT1/cmr/m/n/10 Pick the Castel
nuovo--Mumford reg-u-lar-ity bound $\OML/cmm/m/it/10 m \OT1/cmr/m/n/10 = \OML/c
mm/m/it/10 m\OT1/cmr/m/n/10 ([] \OML/cmm/m/it/10 V; [] W; \OT1/cmr/m/n/10 ^^H)$

 []

[411] [412] [413] [414]
Overfull \hbox (104.55136pt too wide) detected at line 7135
\OT1/cmr/m/n/10 ^^@[]\OML/cmm/m/it/10 U; \OT1/cmr/m/n/10 ([] \U/msa/m/n/10 ^^C\
OT1/cmr/m/n/10 )[][][][][](\OML/cmm/m/it/10 f[]\OMS/cmtt/m/n/10 F\OT1/cmr/m/n/1
0 )(\OML/cmm/m/it/10 t\OT1/cmr/m/n/10 )[]  =  [][](\OMS/cmtt/m/n/10 F\OT1/cmr/m
/n/10 )(\OML/cmm/m/it/10 t\OT1/cmr/m/n/10 ) []^^@[]\OML/cmm/m/it/10 g[]\OMS/cmt
t/m/n/10 F\OML/cmm/m/it/10 ;  f[]\OT1/cmr/m/n/10 (\OML/cmm/m/it/10 U\OT1/cmr/m/
n/10 )[] = ^^@[]\OML/cmm/m/it/10 f[]g[]\OMS/cmtt/m/n/10 F\OML/cmm/m/it/10 ;  U[
]:
 []

[415]
Overfull \hbox (2.94138pt too wide) in paragraph at lines 7303--7319
[]\OT1/cmr/m/n/10 The two equal-izer pre-sen-ta-tions are there-fore con-nected
 by a com-mut-ing lad-der whose product-
 []

[416]
Overfull \hbox (1.60736pt too wide) in paragraph at lines 7411--7420
[][]\OT1/cmr/bx/n/10 Theorem 1238 \OT1/cmr/m/n/10 (Ba-sis-lo-cal-ity re-duc-tio
n for the sec-tion--wise base-change iso-mor-phism)\OT1/cmr/bx/n/10 . [][]\OT1/
cmr/m/it/10 Suppose
 []

[417] [418]
Overfull \hbox (4.08044pt too wide) in paragraph at lines 7620--7625
\OT1/cmr/m/n/10 The affine pull-back for-mula rests on the tilde--global-sectio
ns ad-junc-tion, the extension--restriction-
 []


! LaTeX Error: Unicode character Γ (U+0393)
               not set up for use with LaTeX.

See the LaTeX manual or LaTeX Companion for explanation.
Type  H <return>  for immediate help.
 ...                                              
                                                  
l.7635   (\texttt{moduleSpecΓFunctor}
                                      ); the unit is the isomorphism
You may provide a definition with
\DeclareUnicodeCharacter 


! LaTeX Error: Unicode character Γ (U+0393)
               not set up for use with LaTeX.

See the LaTeX manual or LaTeX Companion for explanation.
Type  H <return>  for immediate help.
 ...                                              
                                                  
l.7639   (\texttt{fromTildeΓ}
                              ). Mathlib also supplies the two companion
You may provide a definition with
\DeclareUnicodeCharacter 

[419]
Overfull \hbox (74.41306pt too wide) detected at line 7712
[][] [] \OT1/cmr/m/n/10 ([] \OML/cmm/m/it/10 A\OT1/cmr/m/n/10 )\OML/cmm/m/it/10
 :[] [] \OT1/cmr/m/n/10 ([] \OML/cmm/m/it/10 B\OT1/cmr/m/n/10 )\OML/cmm/m/it/10
 :[] [] [][] [] [][] [] \OT1/cmr/m/n/10 ([] \OML/cmm/m/it/10 B\OT1/cmr/m/n/10 )
\OML/cmm/m/it/10 :[]
 []


Overfull \hbox (23.99585pt too wide) in paragraph at lines 7750--7758
[][]\OT1/cmr/bx/n/10 Lemma 1250 \OT1/cmr/m/n/10 (Affine ba-sic-open sec-tion lo
-cal-iza-tion for quasi--co-her-ent mod-ules)\OT1/cmr/bx/n/10 . [][][]\OT1/cmr/
m/it/10 Source: Stacks [][]01IB[][]
 []

[420] [421]

! LaTeX Error: Unicode character Γ (U+0393)
               not set up for use with LaTeX.

See the LaTeX manual or LaTeX Companion for explanation.
Type  H <return>  for immediate help.
 ...                                              
                                                  
l.7962 ...tt{isIso\_fromTildeΓ\_of\_presentation}
                                                  
You may provide a definition with
\DeclareUnicodeCharacter 


Overfull \hbox (24.55946pt too wide) in paragraph at lines 7960--7967
\OT1/cmr/m/it/10 Mathlib \OT1/cmtt/m/it/10 b80f227 \OT1/cmr/m/it/10 ships the a
na-log for \OT1/cmr/m/n/10 free \OT1/cmr/m/it/10 quasi-coherent mod-ules (\OT1/
cmtt/m/it/10 isIso[]fromTilde[]of[]presentation
 []

[422]

! LaTeX Error: Unicode character Γ (U+0393)
               not set up for use with LaTeX.

See the LaTeX manual or LaTeX Companion for explanation.
Type  H <return>  for immediate help.
 ...                                              
                                                  
l.8018   \texttt{Scheme.ΓSpecIso}
                                   (the canonical
You may provide a definition with
\DeclareUnicodeCharacter 


Overfull \hbox (2.66254pt too wide) in paragraph at lines 8063--8067
\OT1/cmr/m/n/10 The chart-level in-put to generic flat-ness (Nit-sure \TS1/cmr/
m/n/10 �\OT1/cmr/m/n/10 4): over an affine open con-tained in a presenting-
 []


Overfull \hbox (4.76253pt too wide) in paragraph at lines 8073--8080
[][]\OT1/cmr/bx/n/10 Lemma 1259 \OT1/cmr/m/n/10 (Fi-nite gen-er-a-tion from a f
i-nite gen-er-at-ing fam-ily of the tilde)\OT1/cmr/bx/n/10 . []\OT1/cmr/m/it/10
 Source: Stacks [][]01PC[][]
 []

[423]
Overfull \hbox (80.74693pt too wide) detected at line 8223
\OT1/cmr/m/n/10 (([] \OML/cmm/m/it/10 f g\OT1/cmr/m/n/10 ) \OMS/cmtt/m/n/10 N\O
T1/cmr/m/n/10 )\OML/cmm/m/it/10 :[]:[] V [][] f \OT1/cmr/m/n/10 (([] \OML/cmm/m
/it/10 g\OT1/cmr/m/n/10 )\OML/cmm/m/it/10 :[] \OMS/cmtt/m/n/10 N\OT1/cmr/m/n/10
 ) \OML/cmm/m/it/10 e[] \OT1/cmr/m/n/10 ([] \OML/cmm/m/it/10 g \OMS/cmtt/m/n/10
 N \OML/cmm/m/it/10 e[] x\OT1/cmr/m/n/10 )[]  =  [] (\OML/cmm/m/it/10 f \OMS/cm
tt/m/n/10 ^^N \OML/cmm/m/it/10 g\OT1/cmr/m/n/10 ) \OMS/cmtt/m/n/10 N \OML/cmm/m
/it/10 e x:
 []

[424]

! LaTeX Error: Unicode character Σ (U+03A3)
               not set up for use with LaTeX.

See the LaTeX manual or LaTeX Companion for explanation.
Type  H <return>  for immediate help.
 ...                                              
                                                  
l.8277 ...tt{\_hU.fromSpec} \circ g\) under the Σ
                                                  -pair packaging.
You may provide a definition with
\DeclareUnicodeCharacter 


Overfull \hbox (68.05505pt too wide) detected at line 8311
[][][] [] \OMS/cmtt/m/n/10 N \OT1/cmr/m/n/10 ([] []) \OML/cmm/m/it/10 y[]  \OT1
/cmr/m/n/10 =  \OML/cmm/m/it/10 y []y \OMS/cmtt/m/n/10 2 \OT1/cmr/m/n/10 ^^@(\O
MS/cmtt/m/n/10 N\OML/cmm/m/it/10 ; U\OT1/cmr/m/n/10 )\OML/cmm/m/it/10 :
 []

[425]) (./chapters/Picard_SectionGradedRing.tex [426]
Chapter 21.

Overfull \hbox (22.7005pt too wide) in paragraph at lines 24--36
[]\OT1/cmr/bx/n/10 Tensor pow-ers of a sheaf of mod-ules \OT1/cmr/m/n/10 ([][]2
1.1[][]). Math-lib equips the cat-e-gory $[]$
 []


Overfull \hbox (15.41373pt too wide) in paragraph at lines 24--36
\OT1/cmr/m/n/10 struc-ture ([][]1266[][]) and pro-vides the sheafi-fi-ca-tion f
unc-tor $[] \OMS/cmtt/m/n/10 ! []$
 []

[427

]
Overfull \hbox (225.42104pt too wide) in paragraph at lines 78--84
[][]\OT1/cmr/bx/n/10 Lemma 1266 \OT1/cmr/m/n/10 (Monoidal struc-ture on preshea
ves of mod-ules)\OT1/cmr/bx/n/10 . []\OT1/cmr/m/it/10 Pro-vided by Math-lib (\O
T1/cmtt/m/it/10 Mathlib.Algebra.Category.ModuleCat.Presheaf.Monoidal\OT1/cmr/m/
it/10 ).
 []


Overfull \hbox (44.80118pt too wide) in paragraph at lines 78--84
\OT1/cmr/m/it/10 Let $\OML/cmm/m/it/10 R \OT1/cmr/m/n/10 : \OMS/cmtt/m/n/10 C[]
 ! []$ \OT1/cmr/m/it/10 be a presheaf of com-mu-ta-tive rings. Then the cat-e-g
ory $[]\OT1/cmr/m/n/10 (\OML/cmm/m/it/10 R\OT1/cmr/m/n/10 )$
 []


Overfull \hbox (230.14296pt too wide) in paragraph at lines 101--104
[][]\OT1/cmr/bx/n/10 Lemma 1267 \OT1/cmr/m/n/10 (Sheafi-fi-ca-tion of presheave
s of mod-ules)\OT1/cmr/bx/n/10 . []\OT1/cmr/m/it/10 Pro-vided by Math-lib (\OT1
/cmtt/m/it/10 Mathlib.Algebra.Category.ModuleCat.Presheaf.Sheafification\OT1/cm
r/m/it/10 ).
 []


Overfull \hbox (135.11595pt too wide) in paragraph at lines 119--126
[][]\OT1/cmr/bx/n/10 Lemma 1268 \OT1/cmr/m/n/10 (The struc-ture sheaf as the un
it mod-ule)\OT1/cmr/bx/n/10 . []\OT1/cmr/m/it/10 Pro-vided by Math-lib (\OT1/cm
tt/m/it/10 Mathlib.Algebra.Category.ModuleCat.Sheaf\OT1/cmr/m/it/10 ).
 []

[428] [429]
Overfull \hbox (151.73782pt too wide) in paragraph at lines 424--447
[][]\OT1/cmr/bx/n/10 Lemma 1278 \OT1/cmr/m/n/10 (Monoidal lo-cal-iza-tion trans
-port)\OT1/cmr/bx/n/10 . []\OT1/cmr/m/it/10 Pro-vided by Math-lib (\OT1/cmtt/m/
it/10 Mathlib.CategoryTheory.Localization.Monoidal.Basic
 []

[430]
Overfull \hbox (54.9423pt too wide) in paragraph at lines 463--473
\OT1/cmr/m/it/10 (\OT1/cmtt/m/it/10 Mathlib.Algebra.Category.ModuleCat.Sheaf.Lo
calization \OT1/cmr/m/it/10 and \OT1/cmtt/m/it/10 ....ModuleCat.Presheaf.Monoid
al\OT1/cmr/m/it/10 ).
 []


Overfull \hbox (12.53868pt too wide) in paragraph at lines 494--499
\OT1/cmr/m/n/10 the mod-ule sheafi-fi-ca-tion func-tor ([][]1274[][]) re-typed 
so that its source is the car-rier $[] \OML/cmm/m/it/10 X$
 []


Overfull \hbox (12.1563pt too wide) in paragraph at lines 549--551
[][]\OT1/cmr/bx/n/10 Definition 1283 \OT1/cmr/m/n/10 (Trans-port unit of the mo
noidal lo-cal-iza-tion)\OT1/cmr/bx/n/10 . [][][][]\OT1/cmr/m/n/10 For a scheme 
$\OML/cmm/m/it/10 X$\OT1/cmr/m/n/10 , $[]$
 []

[431]
Overfull \hbox (39.41945pt too wide) in paragraph at lines 573--583
\OT1/cmr/m/n/10 write $\OML/cmm/m/it/10 R[]$ \OT1/cmr/m/n/10 for the un-der-ly-
ing presheaf of the struc-ture sheaf $\OMS/cmtt/m/n/10 O[]$ \OT1/cmr/m/n/10 and
 $\OML/cmm/m/it/10 W[] \OT1/cmr/m/n/10 = \OML/cmm/m/it/10 J:W:[] \OT1/cmr/m/n/1
0 ([] \OML/cmm/m/it/10 R[]\OT1/cmr/m/n/10 )$
 []

[432]
Overfull \hbox (0.78876pt too wide) in paragraph at lines 745--760
\OT1/cmr/m/n/10 The as-so-ci-a-tor of [][]1288[][] is ob-tained by con-ju-gat-i
ng the canon-i-cal Mac Lane as-so-ci-a-tor of $\OML/cmm/m/it/10 X:[]$
 []

[433]
Overfull \hbox (44.92082pt too wide) in paragraph at lines 799--803
[]$\OML/cmm/m/it/10 ^^Z$ \OT1/cmr/m/n/10 ex-hibits ex-actly the de-scended pres
heaf right un-i-tor and counit that de-fine $[][]$,
 []

[434]
Overfull \hbox (74.43597pt too wide) detected at line 970
\OMS/cmtt/m/n/10 L[] 
[] L[] \OT1/cmr/m/n/10 = \OMS/cmtt/m/n/10 L[] 
[] \OT1/cmr/m/n/10 (\OMS/cmtt/m/n/10 L[] 
[] L\OT1/cmr/m/n/10 ) [] (\OMS/cmtt/m/n/10 L[] 
[] L[]\OT1/cmr/m/n/10 ) \OMS/cmtt/m/n/10 
[] L [] L[] 
[] L \OT1/cmr/m/n/10 = \OMS/cmtt/m/n/10 L[]\OML/cmm/m/it/10 ;
 []

[435] [436]
Overfull \hbox (16.48607pt too wide) in paragraph at lines 1091--1106
\OT1/cmr/m/n/10 the unit), and on the unit ob-ject the left and right un-i-tors
 co-in-cide ($[]$);
 []

[437] [438]
Overfull \hbox (0.38567pt too wide) in paragraph at lines 1322--1329
[][][][][][][]\OT1/cmr/m/n/10 This is the de-scent of the canon-i-cal for-ward 
hexagon iden-tity through the tensor-agreement
 []

[439]
Overfull \hbox (2.21742pt too wide) in paragraph at lines 1543--1553
[][][][][][][]\OT1/cmr/m/n/10 Induction on the \OT1/cmr/m/it/10 last \OT1/cmr/m
/n/10 in-dex $\OML/cmm/m/it/10 m[]$\OT1/cmr/m/n/10 , mir-ror-ing the second-ind
ex re-cur-sion of $\OML/cmm/m/it/10 ^^V \OT1/cmr/m/n/10 = []$
 []

[440] [441] [442]
Overfull \hbox (15.95036pt too wide) detected at line 1760
[][][][][]\OT1/cmr/m/n/10 (\OML/cmm/m/it/10 a \OMS/cmtt/m/n/10 
 \OML/cmm/m/it/10 b\OT1/cmr/m/n/10 ) \OMS/cmtt/m/n/10 
 \OML/cmm/m/it/10 c[]  \OT1/cmr/m/n/10 =  ^^@[]\OML/cmm/m/it/10 ^^Q[] \OMS/cmtt
/m/n/10 ^^N \OT1/cmr/m/n/10 (\OML/cmm/m/it/10 ^^Q[] \U/msa/m/n/10 B \OML/cmm/m/
it/10 C\OT1/cmr/m/n/10 )[][](\OML/cmm/m/it/10 a \OMS/cmtt/m/n/10 
 \OML/cmm/m/it/10 b\OT1/cmr/m/n/10 ) \OMS/cmtt/m/n/10 
 \OML/cmm/m/it/10 c[]:
 []


Overfull \hbox (16.01202pt too wide) detected at line 1810
[][][]\OML/cmm/m/it/10 a \OMS/cmtt/m/n/10 
 [][]\OT1/cmr/m/n/10 (\OML/cmm/m/it/10 b \OMS/cmtt/m/n/10 
 \OML/cmm/m/it/10 c\OT1/cmr/m/n/10 )[]  =  ^^@[]\OML/cmm/m/it/10 ^^Q[] \OMS/cmt
t/m/n/10 ^^N \OT1/cmr/m/n/10 (\OML/cmm/m/it/10 A \U/msa/m/n/10 C \OML/cmm/m/it/
10 ^^Q[]\OT1/cmr/m/n/10 )[][]\OML/cmm/m/it/10 a \OMS/cmtt/m/n/10 
 \OT1/cmr/m/n/10 (\OML/cmm/m/it/10 b \OMS/cmtt/m/n/10 
 \OML/cmm/m/it/10 c\OT1/cmr/m/n/10 )[]\OML/cmm/m/it/10 :
 []

[443]
Overfull \hbox (25.27242pt too wide) detected at line 1936
[][] \OMS/cmtt/m/n/10 ^^N \OML/cmm/m/it/10 ^^Q[] \OMS/cmtt/m/n/10 ^^N \OT1/cmr/
m/n/10 (\OML/cmm/m/it/10 ^^Q[] \U/msa/m/n/10 B \OML/cmm/m/it/10 C\OT1/cmr/m/n/1
0 )  =  \OML/cmm/m/it/10 ^^Q[] \OMS/cmtt/m/n/10 ^^N \OT1/cmr/m/n/10 (\OML/cmm/m
/it/10 A \U/msa/m/n/10 C \OML/cmm/m/it/10 ^^Q[]\OT1/cmr/m/n/10 ) \OMS/cmtt/m/n/
10 ^^N \OML/cmm/m/it/10 [];
 []

[444]
Overfull \hbox (15.12721pt too wide) in paragraph at lines 2005--2012
\OT1/cmr/m/it/10 where $\OML/cmm/m/it/10 ^^Q$ \OT1/cmr/m/it/10 is the sheafi-fi
-ca-tion unit and $\OML/cmm/m/it/10 []$ \OT1/cmr/m/it/10 the presheaf as-so-ci
-a-tor ([][]1266[][]). Equiv-a-lently, $[]$
 []


Overfull \hbox (14.64484pt too wide) detected at line 2063
\OT1/cmr/m/n/10 ^^@[][][][][][][][](\OML/cmm/m/it/10 a \OMS/cmtt/m/n/10 
 \OML/cmm/m/it/10 b\OT1/cmr/m/n/10 ) \OMS/cmtt/m/n/10 
 \OML/cmm/m/it/10 c[][] \OT1/cmr/m/n/10 = [][]\OML/cmm/m/it/10 a \OMS/cmtt/m/n/
10 
 []\OT1/cmr/m/n/10 (\OML/cmm/m/it/10 b \OMS/cmtt/m/n/10 
 \OML/cmm/m/it/10 c\OT1/cmr/m/n/10 )[]\OML/cmm/m/it/10 ;
 []

[445]
Overfull \hbox (4.37843pt too wide) in paragraph at lines 2149--2160
\OT1/cmr/m/it/10 ana-logue of the bridge $[]$ of \OT1/cmtt/m/it/10 Mathlib.Line
arAlgebra.TensorPower.Basic
 []

[446]
Overfull \hbox (33.2202pt too wide) in paragraph at lines 2284--2295
[][][][][][][][][][][][][][][][]\OT1/cmr/m/n/10 Each iden-tity is ob-tained by 
un-fold-ing the de-gree-wise mul-ti-pli-ca-tion $\OML/cmm/m/it/10 a \OMS/cmtt/m
/n/10 ^^A \OML/cmm/m/it/10 b \OT1/cmr/m/n/10 = ^^@(\OML/cmm/m/it/10 ^^V[]\OT1/c
mr/m/n/10 )[][](\OML/cmm/m/it/10 a \OMS/cmtt/m/n/10 

 []

[447]
Overfull \hbox (15.7706pt too wide) in paragraph at lines 2339--2350
[]$\OT1/cmr/m/n/10 , re-as-so-ci-at-ing the three sec-tion fac-tors; the trans-
port $[][]$
 []


Overfull \hbox (75.81088pt too wide) in paragraph at lines 2374--2385
[][]\OT1/cmr/bx/n/10 Lemma 1325 \OT1/cmr/m/n/10 (Ex-ter-nal-di-rec-t--sum grade
d semir-ing)\OT1/cmr/bx/n/10 . []\OT1/cmr/m/it/10 Pro-vided by Math-lib (\OT1/c
mtt/m/it/10 Mathlib.Algebra.DirectSum.Ring\OT1/cmr/m/it/10 ).
 []


Overfull \hbox (134.42212pt too wide) in paragraph at lines 2391--2400
[][]\OT1/cmr/bx/n/10 Lemma 1326 \OT1/cmr/m/n/10 (Ex-ter-nal-di-rec-t--sum grade
d com-mu-ta-tive semir-ing)\OT1/cmr/bx/n/10 . []\OT1/cmr/m/it/10 Pro-vided by M
ath-lib (\OT1/cmtt/m/it/10 Mathlib.Algebra.DirectSum.Ring\OT1/cmr/m/it/10 ).
 []

[448]
Overfull \hbox (97.25511pt too wide) in paragraph at lines 2406--2415
[][]\OT1/cmr/bx/n/10 Lemma 1327 \OT1/cmr/m/n/10 (Ex-ter-nal-di-rec-t--sum grade
d mod-ule)\OT1/cmr/bx/n/10 . []\OT1/cmr/m/it/10 Pro-vided by Math-lib (\OT1/cmt
t/m/it/10 Mathlib.Algebra.Module.GradedModule\OT1/cmr/m/it/10 ).
 []


Overfull \hbox (15.605pt too wide) in paragraph at lines 2421--2428
\OT1/cmr/m/it/10 ti-pli-ca-tion $[]$ ([][]1322[][]) and graded unit $[]$ ([][]1
323[][]), is a graded monoid (a $[]$
 []

[449] [450] [451]
Overfull \hbox (4.47765pt too wide) detected at line 2804
\OT1/cmr/m/n/10 ([] \OMS/cmtt/m/n/10 L\OT1/cmr/m/n/10 )[] \OMS/cmtt/m/n/10 ^^B 
\OT1/cmr/m/n/10 ([] \OMS/cmtt/m/n/10 F L\OT1/cmr/m/n/10 )[]  [][]\OMS/cmtt/m/n/
10 !  \OT1/cmr/m/n/10 ([] \OMS/cmtt/m/n/10 F L\OT1/cmr/m/n/10 )[]\OML/cmm/m/it/
10 ;  \OT1/cmr/m/n/10 (\OML/cmm/m/it/10 r; x\OT1/cmr/m/n/10 ) \OMS/cmtt/m/n/10 
7[][]! \OML/cmm/m/it/10 r ? x;
 []

[452]
Overfull \hbox (10.86531pt too wide) detected at line 3012
\OT1/cmr/m/n/10 ^^@(\OML/cmm/m/it/10 X[]; L[]\OT1/cmr/m/n/10 ) \OMS/cmtt/m/n/10
 
[] \OT1/cmr/m/n/10 ^^@(\OML/cmm/m/it/10 X[]; \OMS/cmtt/m/n/10 F[] 
 \OML/cmm/m/it/10 L[]\OT1/cmr/m/n/10 ) [] ^^@[]\OML/cmm/m/it/10 X[]; L[] \OMS/c
mtt/m/n/10 
 \OT1/cmr/m/n/10 (\OMS/cmtt/m/n/10 F[] 
 \OML/cmm/m/it/10 L[]\OT1/cmr/m/n/10 )[] [] ^^@[]\OML/cmm/m/it/10 X[]; \OMS/cmt
t/m/n/10 F[] 
 \OML/cmm/m/it/10 L[][];
 []

[453]
Overfull \hbox (1.25566pt too wide) in paragraph at lines 3138--3151
[][]\OT1/cmr/bx/n/10 Theorem 1346 \OT1/cmr/m/n/10 (D5: fi-nite gen-er-a-tion fo
rces finite-di-men-sional graded pieces)\OT1/cmr/bx/n/10 . [][][]\OT1/cmr/m/it/
10 Let $\OML/cmm/m/it/10 M \OT1/cmr/m/n/10 = [][] \OMS/cmtt/m/n/10 M[]$
 []

[454]) (./chapters/Picard_GrassmannianCells.tex [455]
Chapter 22.

Package hyperref Warning: Token not allowed in a PDF string (Unicode):
(hyperref)                removing `math shift' on input line 1.


Package hyperref Warning: Token not allowed in a PDF string (Unicode):
(hyperref)                removing `math shift' on input line 1.


Package hyperref Warning: Token not allowed in a PDF string (Unicode):
(hyperref)                removing `math shift' on input line 4.


Package hyperref Warning: Token not allowed in a PDF string (Unicode):
(hyperref)                removing `math shift' on input line 4.

[456

]
Overfull \hbox (5.14986pt too wide) in paragraph at lines 216--227
[][]\OT1/cmr/bx/n/10 Definition 1357 \OT1/cmr/m/n/10 (The Cramer in-verse $(\OM
L/cmm/m/it/10 X[]\OT1/cmr/m/n/10 )[]$)\OT1/cmr/bx/n/10 . [][]\OT1/cmr/m/it/10 S
ource: [Nit-sure], \TS1/cmr/m/it/10 �\OT1/cmr/m/it/10 1. \OT1/cmr/m/n/10 Let $(
\OML/cmm/m/it/10 X[]\OT1/cmr/m/n/10 )[] \OMS/cmtt/m/n/10 2 [][]\OT1/cmr/m/n/10 
(\OML/cmm/m/it/10 R[]\OT1/cmr/m/n/10 )$
 []

[457]
! Extra }, or forgotten $.
<argument> ...de \theta _{I,J} : \mathbb {Z}[X^J)}
                                                  
l.276 ...om \(\tilde\theta_{I,J} : \mathbb{Z}[X^J]
                                                  \leanok \to R^I_J\)]
I've deleted a group-closing symbol because it seems to be
spurious, as in `$x}$'. But perhaps the } is legitimate and
you forgot something else, as in `\hbox{$x}'. In such cases
the way to recover is to insert both the forgotten and the
deleted material, e.g., by typing `I$}'.

! Missing $ inserted.
<inserted text> 
                $
l.276 ...om \(\tilde\theta_{I,J} : \mathbb{Z}[X^J]
                                                  \leanok \to R^I_J\)]
I've inserted a begin-math/end-math symbol since I think
you left one out. Proceed, with fingers crossed.

! Missing } inserted.
<inserted text> 
                }
l.276 ...om \(\tilde\theta_{I,J} : \mathbb{Z}[X^J]
                                                  \leanok \to R^I_J\)]
I've inserted something that you may have forgotten.
(See the <inserted text> above.)
With luck, this will get me unwedged. But if you
really didn't forget anything, try typing `2' now; then
my insertion and my current dilemma will both disappear.

! Missing $ inserted.
<inserted text> 
                $
l.276 ...\theta_{I,J} : \mathbb{Z}[X^J]\leanok \to
                                                   R^I_J\)]
I've inserted a begin-math/end-math symbol since I think
you left one out. Proceed, with fingers crossed.

[458] [459] [460] [461] [462] [463]
! Extra }, or forgotten $.
<argument> ...(Order-swap isomorphism \(A[1/(xy))}
                                                  
l.1079 ...tion}[Order-swap isomorphism \(A[1/(xy)]
                                                  \leanok \cong A[1/(yx)]\)]
I've deleted a group-closing symbol because it seems to be
spurious, as in `$x}$'. But perhaps the } is legitimate and
you forgot something else, as in `\hbox{$x}'. In such cases
the way to recover is to insert both the forgotten and the
deleted material, e.g., by typing `I$}'.

! Missing $ inserted.
<inserted text> 
                $
l.1079 ...tion}[Order-swap isomorphism \(A[1/(xy)]
                                                  \leanok \cong A[1/(yx)]\)]
I've inserted a begin-math/end-math symbol since I think
you left one out. Proceed, with fingers crossed.

! Missing } inserted.
<inserted text> 
                }
l.1079 ...tion}[Order-swap isomorphism \(A[1/(xy)]
                                                  \leanok \cong A[1/(yx)]\)]
I've inserted something that you may have forgotten.
(See the <inserted text> above.)
With luck, this will get me unwedged. But if you
really didn't forget anything, try typing `2' now; then
my insertion and my current dilemma will both disappear.

! Missing $ inserted.
<inserted text> 
                $
l.1079 ...wap isomorphism \(A[1/(xy)]\leanok \cong
                                                   A[1/(yx)]\)]
I've inserted a begin-math/end-math symbol since I think
you left one out. Proceed, with fingers crossed.

[464] [465]

! LaTeX Error: Unicode character Θ (U+0398)
               not set up for use with LaTeX.

See the LaTeX manual or LaTeX Companion for explanation.
Type  H <return>  for immediate help.
 ...                                              
                                                  
l.1258   \mathtt{cocycleΘIJ}
                             \,d\,r\,X\,Y\,Z\) (\cref{def:gr_cocycle_theta_i...

You may provide a definition with
\DeclareUnicodeCharacter 


Overfull \hbox (49.59186pt too wide) in paragraph at lines 1263--1275
[][][]\OT1/cmr/m/n/10 Both en-do-mor-phisms are ring ho-mo-mor-phisms out of th
e lo-cal-iza-tion $\OML/cmm/m/it/10 R[] \OT1/cmr/m/n/10 = [] (\OML/cmm/m/it/10 
P[] \OMS/cmtt/m/n/10 ^^A
 []


Overfull \hbox (43.28009pt too wide) in paragraph at lines 1287--1292
[][]\OT1/cmr/bx/n/10 Definition 1406 \OT1/cmr/m/n/10 (The Grass-man-nian glue d
a-tum)\OT1/cmr/bx/n/10 . [][][][][][][][][][][]\OT1/cmr/m/n/10 The \OT1/cmr/m/i
t/10 Grass-man-nian glue da-tum \OT1/cmr/m/n/10 is the $[]$
 []

[466]
Overfull \hbox (0.6073pt too wide) in paragraph at lines 1353--1368
\OT1/cmr/m/n/10 scheme glu-ing, a glue da-tum in the sense of a cat-e-gory of s
chemes (the struc-ture $[]$,
 []

[467]
Overfull \hbox (8.0513pt too wide) in paragraph at lines 1513--1516
[][]\OT1/cmr/bx/n/10 Lemma 1412 \OT1/cmr/m/n/10 (The re-strict-ed--di-ag-o-nal 
co-mor-phism is sur-jec-tive)\OT1/cmr/bx/n/10 . [][][][]\OT1/cmr/m/it/10 The co
-mor-phism $\OML/cmm/m/it/10 ^^N[] \OT1/cmr/m/n/10 : \U/msb/m/n/10 Z\OT1/cmr/m/
n/10 [\OML/cmm/m/it/10 X[]\OT1/cmr/m/n/10 ] \OMS/cmtt/m/n/10 
[]
 []

[468] [469]
Overfull \hbox (17.36725pt too wide) in paragraph at lines 1743--1746
[]\OT1/cmr/m/n/10 By [][]1407[][] the di-ag-o-nal preim-age is the over-lap $^^
A[](\OML/cmm/m/it/10 U[] \OMS/cmtt/m/n/10 ^^B[] \OML/cmm/m/it/10 U[]\OT1/cmr/m/
n/10 ) = \OML/cmm/m/it/10 U[] \OMS/cmtt/m/n/10 \ \OML/cmm/m/it/10 U[] \OT1/cmr/
m/n/10 = \OML/cmm/m/it/10 U[] \OT1/cmr/m/n/10 = [] \U/msb/m/n/10 Z\OT1/cmr/m/n/
10 [\OML/cmm/m/it/10 X[]; \OT1/cmr/m/n/10 1\OML/cmm/m/it/10 =P[]\OT1/cmr/m/n/10
 ]$.
 []

[470]
Overfull \hbox (48.48763pt too wide) in paragraph at lines 1780--1790
\OT1/cmr/m/n/10 ness to the \OT1/cmr/m/it/10 ex-is-tence \OT1/cmr/m/n/10 half o
f the val-u-a-tive cri-te-rion: the Math-lib cri-te-rion \OT1/cmtt/m/n/10 IsPro
per.of[]valuativeCriterion
 []


Overfull \hbox (6.91254pt too wide) in paragraph at lines 1815--1818
[][]\OT1/cmr/bx/n/10 Lemma 1422 \OT1/cmr/m/n/10 (The struc-ture mor-phism is qu
asi--com-pact)\OT1/cmr/bx/n/10 . [][][]\OT1/cmr/m/it/10 The struc-ture mor-phis
m $\OML/cmm/m/it/10 ^^Y \OT1/cmr/m/n/10 : [](\OML/cmm/m/it/10 r; d\OT1/cmr/m/n/
10 ) \OMS/cmtt/m/n/10 !
 []


Overfull \hbox (11.99586pt too wide) in paragraph at lines 1849--1852
[][]\OT1/cmr/bx/n/10 Lemma 1424 \OT1/cmr/m/n/10 (The struc-ture mor-phism is qu
asi-sep-a-rated)\OT1/cmr/bx/n/10 . [][][]\OT1/cmr/m/it/10 The struc-ture mor-ph
ism $\OML/cmm/m/it/10 ^^Y \OT1/cmr/m/n/10 : [](\OML/cmm/m/it/10 r; d\OT1/cmr/m/
n/10 ) \OMS/cmtt/m/n/10 !
 []


Overfull \hbox (2.8848pt too wide) in paragraph at lines 1863--1869
[][]\OT1/cmr/bx/n/10 Lemma 1425 \OT1/cmr/m/n/10 (Unique-ness half of the val-u-
a-tive cri-te-rion)\OT1/cmr/bx/n/10 . [][][]\OT1/cmr/m/it/10 The struc-ture mor
-phism $\OML/cmm/m/it/10 ^^Y \OT1/cmr/m/n/10 : [](\OML/cmm/m/it/10 r; d\OT1/cmr
/m/n/10 ) \OMS/cmtt/m/n/10 !
 []

[471] [472] [473] [474]) (./chapters/Picard_GlueDescent.tex [475]
Chapter 23.
[476

]
Overfull \hbox (114.07088pt too wide) detected at line 126
\OML/cmm/m/it/10 ^^L[]  \OT1/cmr/m/n/10 =  ([])  \OMS/cmtt/m/n/10 ^^N  \OT1/cmr
/m/n/10 ([])  \OMS/cmtt/m/n/10 ^^N  \OT1/cmr/m/n/10 ([])  \OMS/cmtt/m/n/10 ^^N 
 \OT1/cmr/m/n/10 ([])[]\OML/cmm/m/it/10 :
 []

[477] [478] [479] [480] [481] [482] [483])
(./chapters/Picard_GrassmannianQuot.tex [484]
Chapter 24.

Package hyperref Warning: Token not allowed in a PDF string (Unicode):
(hyperref)                removing `math shift' on input line 1.


Package hyperref Warning: Token not allowed in a PDF string (Unicode):
(hyperref)                removing `math shift' on input line 1.

[485

]
Overfull \hbox (3.9242pt too wide) in paragraph at lines 111--120
\OT1/cmr/m/it/10 tar-get sheaves with those of $[]$ and $[]$), all three trans-
ported iso-mor-phisms be-come endomorphism-
 []

[486] [487] [488] [489]
Overfull \hbox (37.46753pt too wide) in paragraph at lines 516--529
\OT1/cmr/m/n/10 with $(\OML/cmm/m/it/10 i; q\OT1/cmr/m/n/10 )$-component the su
m over the mid-dle in-dex $\OML/cmm/m/it/10 p$ \OT1/cmr/m/n/10 of the com-pos-i
tes of com-po-nents, $[][] [][] \OMS/cmtt/m/n/10 ^^N
 []


Overfull \hbox (16.0688pt too wide) in paragraph at lines 516--529
\OT1/cmr/m/n/10 do-mor-phisms is the scalar en-do-mor-phism of the prod-uct, $[
](\OML/cmm/m/it/10 a\OT1/cmr/m/n/10 ) \OMS/cmtt/m/n/10 ^^N []\OT1/cmr/m/n/10 (\
OML/cmm/m/it/10 b\OT1/cmr/m/n/10 ) = [](\OML/cmm/m/it/10 ab\OT1/cmr/m/n/10 )$
 []


Overfull \hbox (13.29147pt too wide) in paragraph at lines 550--560
[][]\OT1/cmr/bx/n/10 Definition 1484 \OT1/cmr/m/n/10 (Free-sheaf au-to-mor-phis
m of an in-vert-ible ma-trix)\OT1/cmr/bx/n/10 . [][][][]\OT1/cmr/m/n/10 Let $\O
ML/cmm/m/it/10 M; N \OMS/cmtt/m/n/10 2 [][]\OT1/cmr/m/n/10 (^^@(\OML/cmm/m/it/1
0 S; \OMS/cmtt/m/n/10 O[]\OT1/cmr/m/n/10 ))$
 []


Overfull \hbox (31.65703pt too wide) in paragraph at lines 565--567
[][]\OT1/cmr/bx/n/10 Lemma 1485 \OT1/cmr/m/n/10 (For-ward map of the ma-trix au
-to-mor-phism)\OT1/cmr/bx/n/10 . [][][]\OT1/cmr/m/it/10 The for-ward map of $[]
\OT1/cmr/m/n/10 (\OML/cmm/m/it/10 M; N\OT1/cmr/m/n/10 )$
 []

[490]
Overfull \hbox (1.46504pt too wide) in paragraph at lines 577--583
\OT1/cmr/m/it/10 ces of global func-tions on $\OML/cmm/m/it/10 S$ \OT1/cmr/m/it
/10 with $\OML/cmm/m/it/10 AA[] \OT1/cmr/m/n/10 = \OML/cmm/m/it/10 A[]A \OT1/cm
r/m/n/10 = 1$\OT1/cmr/m/it/10 , $\OML/cmm/m/it/10 BB[] \OT1/cmr/m/n/10 = \OML/c
mm/m/it/10 B[]B \OT1/cmr/m/n/10 = 1$\OT1/cmr/m/it/10 , so that $[]\OT1/cmr/m/n/
10 (\OML/cmm/m/it/10 A; A[]\OT1/cmr/m/n/10 )$
 []

[491]

Package hyperref Warning: Token not allowed in a PDF string (Unicode):
(hyperref)                removing `math shift' on input line 681.


Package hyperref Warning: Token not allowed in a PDF string (Unicode):
(hyperref)                removing `subscript' on input line 681.

[492]
Overfull \hbox (0.57272pt too wide) in paragraph at lines 780--784
\OT1/cmr/m/n/10 Both $\OML/cmm/m/it/10 X[]$ \OT1/cmr/m/n/10 and $\OML/cmm/m/it/
10 X[]$ \OT1/cmr/m/n/10 have unit de-ter-mi-nant ([][]1358[][]), so this prod-u
ct of in-vert-ibles in-verts by $(\OML/cmm/m/it/10 AB\OT1/cmr/m/n/10 )[] =
 []

[493]
Overfull \hbox (22.052pt too wide) in paragraph at lines 942--950
\OT1/cmr/m/n/10 jec-tion, pre-com-posed with the away-pullback iden-ti-fi-ca-ti
on [][]1396[][], equals $[]([](\OML/cmm/m/it/10 P[]; P[]\OT1/cmr/m/n/10 ))$.
 []


Overfull \hbox (3.74634pt too wide) in paragraph at lines 942--950
\OT1/cmr/m/n/10 The charts be-ing affine, [][]1494[][] iden-ti-fies its global-
sections co-mor-phism with $[](\OML/cmm/m/it/10 P[]; P[]\OT1/cmr/m/n/10 )$
 []

[494]
Overfull \hbox (6.42505pt too wide) in paragraph at lines 1048--1064
[][]\OT1/cmr/m/n/10 (\OML/cmm/m/it/10 X[]\OT1/cmr/m/n/10 )[](\OML/cmm/m/it/10 X
[]\OT1/cmr/m/n/10 )[][]$, and by the ma-trix co-cy-cle iden-tity [][]1491[][] t
he ar-gu-ment equals $(\OML/cmm/m/it/10 X[]\OT1/cmr/m/n/10 )[]$,
 []

[495] [496] [497]
Overfull \hbox (3.41382pt too wide) in paragraph at lines 1279--1290
\OT1/cmr/m/n/10 the ad-junc-tion is the nat-u-ral-ity of the con-ju-gate (mate)
 con-struc-tion against the hom-equivalences,
 []

[498]
Overfull \hbox (10.28397pt too wide) in paragraph at lines 1408--1422
[][]\OT1/cmr/bx/n/10 Definition 1509 \OT1/cmr/m/n/10 (The Grass-man-nian func-t
or $[](\OML/cmm/m/it/10 r; d\OT1/cmr/m/n/10 )$)\OT1/cmr/bx/n/10 . [][][][][]\OT
1/cmr/m/n/10 The \OT1/cmr/m/it/10 Grass-man-nian func-tor $[]\OT1/cmr/m/n/10 (\
OML/cmm/m/it/10 r; d\OT1/cmr/m/n/10 ) :
 []

[499] [500] [501] [502] [503]) (./chapters/Picard_FGAPicRepresentability.tex
[504]
Chapter 25.
[505

] [506] [507] [508] [509] [510]
Overfull \hbox (12.34387pt too wide) in paragraph at lines 579--583
[][]\OT1/cmr/bx/n/10 Definition 1542 \OT1/cmr/m/n/10 (Set--val-ued rel-a-tive P
i-card func-tor)\OT1/cmr/bx/n/10 . [][]\OT1/cmr/m/n/10 The set-valued shadow $[
][] : ([] \OML/cmm/m/it/10 =k\OT1/cmr/m/n/10 )[] \OMS/cmtt/m/n/10 !
 []

[511] [512] [513] [514]) (./chapters/Picard_IdentityComponent.tex [515]
Chapter 26.
[516

] [517]
Overfull \hbox (1.77933pt too wide) in paragraph at lines 354--359
[][]\OT1/cmr/bx/n/10 Lemma 1560 \OT1/cmr/m/n/10 (Eval-u-a-tion at a max-i-mal i
deal over an al-ge-braically closed field)\OT1/cmr/bx/n/10 . []\OT1/cmr/m/it/10
 Source: Zariski's
 []

[518] [519]

! LaTeX Error: Unicode character ⟹ (U+27F9)
               not set up for use with LaTeX.

See the LaTeX manual or LaTeX Companion for explanation.
Type  H <return>  for immediate help.
 ...                                              
                                                  
l.569 ...ed + section ⟹ geometrically connected]
                                                  \leanok
You may provide a definition with
\DeclareUnicodeCharacter 

[520] [521]
Overfull \hbox (12.90709pt too wide) in paragraph at lines 879--892
\OT1/cmr/m/n/10 The disjoint-union struc-ture of $[][]$ ([][]1536[][]: a dis-jo
int union of open quasi-projective $\OML/cmm/m/it/10 k$\OT1/cmr/m/n/10 -subsche
mes)
 []

[522] [523]
Overfull \hbox (243.65866pt too wide) in paragraph at lines 1187--1192
\OT1/cmr/m/n/10 The Lean tar-get file is \OT1/cmtt/m/n/10 AlgebraicJacobian/Pic
ard/IdentityComponent.lean\OT1/cmr/m/n/10 , sib-ling to \OT1/cmtt/m/n/10 Algebr
aicJacobian/Picard/FGAPicRepresentability.lean
 []

[524]
Overfull \hbox (19.2989pt too wide) in paragraph at lines 1201--1206
[]\OT1/cmtt/m/n/10 AlgebraicGeometry.GroupScheme.IdentityComponent.isOpenSubgro
upScheme \OT1/cmr/m/n/10 ([][]1556[][]) pack-
 []


Overfull \hbox (4.24323pt too wide) in paragraph at lines 1206--1212
[]\OT1/cmtt/m/n/10 AlgebraicGeometry.GroupScheme.IdentityComponent.isSubgroupHo
momorphism \OT1/cmr/m/n/10 ([][]1557[][])
 []


Overfull \hbox (47.74251pt too wide) in paragraph at lines 1212--1220
[]\OT1/cmtt/m/n/10 AlgebraicGeometry.GroupScheme.IdentityComponent.isFiniteType
GeometricallyIrreducible
 []


Overfull \hbox (113.27002pt too wide) in paragraph at lines 1212--1220
\OT1/cmtt/m/n/10 (IdentityComponent G).hom]\OT1/cmr/m/n/10 , \OT1/cmtt/m/n/10 [
QuasiCompact (IdentityComponent G).hom]\OT1/cmr/m/n/10 , and \OT1/cmtt/m/n/10 [
GeometricallyIrreducible
 []


Overfull \hbox (31.18262pt too wide) in paragraph at lines 1233--1241
[]\OT1/cmtt/m/n/10 AlgebraicGeometry.Scheme.PicScheme.degree \OT1/cmr/m/n/10 ([
][]1581[][]) is the group ho-mo-mor-phism $[][](\OML/cmm/m/it/10 k\OT1/cmr/m/n/
10 ) \OMS/cmtt/m/n/10 !
 []


Overfull \hbox (8.96645pt too wide) in paragraph at lines 1241--1248
[]\OT1/cmtt/m/n/10 AlgebraicGeometry.Scheme.Pic0Scheme.isAbelianVariety \OT1/cm
r/m/n/10 ([][]1582[][]) is the bun-dled abelian-
 []


Overfull \hbox (5.10349pt too wide) in paragraph at lines 1248--1255
\OT1/cmtt/m/n/10 Module.finrank k (Pic0Scheme C).left = AlgebraicGeometry.genus
 C \OT1/cmr/m/n/10 (pre-cise state-
 []


! LaTeX Error: Unicode character ∀ (U+2200)
               not set up for use with LaTeX.

See the LaTeX manual or LaTeX Companion for explanation.
Type  H <return>  for immediate help.
 ...                                              
                                                  
l.1261 ...ion = λ) ↔ PicScheme.degree C λ = 0}
                                                  .
You may provide a definition with
\DeclareUnicodeCharacter 


! LaTeX Error: Unicode character λ (U+03BB)
               not set up for use with LaTeX.

See the LaTeX manual or LaTeX Companion for explanation.
Type  H <return>  for immediate help.
 ...                                              
                                                  
l.1261 ...ion = λ) ↔ PicScheme.degree C λ = 0}
                                                  .
You may provide a definition with
\DeclareUnicodeCharacter 


! LaTeX Error: Unicode character ⟶ (U+27F6)
               not set up for use with LaTeX.

See the LaTeX manual or LaTeX Companion for explanation.
Type  H <return>  for immediate help.
 ...                                              
                                                  
l.1261 ...ion = λ) ↔ PicScheme.degree C λ = 0}
                                                  .
You may provide a definition with
\DeclareUnicodeCharacter 


! LaTeX Error: Unicode character ∃ (U+2203)
               not set up for use with LaTeX.

See the LaTeX manual or LaTeX Companion for explanation.
Type  H <return>  for immediate help.
 ...                                              
                                                  
l.1261 ...ion = λ) ↔ PicScheme.degree C λ = 0}
                                                  .
You may provide a definition with
\DeclareUnicodeCharacter 


! LaTeX Error: Unicode character μ (U+03BC)
               not set up for use with LaTeX.

See the LaTeX manual or LaTeX Companion for explanation.
Type  H <return>  for immediate help.
 ...                                              
                                                  
l.1261 ...ion = λ) ↔ PicScheme.degree C λ = 0}
                                                  .
You may provide a definition with
\DeclareUnicodeCharacter 


! LaTeX Error: Unicode character ⟶ (U+27F6)
               not set up for use with LaTeX.

See the LaTeX manual or LaTeX Companion for explanation.
Type  H <return>  for immediate help.
 ...                                              
                                                  
l.1261 ...ion = λ) ↔ PicScheme.degree C λ = 0}
                                                  .
You may provide a definition with
\DeclareUnicodeCharacter 


! LaTeX Error: Unicode character μ (U+03BC)
               not set up for use with LaTeX.

See the LaTeX manual or LaTeX Companion for explanation.
Type  H <return>  for immediate help.
 ...                                              
                                                  
l.1261 ...ion = λ) ↔ PicScheme.degree C λ = 0}
                                                  .
You may provide a definition with
\DeclareUnicodeCharacter 


! LaTeX Error: Unicode character ≫ (U+226B)
               not set up for use with LaTeX.

See the LaTeX manual or LaTeX Companion for explanation.
Type  H <return>  for immediate help.
 ...                                              
                                                  
l.1261 ...ion = λ) ↔ PicScheme.degree C λ = 0}
                                                  .
You may provide a definition with
\DeclareUnicodeCharacter 


! LaTeX Error: Unicode character λ (U+03BB)
               not set up for use with LaTeX.

See the LaTeX manual or LaTeX Companion for explanation.
Type  H <return>  for immediate help.
 ...                                              
                                                  
l.1261 ...ion = λ) ↔ PicScheme.degree C λ = 0}
                                                  .
You may provide a definition with
\DeclareUnicodeCharacter 


! LaTeX Error: Unicode character ↔ (U+2194)
               not set up for use with LaTeX.

See the LaTeX manual or LaTeX Companion for explanation.
Type  H <return>  for immediate help.
 ...                                              
                                                  
l.1261 ...ion = λ) ↔ PicScheme.degree C λ = 0}
                                                  .
You may provide a definition with
\DeclareUnicodeCharacter 


! LaTeX Error: Unicode character λ (U+03BB)
               not set up for use with LaTeX.

See the LaTeX manual or LaTeX Companion for explanation.
Type  H <return>  for immediate help.
 ...                                              
                                                  
l.1261 ...ion = λ) ↔ PicScheme.degree C λ = 0}
                                                  .
You may provide a definition with
\DeclareUnicodeCharacter 


Overfull \hbox (7.49323pt too wide) in paragraph at lines 1255--1262
\OT1/cmtt/m/n/10 (PicScheme C).left, (  : Spec (.of k)  (Pic0Scheme C).left,   
pic0Inclusion
 []


Overfull \hbox (123.04851pt too wide) in paragraph at lines 1264--1283
\OT1/cmr/m/n/10 conclusion-specific the-o-rems \OT1/cmtt/m/n/10 IdentityCompone
nt.isOpenSubgroupScheme\OT1/cmr/m/n/10 , \OT1/cmtt/m/n/10 IdentityComponent.isS
ubgroupHomomorphism\OT1/cmr/m/n/10 ,
 []


Overfull \hbox (37.10356pt too wide) in paragraph at lines 1264--1283
\OT1/cmtt/m/n/10 IdentityComponent.isFiniteTypeGeometricallyIrreducible\OT1/cmr
/m/n/10 , \OT1/cmtt/m/n/10 IdentityComponent.baseChangeIso\OT1/cmr/m/n/10 )
 []


Overfull \hbox (118.42119pt too wide) in paragraph at lines 1264--1283
\OT1/cmr/m/n/10 is new project ma-te-rial not present in Math-lib; all four the
-o-rems are fully proved (\OT1/cmtt/m/n/10 isFiniteTypeGeometricallyIrreducible

 []

[525]) (./chapters/Picard_Pic0AbelianVariety.tex
Overfull \hbox (48.17348pt too wide) in paragraph at lines 1358--1
[]\OT1/cmr/m/n/10 The cross-chapter la-bels \OT1/cmtt/m/n/10 def:pic[]scheme\OT
1/cmr/m/n/10 , \OT1/cmtt/m/n/10 thm:fga[]pic[]representability\OT1/cmr/m/n/10 ,
 \OT1/cmtt/m/n/10 thm:pic[]is[]group[]scheme\OT1/cmr/m/n/10 ,
 []


Overfull \hbox (129.7482pt too wide) in paragraph at lines 1358--1
\OT1/cmtt/m/n/10 def:hilbert[]polynomial\OT1/cmr/m/n/10 , and \OT1/cmtt/m/n/10 
def:genus \OT1/cmr/m/n/10 all ex-ist in sib-ling chap-ters (ver-i-fied against 
\OT1/cmtt/m/n/10 Picard[]FGAPicRepresentability.tex\OT1/cmr/m/n/10 ,
 []

[526] [527]
Chapter 27.

Package hyperref Warning: Token not allowed in a PDF string (Unicode):
(hyperref)                removing `math shift' on input line 1.


Package hyperref Warning: Token not allowed in a PDF string (Unicode):
(hyperref)                removing `\mathop' on input line 1.


Package hyperref Warning: Token not allowed in a PDF string (Unicode):
(hyperref)                removing `\mathcode' on input line 1.


Package hyperref Warning: Token not allowed in a PDF string (Unicode):
(hyperref)                removing `\mathcode' on input line 1.


Package hyperref Warning: Token not allowed in a PDF string (Unicode):
(hyperref)                removing `\mathcode' on input line 1.


Package hyperref Warning: Token not allowed in a PDF string (Unicode):
(hyperref)                removing `\mathchardef' on input line 1.


Package hyperref Warning: Token not allowed in a PDF string (Unicode):
(hyperref)                removing `\std@minus' on input line 1.


Package hyperref Warning: Token not allowed in a PDF string (Unicode):
(hyperref)                removing `\mathcode' on input line 1.


Package hyperref Warning: Token not allowed in a PDF string (Unicode):
(hyperref)                removing `\mathcode' on input line 1.


Package hyperref Warning: Token not allowed in a PDF string (Unicode):
(hyperref)                removing `\mathcode' on input line 1.


Package hyperref Warning: Token not allowed in a PDF string (Unicode):
(hyperref)                removing `\mathcode' on input line 1.


Package hyperref Warning: Token not allowed in a PDF string (Unicode):
(hyperref)                removing `\leavevmode@ifvmode' on input line 1.


Package hyperref Warning: Token not allowed in a PDF string (Unicode):
(hyperref)                \kern 2.22198pt
(hyperref)                removed on input line 1.


Package hyperref Warning: Token not allowed in a PDF string (Unicode):
(hyperref)                removing `\mathgroup' on input line 1.


Package hyperref Warning: Token not allowed in a PDF string (Unicode):
(hyperref)                removing `\symoperators' on input line 1.


Package hyperref Warning: Token not allowed in a PDF string (Unicode):
(hyperref)                removing `\@ifnextchar' on input line 1.


Package hyperref Warning: Token not allowed in a PDF string (Unicode):
(hyperref)                removing `superscript' on input line 1.


Package hyperref Warning: Token not allowed in a PDF string (Unicode):
(hyperref)                removing `subscript' on input line 1.

[528

] [529] [530] [531] [532]
Overfull \hbox (24.33226pt too wide) detected at line 677
[][] [][]  \OT1/cmr/m/n/10 =  \OMS/cmtt/m/n/10 f \OML/cmm/m/it/10 g \OT1/cmr/m/
n/10 : [] \OML/cmm/m/it/10 k[] \OMS/cmtt/m/n/10 ! [][] [] [] \OML/cmm/m/it/10 k
 \OMS/cmtt/m/n/10 j \OML/cmm/m/it/10 g\OT1/cmr/m/n/10 (\U/euf/m/n/10 m\OT1/cmr/
m/n/10 ) = \OML/cmm/m/it/10 e\OT1/cmr/m/n/10 (\OMS/cmtt/m/n/10 ^^C\OT1/cmr/m/n/
10 ) \OMS/cmtt/m/n/10 g  []  [][] []\U/euf/m/n/10 m[]\OML/cmm/m/it/10 =\U/euf/m
/n/10 m[]\OML/cmm/m/it/10 ;  ^^T\OT1/cmr/m/n/10 (\OML/cmm/m/it/10 e\OT1/cmr/m/n
/10 (\OMS/cmtt/m/n/10 ^^C\OT1/cmr/m/n/10 ))[]\OML/cmm/m/it/10 :
 []

[533] [534] [535]

Package hyperref Warning: Token not allowed in a PDF string (Unicode):
(hyperref)                removing `math shift' on input line 1084.


Package hyperref Warning: Token not allowed in a PDF string (Unicode):
(hyperref)                removing `\mathop' on input line 1084.


Package hyperref Warning: Token not allowed in a PDF string (Unicode):
(hyperref)                removing `\mathcode' on input line 1084.


Package hyperref Warning: Token not allowed in a PDF string (Unicode):
(hyperref)                removing `\mathcode' on input line 1084.


Package hyperref Warning: Token not allowed in a PDF string (Unicode):
(hyperref)                removing `\mathcode' on input line 1084.


Package hyperref Warning: Token not allowed in a PDF string (Unicode):
(hyperref)                removing `\mathchardef' on input line 1084.


Package hyperref Warning: Token not allowed in a PDF string (Unicode):
(hyperref)                removing `\std@minus' on input line 1084.


Package hyperref Warning: Token not allowed in a PDF string (Unicode):
(hyperref)                removing `\mathcode' on input line 1084.


Package hyperref Warning: Token not allowed in a PDF string (Unicode):
(hyperref)                removing `\mathcode' on input line 1084.


Package hyperref Warning: Token not allowed in a PDF string (Unicode):
(hyperref)                removing `\mathcode' on input line 1084.


Package hyperref Warning: Token not allowed in a PDF string (Unicode):
(hyperref)                removing `\mathcode' on input line 1084.


Package hyperref Warning: Token not allowed in a PDF string (Unicode):
(hyperref)                removing `\leavevmode@ifvmode' on input line 1084.


Package hyperref Warning: Token not allowed in a PDF string (Unicode):
(hyperref)                \kern 2.22198pt
(hyperref)                removed on input line 1084.


Package hyperref Warning: Token not allowed in a PDF string (Unicode):
(hyperref)                removing `\mathgroup' on input line 1084.


Package hyperref Warning: Token not allowed in a PDF string (Unicode):
(hyperref)                removing `\symoperators' on input line 1084.


Package hyperref Warning: Token not allowed in a PDF string (Unicode):
(hyperref)                removing `\@ifnextchar' on input line 1084.


Package hyperref Warning: Token not allowed in a PDF string (Unicode):
(hyperref)                removing `superscript' on input line 1084.


Package hyperref Warning: Token not allowed in a PDF string (Unicode):
(hyperref)                removing `subscript' on input line 1084.


Overfull \hbox (8.75093pt too wide) in paragraph at lines 1087--1094
\OT1/cmr/m/n/10 By the tangent-space di-men-sion bound for a Noethe-rian lo-cal
 ring, $[][] [][] \OMS/cmtt/m/n/10 ^^T [][] [][] [][] \OT1/cmr/m/n/10 =
 []


Package hyperref Warning: Token not allowed in a PDF string (Unicode):
(hyperref)                removing `math shift' on input line 1203.


Package hyperref Warning: Token not allowed in a PDF string (Unicode):
(hyperref)                removing `\mathop' on input line 1203.


Package hyperref Warning: Token not allowed in a PDF string (Unicode):
(hyperref)                removing `\mathcode' on input line 1203.


Package hyperref Warning: Token not allowed in a PDF string (Unicode):
(hyperref)                removing `\mathcode' on input line 1203.


Package hyperref Warning: Token not allowed in a PDF string (Unicode):
(hyperref)                removing `\mathcode' on input line 1203.


Package hyperref Warning: Token not allowed in a PDF string (Unicode):
(hyperref)                removing `\mathchardef' on input line 1203.


Package hyperref Warning: Token not allowed in a PDF string (Unicode):
(hyperref)                removing `\std@minus' on input line 1203.


Package hyperref Warning: Token not allowed in a PDF string (Unicode):
(hyperref)                removing `\mathcode' on input line 1203.


Package hyperref Warning: Token not allowed in a PDF string (Unicode):
(hyperref)                removing `\mathcode' on input line 1203.


Package hyperref Warning: Token not allowed in a PDF string (Unicode):
(hyperref)                removing `\mathcode' on input line 1203.


Package hyperref Warning: Token not allowed in a PDF string (Unicode):
(hyperref)                removing `\mathcode' on input line 1203.


Package hyperref Warning: Token not allowed in a PDF string (Unicode):
(hyperref)                removing `\leavevmode@ifvmode' on input line 1203.


Package hyperref Warning: Token not allowed in a PDF string (Unicode):
(hyperref)                \kern 2.22198pt
(hyperref)                removed on input line 1203.


Package hyperref Warning: Token not allowed in a PDF string (Unicode):
(hyperref)                removing `\mathgroup' on input line 1203.


Package hyperref Warning: Token not allowed in a PDF string (Unicode):
(hyperref)                removing `\symoperators' on input line 1203.


Package hyperref Warning: Token not allowed in a PDF string (Unicode):
(hyperref)                removing `\@ifnextchar' on input line 1203.


Package hyperref Warning: Token not allowed in a PDF string (Unicode):
(hyperref)                removing `superscript' on input line 1203.


Package hyperref Warning: Token not allowed in a PDF string (Unicode):
(hyperref)                removing `subscript' on input line 1203.


Overfull \hbox (12.03772pt too wide) in paragraph at lines 1206--1210
\OT1/cmr/m/n/10 A smooth proper ge-o-met-ri-cally in-te-gral curve is ge-o-met-
ri-cally nor-mal, so Kleiman's $[][]$-projectivity
 []

[536]

Package hyperref Warning: Token not allowed in a PDF string (Unicode):
(hyperref)                removing `math shift' on input line 1339.


Package hyperref Warning: Token not allowed in a PDF string (Unicode):
(hyperref)                removing `\mathop' on input line 1339.


Package hyperref Warning: Token not allowed in a PDF string (Unicode):
(hyperref)                removing `\mathcode' on input line 1339.


Package hyperref Warning: Token not allowed in a PDF string (Unicode):
(hyperref)                removing `\mathcode' on input line 1339.


Package hyperref Warning: Token not allowed in a PDF string (Unicode):
(hyperref)                removing `\mathcode' on input line 1339.


Package hyperref Warning: Token not allowed in a PDF string (Unicode):
(hyperref)                removing `\mathchardef' on input line 1339.


Package hyperref Warning: Token not allowed in a PDF string (Unicode):
(hyperref)                removing `\std@minus' on input line 1339.


Package hyperref Warning: Token not allowed in a PDF string (Unicode):
(hyperref)                removing `\mathcode' on input line 1339.


Package hyperref Warning: Token not allowed in a PDF string (Unicode):
(hyperref)                removing `\mathcode' on input line 1339.


Package hyperref Warning: Token not allowed in a PDF string (Unicode):
(hyperref)                removing `\mathcode' on input line 1339.


Package hyperref Warning: Token not allowed in a PDF string (Unicode):
(hyperref)                removing `\mathcode' on input line 1339.


Package hyperref Warning: Token not allowed in a PDF string (Unicode):
(hyperref)                removing `\leavevmode@ifvmode' on input line 1339.


Package hyperref Warning: Token not allowed in a PDF string (Unicode):
(hyperref)                \kern 2.22198pt
(hyperref)                removed on input line 1339.


Package hyperref Warning: Token not allowed in a PDF string (Unicode):
(hyperref)                removing `\mathgroup' on input line 1339.


Package hyperref Warning: Token not allowed in a PDF string (Unicode):
(hyperref)                removing `\symoperators' on input line 1339.


Package hyperref Warning: Token not allowed in a PDF string (Unicode):
(hyperref)                removing `\@ifnextchar' on input line 1339.


Package hyperref Warning: Token not allowed in a PDF string (Unicode):
(hyperref)                removing `superscript' on input line 1339.


Package hyperref Warning: Token not allowed in a PDF string (Unicode):
(hyperref)                removing `subscript' on input line 1339.

[537]

Package hyperref Warning: Token not allowed in a PDF string (Unicode):
(hyperref)                removing `math shift' on input line 1393.


Package hyperref Warning: Token not allowed in a PDF string (Unicode):
(hyperref)                removing `\mathop' on input line 1393.


Package hyperref Warning: Token not allowed in a PDF string (Unicode):
(hyperref)                removing `\mathcode' on input line 1393.


Package hyperref Warning: Token not allowed in a PDF string (Unicode):
(hyperref)                removing `\mathcode' on input line 1393.


Package hyperref Warning: Token not allowed in a PDF string (Unicode):
(hyperref)                removing `\mathcode' on input line 1393.


Package hyperref Warning: Token not allowed in a PDF string (Unicode):
(hyperref)                removing `\mathchardef' on input line 1393.


Package hyperref Warning: Token not allowed in a PDF string (Unicode):
(hyperref)                removing `\std@minus' on input line 1393.


Package hyperref Warning: Token not allowed in a PDF string (Unicode):
(hyperref)                removing `\mathcode' on input line 1393.


Package hyperref Warning: Token not allowed in a PDF string (Unicode):
(hyperref)                removing `\mathcode' on input line 1393.


Package hyperref Warning: Token not allowed in a PDF string (Unicode):
(hyperref)                removing `\mathcode' on input line 1393.


Package hyperref Warning: Token not allowed in a PDF string (Unicode):
(hyperref)                removing `\mathcode' on input line 1393.


Package hyperref Warning: Token not allowed in a PDF string (Unicode):
(hyperref)                removing `\leavevmode@ifvmode' on input line 1393.


Package hyperref Warning: Token not allowed in a PDF string (Unicode):
(hyperref)                \kern 2.22198pt
(hyperref)                removed on input line 1393.


Package hyperref Warning: Token not allowed in a PDF string (Unicode):
(hyperref)                removing `\mathgroup' on input line 1393.


Package hyperref Warning: Token not allowed in a PDF string (Unicode):
(hyperref)                removing `\symoperators' on input line 1393.


Package hyperref Warning: Token not allowed in a PDF string (Unicode):
(hyperref)                removing `\@ifnextchar' on input line 1393.


Package hyperref Warning: Token not allowed in a PDF string (Unicode):
(hyperref)                removing `superscript' on input line 1393.


Package hyperref Warning: Token not allowed in a PDF string (Unicode):
(hyperref)                removing `subscript' on input line 1393.

[538]
Overfull \hbox (222.65884pt too wide) in paragraph at lines 1506--1511
\OT1/cmr/m/n/10 The Lean tar-get file is \OT1/cmtt/m/n/10 AlgebraicJacobian/Pic
ard/Pic0AbelianVariety.lean\OT1/cmr/m/n/10 , sib-ling to \OT1/cmtt/m/n/10 Algeb
raicJacobian/Picard/IdentityComponent.lean
 []


Overfull \hbox (221.59529pt too wide) in paragraph at lines 1531--1539
\OT1/cmr/m/n/10 tural mor-phism. Kleiman \TS1/cmr/m/n/10 �\OT1/cmr/m/n/10 5 Prp
. 5.3 (spe-cial-i-sa-tion of the ab-stract sub-strate \OT1/cmtt/m/n/10 Identity
Component.isFiniteTypeGeometricallyIrreducible
 []


Overfull \hbox (17.3001pt too wide) in paragraph at lines 1539--1548
[]\OT1/cmtt/m/n/10 AlgebraicGeometry.Scheme.Pic0.isAbelianVariety \OT1/cmr/m/n/
10 ([][]1627[][]) pack-ages the as-sem-bled abelian-
 []


Overfull \hbox (6.60577pt too wide) in paragraph at lines 1539--1548
\OT1/cmr/m/n/10 variety struc-ture: the con-junc-tion of \OT1/cmtt/m/n/10 [Smoo
th]\OT1/cmr/m/n/10 , \OT1/cmtt/m/n/10 [IsProper]\OT1/cmr/m/n/10 , \OT1/cmtt/m/n
/10 [GeometricallyIrreducible]
 []

[539]) (./chapters/Albanese_CodimOneExtension.tex
Overfull \hbox (7.67157pt too wide) in paragraph at lines 1631--2
[]\OT1/cmr/m/n/10 The cross-chapter la-bels \OT1/cmtt/m/n/10 def:pic[]zero[]sub
scheme\OT1/cmr/m/n/10 , \OT1/cmtt/m/n/10 thm:identity[]component[]open[]subgrou
p\OT1/cmr/m/n/10 ,
 []


Overfull \hbox (91.01184pt too wide) in paragraph at lines 1631--2
\OT1/cmtt/m/n/10 thm:identity[]component[]is[]subgroup[]homomorphism\OT1/cmr/m/
n/10 , \OT1/cmtt/m/n/10 thm:identity[]component[]finite[]type[]geom[]irreducibl
e\OT1/cmr/m/n/10 ,
 []


Overfull \hbox (21.70049pt too wide) in paragraph at lines 1631--2
\OT1/cmtt/m/n/10 thm:identity[]component[]base[]change[]commutes\OT1/cmr/m/n/10
 , \OT1/cmtt/m/n/10 thm:fga[]pic[]representability\OT1/cmr/m/n/10 , and \OT1/cm
tt/m/n/10 def:genus
 []


Overfull \hbox (26.13707pt too wide) in paragraph at lines 1631--2
\OT1/cmr/m/n/10 all ex-ist in sib-ling chap-ters (\OT1/cmtt/m/n/10 Picard[]Iden
tityComponent.tex\OT1/cmr/m/n/10 , \OT1/cmtt/m/n/10 Picard[]FGAPicRepresentabil
ity.tex\OT1/cmr/m/n/10 ,
 []

[540]
Chapter 28.
[541

] [542] [543]
Overfull \hbox (8.36795pt too wide) in paragraph at lines 287--301
[][]\OT1/cmr/bx/n/10 Lemma 1637 \OT1/cmr/m/n/10 (Smooth-al-ge-bra Krul-l-di-men
-sion for-mula (Stacks 00OE))\OT1/cmr/bx/n/10 . [][][][][][][]\OT1/cmr/m/it/10 
Source: [Stacks Project],
 []


Overfull \hbox (8.02747pt too wide) in paragraph at lines 385--411
[][]\OT1/cmr/bx/n/10 Lemma 1638 \OT1/cmr/m/n/10 (Cotan-gent and K^^?ahler dif-f
er-en-tials over a field)\OT1/cmr/bx/n/10 . [][]\OT1/cmr/m/it/10 Source: [Stack
s Project], tag 02JK.
 []

[544] [545]
Overfull \hbox (182.47151pt too wide) in paragraph at lines 553--562
\OT1/cmr/m/n/10 intersection struc-ture: $\OML/cmm/m/it/10 n$ \OT1/cmr/m/n/10 v
ari-ables mod-ulo $\OML/cmm/m/it/10 n \OMS/cmtt/m/n/10 ^^@ []$ \OT1/cmr/m/n/10 
equa-tions, see Stacks \OT1/cmtt/m/n/10 lemma-relative-global-complete-intersec
tion-smooth\OT1/cmr/m/n/10 .) 
 []

[546] [547]
Overfull \hbox (1.17378pt too wide) in paragraph at lines 792--794
[][]\OT1/cmr/bx/n/10 Lemma 1655 \OT1/cmr/m/n/10 (Ex-is-tence of a rel-a-tive di
-men-sion for a stan-dard--s-mooth al-ge-bra)\OT1/cmr/bx/n/10 . []\OT1/cmr/m/it
/10 Ev-ery standard-
 []

[548] [549] [550] [551] [552] [553] [554]
Overfull \hbox (2.20242pt too wide) in paragraph at lines 1609--1615
[][]\OT1/cmr/bx/n/10 Lemma 1690 \OT1/cmr/m/n/10 (Reg-u-lar-ity prop-a-gates to 
a gener-i-sa-tion)\OT1/cmr/bx/n/10 . []\OT1/cmr/m/it/10 On an ir-re-ducible sch
eme $\OML/cmm/m/it/10 X$\OT1/cmr/m/it/10 , a function-
 []

[555] [556] [557] [558]) (./chapters/Albanese_CoheightBridge.tex [559] [560]
Chapter 29.

Overfull \hbox (49.85541pt too wide) in paragraph at lines 65--72
\OT1/cmr/m/n/10 Krull-dim con-junct is sup-plied by \OT1/cmr/m/it/10 this chap-
ter's [][]\OT1/cmr/m/n/10 1701[][], leav-ing only the ir-re-ducible \OT1/cmtt/m
/n/10 IsRegularLocalRing
 []


Overfull \hbox (5.44826pt too wide) in paragraph at lines 72--78
\OT1/cmtt/m/n/10 [Ring.KrullDimLE 1 (X.presheaf.stalk Y.point)] \OT1/cmr/m/n/10
 in-stance ar-gu-ment; af-ter [][]1701[][] lands,
 []

[561

] [562]

Package hyperref Warning: Token not allowed in a PDF string (Unicode):
(hyperref)                removing `math shift' on input line 201.


Overfull \hbox (81.20486pt too wide) in paragraph at lines 236--241
[]\OT1/cmr/m/it/10 Step 1: pick an affine open neigh-bour-hood of $\OML/cmm/m/i
t/10 z$\OT1/cmr/m/it/10 . \OT1/cmr/m/n/10 By \OT1/cmtt/m/n/10 AlgebraicGeometry
.exists[]isAffineOpen[]mem[]and[]subset
 []


Overfull \hbox (167.77043pt too wide) in paragraph at lines 257--259
[]\OT1/cmr/m/it/10 Step 4: Krull dim of the lo-cal-i-sa-tion equals the height 
of $\U/euf/m/n/10 p$\OT1/cmr/m/it/10 . \OT1/cmr/m/n/10 The Math-lib lemma \OT1/
cmtt/m/n/10 IsLocalization.AtPrime.ringKrullDim[]eq[]height
 []


Overfull \hbox (11.49883pt too wide) in paragraph at lines 263--269
\OT1/cmr/m/n/10 where $[](\U/euf/m/n/10 p\OT1/cmr/m/n/10 )$ is the prime-ideal 
height in $[](\OML/cmm/m/it/10 R\OT1/cmr/m/n/10 )$. By \OT1/cmtt/m/n/10 Ideal.h
eight[]eq[]primeHeight
 []


Overfull \hbox (32.65964pt too wide) in paragraph at lines 308--313
[]\OT1/cmr/m/n/10 By [][]1700[][], $[](\OMS/cmtt/m/n/10 O[]\OT1/cmr/m/n/10 ) = 
[][](\OML/cmm/m/it/10 z\OT1/cmr/m/n/10 ) = 1$. The Math-lib pred-i-cate $[]  1 
\OML/cmm/m/it/10 R$
 []

[563]
Overfull \hbox (132.89401pt too wide) in paragraph at lines 320--324
 []\OT1/cmr/bx/n/10 Consumer 1: the \OT1/cmtt/m/n/10 hreg[]dim \OT1/cmr/bx/n/10
 refac-tor in [][]28[][].[] \OT1/cmr/m/n/10 The pri-vate helper \OT1/cmtt/m/n/1
0 smooth[]codim[]one[]maximalIdeal[]isPrincipal[]and[]ne[]bot
 []


Overfull \hbox (34.49907pt too wide) in paragraph at lines 340--348
\OT1/cmr/m/n/10 sub-project (Math-lib does \OT1/cmr/m/it/10 not \OT1/cmr/m/n/10
 ship the im-pli-ca-tion \OT1/cmtt/m/n/10 Algebra.Smooth k A $\OMS/cmtt/m/n/10 
!$ \OT1/cmtt/m/n/10 IsRegularLocalRing
 []


Overfull \hbox (8.97792pt too wide) in paragraph at lines 384--391
\OT1/cmtt/m/n/10 Topology.Inseparable.Specializes.mem[]open \OT1/cmr/m/n/10 for
 the chain-lifting di-rec-tion; \OT1/cmtt/m/n/10 Subtype.val
 []


Overfull \hbox (13.31909pt too wide) in paragraph at lines 391--398
\OT1/cmtt/m/n/10 CommRingCat \OT1/cmr/m/n/10 and $\OML/cmm/m/it/10 p \OT1/cmr/m
/n/10 : [] \OML/cmm/m/it/10 R$ \OT1/cmr/m/n/10 a point, co-height of $\OML/cmm/
m/it/10 p$ \OT1/cmr/m/n/10 in $[] \OML/cmm/m/it/10 R$ \OT1/cmr/m/n/10 equals he
ight in $[] \OML/cmm/m/it/10 R$\OT1/cmr/m/n/10 .
 []


Overfull \hbox (66.61107pt too wide) in paragraph at lines 391--398
\OT1/cmr/m/n/10 Tools: \OT1/cmtt/m/n/10 spec[]le[]iff \OT1/cmr/m/n/10 (\OT1/cmt
t/m/n/10 Mathlib.AlgebraicGeometry.AffineSpace \OT1/cmr/m/n/10 L438--447), \OT1
/cmtt/m/n/10 Order.coheight[]orderIso\OT1/cmr/m/n/10 ,
 []

[564]
Overfull \hbox (156.30388pt too wide) in paragraph at lines 398--408
\OT1/cmtt/m/n/10 IsAffineOpen.primeIdealOf\OT1/cmr/m/n/10 , \OT1/cmtt/m/n/10 Is
AffineOpen.isLocalization[]stalk\OT1/cmr/m/n/10 , \OT1/cmtt/m/n/10 IsLocalizati
on.AtPrime.ringKrullDim[]eq[]height\OT1/cmr/m/n/10 ,
 []


Overfull \hbox (89.54951pt too wide) in paragraph at lines 423--427
\OT1/cmr/m/n/10 live in \OT1/cmtt/m/n/10 Mathlib.Order.KrullDimension \OT1/cmr/
m/n/10 and are im-ported tran-si-tively by \OT1/cmtt/m/n/10 Mathlib.AlgebraicGe
ometry.Stalk\OT1/cmr/m/n/10 . 
 []


Overfull \hbox (4.24545pt too wide) in paragraph at lines 427--430
[]\OT1/cmtt/m/n/10 Topology.Inseparable.Specializes.mem[]open \OT1/cmr/m/n/10 l
ives in \OT1/cmtt/m/n/10 Mathlib.Topology.Inseparable\OT1/cmr/m/n/10 ;
 []


Overfull \hbox (159.82758pt too wide) in paragraph at lines 430--434
[]\OT1/cmtt/m/n/10 IsAffineOpen.isLocalization[]stalk \OT1/cmr/m/n/10 and \OT1/
cmtt/m/n/10 IsAffineOpen.primeIdealOf \OT1/cmr/m/n/10 live in \OT1/cmtt/m/n/10 
Mathlib.AlgebraicGeometry.AffineScheme
 []


Overfull \hbox (107.55444pt too wide) in paragraph at lines 438--440
[]\OT1/cmtt/m/n/10 Ring.KrullDimLE \OT1/cmr/m/n/10 is de-fined and un-folds to 
$[](\OML/cmm/m/it/10 R\OT1/cmr/m/n/10 ) \OMS/cmtt/m/n/10 ^^T \OML/cmm/m/it/10 n
$ \OT1/cmr/m/n/10 at \OT1/cmtt/m/n/10 Mathlib.RingTheory.KrullDimension.Basic\O
T1/cmr/m/n/10 . 
 []


Overfull \hbox (23.458pt too wide) in paragraph at lines 458--463
\OT1/cmr/bx/n/10 tion. \OT1/cmr/m/n/10 This is the sec-ond multi-iter sub-proje
ct flagged in \OT1/cmtt/m/n/10 analogies/stacks-00tt-coheight.md
 []

[565]) (./chapters/Albanese_AuslanderBuchsbaum.tex [566]
Chapter 30.
[567

] [568]
Overfull \hbox (1.94336pt too wide) in paragraph at lines 156--161
[][][][]\OT1/cmr/m/n/10 By [][]1703[][], $[](\OML/cmm/m/it/10 N[]\OT1/cmr/m/n/1
0 )$ (resp. $[](\OML/cmm/m/it/10 N\OT1/cmr/m/n/10 )$, $[](\OML/cmm/m/it/10 N[]\
OT1/cmr/m/n/10 )$) is the small-est in-dex at which $[][](\OML/cmm/m/it/10 ^^T;
 \OMS/cmtt/m/n/10 ^^@\OT1/cmr/m/n/10 )$
 []


Overfull \hbox (10.09273pt too wide) in paragraph at lines 183--186
[][]\OT1/cmr/bx/n/10 Theorem 1706 \OT1/cmr/m/n/10 (Aus-lan-der--Buchs-baum for-
mula)\OT1/cmr/bx/n/10 . []\OT1/cmr/m/it/10 Source: [Stacks Project], tag 090V (
proposition-
 []


Overfull \hbox (36.34787pt too wide) detected at line 217
\OT1/cmr/m/n/10 0 \OMS/cmtt/m/n/10 ! \OML/cmm/m/it/10 R[] \OMS/cmtt/m/n/10 ! \O
ML/cmm/m/it/10 R[] \OMS/cmtt/m/n/10 ! \OML/cmm/m/it/10 K[] \OMS/cmtt/m/n/10 ! \
OT1/cmr/m/n/10 0\OML/cmm/m/it/10 ;  \OT1/cmr/m/n/10 0 \OMS/cmtt/m/n/10 ! \OML/c
mm/m/it/10 K[] \OMS/cmtt/m/n/10 ! \OML/cmm/m/it/10 R[] \OMS/cmtt/m/n/10 ! \OML/
cmm/m/it/10 K[] \OMS/cmtt/m/n/10 ! \OT1/cmr/m/n/10 0\OML/cmm/m/it/10 ;  [] ;  \
OT1/cmr/m/n/10 0 \OMS/cmtt/m/n/10 ! \OML/cmm/m/it/10 K[] \OMS/cmtt/m/n/10 ! \OM
L/cmm/m/it/10 R[] \OMS/cmtt/m/n/10 ! \OML/cmm/m/it/10 M \OMS/cmtt/m/n/10 ! \OT1
/cmr/m/n/10 0\OML/cmm/m/it/10 ;
 []


Overfull \hbox (10.61705pt too wide) in paragraph at lines 238--246
\OT1/cmtt/m/n/10 lemma-depth-drops-by-one\OT1/cmr/m/n/10 , both $[](\OML/cmm/m/
it/10 R=xR\OT1/cmr/m/n/10 ) = [](\OML/cmm/m/it/10 R\OT1/cmr/m/n/10 ) \OMS/cmtt/
m/n/10 ^^@ \OT1/cmr/m/n/10 1$ and $[](\OML/cmm/m/it/10 M=xM\OT1/cmr/m/n/10 ) = 
[](\OML/cmm/m/it/10 M\OT1/cmr/m/n/10 ) \OMS/cmtt/m/n/10 ^^@
 []

[569] [570]
Overfull \hbox (22.98247pt too wide) in paragraph at lines 393--404
\OT1/cmr/m/n/10 ing \OT1/cmtt/m/n/10 TensorProduct.tmul[]smul \OT1/cmr/m/n/10 a
nd the lin-ear in-de-pen-dence of $\OML/cmm/m/it/10 b$ \OT1/cmr/m/n/10 (\OT1/cm
tt/m/n/10 Module.Basis.linearIndependent\OT1/cmr/m/n/10 )
 []


Overfull \hbox (6.99846pt too wide) in paragraph at lines 417--425
[][]\OT1/cmr/bx/n/10 Lemma 1710 \OT1/cmr/m/n/10 (Bridge: $[] \OML/cmm/m/it/10 M
 \OT1/cmr/m/n/10 = \OML/cmm/m/it/10 n \OMS/cmtt/m/n/10 ) [] \OML/cmm/m/it/10 M 
\OT1/cmr/m/n/10 (\OML/cmm/m/it/10 n \OT1/cmr/m/n/10 + 1)$)\OT1/cmr/bx/n/10 .
 []


Overfull \hbox (213.47986pt too wide) in paragraph at lines 429--445
[][]\OT1/cmr/bx/n/10 Lemma 1711 \OT1/cmr/m/n/10 (Syzygy de-scent of $[]$)\OT1/c
mr/bx/n/10 . [][]\OT1/cmr/m/it/10 Source: Math-lib's $[]$
 []


Overfull \hbox (119.17557pt too wide) in paragraph at lines 429--445
[] \OT1/cmr/m/n/10 ([] \OML/cmm/m/it/10 R M\OT1/cmr/m/n/10 ) (\OML/cmm/m/it/10 
k \OT1/cmr/m/n/10 + 2)$\OT1/cmr/m/it/10 . Then $[] \OT1/cmr/m/n/10 ([] \OML/cmm
/m/it/10 R \OT1/cmr/m/n/10 ([] \OML/cmm/m/it/10 f\OT1/cmr/m/n/10 )) (\OML/cmm/m
/it/10 k \OT1/cmr/m/n/10 +
 []


Overfull \hbox (13.4202pt too wide) in paragraph at lines 429--445
\OT1/cmr/m/n/10 1)$\OT1/cmr/m/it/10 . Proof: build the SES $\OT1/cmr/m/n/10 0 \
OMS/cmtt/m/n/10 ! [] \OML/cmm/m/it/10 f \OMS/cmtt/m/n/10 ! \OML/cmm/m/it/10 R[]
 \OMS/cmtt/m/n/10 ! \OML/cmm/m/it/10 M \OMS/cmtt/m/n/10 ! \OT1/cmr/m/n/10 0$ \O
T1/cmr/m/it/10 via $[]$;
 []

[571]
Overfull \hbox (58.05992pt too wide) in paragraph at lines 449--458
\OT1/cmr/m/it/10 tion: with the same SES, $[] \OT1/cmr/m/n/10 ([] \OML/cmm/m/it
/10 f\OT1/cmr/m/n/10 ) (\OML/cmm/m/it/10 k \OT1/cmr/m/n/10 + 1)$ \OT1/cmr/m/it/
10 gives $[] \OML/cmm/m/it/10 M \OT1/cmr/m/n/10 (\OML/cmm/m/it/10 k \OT1/cmr/m/
n/10 +
 []


Overfull \hbox (43.04071pt too wide) in paragraph at lines 462--475
[][]\OT1/cmr/bx/n/10 Lemma 1713 \OT1/cmr/m/n/10 (Depth lower bound on the ker-n
el of a finite-free sur-jec-tion)\OT1/cmr/bx/n/10 . [][][]\OT1/cmr/m/it/10 Sour
ce: $[]$
 []


Overfull \hbox (5.22545pt too wide) in paragraph at lines 462--475
\OT1/cmr/m/n/10 0$ \OT1/cmr/m/it/10 via $\OT1/cmr/m/n/10 ([] \OML/cmm/m/it/10 f
\OT1/cmr/m/n/10 )\OML/cmm/m/it/10 :[]$\OT1/cmr/m/it/10 ; rewrite $[] \OT1/cmr/m
/n/10 (\OML/cmm/m/it/10 R[]\OT1/cmr/m/n/10 ) = [] \OML/cmm/m/it/10 R$ \OT1/cmr/
m/it/10 via $[]$;
 []

[572] [573]
Overfull \hbox (3.71332pt too wide) detected at line 678
[][][]\OT1/cmr/m/n/10 (\OML/cmm/m/it/10 R\OT1/cmr/m/n/10 )\OML/cmm/m/it/10 ;  [
]\OT1/cmr/m/n/10 ([] \OML/cmm/m/it/10 f\OT1/cmr/m/n/10 ) \OMS/cmtt/m/n/10 ^^@ \
OT1/cmr/m/n/10 1[] \OMS/cmtt/m/n/10 ^^T []\OT1/cmr/m/n/10 (\OML/cmm/m/it/10 M\O
T1/cmr/m/n/10 ) []  [][][](\OML/cmm/m/it/10 R\OT1/cmr/m/n/10 )\OML/cmm/m/it/10 
;  []\OT1/cmr/m/n/10 (\OML/cmm/m/it/10 M\OT1/cmr/m/n/10 ) + 1[] \OMS/cmtt/m/n/1
0 ^^T []\OT1/cmr/m/n/10 ([] \OML/cmm/m/it/10 f\OT1/cmr/m/n/10 )\OML/cmm/m/it/10
 :
 []


Overfull \hbox (3.17155pt too wide) in paragraph at lines 764--767
[][]\OT1/cmr/bx/n/10 Lemma 1729 \OT1/cmr/m/n/10 (Eval-u-a-tion of the el-e-men-
tary map)\OT1/cmr/bx/n/10 . [][]\OT1/cmr/m/it/10 For $\OML/cmm/m/it/10 x \OMS/c
mtt/m/n/10 2 \OML/cmm/m/it/10 R[]$ \OT1/cmr/m/it/10 one has $\OML/cmm/m/it/10 E
[]\OT1/cmr/m/n/10 (\OML/cmm/m/it/10 x\OT1/cmr/m/n/10 ) = [] \OML/cmm/m/it/10 i 
\OT1/cmr/m/n/10 (\OML/cmm/m/it/10 x[]\OT1/cmr/m/n/10 )$\OT1/cmr/m/it/10 :
 []

[574] [575] [576] [577]
Overfull \hbox (9.99701pt too wide) in paragraph at lines 1147--1153
[]\OT1/cmr/m/n/10 Thus [][]1746[][] sup-plies the depth-two in-put needed to ex
-tend reg-u-lar func-tions across a codimension-
 []

) (./chapters/Albanese_Thm32RationalMapExtension.tex [578] [579]
Chapter 31.
[580

] [581]) (./chapters/Albanese_AlbaneseUP.tex [582]
Chapter 32.

Package hyperref Warning: Token not allowed in a PDF string (Unicode):
(hyperref)                removing `math shift' on input line 1.


Package hyperref Warning: Token not allowed in a PDF string (Unicode):
(hyperref)                removing `\mathop' on input line 1.


Package hyperref Warning: Token not allowed in a PDF string (Unicode):
(hyperref)                removing `\mathcode' on input line 1.


Package hyperref Warning: Token not allowed in a PDF string (Unicode):
(hyperref)                removing `\mathcode' on input line 1.


Package hyperref Warning: Token not allowed in a PDF string (Unicode):
(hyperref)                removing `\mathcode' on input line 1.


Package hyperref Warning: Token not allowed in a PDF string (Unicode):
(hyperref)                removing `\mathchardef' on input line 1.


Package hyperref Warning: Token not allowed in a PDF string (Unicode):
(hyperref)                removing `\std@minus' on input line 1.


Package hyperref Warning: Token not allowed in a PDF string (Unicode):
(hyperref)                removing `\mathcode' on input line 1.


Package hyperref Warning: Token not allowed in a PDF string (Unicode):
(hyperref)                removing `\mathcode' on input line 1.


Package hyperref Warning: Token not allowed in a PDF string (Unicode):
(hyperref)                removing `\mathcode' on input line 1.


Package hyperref Warning: Token not allowed in a PDF string (Unicode):
(hyperref)                removing `\mathcode' on input line 1.


Package hyperref Warning: Token not allowed in a PDF string (Unicode):
(hyperref)                removing `\leavevmode@ifvmode' on input line 1.


Package hyperref Warning: Token not allowed in a PDF string (Unicode):
(hyperref)                \kern 2.22198pt
(hyperref)                removed on input line 1.


Package hyperref Warning: Token not allowed in a PDF string (Unicode):
(hyperref)                removing `\mathgroup' on input line 1.


Package hyperref Warning: Token not allowed in a PDF string (Unicode):
(hyperref)                removing `\symoperators' on input line 1.


Package hyperref Warning: Token not allowed in a PDF string (Unicode):
(hyperref)                removing `\@ifnextchar' on input line 1.


Package hyperref Warning: Token not allowed in a PDF string (Unicode):
(hyperref)                removing `superscript' on input line 1.


Package hyperref Warning: Token not allowed in a PDF string (Unicode):
(hyperref)                removing `subscript' on input line 1.

[583

] [584] [585] [586] [587]) (./chapters/RiemannRoch_WeilDivisor.tex [588]
Chapter 33.
[589

] [590] [591] [592] [593] [594] [595]) (./chapters/RiemannRoch_Adelic.tex
[596]
Chapter 34.
[597

] [598] [599]
! Undefined control sequence.
l.347         \Gamma\Bigl(\bigsqcap
                                   _a U_{j(a)},F\Bigr).
The control sequence at the end of the top line
of your error message was never \def'ed. If you have
misspelled it (e.g., `\hobx'), type `I' and the correct
spelling (e.g., `I\hbox'). Otherwise just continue,
and I'll forget about whatever was undefined.

! Undefined control sequence.
l.376   \(\bigsqcap
                   _a U_{j(a)}\) of opens of \(C\). Consequently, for
The control sequence at the end of the top line
of your error message was never \def'ed. If you have
misspelled it (e.g., `\hobx'), type `I' and the correct
spelling (e.g., `I\hbox'). Otherwise just continue,
and I'll forget about whatever was undefined.

! Undefined control sequence.
l.382     \Gamma\Bigl(\bigsqcap
                               _a U_{j(\delta_{i_0}(a))}, F\Bigr)
The control sequence at the end of the top line
of your error message was never \def'ed. If you have
misspelled it (e.g., `\hobx'), type `I' and the correct
spelling (e.g., `I\hbox'). Otherwise just continue,
and I'll forget about whatever was undefined.

! Undefined control sequence.
l.384     \Gamma\Bigl(\bigsqcap
                               _a U_{j(a)}, F\Bigr)
The control sequence at the end of the top line
of your error message was never \def'ed. If you have
misspelled it (e.g., `\hobx'), type `I' and the correct
spelling (e.g., `I\hbox'). Otherwise just continue,
and I'll forget about whatever was undefined.

! Undefined control sequence.
l.387   \(\bigsqcap
                   _a U_{j(a)} \subseteq \bigsqcap_a U_{j(\delta_{i_0}(a))}\)
The control sequence at the end of the top line
of your error message was never \def'ed. If you have
misspelled it (e.g., `\hobx'), type `I' and the correct
spelling (e.g., `I\hbox'). Otherwise just continue,
and I'll forget about whatever was undefined.

! Undefined control sequence.
l.387   \(\bigsqcap_a U_{j(a)} \subseteq \bigsqcap
                                                  _a U_{j(\delta_{i_0}(a))}\)
The control sequence at the end of the top line
of your error message was never \def'ed. If you have
misspelled it (e.g., `\hobx'), type `I' and the correct
spelling (e.g., `I\hbox'). Otherwise just continue,
and I'll forget about whatever was undefined.

[600]
! Undefined control sequence.
l.459 ...nents of \(C^2 = \prod_x \Gamma(\bigsqcap
                                                  _a
The control sequence at the end of the top line
of your error message was never \def'ed. If you have
misspelled it (e.g., `\hobx'), type `I' and the correct
spelling (e.g., `I\hbox'). Otherwise just continue,
and I'll forget about whatever was undefined.

[601]
Overfull \hbox (9.288pt too wide) in paragraph at lines 686--689
[][]\OT1/cmr/bx/n/10 Lemma 1864 \OT1/cmr/m/n/10 (Co-height $\OMS/cmtt/m/n/10 ^^
T \OT1/cmr/m/n/10 1$ on the curve)\OT1/cmr/bx/n/10 . [][][]\OT1/cmr/m/it/10 Eve
ry point $\OML/cmm/m/it/10 z$ \OT1/cmr/m/it/10 of $\OML/cmm/m/it/10 C$ \OT1/cmr
/m/it/10 has topo-log-i-cal co-height $[] \OML/cmm/m/it/10 z \OMS/cmtt/m/n/10 ^
^T
 []

[602] [603] [604] [605] [606] [607] [608] [609] [610]
Overfull \hbox (3.03606pt too wide) in paragraph at lines 1827--1831
[]\OT1/cmr/m/n/10 If $\OML/cmm/m/it/10 ^^Q$ \OT1/cmr/m/n/10 van-ishes on $\U/ms
b/m/n/10 A[]\OT1/cmr/m/n/10 (\OML/cmm/m/it/10 E\OT1/cmr/m/n/10 ) + \OML/cmm/m/i
t/10 K$ \OT1/cmr/m/n/10 and $\OML/cmm/m/it/10 ^^R$ \OT1/cmr/m/n/10 van-ishes on
 $\U/msb/m/n/10 A[]\OT1/cmr/m/n/10 (\OML/cmm/m/it/10 F\OT1/cmr/m/n/10 ) +
 []

[611] [612] [613]) [614]) [615

] (./print.aux)
 ***********
LaTeX2e <2025-11-01>
L3 programming layer <2026-01-19>
 ***********


LaTeX Font Warning: Some font shapes were not available, defaults substituted.

Package rerunfilecheck Info: File `print.out' has not changed.
(rerunfilecheck)             Checksum: 2E860D8B5F243A2187B75EA67EB26028;101810.

 ) 
Here is how much of TeX's memory you used:
 29094 strings out of 469514
 556767 string characters out of 5470072
 1004490 words of memory out of 5000000
 54122 multiletter control sequences out of 15000+600000
 655468 words of font info for 146 fonts, out of 8000000 for 9000
 14 hyphenation exceptions out of 8191
 116i,16n,121p,743b,1133s stack positions out of 10000i,1000n,20000p,200000b,200000s
 </home/axel/.texlive2025/texmf-var/fonts/pk/ljfour/jknappen/ec/tcti1000.600p
k> </home/axel/.texlive2025/texmf-var/fonts/pk/ljfour/jknappen/ec/tcrm1000.600p
k></usr/share/texlive/texmf-dist/fonts/type1/public/amsfonts/cm/cmbx10.pfb></us
r/share/texlive/texmf-dist/fonts/type1/public/amsfonts/cm/cmbx12.pfb></usr/shar
e/texlive/texmf-dist/fonts/type1/public/amsfonts/cm/cmbx7.pfb></usr/share/texli
ve/texmf-dist/fonts/type1/public/amsfonts/cm/cmbxti10.pfb></usr/share/texlive/t
exmf-dist/fonts/type1/public/amsfonts/cm/cmex10.pfb></usr/share/texlive/texmf-d
ist/fonts/type1/public/amsfonts/cmextra/cmex7.pfb></usr/share/texlive/texmf-dis
t/fonts/type1/public/amsfonts/cm/cmitt10.pfb></usr/share/texlive/texmf-dist/fon
ts/type1/public/amsfonts/cm/cmmi10.pfb></usr/share/texlive/texmf-dist/fonts/typ
e1/public/amsfonts/cm/cmmi12.pfb></usr/share/texlive/texmf-dist/fonts/type1/pub
lic/amsfonts/cm/cmmi5.pfb></usr/share/texlive/texmf-dist/fonts/type1/public/ams
fonts/cm/cmmi7.pfb></usr/share/texlive/texmf-dist/fonts/type1/public/amsfonts/c
m/cmmi8.pfb></usr/share/texlive/texmf-dist/fonts/type1/public/amsfonts/cm/cmr10
.pfb></usr/share/texlive/texmf-dist/fonts/type1/public/amsfonts/cm/cmr12.pfb></
usr/share/texlive/texmf-dist/fonts/type1/public/amsfonts/cm/cmr17.pfb></usr/sha
re/texlive/texmf-dist/fonts/type1/public/amsfonts/cm/cmr5.pfb></usr/share/texli
ve/texmf-dist/fonts/type1/public/amsfonts/cm/cmr7.pfb></usr/share/texlive/texmf
-dist/fonts/type1/public/amsfonts/cm/cmr8.pfb></usr/share/texlive/texmf-dist/fo
nts/type1/public/amsfonts/cm/cmss8.pfb></usr/share/texlive/texmf-dist/fonts/typ
e1/public/amsfonts/cm/cmsy10.pfb></usr/share/texlive/texmf-dist/fonts/type1/pub
lic/amsfonts/cm/cmsy5.pfb></usr/share/texlive/texmf-dist/fonts/type1/public/ams
fonts/cm/cmsy7.pfb></usr/share/texlive/texmf-dist/fonts/type1/public/amsfonts/c
m/cmsy8.pfb></usr/share/texlive/texmf-dist/fonts/type1/public/amsfonts/cm/cmti1
0.pfb></usr/share/texlive/texmf-dist/fonts/type1/public/amsfonts/cm/cmti7.pfb><
/usr/share/texlive/texmf-dist/fonts/type1/public/amsfonts/cm/cmtt10.pfb></usr/s
hare/texlive/texmf-dist/fonts/type1/public/amsfonts/cm/cmtt12.pfb></usr/share/t
exlive/texmf-dist/fonts/type1/public/amsfonts/cm/cmtt8.pfb></usr/share/texlive/
texmf-dist/fonts/type1/public/amsfonts/euler/eufm10.pfb></usr/share/texlive/tex
mf-dist/fonts/type1/public/amsfonts/euler/eufm5.pfb></usr/share/texlive/texmf-d
ist/fonts/type1/public/amsfonts/euler/eufm7.pfb></usr/share/texlive/texmf-dist/
fonts/type1/public/amsfonts/symbols/msam10.pfb></usr/share/texlive/texmf-dist/f
onts/type1/public/amsfonts/symbols/msam7.pfb></usr/share/texlive/texmf-dist/fon
ts/type1/public/amsfonts/symbols/msbm10.pfb></usr/share/texlive/texmf-dist/font
s/type1/public/amsfonts/symbols/msbm5.pfb></usr/share/texlive/texmf-dist/fonts/
type1/public/amsfonts/symbols/msbm7.pfb>
Output written on print.pdf (616 pages, 3387503 bytes).
PDF statistics:
 19053 PDF objects out of 22161 (max. 8388607)
 11864 compressed objects within 119 object streams
 3124 named destinations out of 3580 (max. 500000)
 3173 words of extra memory for PDF output out of 10000 (max. 10000000)

